,ISO,year,country,T,M,F,ratio,break,female_share,male_share,balanced_avg,balanced_ratio
0,ABW,2010,Aruba,3013.0,3338.0,2713.0,0.8127621330137808,False,0.52,0.48,3025.5,0.896711287390514
3,AFG,2014,Afghanistan,8848.569,9135.149,5517.315,0.6039655182416839,False,0.07921314244932187,0.9207868575506781,7326.232,0.7530904017235599
6,AFG,2020,Afghanistan,13202.245,13439.387,10843.294,0.8068295079232408,True,0.0913457260583499,0.9086542739416501,12141.3405,0.8930886997197715
9,AGO,2019,Angola,82234.658,92241.63,58793.485,0.6373855817595591,True,0.2991786839001089,0.7008213160998911,75517.5575,0.7785406062689462
12,AGO,2021,Angola,90678.796,99293.136,69497.802,0.6999255416809476,False,0.289117081218153,0.7108829187818471,84395.469,0.8234778812592415
27,ALB,2015,Albania,46829.0,48358.0,45033.0,0.9312419868480913,False,0.4598496240601504,0.5401503759398496,46695.5,0.9643969975693589
30,ALB,2016,Albania,47522.434,50083.853,44354.206,0.8855989174794519,False,0.4470465632525005,0.5529534367474995,47219.029500000004,0.9393290474129714
33,ALB,2017,Albania,48966.821,51392.033,46017.64,0.895423615563136,False,0.4512531926861318,0.5487468073138682,48704.836500000005,0.9448269064613325
36,ALB,2018,Albania,50589.0,53181.0,47490.0,0.8929880972527783,False,0.4554559831312599,0.5445440168687401,50335.5,0.9434693208570492
39,ALB,2019,Albania,52380.0,54940.0,49411.0,0.8993629413906079,False,0.46301320311086996,0.53698679688913,52175.5,0.9470153616160841
42,ALB,2020,Albania,53662.0,55317.0,51679.0,0.9342335990744256,False,0.4549202858713579,0.5450797141286421,53498.0,0.9659987289244458
45,ALB,2021,Albania,57191.0,58413.0,55760.0,0.9545820279732251,False,0.46061062947606485,0.5393893705239352,57086.5,0.9767633328370106
48,ALB,2022,Albania,61898.0,63773.0,59813.0,0.9379047559311935,False,0.4734848484848485,0.5265151515151515,61793.0,0.9679575356431959
71,ANT,1983,Netherlands Antilles,1761.0,1931.0,1397.0,0.7234593474883481,False,0.31835205992509363,0.6816479400749064,1664.0,0.8395432692307693
72,ANT,1984,Netherlands Antilles,1780.0,2076.0,1432.0,0.6897880539499036,True,0.45962732919254656,0.5403726708074534,1754.0,0.8164196123147093
73,ANT,1985,Netherlands Antilles,1863.0,2099.0,1501.0,0.7151024297284421,False,0.39464882943143814,0.6053511705685619,1800.0,0.8338888888888889
74,ANT,1986,Netherlands Antilles,1664.0,1936.0,1251.0,0.6461776859504132,False,0.3970802919708029,0.602919708029197,1593.5,0.7850643238155005
77,ARE,2009,United Arab Emirates,7450.614,7917.571,5550.968,0.7010948180950951,False,0.19731108259391217,0.8026889174060878,6734.2695,0.8242865837192883
80,ARG,2004,Argentina,685.086,797.288,546.02,0.6848466300759575,True,0.44654313322826616,0.5534568667717339,671.654,0.8129483335169596
81,ARG,2005,Argentina,816.306,953.885,644.352,0.6755028121838587,False,0.44447280257678484,0.5555271974232152,799.1185,0.8063284731863922
82,ARG,2006,Argentina,1026.552,1185.819,827.057,0.6974563571674935,False,0.44393497639103385,0.5560650236089661,1006.438,0.8217664674823487
84,ARG,2008,Argentina,1636.195,1862.376,1348.002,0.7238076521604659,False,0.4397209034671271,0.5602790965328729,1605.1889999999999,0.8397777457981584
85,ARG,2009,Argentina,1968.266,2201.785,1676.452,0.7614058593368562,False,0.44451614499755365,0.5554838550024463,1939.1185,0.864543347918139
86,ARG,2010,Argentina,2418.527,2708.707,2047.072,0.7557377006815429,False,0.43858018393827386,0.5614198160617261,2377.8894999999998,0.8608776816584623
87,ARG,2011,Argentina,3150.631,3542.718,2643.812,0.7462665670821104,False,0.4361824261936176,0.5638175738063824,3093.265,0.8546994842019678
90,ARG,2012,Argentina,3925.666,4410.081,3304.936,0.7494048295258069,False,0.4383270973492166,0.5616729026507834,3857.5085,0.8567540421492267
93,ARG,2013,Argentina,4981.156,5594.005,4198.434,0.7505238196962641,False,0.43913853182675777,0.5608614681732422,4896.2195,0.8574848411105752
96,ARG,2014,Argentina,6460.093,7254.33,5446.116,0.7507400407756472,False,0.439238386606895,0.560761613393105,6350.223,0.8576259447896554
99,ARG,2017,Argentina,14490.073,16382.998,12258.414,0.7482399741488097,False,0.4589371922113842,0.5410628077886158,14320.706,0.8559922953519191
102,ARG,2018,Argentina,18457.024,20937.729,15579.87,0.7441050555196317,False,0.46300303908706797,0.536996960912932,18258.7995,0.8532800855828446
105,ARG,2019,Argentina,25562.726,28726.973,21861.66,0.7610150919834122,False,0.4609035305455122,0.5390964694544877,25294.3165,0.86429139130919
108,ARG,2020,Argentina,36282.026,40458.771,31428.096,0.7767931457927875,False,0.4625064017916715,0.5374935982083284,35943.4335,0.874376567280363
111,ARG,2021,Argentina,51752.749,58629.244,43757.025,0.7463344572548131,False,0.4623718222546344,0.5376281777453655,51193.1345,0.8547440086912436
114,ARG,2022,Argentina,83060.662,93993.388,70482.564,0.7498672566202209,False,0.46500820217955807,0.5349917978204419,82237.976,0.857056161012523
117,ARG,2023,Argentina,190754.004,214733.502,163516.913,0.7614876648358299,False,0.46819787237295357,0.5318021276270464,189125.20750000002,0.8645960798218819
165,ARM,2007,Armenia,57952.92,69032.061,42240.351,0.6118946818058931,True,0.41352869973585127,0.5864713002641487,55636.206000000006,0.7592241462331202
174,ARM,2010,Armenia,79081.411,92118.674,59741.188,0.6485241852265481,False,0.402664462583661,0.5973355374163389,75929.931,0.7867936558509451
177,ARM,2011,Armenia,82681.486,97430.606,64292.79,0.6598828914191501,False,0.4450842505734233,0.5549157494265766,80861.698,0.7950957201022417
180,ARM,2012,Armenia,88760.389,105034.109,69123.535,0.6581055969161409,False,0.45317348589304096,0.546826514106959,87078.822,0.7938042041955965
183,ARM,2013,Armenia,93306.883,110849.243,70296.765,0.6341654944815455,False,0.43258416908579544,0.5674158309142046,90573.004,0.7761337473139347
186,ARM,2014,Armenia,95690.029,114809.237,74654.281,0.6502462950781566,True,0.47613569791982846,0.5238643020801715,94731.75899999999,0.7880596938984318
189,ARM,2015,Armenia,100331.238,119184.393,79546.827,0.667426539647687,False,0.4756385646888611,0.5243614353111389,99365.61,0.8005468592202071
192,ARM,2016,Armenia,99931.079,119163.433,79541.311,0.6674976458591957,False,0.48539434611806015,0.5146056538819399,99352.372,0.8005980068598664
195,ARM,2017,Armenia,103505.383,122056.875,84423.741,0.6916754259028833,False,0.49295634001675215,0.5070436599832479,103240.30799999999,0.8177401117400773
198,ARM,2019,Armenia,119804.028,144778.041,92487.175,0.6388204617301045,False,0.47759799962004823,0.5224020003799518,118632.60800000001,0.7796100630275278
201,ARM,2020,Armenia,125733.844,151655.781,100066.646,0.6598274417247569,False,0.5024689210237775,0.4975310789762225,125861.21349999998,0.795055467981802
204,ARM,2021,Armenia,130559.108,158052.93,104116.368,0.6587436752991546,False,0.5097436874081815,0.49025631259181846,131084.649,0.7942681984066646
207,ARM,2022,Armenia,142818.811,171843.358,109879.633,0.6394173989546922,False,0.4684119135833105,0.5315880864166895,140861.49550000002,0.7800544258739606
210,ARM,2023,Armenia,159067.084,191768.267,121840.729,0.6353539660448619,False,0.46764384869377207,0.5323561513062279,156804.498,0.7770231756999727
213,ATG,2018,Antigua and Barbuda,2672.81,2871.245,2481.99,0.8644298901695954,False,0.5097815056967795,0.4902184943032205,2676.6175,0.9272860242451527
216,ATG,2023,Antigua and Barbuda,2840.209,3009.74,2682.598,0.8913055612777184,False,0.5182183883451225,0.48178161165487754,2846.169,0.9425294141001466
219,AUS,1969,Australia,,74.12,43.34,0.5847274689692391,False,,,58.730000000000004,0.7379533458198536
220,AUS,1970,Australia,,80.04,47.28,0.5907046476761619,False,,,63.660000000000004,0.7426955702167766
221,AUS,1971,Australia,,89.856,54.627,0.6079393696581197,False,,,72.2415,0.7561720063952161
222,AUS,1972,Australia,,98.7,67.297,0.6818338399189463,False,,,82.9985,0.8108218823231744
223,AUS,1973,Australia,,115.056,81.12,0.7050479766374635,False,,,98.088,0.8270124785906534
224,AUS,1974,Australia,,147.854,110.11,0.7447211438310766,False,,,128.982,0.8536850103115163
225,AUS,1975,Australia,,164.43,130.176,0.7916803503010399,False,,,147.303,0.883729455611902
226,AUS,1976,Australia,,187.627,150.912,0.8043192077899236,False,,,169.2695,0.8915486841988663
227,AUS,1977,Australia,,207.977,169.344,0.8142438827370334,False,,,188.6605,0.8976123777897334
228,AUS,1978,Australia,,221.676,181.45,0.8185369638571609,False,,,201.563,0.9002148211725366
229,AUS,1979,Australia,,242.537,196.474,0.8100784622552435,False,,,219.50549999999998,0.895075522025644
230,AUS,1982,Australia,332.985,356.4,282.298,0.7920819304152638,True,0.31598337426790063,0.6840166257320994,319.349,0.8839795959905934
231,AUS,1984,Australia,379.764,405.015,329.284,0.8130168018468452,False,0.3334301673026895,0.6665698326973105,367.1495,0.896866262925593
232,AUS,1990,Australia,536.106,573.24,473.298,0.8256541762612518,False,0.37155550219127104,0.6284444978087289,523.269,0.9045022732093818
238,AUS,1992,Australia,577.604,609.834,524.02,0.8592830180016202,False,0.37557974223320106,0.624420257766799,566.9269999999999,0.92431653458029
241,AUS,1993,Australia,600.661,638.232,540.148,0.8463192068088095,False,0.3830492231148816,0.6169507768851183,589.19,0.9167636925270286
244,AUS,1994,Australia,622.839,659.308,562.304,0.8528699788262845,True,0.37595356892499204,0.624046431075008,610.806,0.9205934453820034
247,AUS,1995,Australia,655.956,697.754,586.752,0.8409152795971072,False,0.3765517738419126,0.6234482261580874,642.2529999999999,0.9135838991799182
250,AUS,2001,Australia,3068.934,3704.833,2333.178,0.629766038037342,False,0.4635998119060549,0.5364001880939451,3019.0055,0.772829993188154
253,AUS,2002,Australia,2921.565,3496.167,2263.166,0.647327773530269,False,0.4660190867647309,0.5339809132352691,2879.6665000000003,0.785912535357827
256,AUS,2003,Australia,3051.079,3668.91,2346.064,0.6394444126457176,False,0.46704680665776643,0.5329531933422336,3007.487,0.7800745273379402
259,AUS,2004,Australia,3109.75,3755.59,2353.818,0.6267505238857277,False,0.4607311317389705,0.5392688682610295,3054.704,0.7705551830881159
262,AUS,2005,Australia,3327.375,4043.008,2550.959,0.6309557141613373,False,0.4796310308843743,0.5203689691156257,3296.9835,0.773725133898911
265,AUS,2006,Australia,3519.786,4238.077,2743.214,0.6472779989603775,False,0.4805062403711912,0.5194937596288087,3490.6455,0.7858758501830105
268,AUS,2007,Australia,3718.602,4484.991,2891.355,0.6446735344619421,False,0.4809059283299324,0.5190940716700676,3688.173,0.7839531930850315
271,AUS,2008,Australia,3996.722,4845.791,3059.527,0.631378241447062,False,0.47533231370055035,0.5246676862994497,3952.659,0.7740427393306633
274,AUS,2009,Australia,4078.189,4909.567,3166.112,0.6448861987218018,False,0.47685658649061785,0.5231434135093822,4037.8395,0.7841104135020721
277,AUS,2010,Australia,4312.991,5179.684,3367.41,0.6501188103366923,False,0.47823507924298425,0.5217649207570157,4273.5470000000005,0.7879660619153128
280,AUS,2011,Australia,4425.492,5261.402,3485.516,0.662469052925437,False,0.47070025891301576,0.5292997410869842,4373.459,0.7969700870638092
283,AUS,2012,Australia,4633.052,5600.37,3554.326,0.6346591385926287,False,0.4727747790370101,0.52722522096299,4577.348,0.7765033377405433
286,AUS,2013,Australia,4686.129,5707.054,3590.167,0.6290753513108515,False,0.48227656932089435,0.5177234306791056,4648.6105,0.7723097041578338
289,AUS,2014,Australia,4800.452,5834.298,3721.571,0.6378781131851682,False,0.4893419736672081,0.5106580263327919,4777.934499999999,0.7789079151252493
292,AUS,2015,Australia,4836.662,5800.326,3825.256,0.6594898286751468,False,0.48791384609153077,0.5120861539084692,4812.791,0.7948103293909916
295,AUS,2016,Australia,5071.584,6044.317,4029.49,0.6666576223583243,False,0.48278735593676286,0.5172126440632372,5036.9035,0.7999934880626559
298,AUS,2017,Australia,5178.878,6186.172,4143.721,0.6698360472356734,False,0.4931790285299377,0.5068209714700622,5164.9465,0.8022776228175837
301,AUS,2018,Australia,5323.882,6252.193,4374.256,0.6996354719056178,False,0.4943248894930984,0.5056751105069016,5313.2245,0.8232770890821572
304,AUS,2019,Australia,5518.336,6469.352,4570.332,0.7064590085684007,False,0.5007930406209518,0.49920695937904824,5519.842000000001,0.8279823951482669
307,AUS,2020,Australia,5629.683,6639.977,4663.08,0.7022735169112785,False,0.5110503986803561,0.48894960131964393,5651.5285,0.8251006785155555
310,AUS,2021,Australia,5905.537,6840.278,4945.179,0.7229500029092385,False,0.49324125019326165,0.5067587498067383,5892.7285,0.839200210903998
315,AUT,2000,Austria,2112.0,2552.0,1577.0,0.6179467084639498,True,0.4512820512820513,0.5487179487179488,2064.5,0.7638653426979898
318,AUT,2001,Austria,2254.0,2782.0,1623.0,0.5833932422717469,False,0.455565142364107,0.544434857635893,2202.5,0.7368898978433598
321,AUT,2002,Austria,2162.43,2409.93,1719.69,0.7135850418891836,False,0.3585709318497915,0.6414290681502085,2064.81,0.8328562918622053
327,AUT,2004,Austria,2169.082,2551.872,1674.637,0.6562386357936448,False,0.4363596983704481,0.5636403016295519,2113.2545,0.7924445446584876
330,AUT,2005,Austria,2247.198,2625.727,1757.038,0.6691624833807932,False,0.4357474308987452,0.5642525691012548,2191.3824999999997,0.8017943010861865
333,AUT,2006,Austria,2251.217,2629.62,1762.951,0.6704204409762627,False,0.4366176706447327,0.5633823293552673,2196.2855,0.8026966439472464
336,AUT,2007,Austria,2812.792,3303.052,2174.364,0.6582893638973895,False,0.43436272911557505,0.565637270884425,2738.708,0.7939378714342675
339,AUT,2008,Austria,3135.569,3687.83,2424.231,0.6573597481445729,False,0.43705400210034995,0.56294599789965,3056.0305,0.7932613892433339
342,AUT,2009,Austria,3296.399,3942.366,2509.584,0.6365679898822179,False,0.450848070397311,0.549151929602689,3225.975,0.7779303931369586
345,AUT,2010,Austria,3374.459,3961.925,2639.167,0.666132498722212,False,0.4441220540718712,0.5558779459281288,3300.5460000000003,0.7996152757755837
348,AUT,2011,Austria,3335.132,3929.064,2617.402,0.66616425693244,False,0.4528087266384174,0.5471912733615826,3273.233,0.7996381559149623
351,AUT,2012,Austria,3459.086,4098.008,2666.782,0.6507508038051659,False,0.4464158700303098,0.5535841299696902,3382.395,0.7884300916953816
354,AUT,2013,Austria,3581.594,4247.164,2741.539,0.6454987375104895,False,0.4420556247405562,0.5579443752594437,3494.3514999999998,0.7845630297925096
357,AUT,2014,Austria,3662.191,4279.898,2911.681,0.680315512192113,False,0.45146859014323043,0.5485314098567695,3595.7895,0.8097473447764393
360,AUT,2015,Austria,3667.316,4406.148,2794.191,0.634157318365157,False,0.45834473252078073,0.5416552674792192,3600.1695,0.7761276239910371
363,AUT,2016,Austria,3752.687,4453.071,2923.287,0.6564653920855966,False,0.4578319553610183,0.5421680446389817,3688.179,0.7926098489254453
366,AUT,2017,Austria,3796.298,4530.204,2935.816,0.6480538183269451,False,0.46030577249703336,0.5396942275029666,3733.0099999999998,0.7864473976764059
369,AUT,2018,Austria,3865.847,4646.605,2970.666,0.6393196753328506,False,0.46586301768739774,0.5341369823126023,3808.6355,0.7799817021082748
372,AUT,2019,Austria,3977.213,4688.37,3120.101,0.6654980302322556,False,0.4534662101973576,0.5465337898026423,3904.2355,0.7991579913660435
375,AUT,2020,Austria,4161.638,4817.824,3365.821,0.698618504951613,False,0.45191779906790813,0.5480822009320918,4091.8224999999998,0.8225725822662151
378,AUT,2021,Austria,4275.853,4929.866,3504.904,0.7109531983222263,False,0.458968730394214,0.541031269605786,4217.385,0.8310609536478173
381,AUT,2022,Austria,4256.412,4991.843,3405.605,0.6822339965419586,False,0.46363219138616,0.5363678086138399,4198.724,0.8111047546826131
384,AUT,2023,Austria,4490.404,5252.655,3604.806,0.6862826513448913,False,0.4625733304447188,0.5374266695552812,4428.7305,0.8139592147230454
426,AZE,2011,Azerbaijan,364.2,459.8,235.1,0.5113092648977816,False,0.42545616377392087,0.5745438362260791,347.45,0.6766441214563247
429,AZE,2012,Azerbaijan,398.4,519.8,243.6,0.46864178530203926,False,0.43953656770456195,0.560463432295438,381.7,0.638197537332984
432,AZE,2013,Azerbaijan,425.1,546.9,259.9,0.4752239897604681,False,0.42439024390243885,0.5756097560975612,403.4,0.6442736737729301
435,AZE,2014,Azerbaijan,444.5,547.9,299.7,0.5469976273042526,False,0.4165995165189363,0.5834004834810638,423.79999999999995,0.7071731949032563
438,AZE,2015,Azerbaijan,466.9,575.3,309.9,0.5386754736659134,False,0.40844009042954027,0.5915599095704598,442.59999999999997,0.7001807501129689
441,AZE,2016,Azerbaijan,499.8,629.6,316.8,0.5031766200762389,False,0.4149616368286445,0.5850383631713555,473.20000000000005,0.6694843617920541
444,AZE,2017,Azerbaijan,528.5,663.1,335.7,0.5062584828834263,False,0.41111789859499087,0.5888821014050092,499.4,0.6722066479775731
447,AZE,2018,Azerbaijan,544.6,670.2,360.8,0.5383467621605491,False,0.4059469941822883,0.5940530058177117,515.5,0.6999030067895248
450,AZE,2019,Azerbaijan,634.8,763.3,444.4,0.5822088300799162,False,0.402947632486673,0.597052367513327,603.8499999999999,0.7359443570423119
453,AZE,2020,Azerbaijan,707.3,826.5,529.8,0.6410163339382939,False,0.4017526120660601,0.5982473879339398,678.15,0.7812430878124308
456,AZE,2021,Azerbaijan,732.1,851.7,552.2,0.6483503581073148,False,0.3993322203672789,0.6006677796327211,701.95,0.7866657169314054
459,AZE,2022,Azerbaijan,839.4,962.7,655.3,0.6806897268100134,False,0.40110605074821093,0.5988939492517891,809.0,0.8100123609394313
462,BDI,2014,Burundi,64028.147,60003.73,76188.038,1.269721698967714,False,0.24866166659705158,0.7513383334029484,68095.884,1.1188347007874955
465,BDI,2020,Burundi,433782.57,461968.172,382336.895,0.8276260534243038,False,0.35395140027705463,0.6460485997229454,422152.5335,0.9056842365249006
468,BEL,1985,Belgium,72568.0,79560.0,49313.0,0.6198215183509301,False,0.23116342116573543,0.7688365788342646,64436.5,0.7652960666702878
469,BEL,1986,Belgium,73128.0,80082.0,49996.0,0.6243100821657801,False,0.23113740610250616,0.7688625938974938,65039.0,0.7687080059656514
470,BEL,1987,Belgium,74028.0,80881.0,51231.0,0.6334120498015603,False,0.23112984822934232,0.7688701517706577,66056.0,0.7755692140002423
471,BEL,1988,Belgium,76595.0,83529.0,53530.0,0.6408552718217625,False,0.23114103803460115,0.7688589619653988,68529.5,0.7811234577809556
472,BEL,1989,Belgium,80822.0,88115.0,56565.0,0.6419451852692504,False,0.23115689381933438,0.7688431061806656,72340.0,0.7819325407796517
473,BEL,1990,Belgium,86162.0,94032.0,59986.0,0.637931767908797,False,0.2311578452681666,0.7688421547318334,77009.0,0.7789479151787453
474,BEL,1991,Belgium,91357.0,99609.0,63908.0,0.641588611470851,False,0.23114198481835244,0.7688580151816475,81758.5,0.7816679611294238
475,BEL,1992,Belgium,95127.0,104038.0,67264.0,0.6465329975585844,False,0.24231794202425627,0.7576820579757437,85651.0,0.7853264993987227
476,BEL,1993,Belgium,98362.0,107341.0,70286.0,0.6547917384783074,False,0.24231547699365807,0.7576845230063419,88813.5,0.7913886965382515
477,BEL,1994,Belgium,101050.0,110089.0,72784.0,0.6611378066836832,False,0.24229995979091273,0.7577000402090872,91436.5,0.7960059713571713
478,BEL,2004,Belgium,2591.253,2946.275,2156.208,0.7318420717685892,False,0.44935682669950766,0.5506431733004924,2551.2415,0.8451602876481901
481,BEL,2005,Belgium,2603.602,2961.602,2176.717,0.7349795819965006,False,0.4561177752154776,0.5438822247845224,2569.1594999999998,0.8472486819132873
484,BEL,2006,Belgium,2685.664,3044.958,2250.535,0.739102148535382,False,0.45227038995598035,0.5477296100440197,2647.7465,0.8499812954147988
487,BEL,2007,Belgium,3724.343,4323.064,3026.253,0.7000250285445693,False,0.46168716952586025,0.5383128304741398,3674.6585000000005,0.8235467323017907
490,BEL,2008,Belgium,3706.729,4291.548,3028.889,0.7057800588505594,False,0.46316463906723837,0.5368353609327616,3660.2185,0.8275158982995141
493,BEL,2009,Belgium,3922.081,4506.495,3255.802,0.7224687922653859,False,0.46727214432318714,0.5327278556768129,3881.1485000000002,0.8388759152091192
496,BEL,2010,Belgium,4016.742,4588.527,3377.722,0.736123379027736,False,0.47223541362977517,0.5277645863702248,3983.1245,0.84800814034309
499,BEL,2011,Belgium,4118.507,4736.428,3454.75,0.7293998768692357,False,0.4821187536963265,0.5178812463036735,4095.589,0.8435294654810334
502,BEL,2012,Belgium,4252.609,4876.95,3561.894,0.7303527819641374,False,0.4747638123395501,0.5252361876604499,4219.422,0.8441663336826704
505,BEL,2013,Belgium,4422.129,5136.8,3676.079,0.7156359990655661,False,0.4892590713763958,0.5107409286236042,4406.4395,0.8342515538906184
508,BEL,2014,Belgium,4527.225,5201.141,3822.849,0.7350019928319576,False,0.4889500918528146,0.5110499081471854,4511.995,0.8472635718789583
511,BEL,2015,Belgium,4517.856,5166.255,3816.738,0.7387823481419326,False,0.48046745613430597,0.519532543865694,4491.4965,0.8497697816306881
514,BEL,2016,Belgium,4566.641,5223.04,3859.319,0.7389028228770984,False,0.4813293921557271,0.5186706078442729,4541.1795,0.8498494719268419
517,BEL,2017,Belgium,4655.451,5335.822,3949.001,0.7400923419109559,False,0.4905975608964676,0.5094024391035323,4642.4115,0.8506357094798684
520,BEL,2018,Belgium,4701.583,5397.234,3964.4,0.7345243878623754,False,0.48550704408186895,0.514492955918131,4680.817,0.8469461634582168
523,BEL,2019,Belgium,4956.203,5671.977,4225.942,0.7450562652140514,False,0.49499078514697054,0.5050092148530294,4948.9595,0.8539051491530695
526,BEL,2020,Belgium,5043.15,5732.087,4354.52,0.759674443182736,False,0.5001114283370615,0.49988857166293854,5043.3035,0.8634261253561283
529,BEL,2021,Belgium,5185.728,5856.674,4516.035,0.7710920908351737,False,0.5004673144672055,0.4995326855327945,5186.3544999999995,0.8707532429570713
532,BEL,2022,Belgium,5417.902,6043.09,4788.237,0.7923491127883252,False,0.49821612571352986,0.5017838742864702,5415.663500000001,0.8841459592162622
535,BEL,2023,Belgium,5843.968,6514.11,5166.568,0.7931349025423274,False,0.49730694850327495,0.502693051496725,5840.339,0.8846349501287512
538,BEN,2011,Benin,78811.643,82861.776,65808.224,0.7941927771376757,False,0.23749498051784182,0.7625050194821582,74335.0,0.8852925808838367
541,BEN,2019,Benin,74175.732,82608.571,51898.665,0.628247945361505,False,0.27459670505015527,0.7254032949498448,67253.618,0.7716858444701071
544,BEN,2022,Benin,84524.927,95885.987,57627.524,0.6010004777861858,False,0.29695547361638647,0.7030445263836136,76756.7555,0.7507811348279305
547,BFA,2018,Burkina Faso,107024.67,118306.464,83244.935,0.7036380953791332,False,0.3217713066649206,0.6782286933350794,100775.6995,0.826041748288733
550,BFA,2019,Burkina Faso,111405.428,121652.343,86797.572,0.7134886995148133,False,0.29398887744808294,0.706011122551917,104224.95749999999,0.8327906682043983
553,BFA,2022,Burkina Faso,84008.694,91954.585,64327.504,0.6995573303930412,False,0.2876123974154201,0.7123876025845799,78141.0445,0.8232229862246082
556,BFA,2023,Burkina Faso,103666.669,119831.322,65850.514,0.549526725575138,False,0.29945185333276236,0.7005481466672376,92840.918,0.7092833140663257
559,BGD,2013,Bangladesh,11229.39,11331.407,10953.11,0.9666151785034287,True,0.26967435639193593,0.7303256436080641,11142.2585,0.9830242226026259
562,BGD,2016,Bangladesh,12915.0,13141.0,12106.0,0.9212388707099917,False,0.21835748792270532,0.7816425120772947,12623.5,0.9590050303006298
565,BGD,2017,Bangladesh,11811.698,12044.784,11058.771,0.9181377598801275,False,0.23639242078958347,0.7636075792104166,11551.7775,0.9573220225199109
595,BGR,1996,Bulgaria,13247.0,15690.0,10815.0,0.6892925430210325,False,0.5011282051282051,0.4988717948717949,13252.5,0.8160724391624222
596,BGR,1997,Bulgaria,127909.0,149795.0,106021.0,0.7077739577422477,False,0.49997715538904375,0.5000228446109563,127908.0,0.8288848234668668
597,BGR,1998,Bulgaria,183250.0,212298.0,154637.0,0.7283959340172776,False,0.5037720469641526,0.49622795303584744,183467.5,0.8428577268453541
598,BGR,1999,Bulgaria,201.0,227.0,175.0,0.7709251101321586,True,0.5,0.5,201.0,0.8706467661691543
601,BGR,2000,Bulgaria,225.01,256.0,194.0,0.7578125,False,0.4998387096774195,0.5001612903225805,225.0,0.8622222222222222
604,BGR,2001,Bulgaria,240.0,273.0,209.0,0.7655677655677655,False,0.515625,0.484375,241.0,0.8672199170124482
607,BGR,2002,Bulgaria,258.0,290.0,227.0,0.7827586206896552,False,0.5079365079365079,0.4920634920634921,258.5,0.8781431334622823
610,BGR,2003,Bulgaria,273.0,303.0,246.0,0.8118811881188119,False,0.5263157894736842,0.4736842105263158,274.5,0.8961748633879781
613,BGR,2004,Bulgaria,292.0,321.0,265.0,0.8255451713395638,False,0.5178571428571429,0.4821428571428571,293.0,0.9044368600682594
616,BGR,2005,Bulgaria,324.0,356.0,293.0,0.8230337078651685,False,0.5079365079365079,0.4920634920634921,324.5,0.9029275808936826
619,BGR,2006,Bulgaria,360.01,393.0,327.0,0.8320610687022901,False,0.499848484848485,0.500151515151515,360.0,0.9083333333333333
622,BGR,2007,Bulgaria,247.347,272.245,218.61,0.8029899539018164,False,0.464211801994966,0.5357881980050341,245.4275,0.8907314787462692
625,BGR,2008,Bulgaria,294.095,324.924,258.436,0.7953736873853577,False,0.46367765611839656,0.5363223438816034,291.67999999999995,0.886025781678552
628,BGR,2009,Bulgaria,378.081,412.316,339.513,0.8234291174730062,False,0.47024161092262623,0.5297583890773738,375.9145,0.9031654804483467
631,BGR,2010,Bulgaria,375.38,401.873,345.903,0.8607271451428686,False,0.47334286224763283,0.5266571377523672,373.88800000000003,0.9251513822321122
634,BGR,2011,Bulgaria,350.6,383.502,315.902,0.8237297328305979,False,0.4867159763313606,0.5132840236686393,349.702,0.9033462776878599
637,BGR,2012,Bulgaria,447.262,490.887,400.126,0.8151081613487421,False,0.4806579918687541,0.5193420081312459,445.50649999999996,0.8981372886815344
640,BGR,2013,Bulgaria,405.303,439.846,369.121,0.8392050854162593,False,0.48841286673736295,0.511587133262637,404.4835,0.9125736896560676
643,BGR,2014,Bulgaria,433.866,475.089,391.78,0.8246454874770832,False,0.49482048758237407,0.5051795124176259,433.43449999999996,0.9038966672011572
646,BGR,2015,Bulgaria,489.009,538.236,436.42,0.8108339092888622,False,0.4834898247819595,0.5165101752180405,487.328,0.8955364764593867
649,BGR,2016,Bulgaria,548.124,585.071,508.344,0.8688586513431703,False,0.4815384414873511,0.5184615585126489,546.7075,0.9298281073517375
652,BGR,2017,Bulgaria,565.55,597.635,531.668,0.8896199185121354,False,0.4863795534130708,0.5136204465869292,564.6514999999999,0.9415860933690959
655,BGR,2018,Bulgaria,561.327,592.313,527.338,0.8903029310516568,False,0.4768911119661405,0.5231088880338595,559.8254999999999,0.9419685241204626
658,BGR,2019,Bulgaria,699.482,749.123,644.369,0.8601644856719124,False,0.47388166561658807,0.5261183343834119,696.7460000000001,0.924826263803452
661,BGR,2020,Bulgaria,748.931,798.147,693.943,0.8694425964139437,False,0.47230432612951495,0.527695673870485,746.0450000000001,0.9301623896681834
664,BGR,2021,Bulgaria,811.217,855.739,761.439,0.8898028487658035,False,0.4721314952279959,0.5278685047720041,808.5889999999999,0.9416885463443109
667,BGR,2022,Bulgaria,917.982,963.815,867.554,0.9001250239931936,False,0.4761325978329754,0.5238674021670247,915.6845000000001,0.9474376818653149
670,BGR,2023,Bulgaria,1010.359,1066.557,949.164,0.8899327462104697,False,0.47871678890564145,0.5212832110943586,1007.8605,0.9417612854159876
674,BHR,1982,Bahrain,232.0,227.0,300.0,1.3215859030837005,False,0.0684931506849315,0.9315068493150684,263.5,1.1385199240986716
675,BHR,1987,Bahrain,242.0,236.0,327.0,1.3855932203389831,False,0.06593406593406594,0.9340659340659341,281.5,1.1616341030195383
676,BHR,1988,Bahrain,233.0,228.0,311.0,1.3640350877192982,False,0.060240963855421686,0.9397590361445783,269.5,1.1539888682745825
677,BHR,1989,Bahrain,229.0,223.0,304.0,1.3632286995515694,False,0.07407407407407407,0.9259259259259259,263.5,1.1537001897533208
678,BHR,1990,Bahrain,231.0,225.0,295.0,1.3111111111111111,False,0.08571428571428572,0.9142857142857143,260.0,1.1346153846153846
681,BHR,1991,Bahrain,239.0,234.0,292.0,1.2478632478632479,False,0.08620689655172414,0.9137931034482758,263.0,1.1102661596958174
684,BHR,1992,Bahrain,242.0,239.0,273.0,1.1422594142259415,False,0.08823529411764706,0.9117647058823529,256.0,1.06640625
687,BHR,1993,Bahrain,237.0,235.0,253.0,1.0765957446808512,False,0.1111111111111111,0.8888888888888888,244.0,1.0368852459016393
690,BHR,1994,Bahrain,239.0,238.0,248.0,1.0420168067226891,False,0.1,0.9,243.0,1.0205761316872428
693,BHR,1998,Bahrain,252.0,251.0,262.0,1.043824701195219,False,0.09090909090909091,0.9090909090909091,256.5,1.0214424951267056
696,BHR,1999,Bahrain,239.0,240.0,231.0,0.9625,False,0.1111111111111111,0.8888888888888888,235.5,0.9808917197452229
699,BHR,2000,Bahrain,242.0,243.0,237.0,0.9753086419753086,False,0.16666666666666666,0.8333333333333334,240.0,0.9875
702,BHR,2001,Bahrain,234.0,237.0,218.0,0.919831223628692,False,0.15789473684210525,0.8421052631578947,227.5,0.9582417582417583
705,BHR,2002,Bahrain,236.0,238.0,224.0,0.9411764705882353,False,0.14285714285714285,0.8571428571428572,231.0,0.9696969696969697
708,BHR,2003,Bahrain,228.0,228.0,227.0,0.9956140350877193,False,-0.0,1.0,227.5,0.9978021978021978
711,BHR,2004,Bahrain,223.0,221.0,242.0,1.0950226244343892,False,0.09523809523809523,0.9047619047619048,231.5,1.0453563714902807
714,BHR,2005,Bahrain,213.0,209.0,243.0,1.1626794258373205,False,0.11764705882352941,0.8823529411764706,226.0,1.075221238938053
717,BHR,2006,Bahrain,206.0,200.0,253.0,1.265,False,0.11320754716981132,0.8867924528301887,226.5,1.1169977924944812
720,BHR,2007,Bahrain,213.0,205.0,287.0,1.4,False,0.0975609756097561,0.9024390243902439,246.0,1.1666666666666667
723,BHR,2008,Bahrain,247.0,237.0,344.0,1.4514767932489452,False,0.09345794392523364,0.9065420560747663,290.5,1.1841652323580034
726,BHR,2015,Bahrain,785.0,889.0,680.0,0.7649043869516311,True,0.49760765550239233,0.5023923444976077,784.5,0.8667941363926067
729,BHR,2016,Bahrain,824.0,933.0,715.0,0.7663451232583065,False,0.5,0.5,824.0,0.8677184466019418
732,BHR,2017,Bahrain,837.0,953.0,721.0,0.7565582371458552,False,0.5,0.5,837.0,0.8614097968936678
735,BHR,2018,Bahrain,853.0,971.0,736.0,0.7579814624098867,False,0.502127659574468,0.49787234042553197,853.5,0.862331575864089
738,BHR,2019,Bahrain,329.593,313.447,438.514,1.3990052544768334,True,0.12909880304156984,0.8709011969584302,375.9805,1.1663211256966783
741,BHR,2020,Bahrain,353.0,336.0,465.0,1.3839285714285714,False,0.13178294573643412,0.8682170542635659,400.5,1.1610486891385767
744,BHS,2019,Bahamas,4585.317,4911.727,4267.944,0.8689294010029467,False,0.5070186693342323,0.49298133066576766,4589.8355,0.9298686194744888
747,BHS,2023,Bahamas,5778.439,5732.107,5822.117,1.0157027773556915,False,0.5147428063548519,0.4852571936451481,5777.112,1.0077902245966497
751,BIH,2001,Bosnia and Herzegovina,454.336,468.943,424.518,0.9052656719473369,False,0.3288013505908828,0.6711986494091172,446.7305,0.9502776282344724
752,BIH,2006,Bosnia and Herzegovina,484.594,511.878,435.333,0.8504624148722939,True,0.35644392187602075,0.6435560781239793,473.6055,0.9191890719174504
755,BIH,2007,Bosnia and Herzegovina,527.87,547.744,490.653,0.8957706519834083,False,0.3481109106514165,0.6518890893485835,519.1985,0.94502006458031
758,BIH,2008,Bosnia and Herzegovina,611.119,635.019,567.657,0.8939212842450384,False,0.35479944182179846,0.6452005581782015,601.338,0.9439899025173863
761,BIH,2009,Bosnia and Herzegovina,670.678,700.834,616.614,0.879828889580129,False,0.3580622180004747,0.6419377819995253,658.7239999999999,0.936073378228211
764,BIH,2010,Bosnia and Herzegovina,695.575,718.655,654.984,0.9114025505979921,False,0.3624884170187362,0.6375115829812639,686.8195000000001,0.9536479380681533
767,BIH,2011,Bosnia and Herzegovina,704.899,732.468,658.451,0.8989484864867817,False,0.37246848696920953,0.6275315130307905,695.4594999999999,0.9467855425082267
770,BIH,2012,Bosnia and Herzegovina,698.302,722.179,657.0,0.909746752536421,False,0.3663296460516418,0.6336703539483581,689.5895,0.9527407247355129
773,BIH,2013,Bosnia and Herzegovina,726.055,759.072,671.201,0.8842389127777075,False,0.37574398834655415,0.6242560116534459,715.1365000000001,0.9385634770424947
776,BIH,2014,Bosnia and Herzegovina,747.474,780.464,691.555,0.8860818692470119,False,0.371053549134508,0.6289464508654921,736.0095,0.9396006437416907
779,BIH,2015,Bosnia and Herzegovina,737.467,771.291,683.084,0.8856371978928833,False,0.38346163002936307,0.6165383699706369,727.1875,0.9393505801461108
782,BIH,2016,Bosnia and Herzegovina,742.69,778.463,681.73,0.8757384744040501,False,0.36981174986819315,0.6301882501318068,730.0965,0.9337532778201239
785,BIH,2020,Bosnia and Herzegovina,1235.389,1309.794,1112.741,0.8495542047069996,True,0.37758877053381656,0.6224112294661834,1211.2675,0.918658347557414
788,BIH,2021,Bosnia and Herzegovina,1282.689,1345.483,1180.656,0.877496036739223,True,0.38096913733793536,0.6190308626620646,1263.0695,0.9347514131249309
791,BIH,2022,Bosnia and Herzegovina,1357.312,1424.094,1248.069,0.8763950975146303,True,0.37938929129385096,0.620610708706149,1336.0815,0.934126398726425
794,BIH,2023,Bosnia and Herzegovina,1497.914,1572.732,1379.031,0.8768378846491328,True,0.3862551045167551,0.613744895483245,1475.8815,0.9343778616372655
797,BLZ,2014,Belize,1391.585,1408.709,1363.289,0.9677577129130288,False,0.37701453104359306,0.6229854689564069,1385.999,0.9836147067927177
800,BLZ,2015,Belize,1198.595,1207.95,1182.311,0.9787747837244918,False,0.36487382503217647,0.6351261749678235,1195.1305,0.989273556318745
803,BLZ,2016,Belize,1158.471,1172.883,1131.917,0.9650723899996845,False,0.3518039349704631,0.6481960650295369,1152.4,0.9822257896563692
806,BLZ,2017,Belize,1196.215,1211.731,1168.835,0.9645994036630242,False,0.36171204774338145,0.6382879522566185,1190.283,0.9819807558370574
809,BLZ,2018,Belize,1260.64,1255.998,1268.875,1.0102524048605173,False,0.36048769123243535,0.6395123087675647,1262.4365,1.0051000584979917
812,BLZ,2019,Belize,1269.442,1272.123,1265.068,0.9944541526251784,False,0.3800141743444388,0.6199858256555613,1268.5955,0.9972193658262228
815,BLZ,2020,Belize,1020.0,1020.0,900.0,0.8823529411764706,False,-0.0,1.0,960.0,0.9375
818,BMU,2009,Bermuda,5788.7,6396.5,5209.1,0.8143672320800438,False,0.5118746841839316,0.48812531581606844,5802.8,0.897687323361136
819,BMU,2010,Bermuda,5835.5,5949.7,5718.7,0.9611745130006555,False,0.4943722943722936,0.5056277056277064,5834.2,0.9802029412772959
820,BMU,2012,Bermuda,5869.8,6015.6,5732.2,0.9528891548640201,False,0.5144671841919545,0.4855328158080455,5873.9,0.9758763342923782
823,BMU,2013,Bermuda,6221.1,6329.6,6091.5,0.9623830889787663,False,0.45569088618227566,0.5443091138177243,6210.55,0.9808310053054882
826,BOL,1989,Bolivia (Plurinational State of),335.02,387.857,235.256,0.6065534462443632,False,0.3462428162331835,0.6537571837668166,311.5565,0.7550989948853578
827,BOL,1990,Bolivia (Plurinational State of),371.56,432.388,256.767,0.5938347040158376,False,0.34635949003820715,0.6536405099617928,344.5775,0.7451647307209553
830,BOL,1991,Bolivia (Plurinational State of),434.565,495.75,315.261,0.635927382753404,False,0.3389957282715291,0.661004271728471,405.5055,0.7774518471389414
833,BOL,1993,Bolivia (Plurinational State of),597.073,676.007,459.922,0.6803509431115359,False,0.36529143624036836,0.6347085637596317,567.9645,0.8097724417635257
836,BOL,1994,Bolivia (Plurinational State of),682.485,789.505,481.595,0.6099961368199062,False,0.34756909486538273,0.6524309051346173,635.55,0.7577609944142869
839,BOL,1995,Bolivia (Plurinational State of),753.984,843.316,587.583,0.696753055794032,False,0.34931745218646,0.6506825478135401,715.4495,0.8212780916053475
842,BOL,1999,Bolivia (Plurinational State of),1795.629,1905.745,1587.738,0.8331324495144944,False,0.34626910728380206,0.653730892716198,1746.7415,0.9089713618185633
845,BOL,2000,Bolivia (Plurinational State of),1318.561,1470.712,1049.557,0.7136387001669939,False,0.36127079103892884,0.6387292089610712,1260.1345000000001,0.832892838026417
848,BOL,2001,Bolivia (Plurinational State of),1179.624,1281.981,999.803,0.7798890935201068,False,0.36273912211440995,0.63726087788559,1140.892,0.8763344821420432
851,BOL,2002,Bolivia (Plurinational State of),1233.071,1362.105,989.058,0.7261246379684385,False,0.34589207258066706,0.6541079274193329,1175.5815,0.841335117982037
854,BOL,2004,Bolivia (Plurinational State of),1119.879,1205.736,951.131,0.7888385185480071,True,0.33721647257516607,0.6627835274248339,1078.4335,0.8819560965047913
857,BOL,2005,Bolivia (Plurinational State of),1195.09,1310.731,977.023,0.7454031376384629,True,0.3465334963501027,0.6534665036498972,1143.877,0.8541329181371774
860,BOL,2006,Bolivia (Plurinational State of),1317.702,1477.325,1054.99,0.7141218079975632,False,0.3779535203097068,0.6220464796902931,1266.1575,0.8332217753320578
863,BOL,2007,Bolivia (Plurinational State of),1419.041,1560.673,1170.352,0.7499021255573718,False,0.3628603124095298,0.6371396875904702,1365.5125,0.8570789355644859
866,BOL,2008,Bolivia (Plurinational State of),1604.776,1778.625,1313.458,0.7384681987490337,False,0.3737345942424978,0.6262654057575022,1546.0415,0.8495619296118507
869,BOL,2009,Bolivia (Plurinational State of),1698.401,1914.411,1323.405,0.6912857270460732,False,0.3654954433626731,0.6345045566373269,1618.908,0.817467700449933
872,BOL,2011,Bolivia (Plurinational State of),2042.112,2274.676,1639.016,0.7205492122834197,False,0.36586225340590867,0.6341377465940914,1956.846,0.837580473885017
875,BOL,2012,Bolivia (Plurinational State of),2317.311,2608.66,1860.596,0.7132382142555949,False,0.38947068700004245,0.6105293129999576,2234.6279999999997,0.8326200155014617
878,BOL,2013,Bolivia (Plurinational State of),2606.16,2936.297,2098.532,0.7146865592956027,False,0.3940687424277694,0.6059312575722307,2517.4145,0.8336060668594704
881,BOL,2014,Bolivia (Plurinational State of),2709.944,3005.954,2233.53,0.743035322563153,False,0.38322216813563564,0.6167778318643644,2619.742,0.8525763224012136
884,BOL,2015,Bolivia (Plurinational State of),2838.459,3051.055,2463.37,0.8073830199717803,False,0.36175161863923705,0.6382483813607629,2757.2124999999996,0.8934276919171084
887,BOL,2016,Bolivia (Plurinational State of),2987.666,3331.753,2515.047,0.7548719848079974,True,0.4213107287077601,0.5786892712922399,2923.4,0.8603157282616132
890,BOL,2017,Bolivia (Plurinational State of),3056.575,3370.512,2602.06,0.7720073389443503,False,0.40853169749053975,0.5914683025094603,2986.286,0.8713365029337444
893,BOL,2018,Bolivia (Plurinational State of),3099.106,3385.334,2687.515,0.7938699696987063,False,0.4101751313736078,0.5898248686263923,3036.4245,0.8850919889495029
896,BOL,2019,Bolivia (Plurinational State of),3118.589,3395.573,2694.432,0.7935132008647731,False,0.3950475011445628,0.6049524988554372,3045.0024999999996,0.8848702094661663
899,BOL,2020,Bolivia (Plurinational State of),3339.017,3494.982,3093.897,0.8852397523077372,False,0.38885772342520947,0.6111422765747905,3294.4395,0.9391269744064202
902,BOL,2021,Bolivia (Plurinational State of),3060.153,3290.414,2710.388,0.8237224859850462,True,0.3969839283066626,0.6030160716933374,3000.401,0.9033419199633649
905,BOL,2022,Bolivia (Plurinational State of),3086.498,3340.118,2722.931,0.8152200012095381,False,0.4109289404993947,0.5890710595006052,3031.5245,0.8982051769662426
908,BOL,2023,Bolivia (Plurinational State of),3147.608,3427.567,2767.086,0.8073032562164357,False,0.42387139069859653,0.5761286093014035,3097.3265,0.8933788543119363
915,BRA,1988,Brazil,72.679,80.86,56.22,0.6952757853079397,False,0.3320211038961038,0.6679788961038962,68.53999999999999,0.8202509483513277
916,BRA,1989,Brazil,852.263,980.157,627.554,0.6402586524403743,False,0.3627138736766278,0.6372861263233722,803.8555,0.7806801097958526
917,BRA,1990,Brazil,18820.6,20527.247,15921.442,0.775624807359701,False,0.3705426087296359,0.629457391270364,18224.3445,0.8736359214456245
918,BRA,1991,Brazil,134539.0,148251.0,109006.0,0.7352800318378966,False,0.3493948273665435,0.6506051726334565,128628.5,0.8474482715727852
919,BRA,1992,Brazil,1477.0,1637.0,1181.0,0.7214416615760537,False,0.3508771929824561,0.6491228070175439,1409.0,0.8381831085876508
920,BRA,1993,Brazil,34434.0,37689.0,27144.0,0.7202101408899149,False,0.30867709815078237,0.6913229018492176,32416.5,0.8373513488501226
921,BRA,1994,Brazil,428.59,470.93,356.23,0.756439385895993,False,0.36913687881429846,0.6308631211857015,413.58000000000004,0.8613327530344794
922,BRA,1995,Brazil,371.931,429.208,286.922,0.6684917336116755,True,0.4025483884570516,0.5974516115429485,358.06500000000005,0.8013126108388141
925,BRA,1996,Brazil,423.097,480.875,338.698,0.7043368858851052,False,0.4063807788882872,0.5936192211117128,409.7865,0.826523079701259
928,BRA,1997,Brazil,444.776,504.214,358.468,0.7109441625976273,False,0.4078190825134137,0.5921809174865863,431.341,0.8310547803246155
931,BRA,1998,Brazil,464.568,526.832,375.692,0.7131153764387889,False,0.4119624189493186,0.5880375810506814,451.262,0.832536309283742
934,BRA,1999,Brazil,460.716,519.753,379.246,0.7296658220346972,False,0.4201712370202197,0.5798287629797803,449.4995,0.8437072788735026
937,BRA,2000,Brazil,766.53,823.48,677.71,0.8229829504055958,False,0.3906839541743847,0.6093160458256153,750.595,0.9028970350188851
940,BRA,2001,Brazil,520.074,585.702,431.377,0.7365127658775282,False,0.42525838328203497,0.5747416167179651,508.5395,0.8482664571778594
943,BRA,2002,Brazil,549.051,613.684,462.887,0.7542758162181188,False,0.4286093224666269,0.571390677533373,538.2855,0.8599284208844563
946,BRA,2003,Brazil,593.44,661.412,504.213,0.7623281706409923,False,0.4323946081081939,0.567605391891806,582.8125,0.8651375871313673
949,BRA,2004,Brazil,636.391,710.988,539.623,0.7589762415118118,False,0.4353105943454036,0.5646894056545964,625.3055,0.8629749778308363
952,BRA,2005,Brazil,689.325,766.495,588.56,0.7678588901427927,False,0.4336976985978022,0.5663023014021977,677.5274999999999,0.8686879868344828
955,BRA,2006,Brazil,749.473,831.763,644.396,0.7747351108428723,False,0.43919153319421267,0.5608084668057873,738.0795,0.8730712612936681
958,BRA,2007,Brazil,812.246,899.248,700.347,0.7788140757610803,False,0.43741358766421506,0.5625864123357849,799.7975,0.8756554002731941
961,BRA,2008,Brazil,898.461,1001.963,764.939,0.7634403665604419,False,0.43667307951937334,0.5633269204806266,883.451,0.8658533410455135
964,BRA,2009,Brazil,930.523,1027.881,808.044,0.7861260204245433,False,0.4428644859600523,0.5571355140399477,917.9625000000001,0.8802581804812287
967,BRA,2011,Brazil,1202.475,1335.797,1036.805,0.7761695826536518,False,0.44590490715470693,0.554095092845293,1186.301,0.8739813925808038
970,BRA,2012,Brazil,1323.661,1463.03,1150.739,0.7865450469231663,True,0.4462792715768304,0.5537207284231696,1306.8845000000001,0.8805208111351844
973,BRA,2013,Brazil,1413.38,1556.94,1236.474,0.794169332151528,False,0.44797263984322794,0.552027360156772,1396.7069999999999,0.8852780146444459
976,BRA,2014,Brazil,1576.757,1750.144,1367.049,0.7811065832297228,False,0.4525953092574947,0.5474046907425053,1558.5965,0.8771025727313002
979,BRA,2015,Brazil,1710.604,1886.516,1502.491,0.7964369239380954,False,0.45807434411822145,0.5419256558817785,1694.5035,0.8866850968440018
982,BRA,2016,Brazil,1924.736,2107.729,1708.923,0.8107887683853096,False,0.45885217373860926,0.5411478262613907,1908.326,0.8955089434404814
985,BRA,2017,Brazil,2028.61,2220.671,1804.623,0.8126476186702128,False,0.4616318309425836,0.5383681690574165,2012.647,0.8966415869250793
988,BRA,2018,Brazil,2135.624,2343.183,1894.253,0.8084101839250285,False,0.46234156772770846,0.5376584322722915,2118.718,0.8940562170142511
991,BRA,2019,Brazil,2271.106,2496.269,2010.348,0.8053410910442745,False,0.4633736759679035,0.5366263240320965,2253.3085,0.8921761046035196
994,BRA,2020,Brazil,2459.159,2670.106,2203.24,0.8251507618049619,False,0.4518362870716649,0.5481637129283351,2436.673,0.9042001122021708
997,BRA,2021,Brazil,2414.265,2598.59,2190.46,0.8429417491793626,False,0.4516330580942352,0.5483669419057648,2394.525,0.9147785051314978
1000,BRA,2022,Brazil,2614.37,2840.064,2350.195,0.8275148024833244,False,0.46072317292990594,0.5392768270700941,2595.1295,0.9056176194675449
1003,BRA,2023,Brazil,2861.414,3110.729,2574.013,0.8274629516103782,False,0.46451941063802765,0.5354805893619723,2842.371,0.9055865683965956
1006,BRA,2024,Brazil,3154.839,3444.154,2821.666,0.8192624371616368,False,0.4647720116693015,0.5352279883306985,3132.91,0.9006533861489798
1008,BRB,2016,Barbados,2680.239,2752.469,2621.563,0.952440517949521,False,0.5517699723465697,0.44823002765343034,2687.016,0.9756410084644082
1019,BRN,1980,Brunei Darussalam,987.439,917.672,809.434,0.8820515391120138,False,0.0,1.0,863.553,0.9373298454177103
1020,BRN,1981,Brunei Darussalam,818.22,770.441,538.323,0.698720602875496,False,0.0,1.0,654.3820000000001,0.8226433489918732
1021,BRN,1982,Brunei Darussalam,652.984,978.178,770.425,0.7876122750665011,False,1.0,0.0,874.3015,0.8811891549997339
1022,BRN,1983,Brunei Darussalam,1124.804,1270.623,612.439,0.48199898789806256,False,0.22154747000838662,0.7784525299916134,941.531,0.6504714130495969
1023,BRN,1984,Brunei Darussalam,987.439,1022.549,889.402,0.8697891250199258,False,0.26369351168257665,0.7363064883174233,955.9755,0.9303606630086232
1024,BRN,1985,Brunei Darussalam,1055.126,1097.173,887.452,0.8088532984315144,False,0.20049017504207983,0.7995098249579202,992.3125,0.8943271398878881
1025,BRN,2014,Brunei Darussalam,1799.403,1887.158,1684.674,0.8927042674752194,True,0.4333922680310539,0.5666077319689461,1785.916,0.9433108836025883
1028,BTN,2018,Bhutan,15743.924,16564.069,13775.825,0.8316691387846791,False,0.2941439127995968,0.7058560872004032,15169.947,0.9080997448441975
1031,BTN,2019,Bhutan,19387.236,19923.594,18006.71,0.9037882422217597,False,0.2798072288150977,0.7201927711849023,18965.152000000002,0.9494629940218775
1034,BTN,2020,Bhutan,19894.841,20846.312,17775.194,0.8526781139992531,False,0.3098125829095465,0.6901874170904535,19310.753,0.9204816611760297
1037,BTN,2021,Bhutan,20815.641,21482.459,19327.814,0.8997021244169487,False,0.309479287771303,0.6905207122286969,20405.1365,0.9472033671521873
1040,BTN,2022,Bhutan,22169.88,22819.105,20583.052,0.902009609929925,False,0.2903441913049461,0.709655808695054,21701.0785,0.948480602012476
1043,BTN,2023,Bhutan,26032.675,27683.361,21913.172,0.7915647236619859,False,0.286071392115579,0.7139286078844209,24798.266499999998,0.8836574121017693
1099,BWA,2005,Botswana,2141.0,2348.0,1800.0,0.7666098807495741,False,0.3777372262773723,0.6222627737226277,2074.0,0.8678881388621023
1111,BWA,2009,Botswana,4443.0,5012.0,3769.0,0.7519952114924182,False,0.4577634754625905,0.5422365245374094,4390.5,0.8584443685229473
1114,BWA,2010,Botswana,4641.0,4778.0,4462.0,0.9338635412306404,False,0.43354430379746833,0.5664556962025317,4620.0,0.9658008658008658
1117,BWA,2011,Botswana,4731.0,4786.0,4655.0,0.9726284997910573,False,0.4198473282442748,0.5801526717557253,4720.5,0.9861243512339795
1120,BWA,2019,Botswana,5122.271,6093.103,4235.024,0.6950520941464473,True,0.5224923159887176,0.4775076840112824,5164.0635,0.8200952602538679
1123,BWA,2020,Botswana,5218.258,5838.148,4655.664,0.7974556314776534,False,0.5242269662845334,0.47577303371546664,5246.906,0.8873160677930956
1126,BWA,2021,Botswana,5511.695,5899.175,5175.16,0.877268431602724,False,0.535182282135039,0.46481771786496096,5537.1675,0.9346222594855583
1129,BWA,2022,Botswana,6088.48,6393.523,5782.476,0.9044271835731255,False,0.4992136447769162,0.5007863552230838,6087.9995,0.9498154525144097
1132,BWA,2023,Botswana,6490.037,6902.199,6088.377,0.8820923592611574,False,0.5064522708897029,0.4935477291102971,6495.2880000000005,0.9373528933590012
1167,CAN,1997,Canada,2484.415,2911.282,2014.58,0.691990676272515,False,0.47604109280452156,0.5239589071954784,2462.931,0.817960389470919
1170,CAN,1998,Canada,2520.141,2954.137,2048.231,0.693343267424632,False,0.4790739878088898,0.5209260121911101,2501.184,0.8189045667971648
1173,CAN,1999,Canada,2587.05,3030.799,2108.844,0.695804637654955,False,0.4813130792717647,0.5186869207282353,2569.8215,0.8206188639950285
1176,CAN,2000,Canada,2668.78,3129.162,2171.566,0.6939768538669459,False,0.48076850780496116,0.5192314921950388,2650.3639999999996,0.8193463237502472
1179,CAN,2001,Canada,2753.955,3226.666,2251.505,0.697780619376161,False,0.4847517486856019,0.5152482513143981,2739.0855,0.8219915004478685
1182,CAN,2002,Canada,2816.565,3286.515,2318.962,0.705599092047351,False,0.4857098267485087,0.5142901732514913,2802.7385,0.8273914958530737
1185,CAN,2003,Canada,2870.608,3343.768,2377.102,0.7109051824169619,False,0.48947619963875816,0.5105238003612418,2860.435,0.8310281478166782
1188,CAN,2004,Canada,2945.281,3413.74,2459.931,0.7205970577724139,False,0.4911455018772102,0.5088544981227898,2936.8355,0.8376127978567407
1191,CAN,2005,Canada,3046.037,3517.656,2556.658,0.7268072830316552,False,0.4907596061594302,0.5092403938405698,3037.157,0.841793163804176
1194,CAN,2006,Canada,3222.631,3726.06,2701.041,0.7249053960483729,False,0.4911411398227742,0.5088588601772258,3213.5505000000003,0.8405161207206795
1197,CAN,2007,Canada,3349.55,3877.22,2810.545,0.7248866455862706,False,0.4946867602596852,0.5053132397403148,3343.8824999999997,0.8405035164961688
1200,CAN,2008,Canada,3478.552,4036.108,2911.129,0.7212713336709523,False,0.49561458480558296,0.504385415194417,3473.6185,0.8380681413344614
1203,CAN,2009,Canada,3576.538,4124.713,3033.771,0.7355108100854533,False,0.5024785918958111,0.4975214081041889,3579.242,0.8476015312739401
1206,CAN,2010,Canada,3646.086,4202.263,3092.349,0.7358770738528265,False,0.5010991842611232,0.4989008157388768,3647.306,0.8478446831716341
1209,CAN,2011,Canada,3737.984,4283.804,3185.189,0.7435421882046891,False,0.49682554853156025,0.5031744514684398,3734.4965,0.8529098902623151
1212,CAN,2012,Canada,3851.568,4412.566,3283.722,0.7441751579466461,False,0.4969668085227009,0.5030331914772991,3848.1440000000002,0.8533261749040576
1215,CAN,2013,Canada,3932.243,4496.078,3359.807,0.7472750695161426,False,0.4962152514672998,0.5037847485327003,3927.9425,0.8553605354457199
1218,CAN,2014,Canada,4001.692,4574.151,3416.961,0.7470153477661756,False,0.4946974999783958,0.5053025000216043,3995.5559999999996,0.8551903664971784
1221,CAN,2015,Canada,4108.037,4673.713,3526.878,0.7546201489051639,False,0.49324968282272486,0.5067503171772751,4100.2955,0.8601521524485247
1224,CAN,2016,Canada,4183.073,4757.387,3598.414,0.756384544709102,False,0.4955369969792218,0.5044630030207782,4177.9005,0.8612971993947679
1227,CAN,2017,Canada,4246.002,4821.579,3655.261,0.7581045545453057,False,0.49349920004664205,0.506500799953358,4238.42,0.8624112287125862
1230,CAN,2018,Canada,4365.868,4938.942,3775.316,0.7643977191876317,False,0.4924898549877706,0.5075101450122295,4357.129,0.8664687228677416
1233,CAN,2019,Canada,4476.324,5043.948,3892.374,0.7716919365544608,False,0.49291144121003116,0.5070885587899688,4468.161,0.8711355745685976
1236,CAN,2020,Canada,4767.736,5332.605,4175.484,0.7830101798276828,False,0.48816761600558634,0.5118323839944137,4754.0445,0.8783014126182455
1239,CAN,2021,Canada,4863.344,5437.427,4267.454,0.7848296630005331,False,0.4906805541666343,0.5093194458333656,4852.4405,0.8794448896385231
1242,CAN,2022,Canada,5090.344,5720.979,4439.759,0.7760488196163629,False,0.49221445185058,0.50778554814942,5080.369000000001,0.8739048285665864
1245,CAN,2023,Canada,5339.067,5976.397,4679.086,0.7829275732519109,False,0.4912700192937546,0.5087299807062454,5327.7415,0.8782494420947413
1248,CAN,2024,Canada,5583.004,6232.784,4904.054,0.7868159718032905,False,0.4890233531266698,0.5109766468733302,5568.419,0.8806905514832846
1250,CHE,1969,Switzerland,,1112.544,542.235,0.48738297092070065,False,,,827.3895,0.6553563950231421
1251,CHE,1970,Switzerland,,1194.575,589.211,0.4932390180608166,False,,,891.893,0.6606296943691676
1252,CHE,1971,Switzerland,,1341.547,672.425,0.5012310414767428,False,,,1006.986,0.667760028441309
1253,CHE,1972,Switzerland,,1495.355,743.56,0.4972464732454835,False,,,1119.4575,0.664214586082991
1254,CHE,1991,Switzerland,4082.122,5097.292,2723.97,0.5343955182477284,True,0.4277422111285364,0.5722577888714636,3910.6310000000003,0.696555108369979
1255,CHE,1992,Switzerland,4554.008,5756.745,2965.584,0.515149446431968,False,0.43090921663064224,0.5690907833693577,4361.1645,0.6799981977290698
1256,CHE,1993,Switzerland,4721.217,6022.428,3004.921,0.49895507260526817,False,0.43122054066486015,0.5687794593351398,4513.6745,0.6657371948287365
1257,CHE,1994,Switzerland,4826.612,6098.705,3202.134,0.5250514658439783,False,0.4391720417003415,0.5608279582996585,4650.4195,0.6885688484662513
1258,CHE,1995,Switzerland,4945.308,6253.258,3250.94,0.5198793972677923,False,0.43564672363154067,0.5643532763684593,4752.099,0.6841061181595753
1259,CHE,1996,Switzerland,4838.095,6115.132,3243.205,0.5303573168984742,False,0.4446620683603725,0.5553379316396275,4679.1685,0.6931156678798808
1260,CHE,1997,Switzerland,4738.634,5982.088,3220.12,0.5382936526510476,False,0.4502057952879975,0.5497942047120026,4601.103999999999,0.69985812100748
1261,CHE,1998,Switzerland,4782.406,6016.913,3283.034,0.5456342812335828,False,0.4515587558922688,0.5484412441077312,4649.9735,0.7060328408323188
1262,CHE,1999,Switzerland,4840.965,6082.278,3355.221,0.5516388760921483,False,0.45518410506271045,0.5448158949372895,4718.7495,0.711040287262547
1265,CHE,2000,Switzerland,4909.632,6133.289,3469.6,0.5656997411992163,False,0.45938433503310644,0.5406156649668936,4801.4445,0.7226158711196183
1268,CHE,2001,Switzerland,5056.855,6322.557,3577.737,0.5658686825599201,False,0.4611238624026349,0.5388761375973651,4950.147,0.722753687920783
1271,CHE,2002,Switzerland,5128.202,6463.875,3589.194,0.5552697105064687,False,0.4646334671568775,0.5353665328431225,5026.5345,0.7140494111798099
1274,CHE,2003,Switzerland,5218.502,6583.897,3672.568,0.5578106704889217,False,0.46899371386744665,0.5310062861325533,5128.2325,0.7161469375657208
1277,CHE,2004,Switzerland,5271.404,6639.853,3722.51,0.5606313874719817,False,0.4690737427858156,0.5309262572141844,5181.181500000001,0.718467399762004
1280,CHE,2005,Switzerland,5316.475,6693.574,3745.942,0.5596325669963461,False,0.4671882378804408,0.5328117621195592,5219.758,0.7176466801717628
1283,CHE,2006,Switzerland,5362.411,6702.516,3817.302,0.5695326948865173,False,0.46447334582460775,0.5355266541753922,5259.909,0.725735369186045
1286,CHE,2007,Switzerland,5527.565,6897.446,3946.776,0.572208321746919,False,0.4642609983495275,0.5357390016504725,5422.111,0.7279039473740024
1289,CHE,2008,Switzerland,5601.425,7049.179,3997.363,0.5670678812383683,False,0.4743909855640051,0.5256090144359948,5523.271,0.7237311006467001
1292,CHE,2009,Switzerland,5621.811,7061.263,4020.906,0.569431559198404,False,0.4734483483354094,0.5265516516645906,5541.0845,0.7256532543403733
1295,CHE,2010,Switzerland,5574.661,6918.828,4065.1,0.5875417050402177,False,0.471021414794963,0.528978585205037,5491.964,0.740190576631602
1298,CHE,2011,Switzerland,5633.606,6928.286,4188.082,0.6044903458084727,False,0.47247577187683854,0.5275242281231615,5558.184,0.7534982649009101
1301,CHE,2012,Switzerland,5667.628,6986.031,4205.952,0.6020517229310892,False,0.4742322070703748,0.5257677929296252,5595.9915,0.7516008557196701
1304,CHE,2013,Switzerland,5725.609,7045.438,4265.007,0.6053572538712284,False,0.4746850398373488,0.5253149601626512,5655.2225,0.7541713875979238
1307,CHE,2014,Switzerland,5735.635,7020.909,4325.468,0.6160837578154054,False,0.476832547994929,0.523167452005071,5673.1885,0.7624403807488505
1310,CHE,2015,Switzerland,5793.803,7043.897,4412.832,0.6264759408037909,False,0.4751285125985106,0.5248714874014895,5728.3645,0.7703476271455841
1313,CHE,2016,Switzerland,5782.768,7042.659,4405.451,0.6255380247716097,False,0.477736682127462,0.522263317872538,5724.055,0.7696381324078821
1316,CHE,2017,Switzerland,5810.761,7031.744,4462.754,0.6346582014362298,False,0.4752774436646306,0.5247225563353695,5747.249,0.7765026363047782
1319,CHE,2018,Switzerland,5876.908,7136.532,4498.885,0.6304021336974318,False,0.4775559428536115,0.5224440571463884,5817.708500000001,0.7733087692516736
1322,CHE,2019,Switzerland,5934.202,7192.912,4565.185,0.6346782777267399,False,0.47901094748427064,0.5209890525157294,5879.048500000001,0.7765176626795985
1325,CHE,2020,Switzerland,6009.231,7233.639,4674.54,0.6462224614747847,False,0.4784527679468439,0.5215472320531561,5954.0895,0.7850973687916515
1328,CHE,2021,Switzerland,6093.755,7301.299,4793.288,0.6564979738536937,False,0.4814747622717762,0.5185252377282238,6047.2935,0.7926335971621024
1331,CHE,2022,Switzerland,6137.599,7300.289,4877.557,0.6681320424437991,False,0.47990863207321305,0.5200913679267869,6088.923,0.8010541437295232
1334,CHE,2023,Switzerland,6287.843,7482.521,5010.489,0.6696257852132991,False,0.4832777245601998,0.5167222754398002,6246.504999999999,0.8021267893005769
1345,CHL,1990,Chile,64062.525,69676.979,53322.734,0.7652848152328762,True,0.3433025492769615,0.6566974507230385,61499.8565,0.8670383482927313
1351,CHL,1992,Chile,91193.298,99455.748,75383.042,0.7579556085586928,False,0.3432289664485584,0.6567710335514416,87419.395,0.8623148444346932
1357,CHL,1994,Chile,133427.067,145595.256,110594.609,0.7596031082221525,False,0.34765611618550896,0.652343883814491,128094.9325,0.8633800482310259
1363,CHL,1996,Chile,160546.564,174148.832,135987.586,0.7808699285447979,False,0.35644192540254027,0.6435580745974597,155068.209,0.876953354120444
1369,CHL,1998,Chile,193162.496,208582.981,167508.989,0.8030808084001829,False,0.3754318547853831,0.6245681452146169,188045.985,0.8907873730991918
1375,CHL,2000,Chile,211685.024,228556.85,184516.46,0.8073110038049613,False,0.38309892351089525,0.6169010764891047,206536.655,0.8933835981801874
1384,CHL,2003,Chile,225378.581,243018.487,197491.994,0.8126624292579026,False,0.3874646351521079,0.6125353648478922,220255.2405,0.896650602054574
1393,CHL,2006,Chile,283601.784,309235.916,243554.786,0.7876018709288606,False,0.3902815313926546,0.6097184686073454,276395.351,0.881182643336139
1396,CHL,2009,Chile,363776.901,393764.362,318585.358,0.809076160122383,False,0.3988807965585711,0.6011192034414289,356174.86,0.8944633487046223
1399,CHL,2010,Chile,373991.276,421016.725,310598.444,0.7377342170907819,False,0.42588463227388934,0.5741153677261106,365807.5845,0.8490760092482446
1402,CHL,2011,Chile,414587.084,454442.28,357210.246,0.7860409599212467,False,0.4098977915035701,0.5901022084964299,405826.26300000004,0.8802048525873742
1405,CHL,2012,Chile,450473.335,507008.133,376668.831,0.7429246327297081,False,0.4337509648471185,0.5662490351528815,441838.48199999996,0.8525034517025161
1408,CHL,2013,Chile,456173.86,502992.696,392538.74,0.7804064415281291,False,0.42387649746107786,0.5761235025389222,447765.718,0.8766609952930787
1411,CHL,2014,Chile,504523.405,563488.397,429826.953,0.7627964573687575,False,0.44115184031679294,0.5588481596832071,496657.675,0.8654390632340474
1414,CHL,2015,Chile,511343.034,564122.913,443459.125,0.7861037280717581,False,0.4374127472278591,0.5625872527721409,503791.019,0.8802442049884974
1417,CHL,2016,Chile,552112.084,617694.294,468546.849,0.7585416500544847,False,0.4397139354281259,0.5602860645718741,543120.5715,0.8626939828590161
1420,CHL,2017,Chile,579662.172,628891.612,517352.319,0.8226414681453885,False,0.4413641029623522,0.5586358970376478,573121.9654999999,0.902691486529668
1423,CHL,2018,Chile,609735.19,676166.288,529511.502,0.7831084030619403,False,0.45297599766024693,0.547024002339753,602838.895,0.8783632018302335
1426,CHL,2019,Chile,878042.394,966758.484,772550.291,0.79911405359852,False,0.4568092037188155,0.5431907962811845,869654.3875,0.8883417390911513
1429,CHL,2020,Chile,735678.593,806970.42,653320.945,0.8095971411194972,False,0.46399004617490563,0.5360099538250944,730145.6825,0.8947816314725657
1432,CHL,2021,Chile,740931.578,795828.036,665763.165,0.8365666134938731,False,0.42206983006195437,0.5779301699380457,730795.6005,0.9110114573000909
1435,CHL,2022,Chile,760766.442,815872.476,687026.352,0.8420756579120092,False,0.4276887211601333,0.5723112788398668,751449.414,0.9142682650358683
1438,CHL,2023,Chile,906199.753,993483.763,796006.266,0.8012272526692517,False,0.44199471497251136,0.5580052850274886,894745.0145,0.8896459361048498
1561,CIV,2012,Côte d'Ivoire,76936.655,88067.705,46839.895,0.5318623325088351,True,0.26998887401489435,0.7300111259851056,67453.8,0.6943996483519089
1564,CIV,2013,Côte d'Ivoire,114308.731,121780.568,90521.284,0.7433146805490347,False,0.23902777171735604,0.760972228282644,106150.926,0.8527601916539098
1567,CIV,2017,Côte d'Ivoire,110363.576,116543.039,92189.532,0.7910342204136277,False,0.2537401697422882,0.7462598302577118,104366.2855,0.8833267521052094
1570,CIV,2019,Côte d'Ivoire,135130.477,143479.961,108393.661,0.755462018838993,False,0.23796991988325908,0.7620300801167409,125936.811,0.8606987912374563
1573,CIV,2022,Côte d'Ivoire,128952.459,133753.888,115831.058,0.8660014279360612,False,0.267894579148494,0.732105420851506,124792.473,0.928189458990848
1576,CMR,2014,Cameroon,133259.848,153110.944,85212.59,0.5565414710002703,False,0.2923649076971732,0.7076350923028267,119161.76699999999,0.7151000874298885
1579,COD,2005,"Congo, Democratic Republic of the",13688.537,14289.167,10990.888,0.7691762577902548,True,0.18210406093602133,0.8178959390639786,12640.0275,0.8695303867020859
1582,COD,2012,"Congo, Democratic Republic of the",87813.179,94306.63,66302.303,0.703050283951404,True,0.23187313160569792,0.7681268683943021,80304.46650000001,0.825636554101259
1585,COG,2009,Congo,101095.162,97524.605,103764.167,1.063979361926152,True,0.5722448146200002,0.4277551853799998,100644.386,1.030998062822898
1588,COK,1989,Cook Islands,523.93,536.92,506.61,0.9435483870967742,False,0.42857142857142966,0.5714285714285703,521.765,0.9709543568464731
1589,COK,1990,Cook Islands,783.73,822.7,710.12,0.863157894736842,False,0.34615384615384626,0.6538461538461537,766.4100000000001,0.9265536723163841
1590,COK,1993,Cook Islands,943.94,987.24,874.66,0.8859649122807017,False,0.3846153846153841,0.6153846153846159,930.95,0.9395348837209302
1591,COK,2019,Cook Islands,1530.868,1564.883,1490.141,0.9522379628381163,True,0.4550988734580305,0.5449011265419694,1527.5120000000002,0.9755347257501086
1619,COL,2002,Colombia,444185.891,443426.453,445269.264,1.0041558436298343,False,0.41210845821953807,0.587891541780462,444347.8585,1.0020736130092096
1622,COL,2003,Colombia,468043.979,476558.518,455958.001,0.9567723244430604,False,0.4133167628754168,0.5866832371245831,466258.2595,0.9779086841034288
1625,COL,2004,Colombia,513021.453,522259.053,499963.907,0.9573101780200256,False,0.4143323394249148,0.5856676605750852,511111.48,0.9781895468284141
1628,COL,2005,Colombia,562591.642,569463.565,552811.408,0.9707581695766614,False,0.4126746462935701,0.5873253537064299,561137.4865,0.9851621417205034
1631,COL,2007,Colombia,763464.77,765168.7,760891.997,0.9944107711149188,True,0.39842140078465654,0.6015785992153435,763030.3485,0.9971975538008369
1634,COL,2008,Colombia,770795.696,780711.877,756419.807,0.968884718273602,False,0.40820650525047897,0.591793494749521,768565.842,0.9841964938639571
1637,COL,2009,Colombia,754673.565,768551.191,734883.332,0.9561930820038246,False,0.41219211474065137,0.5878078852593487,751717.2615,0.9776060357235791
1640,COL,2010,Colombia,802608.039,823719.293,773402.687,0.9389153484353318,True,0.4195683230303728,0.5804316769696272,798560.99,0.9684954520505692
1643,COL,2011,Colombia,836036.115,853920.254,810752.398,0.9494474386831913,False,0.41429296372745505,0.585707036272545,832336.326,0.9740682614397873
1646,COL,2012,Colombia,879375.151,904154.891,844668.493,0.9342077352098292,False,0.4165614465343829,0.5834385534656171,874411.692,0.9659849024525623
1649,COL,2013,Colombia,925139.02,948766.251,892793.719,0.941004929358517,False,0.42212189007279544,0.5778781099272046,920779.9850000001,0.969605914055571
1652,COL,2014,Colombia,959581.069,993236.707,914481.964,0.9207089886580279,False,0.4273474424264203,0.5726525575735797,953859.3355,0.9587178423122955
1655,COL,2015,Colombia,977329.688,1005254.134,940664.969,0.9357484214036568,False,0.432339479849291,0.567660520150709,972959.5515000001,0.9668078879022136
1658,COL,2016,Colombia,1036404.645,1066749.864,996583.641,0.934224296277951,False,0.4324761644929925,0.5675238355070076,1031666.7525,0.965993755817967
1661,COL,2017,Colombia,1089188.331,1114295.661,1056609.176,0.9482305396861811,False,0.4352376470849286,0.5647623529150714,1085452.4185000001,0.9734274464652638
1664,COL,2018,Colombia,1147142.232,1168902.631,1118911.025,0.9572320185837616,False,0.4352810549835089,0.5647189450164911,1143906.828,0.9781487421980839
1667,COL,2019,Colombia,1236686.667,1258575.682,1206835.044,0.9588895298550667,False,0.4230526689678646,0.5769473310321354,1232705.363,0.9790133800204779
1670,COL,2021,Colombia,1263928.922,1261944.608,1266773.427,1.0038264904571785,False,0.4109315341908764,0.5890684658091236,1264359.0175,1.001909591711359
1673,COL,2022,Colombia,1574407.971,1593652.171,1549456.739,0.9722678305817085,True,0.4354341417004403,0.5645658582995596,1571554.455,0.9859389434901892
1676,COL,2023,Colombia,1724252.401,1746171.171,1696446.598,0.9715236548250171,False,0.4408035841755741,0.5591964158244259,1721308.8845000002,0.9855561737211261
1679,COL,2024,Colombia,1926546.622,1946441.939,1900940.129,0.9766230838494073,False,0.43724232069010033,0.5627576793098996,1923691.034,0.9881733061089892
1681,COM,2004,Comoros,112039.802,115763.108,98117.352,0.847570125708788,False,0.21100291764206636,0.7889970823579336,106940.23,0.9174971103017078
1684,COM,2014,Comoros,84376.213,85442.702,81680.524,0.9559684102686734,False,0.2834764862268615,0.7165235137731385,83561.61300000001,0.9774885987421041
1687,COM,2021,Comoros,105355.189,114104.982,85218.239,0.7468406506562527,False,0.3028999496412595,0.6971000503587406,99661.61050000001,0.8550758769847492
1690,CPV,2015,Cabo Verde,32193.003,33332.483,30874.339,0.9262537987344057,True,0.4635529895726204,0.5364470104273795,32103.411,0.9617152208530115
1698,CRI,1978,Costa Rica,1809.0,2075.0,1535.0,0.7397590361445783,False,0.4925925925925926,0.5074074074074074,1805.0,0.850415512465374
1699,CRI,1979,Costa Rica,2051.0,2318.0,1688.0,0.728213977566868,False,0.4238095238095238,0.5761904761904761,2003.0,0.8427358961557664
1700,CRI,1980,Costa Rica,2360.0,2731.0,1911.0,0.699743683632369,False,0.4524390243902439,0.5475609756097561,2321.0,0.8233520034467902
1701,CRI,1981,Costa Rica,2688.0,3162.0,2143.0,0.6777356103731815,False,0.465161923454367,0.534838076545633,2652.5,0.8079170593779453
1702,CRI,1982,Costa Rica,3764.0,4453.0,2999.0,0.6734785537839658,False,0.47386519944979366,0.5261348005502063,3726.0,0.8048845947396672
1703,CRI,1983,Costa Rica,5905.0,7046.0,4519.0,0.6413567981833664,False,0.4515235457063712,0.5484764542936288,5782.5,0.7814958927799395
1704,CRI,1984,Costa Rica,8258.0,9333.0,6743.0,0.7224900889317476,False,0.41505791505791506,0.584942084942085,8038.0,0.8388902712117442
1705,CRI,1985,Costa Rica,9290.0,10658.0,7696.0,0.722086695440045,False,0.4618501012829169,0.5381498987170831,9177.0,0.8386182848425411
1706,CRI,1986,Costa Rica,10919.0,12374.0,9270.0,0.749151446581542,False,0.46875,0.53125,10822.0,0.856588430973942
1707,CRI,1987,Costa Rica,12906.0,13668.0,11225.0,0.8212613403570383,False,0.31191158411788783,0.6880884158821121,12446.5,0.9018599606315029
1708,CRI,1988,Costa Rica,14965.0,15686.0,13371.0,0.8524161672829275,False,0.31144708423326134,0.6885529157667387,14528.5,0.9203290085005335
1709,CRI,1989,Costa Rica,17532.0,18331.0,15789.0,0.8613278053570455,False,0.3143194335169158,0.6856805664830842,17060.0,0.9254982415005861
1710,CRI,1990,Costa Rica,21233.0,22470.0,18508.0,0.8236760124610591,False,0.312216052498738,0.6877839475012619,20489.0,0.9033139733515545
1713,CRI,1991,Costa Rica,26079.0,27124.0,23843.0,0.8790370151895001,False,0.3185004571776897,0.6814995428223103,25483.5,0.9356250122628368
1716,CRI,1992,Costa Rica,33070.0,34583.0,29848.0,0.8630830176676402,False,0.3195353748680042,0.6804646251319958,32215.5,0.9265105306451863
1719,CRI,1993,Costa Rica,40020.0,41304.0,37242.0,0.9016560139453806,False,0.31610044313146235,0.6838995568685377,39273.0,0.9482850813536017
1722,CRI,1994,Costa Rica,47119.0,49247.0,42435.0,0.8616768534123906,False,0.3123899001761597,0.6876100998238404,45841.0,0.9256997011409
1725,CRI,1995,Costa Rica,56907.0,59809.0,50837.0,0.8499891320704241,False,0.3234507356219349,0.6765492643780651,55323.0,0.9189125680096886
1728,CRI,1996,Costa Rica,66228.0,68807.0,60739.0,0.8827444882061418,False,0.3196579077838374,0.6803420922161626,64773.0,0.9377209639819061
1731,CRI,1997,Costa Rica,75687.0,77307.0,72399.0,0.9365128642943071,False,0.33007334963325186,0.6699266503667481,74853.0,0.9672157428559978
1734,CRI,1998,Costa Rica,86161.0,89794.0,78949.0,0.8792235561396085,False,0.3349930843706777,0.6650069156293223,84371.5,0.935730667346201
1737,CRI,1999,Costa Rica,95235.4,100530.4,84933.6,0.8448548896652158,False,0.3394927164546576,0.6605072835453424,92732.0,0.9159038950955443
1740,CRI,2000,Costa Rica,106272.0,111081.0,97042.0,0.8736147495971408,False,0.3425457653679037,0.6574542346320963,104061.5,0.9325446971262187
1743,CRI,2001,Costa Rica,132037.0,137032.0,123233.0,0.8993008932220211,False,0.36198275237336036,0.6380172476266397,130132.5,0.9469809617121011
1746,CRI,2002,Costa Rica,140127.922,148041.277,126196.864,0.8524437680985418,False,0.36225990599976343,0.6377400940002366,137119.0705,0.9203450952506275
1749,CRI,2003,Costa Rica,152514.108,158220.563,142190.262,0.8986838328972448,False,0.35597927949075847,0.6440207205092415,150205.41249999998,0.9466387371360536
1752,CRI,2004,Costa Rica,166804.0,172119.0,156834.0,0.9111951614871107,False,0.34772652927706904,0.652273470722931,164476.5,0.9535343954911492
1755,CRI,2005,Costa Rica,385737.0,385754.0,385702.0,0.9998651990646888,False,0.3269230769230769,0.6730769230769231,385728.0,0.9999325949892152
1758,CRI,2006,Costa Rica,207932.65,218194.382,190884.445,0.874836662843134,False,0.3757508484915222,0.6242491515084778,204539.41350000002,0.93324040454433
1761,CRI,2007,Costa Rica,235611.362,250688.616,211304.768,0.8428973416168207,False,0.3828283615151068,0.6171716384848932,230996.692,0.9147523549817761
1764,CRI,2008,Costa Rica,576699.0,577400.0,575389.0,0.9965171458261171,False,0.34858279462953756,0.6514172053704624,576394.5,0.9982555350545503
1767,CRI,2010,Costa Rica,374645.139,390655.068,350939.289,0.8983354312966444,False,0.4031125513111549,0.5968874486888451,370797.17850000004,0.9464454136886048
1770,CRI,2011,Costa Rica,391602.263,400326.513,378174.028,0.94466395734324,False,0.3938271485117812,0.6061728514882188,389250.2705,0.971544676164843
1773,CRI,2012,Costa Rica,435125.827,450254.744,413323.896,0.9179778814279411,False,0.40965528330137496,0.5903447166986251,431789.32,0.957235107158278
1776,CRI,2013,Costa Rica,473389.803,489771.182,449991.628,0.9187793086609168,False,0.41180398855150513,0.5881960114484949,469881.405,0.9576706445746667
1779,CRI,2014,Costa Rica,486979.629,508735.864,454867.967,0.894114213658033,False,0.40388127644931054,0.5961187235506895,481801.9155,0.9440974648844044
1782,CRI,2015,Costa Rica,498637.395,515419.672,474344.99,0.9203082764757181,False,0.4085795965504977,0.5914204034495023,494882.331,0.9585005571758834
1785,CRI,2016,Costa Rica,503547.601,525525.174,471948.051,0.8980503206112824,False,0.41020442624364073,0.5897955737563593,498736.6125,0.9462871567304475
1788,CRI,2017,Costa Rica,516404.404,530265.432,496643.614,0.9365943620477225,False,0.4122628942908452,0.5877371057091547,513454.52300000004,0.9672592055440905
1791,CRI,2018,Costa Rica,495919.093,506934.934,478917.712,0.9447321142795813,False,0.3931810584218525,0.6068189415781475,492926.323,0.9715807203909458
1794,CRI,2019,Costa Rica,525206.193,543674.85,498861.122,0.9175725564645854,False,0.4121205225327383,0.5878794774672618,521267.986,0.9570146937817124
1797,CRI,2020,Costa Rica,530199.364,521154.522,544099.453,1.0440271167790038,False,0.3941978295772584,0.6058021704227416,532626.9875,1.0215393995596214
1800,CRI,2021,Costa Rica,481683.715,492865.398,464923.057,0.9433063446665412,False,0.40016987123591236,0.5998301287640877,478894.2275,0.970826187292057
1803,CRI,2022,Costa Rica,540374.83,538442.401,542872.046,1.008226775959273,False,0.4362491802390475,0.5637508197609524,540657.2235,1.004096537332216
1832,CUW,2018,Curaçao,2675.09,2909.42,2470.9,0.8492758006750486,False,0.5343655933594817,0.46563440664051825,2690.16,0.918495554167782
1835,CYP,1975,Cyprus,65.39,74.75,41.037,0.548989966555184,False,0.27763770652270636,0.7223622934772936,57.8935,0.7088360524065741
1836,CYP,1976,Cyprus,68.25,78.693,44.2,0.5616763879887665,False,0.30275708114689937,0.6972429188531006,61.4465,0.7193249412090192
1837,CYP,1977,Cyprus,84.803,100.49,54.687,0.5442034033237138,False,0.3424884832871209,0.6575115167128791,77.5885,0.7048338349111015
1838,CYP,1978,Cyprus,104.953,124.973,64.913,0.519416193897882,False,0.33333333333333326,0.6666666666666667,94.943,0.6837049598179961
1839,CYP,1979,Cyprus,128.353,151.06,82.593,0.5467562557924004,False,0.33164882352082015,0.6683511764791799,116.82650000000001,0.7069714491147128
1840,CYP,1988,Cyprus,517.0,595.0,405.0,0.680672268907563,False,0.4105263157894737,0.5894736842105264,500.0,0.81
1841,CYP,1989,Cyprus,543.0,625.0,426.0,0.6816,False,0.4120603015075377,0.5879396984924623,525.5,0.8106565176022835
1842,CYP,1990,Cyprus,585.0,674.0,458.0,0.6795252225519288,False,0.41203703703703703,0.587962962962963,566.0,0.8091872791519434
1845,CYP,1991,Cyprus,637.0,730.0,504.0,0.6904109589041096,False,0.41150442477876104,0.588495575221239,617.0,0.8168557536466775
1848,CYP,1992,Cyprus,687.0,790.0,538.0,0.6810126582278481,False,0.4087301587301587,0.5912698412698413,664.0,0.8102409638554217
1851,CYP,1993,Cyprus,764.0,862.0,590.0,0.6844547563805105,False,0.3602941176470588,0.6397058823529411,726.0,0.8126721763085399
1854,CYP,1994,Cyprus,795.0,909.0,632.0,0.6952695269526953,False,0.41155234657039713,0.5884476534296028,770.5,0.8202465931213497
1857,CYP,1995,Cyprus,829.0,944.0,661.0,0.7002118644067796,False,0.40636042402826855,0.5936395759717314,802.5,0.8236760124610591
1860,CYP,1996,Cyprus,870.0,988.0,701.0,0.7095141700404858,False,0.41114982578397213,0.5888501742160279,844.5,0.8300769686204855
1863,CYP,1997,Cyprus,922.0,1042.0,749.0,0.718809980806142,False,0.40955631399317405,0.590443686006826,895.5,0.8364042434394193
1866,CYP,1998,Cyprus,884.47,992.42,730.79,0.7363716974667983,False,0.4126055880441843,0.5873944119558157,861.605,0.8481728866475937
1869,CYP,1999,Cyprus,916.42,1027.98,757.58,0.7369598630323547,False,0.4125739644970417,0.5874260355029584,892.78,0.8485629158359282
1872,CYP,2000,Cyprus,973.97,1090.86,807.55,0.7402874796032488,False,0.41258691892273447,0.5874130810772655,949.2049999999999,0.8507645872071892
1875,CYP,2001,Cyprus,998.64,1147.22,846.41,0.737792228168965,False,0.4939330474385825,0.5060669525614174,996.815,0.8491144294578231
1878,CYP,2002,Cyprus,1032.54,1186.28,875.02,0.7376167515257781,False,0.4939279059307332,0.5060720940692668,1030.65,0.8489982050162518
1881,CYP,2003,Cyprus,1108.29,1279.1,933.3,0.7296536627316081,False,0.49395604395604387,0.5060439560439561,1106.1999999999998,0.8436991502440789
1884,CYP,2004,Cyprus,1134.69,1308.24,956.87,0.7314177826698465,False,0.49392378404530823,0.5060762159546918,1132.555,0.8448772907276025
1887,CYP,2005,Cyprus,1539.471,1793.599,1231.912,0.6868380278980977,False,0.45243703343677166,0.5475629665632283,1512.7555,0.8143497081980532
1890,CYP,2006,Cyprus,1654.774,1931.502,1314.284,0.6804466161567527,False,0.44834726142141046,0.5516527385785895,1622.893,0.8098402051151863
1893,CYP,2007,Cyprus,2041.872,2396.562,1610.861,0.6721549452924649,False,0.4514312696560141,0.5485687303439859,2003.7115,0.8039385909598264
1896,CYP,2008,Cyprus,1998.422,2348.336,1598.911,0.6808697733203427,False,0.46690996430596776,0.5330900356940322,1973.6235,0.810139826567732
1897,CYP,2009,Cyprus,2067.263,2432.85,1679.278,0.6902513512958054,False,0.4851387790416842,0.5148612209583159,2056.064,0.8167440313142004
1900,CYP,2010,Cyprus,2129.498,2522.522,1715.888,0.680227169475628,False,0.48723956589977596,0.5127604341002241,2119.205,0.8096847638619199
1903,CYP,2011,Cyprus,2227.478,2653.166,1793.441,0.6759626046768276,False,0.4951443775625927,0.5048556224374072,2223.3035,0.8066559513804571
1906,CYP,2012,Cyprus,2326.989,2765.282,1882.734,0.6808470166876289,False,0.496622280034627,0.5033777199653731,2324.008,0.810123717302178
1909,CYP,2013,Cyprus,2281.072,2673.852,1889.847,0.7067881842375718,False,0.5009917028590376,0.4990082971409624,2281.8495,0.8282084335535714
1912,CYP,2014,Cyprus,2125.001,2406.977,1846.283,0.7670546914241391,False,0.5029053280398929,0.49709467196010715,2126.63,0.8681731189722706
1915,CYP,2015,Cyprus,2085.565,2417.815,1761.681,0.7286252256686305,False,0.506375222134503,0.49362477786549697,2089.748,0.8430112147493382
1918,CYP,2016,Cyprus,2071.341,2392.545,1741.832,0.7280247602448439,False,0.493618538433995,0.5063814615660049,2067.1885,0.8426091766667626
1921,CYP,2017,Cyprus,2037.965,2266.494,1788.71,0.7891968829390239,False,0.47831028247074026,0.5216897175292597,2027.602,0.882180033359604
1924,CYP,2018,Cyprus,2017.198,2306.965,1698.608,0.7362955224721658,False,0.4763107846215297,0.5236892153784702,2002.7865000000002,0.8481223535309429
1927,CYP,2019,Cyprus,2106.047,2415.557,1765.331,0.7308173642766451,False,0.4760037279345948,0.5239962720654052,2090.444,0.8444765800949463
1930,CYP,2020,Cyprus,2242.566,2553.811,1896.373,0.7425659142356267,False,0.47342106784213916,0.5265789321578609,2225.092,0.8522672320964706
1933,CYP,2021,Cyprus,2296.837,2658.125,1915.824,0.7207426287326594,False,0.4867136107859211,0.5132863892140789,2286.9745000000003,0.8377111332024034
1936,CYP,2022,Cyprus,2493.307,2887.932,2068.562,0.7162779456025973,False,0.4816200251412671,0.5183799748587329,2478.247,0.8346875836024416
1939,CYP,2023,Cyprus,2552.049,2944.02,2132.95,0.7245025509337572,False,0.48327641264009263,0.5167235873599074,2538.4849999999997,0.840245264399829
1980,CZE,2005,Czechia,517.309,590.056,431.423,0.7311560258687311,False,0.4585868009808807,0.5414131990191193,510.7395,0.8447026321637546
1983,CZE,2006,Czechia,592.435,678.506,488.504,0.7199700518492099,False,0.4530004947316347,0.5469995052683654,583.505,0.8371890557921526
1986,CZE,2007,Czechia,906.835,1038.733,749.747,0.7217899113631703,False,0.456416573813264,0.543583426186736,894.24,0.8384180980497405
1989,CZE,2008,Czechia,999.148,1151.078,818.568,0.7111316522425066,False,0.45691858891461895,0.543081411085381,984.823,0.8311828623011445
1992,CZE,2009,Czechia,1185.811,1347.583,994.568,0.7380383991190153,False,0.4582581476707792,0.5417418523292208,1171.0755,0.8492774377057671
1995,CZE,2010,Czechia,1113.785,1267.312,933.532,0.7366236570000128,False,0.45996464737252046,0.5400353526274795,1100.422,0.848340000472546
1998,CZE,2011,Czechia,1206.371,1379.227,1000.287,0.7252518983459575,False,0.4561566474903678,0.5438433525096322,1189.757,0.8407489932818214
2001,CZE,2012,Czechia,1277.034,1457.899,1068.164,0.7326735253951063,False,0.46407174105481885,0.5359282589451811,1263.0315,0.8457144576362505
2004,CZE,2013,Czechia,1247.865,1422.495,1045.04,0.7346528458799504,False,0.4626511769614919,0.5373488230385082,1233.7675,0.8470315517307758
2007,CZE,2014,Czechia,1230.416,1408.004,1025.456,0.7283047491342354,False,0.4642240973681733,0.5357759026318267,1216.73,0.8427966763373961
2010,CZE,2015,Czechia,1210.369,1388.309,1006.974,0.7253241173254658,False,0.46662383468603746,0.5333761653139626,1197.6415,0.8407975174540964
2013,CZE,2016,Czechia,1270.884,1454.094,1059.665,0.7287458720000219,False,0.4644942435774246,0.5355057564225754,1256.8795,0.8430919590939306
2016,CZE,2017,Czechia,1339.2,1537.038,1114.829,0.7253099793238683,False,0.4685783581117407,0.5314216418882594,1325.9335,0.8407880184036378
2019,CZE,2018,Czechia,1477.487,1701.143,1233.148,0.724893791997498,False,0.4779025416938213,0.5220974583061787,1467.1455,0.8405083204085756
2022,CZE,2019,Czechia,1664.638,1916.199,1391.495,0.7261745779013556,False,0.4794341190461671,0.5205658809538329,1653.847,0.8413686392997659
2025,CZE,2020,Czechia,1815.723,2095.848,1517.318,0.72396376073074,False,0.48420133787357617,0.5157986621264239,1806.583,0.8398828063808859
2028,CZE,2021,Czechia,1838.401,2064.702,1590.959,0.7705513919199961,False,0.4776872692578045,0.5223127307421955,1827.8305,0.8704083885239906
2031,CZE,2022,Czechia,1970.678,2223.287,1695.435,0.7625803596206878,False,0.4785602782598148,0.5214397217401852,1959.3609999999999,0.8652999625898443
2034,CZE,2023,Czechia,2193.188,2475.027,1889.463,0.7634110658186759,False,0.48131203420975316,0.5186879657902468,2182.245,0.8658344961266953
2037,DEU,2002,Germany,2616.02,2866.59,2138.85,0.7461304197670402,False,0.3443125291999891,0.6556874708000109,2502.7200000000003,0.8546101841196777
2040,DEU,2005,Germany,2563.374,3116.372,1878.71,0.6028516492896228,False,0.4468085794021309,0.5531914205978691,2497.541,0.752223887415662
2043,DEU,2006,Germany,2084.674,2544.466,1539.356,0.6049819490612176,False,0.45745440797524645,0.5425455920247535,2041.911,0.7538800662712527
2046,DEU,2007,Germany,2363.375,2870.774,1760.907,0.6133910227694691,False,0.4571709943623875,0.5428290056376125,2315.8405,0.7603749049211291
2049,DEU,2008,Germany,2405.914,2961.386,1760.9,0.5946202217475196,False,0.46270593742867455,0.5372940625713254,2361.143,0.7457828687207848
2052,DEU,2009,Germany,2466.733,3022.961,1833.052,0.6063763310211412,False,0.46745423389519675,0.5325457661048032,2428.0065,0.7549617350694902
2055,DEU,2010,Germany,2450.176,3008.746,1817.504,0.6040735907916454,False,0.46889716782987845,0.5311028321701216,2413.125,0.7531744107744107
2058,DEU,2011,Germany,2486.438,3048.345,1855.812,0.6087932960344056,False,0.4711877994151942,0.5288122005848058,2452.0784999999996,0.7568322139768364
2061,DEU,2012,Germany,2557.461,3156.149,1892.079,0.5994897579296795,False,0.47361934070106887,0.5263806592989311,2524.114,0.7496012462194654
2064,DEU,2013,Germany,2633.832,3233.0,1973.86,0.6105351067120321,False,0.4758549486157219,0.524145051384278,2603.43,0.7581767130285816
2067,DEU,2014,Germany,2675.679,3282.62,2019.271,0.6151400405773437,False,0.48042227444672836,0.5195777255532716,2650.9455,0.761717281626499
2070,DEU,2015,Germany,2778.176,3410.633,2093.427,0.6137942722069482,False,0.4801504092753905,0.5198495907246095,2752.0299999999997,0.7606846582341037
2073,DEU,2016,Germany,2809.846,3404.124,2168.901,0.6371392463964297,False,0.4811098886597803,0.5188901113402197,2786.5125,0.7783568169889782
2076,DEU,2017,Germany,2850.34,3420.914,2221.042,0.6492539713070834,False,0.4755290564326861,0.5244709435673138,2820.978,0.7873304931835696
2079,DEU,2018,Germany,2941.702,3537.388,2296.157,0.6491108693759351,False,0.4799155032383173,0.5200844967616827,2916.7725,0.7872252635404373
2082,DEU,2019,Germany,3074.658,3671.386,2440.019,0.664604321092906,False,0.48460613285884707,0.5153938671411529,3055.7025,0.7985132714981252
2085,DEU,2020,Germany,4543.546,5466.919,3502.17,0.640611283979148,False,0.46996995544977993,0.5300300445502201,4484.5445,0.7809421893349481
2088,DEU,2021,Germany,4321.553,5112.925,3424.243,0.6697229081201074,False,0.46863293385018623,0.5313670661498138,4268.584,0.8021964660880517
2091,DJI,2017,Djibouti,95504.295,95293.852,96432.788,1.0119518308484372,True,0.18477157627820967,0.8152284237217904,95863.32,1.0059404160006142
2094,DNK,1969,Denmark,2163.656,2397.631,1528.915,0.637677357358159,False,0.26933428185966407,0.730665718140336,1963.273,0.7787582266959308
2095,DNK,1970,Denmark,2402.192,2657.436,1702.297,0.6405787383026346,False,0.26723230859592173,0.7327676914040783,2179.8665,0.7809180057586095
2096,DNK,1971,Denmark,2757.189,3037.494,1983.387,0.652968203393982,False,0.26591702739854706,0.7340829726014529,2510.4405,0.7900553707606294
2097,DNK,1972,Denmark,3077.107,3381.921,2260.536,0.6684177424605721,False,0.27181922354944993,0.7281807764505501,2821.2285,0.8012594513347643
2098,DNK,1973,Denmark,3552.774,3883.716,2722.888,0.7011037882275635,False,0.28509133136002923,0.7149086686399708,3303.3019999999997,0.8242927834027891
2099,DNK,1974,Denmark,4237.511,4609.686,3336.293,0.7237571062323985,False,0.2922703360235209,0.7077296639764791,3972.9894999999997,0.839743724467432
2100,DNK,1975,Denmark,5042.919,5466.301,4021.941,0.7357701304776301,False,0.29312775208396824,0.7068722479160318,4744.121,0.8477736971717205
2101,DNK,1976,Denmark,5623.823,6091.318,4538.146,0.7450187299366081,False,0.30099370835940886,0.6990062916405911,5314.732,0.8538804967023736
2102,DNK,1977,Denmark,6169.648,6680.705,5033.336,0.7534138986828486,False,0.3102261849045356,0.6897738150954644,5857.0205000000005,0.8593680011876346
2103,DNK,1978,Denmark,6803.872,7374.014,5532.467,0.7502653236080105,False,0.3095994834777498,0.6904005165222502,6453.2405,0.8573161034367152
2104,DNK,1979,Denmark,7577.007,8224.69,6165.574,0.7496421141708683,False,0.3145442024635818,0.6854557975364182,7195.132,0.8569090879778161
2105,DNK,1980,Denmark,8425.913,9159.989,6845.968,0.7473773167194852,False,0.31722961891875623,0.6827703810812438,8002.978499999999,0.8554275136438265
2106,DNK,1981,Denmark,9176.598,9991.366,7468.568,0.7475021933937762,False,0.3229620445235806,0.6770379554764194,8729.967,0.8555093049034435
2107,DNK,1982,Denmark,10132.142,11051.371,8198.874,0.7418874997500311,False,0.32225415136282337,0.6777458486371766,9625.1225,0.8518202235867648
2108,DNK,1983,Denmark,11935.321,13622.578,9125.993,0.669916736758637,False,0.37523075845335957,0.6247692415466404,11374.2855,0.8023354961505055
2109,DNK,1984,Denmark,11583.871,13101.422,8941.287,0.6824669108437237,False,0.3647840755167804,0.6352159244832196,11021.354500000001,0.8112693408056151
2110,DNK,1985,Denmark,12374.376,13950.091,9540.045,0.6838697324626771,False,0.35730126171019533,0.6426987382898046,11745.068,0.8122596650781417
2111,DNK,1986,Denmark,13093.666,14743.65,9996.679,0.6780328480396646,False,0.3475867031839884,0.6524132968160117,12370.164499999999,0.8081282185050975
2112,DNK,1987,Denmark,14352.273,16131.921,10974.894,0.6803215810441918,False,0.3450918523405057,0.6549081476594942,13553.407500000001,0.8097516436364803
2113,DNK,1988,Denmark,15079.418,16935.702,11603.088,0.6851258955784649,False,0.3481002000144771,0.6518997999855229,14269.395,0.8131450562550129
2114,DNK,1989,Denmark,15406.553,17252.945,11981.392,0.6944548887161004,False,0.3502557974851054,0.6497442025148946,14617.1685,0.8196794064459201
2115,DNK,1990,Denmark,16312.69,18246.326,12873.255,0.7055258686050002,False,0.35987538597572966,0.6401246140242703,15559.7905,0.8273411521832508
2118,DNK,1991,Denmark,16507.295,18281.913,13062.688,0.7145142852391869,False,0.34001561534519054,0.6599843846548095,15672.300500000001,0.8334888678276683
2121,DNK,2002,Denmark,3249.98,3545.3,2780.01,0.7841395650579641,False,0.3858929294777146,0.6141070705222854,3162.655,0.8790114634697747
2124,DNK,2004,Denmark,3081.485,3485.147,2640.437,0.7576257185134515,False,0.47787051177327106,0.5221294882267289,3062.792,0.8621013114831173
2127,DNK,2005,Denmark,3141.032,3522.273,2732.568,0.7757967653273895,False,0.48276381686832426,0.5172361831316757,3127.4205,0.8737449920789354
2130,DNK,2006,Denmark,3243.664,3615.529,2839.049,0.7852375129614505,False,0.4789112404698122,0.5210887595301879,3227.2889999999998,0.8797008882687606
2133,DNK,2007,Denmark,3919.312,4299.238,3481.766,0.8098565373677846,False,0.46475720269318127,0.5352427973068188,3890.5020000000004,0.8949400360159177
2136,DNK,2008,Denmark,3980.118,4429.592,3510.304,0.792466665101436,False,0.4889370904439087,0.5110629095560912,3969.948,0.8842191383866993
2139,DNK,2009,Denmark,4113.236,4521.67,3705.826,0.8195702030444504,False,0.500627570957193,0.499372429042807,4113.748,0.9008393319182411
2142,DNK,2010,Denmark,3876.425,4170.229,3580.964,0.8586972082348475,False,0.4985940111834233,0.5014059888165767,3875.5965,0.9239775090105484
2145,DNK,2011,Denmark,4056.476,4349.651,3741.845,0.8602632716969706,False,0.4823496312968278,0.5176503687031722,4045.7479999999996,0.9248833590228557
2148,DNK,2012,Denmark,4196.064,4522.333,3832.729,0.8475114503951833,False,0.47312515588656595,0.5268748441134341,4177.531,0.917462730976742
2151,DNK,2013,Denmark,4289.899,4673.957,3885.95,0.8314047390679887,False,0.48737891922279847,0.5126210807772016,4279.9535,0.907942107314951
2154,DNK,2014,Denmark,4374.809,4799.33,3927.687,0.8183823575374063,False,0.4870354032556904,0.5129645967443096,4363.5085,0.9001213129297215
2157,DNK,2015,Denmark,4444.607,4874.18,3987.424,0.8180707318974678,False,0.48443201963110505,0.515567980368895,4430.802,0.8999327886915282
2160,DNK,2016,Denmark,4433.877,4837.038,4017.366,0.8305425758491044,False,0.491856498697039,0.5081435013029609,4427.201999999999,0.9074277613716294
2163,DNK,2017,Denmark,4501.776,4984.993,4015.676,0.8055529867343845,False,0.49851287040256215,0.5014871295974379,4500.3345,0.892306116356462
2166,DNK,2018,Denmark,4581.099,5070.776,4084.978,0.8055922801559368,False,0.4967315819265202,0.5032684180734798,4577.877,0.8923302220658178
2169,DNK,2019,Denmark,4707.56,5190.906,4214.601,0.8119201156792282,False,0.4950768458627165,0.5049231541372835,4702.7535,0.8961985781308759
2172,DNK,2020,Denmark,5273.986,5733.827,4776.425,0.8330256563373817,False,0.4803008558578323,0.5196991441421677,5255.126,0.9089077978339625
2175,DNK,2021,Denmark,5583.08,5987.452,5151.531,0.8603878578066262,False,0.48374427727022073,0.5162557227297793,5569.4915,0.9249553572350366
2178,DNK,2022,Denmark,5642.185,6037.343,5218.516,0.8643729534664504,False,0.4825903395955426,0.5174096604044573,5627.9295,0.9272532642777418
2181,DNK,2023,Denmark,5666.941,6108.578,5174.567,0.8470984572841666,False,0.4728391849774793,0.5271608150225207,5641.5725,0.9172206862536996
2190,DOM,2000,Dominican Republic,4704.57,5210.158,3979.993,0.763891037469497,True,0.4109920213955042,0.5890079786044957,4595.0755,0.8661431134265367
2193,DOM,2001,Dominican Republic,5070.581,5550.204,4364.417,0.7863525376724892,False,0.40447652065674516,0.5955234793432549,4957.3105,0.8804001685994857
2196,DOM,2002,Dominican Republic,5157.613,5646.97,4489.981,0.7951133085530824,False,0.4229573487734108,0.5770426512265892,5068.4755000000005,0.885864201178441
2199,DOM,2003,Dominican Republic,5598.878,6143.956,4884.836,0.7950636365234387,False,0.4329039329055217,0.5670960670944782,5514.396000000001,0.8858333714154731
2202,DOM,2004,Dominican Republic,6774.098,7467.786,5830.208,0.7807143911194027,False,0.4236060816645069,0.5763939183354931,6648.996999999999,0.876855261026588
2205,DOM,2005,Dominican Republic,7753.122,8405.184,6882.334,0.8188201471853561,False,0.4281853104376657,0.5718146895623343,7643.759,0.9003860535111062
2208,DOM,2006,Dominican Republic,8588.013,9521.108,7400.17,0.7772383214222547,False,0.43994449625590154,0.5600555037440984,8460.639,0.8746585216553975
2211,DOM,2007,Dominican Republic,9217.967,10196.428,7940.664,0.7787691925054538,False,0.433760357909781,0.5662396420902189,9068.546,0.8756270299560701
2214,DOM,2008,Dominican Republic,10298.722,11607.875,8678.233,0.7476159934527207,False,0.44686449743688833,0.5531355025631117,10143.054,0.8555838310631098
2217,DOM,2009,Dominican Republic,11038.588,12149.105,9676.714,0.7964960381855289,False,0.44916722314553,0.5508327768544701,10912.9095,0.8867217308088187
2220,DOM,2010,Dominican Republic,11326.755,12167.301,10348.724,0.8505357104258373,False,0.46219984086458843,0.5378001591354116,11258.0125,0.919231880405178
2223,DOM,2011,Dominican Republic,12128.816,12832.988,11345.169,0.8840629321869544,False,0.4732914420369675,0.5267085579630325,12089.0785,0.9384643337372655
2226,DOM,2012,Dominican Republic,13259.004,13790.679,12672.785,0.9189384366063483,False,0.47560412704603405,0.524395872953966,13231.732,0.9577570797231988
2229,DOM,2013,Dominican Republic,13371.922,14073.325,12563.319,0.8927043893323006,False,0.46450345230416284,0.5354965476958371,13318.322,0.9433109516348981
2232,DOM,2014,Dominican Republic,13895.798,14771.314,12938.756,0.8759380512796626,False,0.47775622927077843,0.5222437707292216,13855.035,0.9338667134366676
2235,DOM,2015,Dominican Republic,13062.85,13558.199,12509.756,0.922670924065947,True,0.4724615453582118,0.5275384546417883,13033.9775,0.959780389370781
2238,DOM,2016,Dominican Republic,13570.556,14179.381,12884.637,0.9086882565607061,False,0.4702280914219332,0.5297719085780668,13532.009,0.952159949051172
2241,DOM,2017,Dominican Republic,14544.43,15065.444,14006.166,0.9296882322220308,False,0.491857661539274,0.508142338460726,14535.805,0.963563146313534
2244,DOM,2018,Dominican Republic,15971.025,16788.524,15098.984,0.8993633984738623,False,0.48385892017945786,0.5161410798205421,15943.754,0.9470156150176426
2247,DOM,2019,Dominican Republic,16884.531,17618.909,16120.414,0.9149496146441304,False,0.49007704396744806,0.509922956032552,16869.661500000002,0.9555860975633683
2250,DOM,2020,Dominican Republic,19206.503,20212.957,18146.116,0.8977467275075093,True,0.48695279414333253,0.5130472058566675,19179.536500000002,0.9461185884236566
2253,DOM,2021,Dominican Republic,20473.529,21513.446,19374.89,0.900594446840362,False,0.486270642433493,0.513729357566507,20444.167999999998,0.9476976514769396
2256,DOM,2022,Dominican Republic,22602.613,23902.956,21228.651,0.8881182310673208,False,0.4862358631494907,0.5137641368505093,22565.8035,0.9407442992224939
2259,DOM,2023,Dominican Republic,25548.746,27247.579,23807.72,0.8737554261242806,False,0.49386704513179236,0.5061329548682076,25527.6495,0.9326248388046852
2262,ECU,2001,Ecuador,160.006,168.945,142.223,0.8418301814199889,False,0.33451837437317566,0.6654816256268243,155.584,0.9141235602632662
2265,ECU,2003,Ecuador,207.696,215.249,192.426,0.893969309961951,False,0.3309380887701001,0.6690619112298999,203.83749999999998,0.9440166799533943
2268,ECU,2004,Ecuador,229.958,237.416,215.063,0.9058488054722512,False,0.33364649040397243,0.6663535095960276,226.2395,0.9505988123205718
2271,ECU,2005,Ecuador,242.427,251.451,225.162,0.8954508035362755,False,0.3432614401460689,0.656738559853931,238.3065,0.9448420416564383
2274,ECU,2006,Ecuador,258.327,264.448,245.953,0.9300618647144241,True,0.33095431197620917,0.6690456880237908,255.20049999999998,0.96376378572926
2277,ECU,2007,Ecuador,280.923,289.24,264.364,0.9139952980224034,False,0.33433831805756536,0.6656616819424346,276.802,0.9550653535740347
2280,ECU,2008,Ecuador,298.705,308.596,279.42,0.905455676677598,False,0.3390115163147801,0.6609884836852199,294.00800000000004,0.9503823025223803
2283,ECU,2009,Ecuador,317.0,325.098,301.463,0.927298845271272,False,0.3426274592764974,0.6573725407235026,313.2805,0.9622782139328813
2286,ECU,2010,Ecuador,354.506,361.149,342.061,0.9471464686320604,True,0.3480196982397329,0.6519803017602671,351.605,0.9728559036418707
2289,ECU,2011,Ecuador,386.555,388.826,382.186,0.9829229526832053,False,0.34201807228915665,0.6579819277108434,385.506,0.9913879420813165
2292,ECU,2012,Ecuador,408.62,406.076,413.459,1.0181813256631762,False,0.34457537586346865,0.6554246241365314,409.76750000000004,1.009008767166747
2295,ECU,2013,Ecuador,450.818,449.942,452.518,1.005725182356837,False,0.3400621118012377,0.6599378881987623,451.23,1.0028544201405047
2298,ECU,2014,Ecuador,484.434,481.808,489.576,1.016122604855046,True,0.3380535530381081,0.6619464469618919,485.692,1.007996837501956
2301,ECU,2015,Ecuador,498.46,497.777,499.779,1.0040218812841895,False,0.3411588411588359,0.6588411588411641,498.778,1.0020069048755158
2304,ECU,2016,Ecuador,498.023,499.111,495.968,0.9937028035847738,False,0.34616608335983934,0.6538339166401607,497.5395,0.996841456808957
2307,ECU,2017,Ecuador,500.091,499.818,500.608,1.00158057532942,False,0.3455696202531867,0.6544303797468133,500.21299999999997,1.0007896636033051
2310,ECU,2018,Ecuador,514.6,512.107,519.416,1.0142724079147523,False,0.34108633191955445,0.6589136680804455,515.7615000000001,1.007085639389524
2313,ECU,2019,Ecuador,512.064,505.553,524.583,1.0376419485197397,False,0.3421439831844444,0.6578560168155556,515.068,1.0184732889637873
2316,ECU,2020,Ecuador,472.334,446.541,525.905,1.177730600325614,True,0.32499621994859146,0.6750037800514086,486.22299999999996,1.08161275793206
2319,ECU,2021,Ecuador,482.378,469.86,507.824,1.0807985357340484,False,0.3297334316721097,0.6702665683278903,488.842,1.0388305423838378
2322,ECU,2022,Ecuador,499.383,494.815,508.533,1.0277234926184533,False,0.3329931476891659,0.6670068523108341,501.674,1.0136722253893964
2325,ECU,2023,Ecuador,509.086,501.085,523.693,1.0451180937365916,False,0.3539012738853517,0.6460987261146482,512.389,1.0220613635343458
2328,ECU,2024,Ecuador,525.094,518.459,538.001,1.0376924694141678,False,0.33952512537100066,0.6604748746289993,528.23,1.018497624140999
2330,EGY,1969,Egypt,17.407,17.71,12.514,0.7066064370412196,False,0.058314087759815385,0.9416859122401846,15.112,0.8280836421386977
2331,EGY,1970,Egypt,16.974,17.277,12.037,0.6967066041558141,False,0.057824427480916187,0.9421755725190838,14.657,0.8212458211093676
2332,EGY,1971,Egypt,17.277,17.536,11.864,0.6765510948905109,False,0.04566290550070527,0.9543370944992947,14.700000000000001,0.8070748299319728
2333,EGY,1972,Egypt,19.485,19.831,13.899,0.7008723715395089,False,0.05832771409305463,0.9416722859069454,16.865,0.8241328194485621
2334,EGY,1973,Egypt,20.221,20.481,13.466,0.6574874273717103,False,0.03706343549536728,0.9629365645046327,16.9735,0.7933543464812796
2335,EGY,1974,Egypt,22.992,23.339,17.32,0.7421054886670381,False,0.05765077255357997,0.94234922744642,20.3295,0.8519638948326325
2336,EGY,1975,Egypt,24.161,24.638,17.32,0.7029791379170387,False,0.0651817436458049,0.9348182563541951,20.979,0.825587492254159
2337,EGY,1976,Egypt,28.232,28.621,21.52,0.7518954613745152,False,0.05478101675820299,0.945218983241797,25.0705,0.8583793701761034
2338,EGY,1977,Egypt,34.64,35.463,22.256,0.627583678763782,False,0.06231543878246387,0.9376845612175362,28.8595,0.7711845319565481
2339,EGY,1978,Egypt,38.537,38.71,36.372,0.9396021699819168,False,0.07399486740804181,0.9260051325919582,37.541,0.9688607122878986
2340,EGY,1982,Egypt,81.621,83.872,55.164,0.6577165204120565,False,0.07841019924759667,0.9215898007524034,69.518,0.7935211024482868
2341,EGY,1985,Egypt,138.56,138.56,116.91,0.84375,False,-0.0,1.0,127.735,0.9152542372881356
2342,EGY,1986,Egypt,147.22,151.55,121.24,0.7999999999999999,False,0.14285714285714318,0.8571428571428568,136.395,0.8888888888888888
2343,EGY,1987,Egypt,164.54,168.87,134.23,0.7948717948717948,False,0.1250000000000003,0.8749999999999997,151.55,0.8857142857142856
2344,EGY,1988,Egypt,186.19,194.85,155.88,0.8,False,0.22222222222222215,0.7777777777777779,175.365,0.8888888888888888
2345,EGY,1989,Egypt,212.17,216.5,181.86,0.8400000000000001,False,0.12500000000000042,0.8749999999999996,199.18,0.9130434782608696
2346,EGY,1990,Egypt,238.15,246.81,199.18,0.8070175438596492,False,0.18181818181818177,0.8181818181818182,222.995,0.8932038834951457
2349,EGY,1991,Egypt,255.47,264.13,216.5,0.819672131147541,False,0.18181818181818177,0.8181818181818182,240.315,0.9009009009009009
2352,EGY,1992,Egypt,277.12,285.78,242.48,0.8484848484848485,False,0.19999999999999934,0.8000000000000007,264.13,0.9180327868852459
2355,EGY,1993,Egypt,329.08,333.41,285.78,0.857142857142857,False,0.09090909090909167,0.9090909090909083,309.595,0.9230769230769229
2358,EGY,1994,Egypt,355.06,359.39,298.77,0.8313253012048193,False,0.07142857142857116,0.9285714285714288,329.08,0.9078947368421052
2364,EGY,1996,Egypt,428.67,441.66,359.39,0.8137254901960783,False,0.1578947368421053,0.8421052631578947,400.525,0.8972972972972973
2367,EGY,1997,Egypt,463.31,471.97,407.02,0.8623853211009174,False,0.13333333333333364,0.8666666666666664,439.495,0.9261083743842364
2370,EGY,1998,Egypt,489.29,497.95,424.34,0.8521739130434782,False,0.11764705882352895,0.882352941176471,461.145,0.92018779342723
2373,EGY,1999,Egypt,619.19,640.84,502.28,0.7837837837837837,False,0.15624999999999978,0.8437500000000002,571.56,0.8787878787878788
2376,EGY,2000,Egypt,701.46,731.77,541.25,0.7396449704142012,False,0.1590909090909088,0.8409090909090912,636.51,0.8503401360544218
2379,EGY,2001,Egypt,666.82,679.81,575.89,0.8471337579617835,False,0.12499999999999904,0.875000000000001,627.8499999999999,0.9172413793103449
2382,EGY,2002,Egypt,705.79,723.11,601.87,0.8323353293413174,False,0.14285714285714327,0.8571428571428568,662.49,0.9084967320261438
2385,EGY,2003,Egypt,753.42,775.07,645.17,0.8324022346368714,False,0.16666666666666724,0.8333333333333328,710.12,0.9085365853658536
2388,EGY,2004,Egypt,822.7,835.69,731.77,0.8756476683937823,False,0.125,0.875,783.73,0.9337016574585635
2391,EGY,2005,Egypt,896.31,930.95,723.11,0.7767441860465116,False,0.16666666666666713,0.8333333333333328,827.03,0.87434554973822
2394,EGY,2006,Egypt,991.57,1021.88,814.04,0.7966101694915254,False,0.14583333333333304,0.854166666666667,917.96,0.8867924528301886
2397,EGY,2007,Egypt,1091.16,1130.13,878.99,0.7777777777777777,False,0.1551724137931035,0.8448275862068965,1004.5600000000001,0.875
2400,EGY,2008,Egypt,71.235,76.741,43.84,0.5712722013004783,True,0.16735053645785844,0.8326494635421415,60.2905,0.7271460677884576
2403,EGY,2009,Egypt,240.272,272.022,79.912,0.29377035680937574,False,0.16526989745458331,0.8347301025454167,175.96699999999998,0.4541306040337109
2406,EGY,2010,Egypt,760.359,800.762,600.5,0.7499107100486787,False,0.20175070657438715,0.7982492934256129,700.631,0.8570845423625275
2409,EGY,2011,Egypt,953.332,945.452,981.859,1.0385075075202126,False,0.2164418930425464,0.7835581069574535,963.6555000000001,1.018890049400434
2412,EGY,2012,Egypt,1296.577,1285.991,1332.892,1.0364707062491108,False,0.2257094731455619,0.7742905268544381,1309.4415,1.0179087801936935
2415,EGY,2013,Egypt,1398.949,1437.857,1264.304,0.8792974544756538,False,0.22418511924311263,0.7758148807568874,1351.0805,0.9357725168855594
2418,EGY,2015,Egypt,1816.641,1855.046,1683.266,0.9073985227320509,False,0.223570846431482,0.7764291535685179,1769.156,0.9514514265559397
2421,EGY,2016,Egypt,1961.061,2024.731,1742.14,0.8604303485253103,True,0.22530795389803673,0.7746920461019633,1883.4355,0.9249799103818528
2424,EGY,2017,Egypt,2153.413,2229.71,1892.742,0.8488736203362769,False,0.22642209349255718,0.7735779065074428,2061.226,0.9182602975122572
2427,EGY,2018,Egypt,2245.307,2325.148,1950.08,0.8386906983985535,False,0.21287073277379118,0.7871292672262088,2137.614,0.912269474283009
2430,EGY,2019,Egypt,2592.565,2665.639,2157.66,0.8094344357956946,False,0.14385240334738253,0.8561475966526175,2411.6495,0.8946822496386808
2433,EGY,2020,Egypt,2705.454,2783.753,2350.276,0.8442832392098005,False,0.18063011416984043,0.8193698858301596,2567.0145,0.9155678707697209
2436,EGY,2021,Egypt,2912.839,2980.197,2621.784,0.8797351316037161,False,0.1879340314106915,0.8120659685893085,2800.9905,0.9360203113862757
2439,EGY,2022,Egypt,3241.331,3306.615,2946.025,0.8909489009152866,False,0.18104772733575447,0.8189522726642455,3126.3199999999997,0.94232995982497
2442,EGY,2023,Egypt,3889.176,3976.351,3385.253,0.8513466240782064,False,0.14747977492733894,0.8525202250726611,3680.802,0.9197052707534934
2470,ESP,2006,Spain,1572.821,1745.746,1324.208,0.7585341739290825,False,0.4102239892963391,0.5897760107036609,1534.977,0.8626891477852763
2473,ESP,2007,Spain,1976.1,2196.898,1669.911,0.7601222268853629,False,0.4189818724181056,0.5810181275818944,1933.4045,0.8637152753084003
2476,ESP,2008,Spain,2191.699,2457.322,1851.946,0.7536440075822378,False,0.4387735886457341,0.5612264113542659,2154.634,0.8595176721429254
2479,ESP,2009,Spain,1815.18,2023.93,1570.78,0.7761039166374331,False,0.4606642392143881,0.539335760785612,1797.355,0.8739397614828456
2482,ESP,2010,Spain,1838.82,2049.81,1595.78,0.7785014220830223,False,0.46470497544215145,0.5352950245578485,1822.795,0.8754577448369125
2485,ESP,2011,Spain,1841.75,2058.04,1601.05,0.7779489222755631,False,0.4732926322238998,0.5267073677761003,1829.545,0.8751082919523706
2488,ESP,2012,Spain,1850.26,2083.74,1595.48,0.7656809390806916,False,0.4781878507352638,0.5218121492647362,1839.61,0.8672925239588827
2491,ESP,2013,Spain,1869.11,2102.1,1621.61,0.7714238142809571,False,0.48490083040229764,0.5150991695977023,1861.855,0.8709647099263905
2494,ESP,2014,Spain,1881.32,2125.86,1618.1,0.7611507813308496,False,0.48160548290530975,0.5183945170946902,1871.98,0.8643788929368903
2497,ESP,2015,Spain,1893.7,2122.47,1643.79,0.7744703105344246,False,0.4779184423832202,0.5220815576167799,1883.1299999999999,0.8729030921922544
2500,ESP,2016,Spain,1878.09,2075.65,1661.0,0.8002312528605496,False,0.476450018087544,0.523549981912456,1868.325,0.8890316192311295
2503,ESP,2017,Spain,1888.95,2090.65,1668.68,0.7981632506636692,False,0.4779960660710478,0.5220039339289522,1879.665,0.8877539348766935
2506,ESP,2018,Spain,1944.42,2161.31,1708.39,0.7904419079169578,False,0.47887044069592855,0.5211295593040715,1934.85,0.8829573351939428
2509,ESP,2019,Spain,2435.809,2717.101,2120.385,0.7803850500956718,False,0.47140013004511355,0.5285998699548864,2418.7430000000004,0.8766474983080054
2512,ESP,2020,Spain,2626.703,2873.061,2349.408,0.8177369015137513,False,0.47046040030325437,0.5295395996967456,2611.2345,0.8997307595315549
2515,ESP,2021,Spain,2593.193,2821.374,2339.935,0.8293600919268413,False,0.47395620213568,0.52604379786432,2580.6544999999996,0.9067215313014587
2518,ESP,2022,Spain,2708.794,2989.707,2400.771,0.8030121346339291,False,0.4769839167583577,0.5230160832416423,2695.239,0.8907451250148875
2521,ESP,2023,Spain,2944.235,3240.36,2624.343,0.8098924193608117,False,0.4807091362738364,0.5192908637261636,2932.3514999999998,0.8949619443644461
2553,EST,2002,Estonia,395.33,451.22,329.82,0.7309516422144408,False,0.4603789126853379,0.5396210873146621,390.52,0.8445662193997747
2559,EST,2004,Estonia,414.186,495.586,338.393,0.6828138809409466,False,0.5178347636345131,0.4821652363654869,416.9895,0.8115144386129626
2562,EST,2005,Estonia,445.495,535.064,359.666,0.6721924853849259,False,0.5106614670634784,0.48933853293652163,447.365,0.8039654420886748
2565,EST,2006,Estonia,512.271,611.912,416.605,0.6808250205911961,False,0.51017628656423,0.48982371343577,514.2585,0.8101081460005036
2568,EST,2007,Estonia,804.916,962.96,650.047,0.6750508847719532,False,0.5050732951331519,0.4949267048668481,806.5035,0.8060064215468377
2571,EST,2008,Estonia,948.293,1127.079,779.151,0.6913011421559624,False,0.5138591892575474,0.48614081074245263,953.115,0.8174784784627248
2574,EST,2009,Estonia,1017.959,1221.729,841.205,0.6885364921353263,False,0.5354984179710086,0.4645015820289914,1031.467,0.8155423295170858
2577,EST,2010,Estonia,1040.87,1251.419,862.178,0.688960292276208,False,0.5409219480989931,0.4590780519010069,1056.7985,0.8158395380008582
2580,EST,2011,Estonia,1043.19,1260.796,852.164,0.6758936417945488,False,0.5325231504140644,0.4674768495859356,1056.48,0.8066068453733152
2581,EST,2012,Estonia,1129.167,1354.624,918.127,0.6777725774827553,False,0.5165144319434041,0.4834855680565959,1136.3755,0.8079433250716861
2584,EST,2013,Estonia,1218.527,1490.048,970.231,0.6511407686195344,False,0.5223395925873913,0.47766040741260873,1230.1395,0.7887162390932085
2587,EST,2014,Estonia,1400.531,1689.055,1133.255,0.6709402594942142,False,0.5191147894926235,0.48088521050737654,1411.1550000000002,0.8030691171416322
2590,EST,2015,Estonia,1429.967,1653.322,1217.125,0.7361693608383606,False,0.5120507477126157,0.4879492522873843,1435.2235,0.8480386504262227
2593,EST,2016,Estonia,1471.64,1714.109,1239.163,0.7229196042958762,False,0.5105190905913511,0.48948090940864886,1476.636,0.83917973014338
2596,EST,2017,Estonia,1482.831,1674.764,1299.89,0.7761630892472015,False,0.5119933631033363,0.4880066368966637,1487.327,0.8739772760126052
2599,EST,2018,Estonia,1637.51,1842.367,1440.261,0.7817448966465422,False,0.5094601920886532,0.49053980791134677,1641.3139999999999,0.8775048528191437
2602,EST,2019,Estonia,1693.642,1886.108,1510.551,0.800882558156797,False,0.5124814608701206,0.4875185391298794,1698.3294999999998,0.8894334108899363
2605,EST,2020,Estonia,1920.384,2149.896,1699.39,0.7904521893152041,False,0.5094538141556386,0.4905461858443614,1924.643,0.8829637496408426
2608,EST,2021,Estonia,2044.395,2248.34,1843.801,0.8200721421137371,False,0.5041417514751361,0.49585824852486393,2046.0705,0.9011424581899792
2611,EST,2022,Estonia,2132.681,2361.554,1916.774,0.8116579167785279,False,0.5145757453122891,0.4854242546877109,2139.1639999999998,0.896038826382643
2614,EST,2023,Estonia,2418.598,2716.815,2142.428,0.788580746204655,False,0.5191917644375657,0.48080823556243435,2429.6215,0.8817949627133279
2617,ETH,2005,Ethiopia,334.991,393.268,237.638,0.6042647761831627,False,0.37445865193086164,0.6255413480691383,315.453,0.7533229989887559
2620,ETH,2013,Ethiopia,1345.499,1516.786,1039.51,0.6853372855498402,False,0.35888458669616746,0.6411154133038326,1278.1480000000001,0.8132939221436014
2623,ETH,2021,Ethiopia,4195.965,4617.399,3439.449,0.7448888432643572,False,0.3577690054756145,0.6422309945243855,4028.424,0.8537951814406826
2626,FIN,2004,Finland,2227.584,2571.503,1887.637,0.7340598086022065,False,0.5029040776994327,0.4970959223005673,2229.57,0.8466372439528698
2629,FIN,2005,Finland,2265.635,2616.847,1925.481,0.7358019020599981,False,0.5079972113178836,0.49200278868211644,2271.164,0.8477947871664044
2632,FIN,2006,Finland,2336.174,2692.855,1984.211,0.7368428675142182,False,0.5033288929279018,0.49667110707209816,2338.533,0.84848535385218
2635,FIN,2007,Finland,3052.066,3495.271,2606.696,0.745777938248565,False,0.4987817573080497,0.5012182426919503,3050.9835000000003,0.8543789240420342
2638,FIN,2008,Finland,3156.464,3669.396,2647.005,0.7213734903510005,False,0.5016984695679052,0.4983015304320948,3158.2005,0.8381370973755466
2641,FIN,2009,Finland,3396.454,3933.499,2868.588,0.7292713179792344,False,0.5043097498288588,0.4956902501711412,3401.0434999999998,0.8434434902111662
2644,FIN,2010,Finland,3452.691,3908.195,3008.14,0.7697005906818876,False,0.5060846281616126,0.4939153718383874,3458.1675,0.8698653260722622
2647,FIN,2011,Finland,3541.288,3951.765,3137.946,0.7940618938626158,False,0.5043836528761307,0.49561634712386926,3544.8554999999997,0.8852112589638704
2650,FIN,2012,Finland,3691.604,4165.486,3232.304,0.7759728396638472,False,0.5078130525449486,0.4921869474550514,3698.895,0.8738566517838435
2653,FIN,2013,Finland,3809.484,4308.903,3326.753,0.7720649548156456,False,0.5084956473043836,0.49150435269561643,3817.8280000000004,0.8713731996307847
2656,FIN,2014,Finland,3965.993,4432.131,3532.456,0.7970107381753834,False,0.5181182093533779,0.48188179064662207,3982.2935,0.8870405960786165
2659,FIN,2015,Finland,4081.802,4530.029,3634.316,0.8022721267347294,False,0.5004136369573736,0.4995863630426264,4082.1725,0.8902896680627778
2662,FIN,2016,Finland,4128.517,4584.065,3680.155,0.8028147506634397,False,0.503974953258621,0.49602504674137904,4132.11,0.8906236765236164
2665,FIN,2017,Finland,4135.847,4566.444,3707.211,0.811837613688025,False,0.5011411340113803,0.4988588659886197,4136.8275,0.8961483165541709
2668,FIN,2018,Finland,4115.657,4576.121,3647.848,0.7971485019736148,False,0.4960437285152104,0.5039562714847896,4111.9845000000005,0.8871259120748144
2671,FIN,2019,Finland,4129.216,4621.77,3646.56,0.7889964234481593,False,0.5050748044011032,0.4949251955988968,4134.165,0.8820547801067447
2674,FIN,2020,Finland,4229.336,4674.024,3756.05,0.8036009228878584,False,0.4844233061067089,0.5155766938932911,4215.037,0.8911072429494687
2677,FIN,2021,Finland,4336.414,4779.46,3865.457,0.8087643792394956,False,0.484731450553226,0.515268549446774,4322.4585,0.8942727848052214
2680,FIN,2022,Finland,4620.305,5090.332,4150.138,0.8152980984344439,False,0.49992554728066746,0.5000744527193326,4620.235000000001,0.8982525780615054
2683,FIN,2023,Finland,4759.639,5240.5,4283.923,0.8174645549088827,False,0.5026892764513465,0.49731072354865347,4762.211499999999,0.8995658844635523
2686,FJI,2005,Fiji,590.101,591.658,586.416,0.9911401519120844,True,0.2970240366272468,0.7029759633727533,589.037,0.9955503644083479
2689,FJI,2011,Fiji,922.178,931.846,901.079,0.9669827417835135,False,0.31423278187668574,0.6857672181233143,916.4625,0.9832142613582115
2692,FJI,2016,Fiji,1060.948,1075.061,1033.795,0.9616152013699689,False,0.34200067852469057,0.6579993214753095,1054.4279999999999,0.980432044672562
2695,FLK,2012,"Falkland Islands, Malvinas",139.583,173.083,122.833,0.7096768602346851,False,0.6666666666666666,0.33333333333333337,147.958,0.8301882966787872
2696,FLK,2016,"Falkland Islands, Malvinas",2154.167,2363.083,1891.667,0.8005080650997023,False,0.44316696930099975,0.5568330306990003,2127.375,0.8892024208237851
2697,FRA,1999,France,1366.9,1558.4,1146.7,0.7358187885010267,False,0.4651445227107116,0.5348554772892884,1352.5500000000002,0.8478059960814757
2700,FRA,2000,France,1396.3,1592.4,1171.1,0.735430796282341,False,0.46546403987657264,0.5345359601234274,1381.75,0.847548398769676
2703,FRA,2001,France,1434.7,1629.9,1208.9,0.7417019449045954,False,0.4636579572446557,0.5363420427553443,1419.4,0.8516979005213471
2706,FRA,2002,France,2203.8,2350.07,1937.07,0.8242605539409463,False,0.3541646489104114,0.6458353510895887,2143.57,0.903665380650037
2709,FRA,2004,France,1992.726,2261.96,1694.399,0.7490844223593697,False,0.4743701558070407,0.5256298441929592,1978.1795,0.8565446158955746
2712,FRA,2005,France,1557.414,1772.226,1325.897,0.7481534522120767,True,0.48128622607986493,0.5187137739201351,1549.0615,0.8559356746003951
2715,FRA,2006,France,1592.678,1801.633,1371.114,0.7610395679919273,False,0.4853560470037325,0.5146439529962674,1586.3735000000001,0.8643071760843206
2718,FRA,2007,France,1633.953,1847.072,1410.484,0.7636323868262851,False,0.48814671956169187,0.5118532804383081,1628.7779999999998,0.8659768243431579
2721,FRA,2008,France,1676.993,1898.871,1443.25,0.7600568969666712,False,0.4869793095577248,0.5130206904422752,1671.0605,0.8636730986101341
2724,FRA,2009,France,1717.239,1951.293,1476.967,0.7569170801104704,False,0.4934454362611368,0.5065545637388632,1714.13,0.8616423491800506
2727,FRA,2010,France,1738.951,1969.879,1503.324,0.7631555034598573,False,0.494964152136404,0.505035847863596,1736.6015,0.8656701033599246
2730,FRA,2011,France,1784.44,2023.092,1541.476,0.7619406334462299,False,0.4955234045380553,0.5044765954619447,1782.284,0.8648879752048495
2733,FRA,2012,France,1819.133,2067.191,1566.588,0.7578341817471148,False,0.4955184048038063,0.5044815951961936,1816.8894999999998,0.8622362559748407
2736,FRA,2013,France,1826.341,2075.444,1575.89,0.7593025877836261,False,0.4986507965104876,0.5013492034895124,1825.667,0.8631858931557618
2739,FRA,2014,France,1843.536,2084.425,1601.748,0.7684363793372272,False,0.4990687354069078,0.5009312645930921,1843.0865000000001,0.869057420799295
2742,FRA,2015,France,1851.132,2093.43,1609.714,0.768936147853045,False,0.5009096246557894,0.49909037534421063,1851.572,0.8693769402432096
2745,FRA,2016,France,1866.954,2107.755,1625.982,0.7714283680978101,False,0.4998225305278629,0.500177469472137,1866.8685,0.8709676123412012
2748,FRA,2017,France,1889.213,2118.576,1659.395,0.7832596045645754,False,0.4995045526709512,0.5004954473290488,1888.9855,0.8784583047355313
2751,FRA,2018,France,1931.652,2175.934,1687.112,0.775350722953913,False,0.4997361002573536,0.5002638997426464,1931.5230000000001,0.8734620297040211
2754,FRA,2019,France,1986.284,2235.438,1739.648,0.7782134865739957,False,0.5025393815930129,0.4974606184069871,1987.5430000000001,0.8752756544135145
2757,FRA,2020,France,2015.55,2252.553,1780.588,0.7904755182231007,False,0.5021622366065279,0.4978377633934721,2016.5704999999998,0.8829783040067283
2760,FRA,2021,France,3856.986,4496.244,3220.355,0.716232259637155,False,0.5010294782696614,0.4989705217303386,3858.2995,0.8346565630791493
2763,FRA,2022,France,3958.107,4539.734,3385.675,0.7457870879659468,False,0.5039837651281263,0.49601623487187374,3962.7045000000003,0.8543849282731023
2766,FRA,2023,France,4107.888,4642.333,3571.583,0.7693508845660146,False,0.4991314499182815,0.5008685500817185,4106.958,0.8696419588415563
2769,GBR,1969,United Kingdom of Great Britain and Northern Ireland,,107.514,52.436,0.4877132280447198,False,,,79.975,0.6556548921537981
2770,GBR,1970,United Kingdom of Great Britain and Northern Ireland,,121.457,60.577,0.4987526449690014,False,,,91.017,0.665556983860158
2771,GBR,1971,United Kingdom of Great Britain and Northern Ireland,,133.927,68.414,0.5108305270781844,False,,,101.1705,0.6762247888465511
2772,GBR,1972,United Kingdom of Great Britain and Northern Ireland,,155.101,79.239,0.5108864546327877,False,,,117.17,0.6762737902193394
2773,GBR,1973,United Kingdom of Great Britain and Northern Ireland,,177.184,91.623,0.5171065107458913,False,,,134.4035,0.6817009973698601
2774,GBR,1974,United Kingdom of Great Britain and Northern Ireland,,210.568,116.953,0.5554167774780593,False,,,163.7605,0.7141709997221553
2775,GBR,1975,United Kingdom of Great Britain and Northern Ireland,,257.981,148.043,0.5738523379628733,False,,,203.012,0.7292327547140071
2776,GBR,1976,United Kingdom of Great Britain and Northern Ireland,,289.98,175.841,0.6063900958686805,False,,,232.9105,0.7549724035627419
2777,GBR,1977,United Kingdom of Great Britain and Northern Ireland,,315.614,191.862,0.6079007902057577,False,,,253.738,0.7561421623879749
2778,GBR,1978,United Kingdom of Great Britain and Northern Ireland,,361.555,216.63,0.599161953229799,False,,,289.0925,0.7493449328502123
2779,GBR,1979,United Kingdom of Great Britain and Northern Ireland,,419.75,252.179,0.6007837998808815,False,,,335.9645,0.7506120438320121
2780,GBR,1980,United Kingdom of Great Britain and Northern Ireland,,489.55,297.601,0.6079072617710142,True,,,393.57550000000003,0.7561471687134996
2781,GBR,1981,United Kingdom of Great Britain and Northern Ireland,,543.761,330.985,0.6086957321323155,False,,,437.373,0.7567568185507565
2782,GBR,1982,United Kingdom of Great Britain and Northern Ireland,554.197,593.47,363.547,0.6125785633646182,False,0.17080935791547616,0.8291906420845239,478.5085,0.7597503492623433
2783,GBR,1983,United Kingdom of Great Britain and Northern Ireland,600.744,643.568,395.156,0.6140081545384481,True,0.17239102780864032,0.8276089721913596,519.362,0.7608488876737228
2784,GBR,1984,United Kingdom of Great Britain and Northern Ireland,643.828,689.769,421.482,0.611048046519922,False,0.17123826350139976,0.8287617364986002,555.6255,0.7585720957731422
2796,GBR,1998,United Kingdom of Great Britain and Northern Ireland,,1615.467,1365.867,0.8454935941124144,False,,,1490.667,0.916279088488576
2802,GBR,2000,United Kingdom of Great Britain and Northern Ireland,1959.533,2044.467,1494.567,0.7310301413522449,False,0.15445353700672884,0.8455464629932712,1769.517,0.8446186162664727
2805,GBR,2001,United Kingdom of Great Britain and Northern Ireland,1949.133,2037.1,1590.767,0.7808978449757008,False,0.19708827265741027,0.8029117273425898,1813.9335,0.8769709584171635
2808,GBR,2002,United Kingdom of Great Britain and Northern Ireland,2046.2,2268.067,1676.133,0.7390138827468501,False,0.3748171248821659,0.6251828751178341,1972.1,0.8499229248009736
2811,GBR,2003,United Kingdom of Great Britain and Northern Ireland,2112.933,2336.967,1736.367,0.7430002220827251,False,0.3730169830169831,0.6269830169830168,2036.667,0.852553215621405
2814,GBR,2004,United Kingdom of Great Britain and Northern Ireland,2193.1,2415.4,1829.1,0.7572658772874058,False,0.37915742793791596,0.620842572062084,2122.25,0.8618683001531393
2817,GBR,2005,United Kingdom of Great Britain and Northern Ireland,1680.222,2078.462,1290.213,0.620753711157577,True,0.5052210659322117,0.4947789340677883,1684.3375,0.766006219062391
2820,GBR,2006,United Kingdom of Great Britain and Northern Ireland,1750.45,2164.076,1340.903,0.6196191815814233,False,0.5024776079876283,0.4975223920123717,1752.4895000000001,0.7651418168268626
2823,GBR,2007,United Kingdom of Great Britain and Northern Ireland,1819.758,2233.261,1404.491,0.6288969359156856,False,0.4989357722890548,0.5010642277109452,1818.876,0.7721752334958513
2826,GBR,2008,United Kingdom of Great Britain and Northern Ireland,1890.482,2324.054,1458.775,0.6276855012835331,False,0.5010776870812768,0.49892231291872324,1891.4145,0.7712614025111894
2829,GBR,2009,United Kingdom of Great Britain and Northern Ireland,1912.966,2346.685,1486.289,0.6333568416724017,False,0.5040923016843408,0.4959076983156592,1916.487,0.7755278277389828
2832,GBR,2010,United Kingdom of Great Britain and Northern Ireland,1944.876,2380.216,1516.413,0.6370904993496389,False,0.5039806529961114,0.4960193470038886,1948.3145,0.778320440565422
2835,GBR,2011,United Kingdom of Great Britain and Northern Ireland,1973.769,2416.518,1538.277,0.6365675736741874,False,0.5041315538673325,0.49586844613266745,1977.3975,0.7779300823430797
2838,GBR,2012,United Kingdom of Great Britain and Northern Ireland,2014.78,2456.823,1576.496,0.6416807397195484,False,0.5021350021071715,0.49786499789282845,2016.6595,0.78173633179027
2841,GBR,2013,United Kingdom of Great Britain and Northern Ireland,2057.561,2504.403,1617.156,0.6457251488678141,False,0.5036275129698942,0.49637248703010584,2060.7794999999996,0.7847302440654133
2844,GBR,2014,United Kingdom of Great Britain and Northern Ireland,2086.503,2536.357,1639.382,0.6463530173394361,False,0.5015234538309316,0.49847654616906845,2087.8695,0.7851937106222396
2847,GBR,2015,United Kingdom of Great Britain and Northern Ireland,2131.64,2581.271,1680.853,0.6511726199999922,False,0.4993580759158527,0.5006419240841473,2131.062,0.7887396049481433
2850,GBR,2016,United Kingdom of Great Britain and Northern Ireland,2173.03,2640.146,1715.012,0.6495898332895226,False,0.5049171255191138,0.49508287448088617,2177.579,0.7875773967327935
2853,GBR,2017,United Kingdom of Great Britain and Northern Ireland,2243.247,2723.063,1764.867,0.6481183138252768,False,0.5007493247728024,0.49925067522719757,2243.965,0.7864948873979762
2856,GBR,2018,United Kingdom of Great Britain and Northern Ireland,2315.906,2786.275,1849.892,0.6639301576477555,False,0.502325437347752,0.49767456265224796,2318.0835,0.7980264731619892
2859,GBR,2019,United Kingdom of Great Britain and Northern Ireland,2482.0,2968.0,1997.0,0.6728436657681941,False,0.5005149330587023,0.4994850669412977,2482.5,0.8044310171198389
2862,GBR,2020,United Kingdom of Great Britain and Northern Ireland,2543.343,3023.062,2082.927,0.6890123325290716,False,0.5102660788078309,0.4897339211921691,2552.9945,0.8158760232346761
2865,GBR,2021,United Kingdom of Great Britain and Northern Ireland,2553.992,3019.46,2099.43,0.695299821822445,False,0.5059269806419353,0.4940730193580647,2559.4449999999997,0.820267675218651
2868,GBR,2022,United Kingdom of Great Britain and Northern Ireland,2744.647,3219.269,2271.927,0.7057276046208006,False,0.5010038613299105,0.4989961386700895,2745.598,0.82747984227844
2871,GBR,2023,United Kingdom of Great Britain and Northern Ireland,2913.212,3388.911,2437.933,0.719385371879049,False,0.5002208252977461,0.49977917470225386,2913.422,0.8367936399189682
2880,GEO,1999,Georgia,67.5,90.9,47.4,0.5214521452145214,False,0.5379310344827587,0.4620689655172413,69.15,0.685466377440347
2883,GEO,2000,Georgia,72.3,95.9,58.8,0.6131386861313868,False,0.6361185983827494,0.3638814016172506,77.35,0.7601809954751131
2886,GEO,2001,Georgia,94.6,125.2,63.5,0.5071884984025559,False,0.49594813614262573,0.5040518638573743,94.35,0.6730259671436143
2889,GEO,2002,Georgia,113.5,150.1,75.7,0.5043304463690873,False,0.49193548387096775,0.5080645161290323,112.9,0.6705048715677591
2892,GEO,2003,Georgia,125.9,163.0,85.7,0.5257668711656441,False,0.47994825355756787,0.5200517464424321,124.35,0.6891837555287496
2895,GEO,2004,Georgia,156.6,200.7,108.0,0.5381165919282511,False,0.47572815533980584,0.5242718446601942,154.35,0.6997084548104957
2898,GEO,2005,Georgia,204.2,267.9,131.1,0.4893617021276596,False,0.46564327485380114,0.5343567251461989,199.5,0.6571428571428571
2901,GEO,2006,Georgia,277.9,362.0,177.6,0.49060773480662984,False,0.45607375271149686,0.5439262472885031,269.8,0.6582653817642697
2904,GEO,2007,Georgia,368.1,475.6,240.2,0.5050462573591252,False,0.45666949872557344,0.5433305012744265,357.9,0.671137189158983
2907,GEO,2008,Georgia,534.9,678.4,367.7,0.5420106132075472,False,0.4618603154168008,0.5381396845831992,523.05,0.702992065768091
2910,GEO,2009,Georgia,556.8,690.8,398.3,0.5765778807180082,False,0.4581196581196582,0.5418803418803417,544.55,0.7314296207878065
2913,GEO,2010,Georgia,597.6,742.8,426.6,0.574313408723748,False,0.4592030360531308,0.5407969639468693,584.7,0.7296049256028733
2916,GEO,2011,Georgia,635.967,771.138,460.2,0.596780342818017,False,0.43472010497269564,0.5652798950273044,615.669,0.7474795710032501
2919,GEO,2012,Georgia,712.5,859.6,517.9,0.6024895300139599,False,0.43049458589405915,0.5695054141059408,688.75,0.7519419237749546
2922,GEO,2013,Georgia,773.1,920.3,585.0,0.6356622840378138,False,0.4390098419325975,0.5609901580674025,752.65,0.7772537035806816
2925,GEO,2014,Georgia,818.021,979.965,617.881,0.6305133346599113,False,0.4472553330166482,0.5527446669833518,798.923,0.7733924295582928
2928,GEO,2015,Georgia,900.416,1074.322,692.531,0.6446214449671513,False,0.4555005225371993,0.5444994774628007,883.4264999999999,0.7839146776783354
2931,GEO,2016,Georgia,940.01,1116.591,731.224,0.6548718375842185,False,0.4582151559422576,0.5417848440577424,923.9075,0.791447195741998
2934,GEO,2017,Georgia,546.466,634.781,461.697,0.7273327336514483,False,0.5102435811513483,0.48975641884865173,548.239,0.8421454876431629
2937,GEO,2018,Georgia,556.574,646.709,471.008,0.7283152082312138,False,0.513002202605563,0.48699779739443705,558.8584999999999,0.8428036792855437
2940,GEO,2019,Georgia,599.346,686.685,515.48,0.7506789867260827,False,0.5101428112496713,0.4898571887503287,601.0825,0.8575861050687719
2943,GEO,2020,Georgia,613.599,684.379,544.624,0.7957929743606978,False,0.5064577295982253,0.4935422704017747,614.5015000000001,0.8862858756243881
2946,GEO,2021,Georgia,663.756,753.966,575.975,0.7639270205818299,False,0.5068233787101597,0.4931766212898403,664.9705,0.8661662434649356
2949,GEO,2022,Georgia,745.602,848.333,648.808,0.7648034439306263,False,0.5148778348577873,0.48512216514221274,748.5705,0.8667293194161404
2952,GEO,2023,Georgia,866.97,992.328,751.361,0.7571700083037061,False,0.5202289110127111,0.47977108898728893,871.8444999999999,0.8618062051202938
2963,GGY,2013,Guernsey,2470.0,2730.0,2166.667,0.7936509157509157,False,0.46153873463830447,0.5384612653616956,2448.3334999999997,0.8849558281173705
2983,GHA,1991,Ghana,31533.845,32976.372,27343.181,0.8291749316753219,False,0.2560763517516096,0.7439236482483904,30159.7765,0.9066108629816936
2984,GHA,2006,Ghana,1159860.505,1236036.92,941622.688,0.761807898100649,True,0.258738901589513,0.741261098410487,1088829.804,0.8648024553890701
2985,GHA,2013,Ghana,625.753,679.554,500.584,0.7366360877869897,True,0.3006146281499689,0.6993853718500311,590.069,0.8483482440189198
2988,GHA,2015,Ghana,895.608,1008.882,710.52,0.7042647207502959,True,0.3796529048605386,0.6203470951394614,859.701,0.8264733901670465
2991,GHA,2017,Ghana,849.39,954.579,621.538,0.6511121656772253,True,0.31584399518377615,0.6841560048162239,788.0585,0.7886952554918195
2994,GHA,2022,Ghana,1797.204,2067.396,1299.269,0.6284567639678126,False,0.3517543322914052,0.6482456677085948,1683.3325,0.7718433523976992
3007,GIB,1980,Gibraltar,398.187,422.175,278.289,0.65917925031089,False,0.1667153162920645,0.8332846837079355,350.23199999999997,0.7945847324059481
3008,GIB,1981,Gibraltar,,433.13,294.224,0.6792972086902316,False,,,363.677,0.8090255913901621
3009,GIB,1982,Gibraltar,462.617,500.375,310.331,0.6201968523607295,False,0.1986803056134368,0.8013196943865633,405.353,0.7655820975791471
3010,GIB,1983,Gibraltar,485.999,526.961,328.127,0.6226779590899516,False,0.20601104438878656,0.7939889556112134,427.544,0.7674695469939936
3011,GIB,1984,Gibraltar,498.859,543.761,326.309,0.6000963658666216,False,0.20649154755992127,0.7935084524400787,435.03499999999997,0.750075281299206
3012,GIB,1985,Gibraltar,538.479,580.177,373.419,0.6436294441179157,False,0.20167538861857812,0.7983246113814219,476.798,0.7831807180399246
3013,GIB,1986,Gibraltar,571.387,621.312,394.29,0.6346086990111248,False,0.21991260758869216,0.7800873924113079,507.80100000000004,0.7764655839590705
3014,GIB,1987,Gibraltar,602.216,655.562,411.61,0.6278734887012976,False,0.21867416540958878,0.7813258345904113,533.586,0.7714032976877204
3015,GIB,1988,Gibraltar,685.569,745.756,461.838,0.6192883463223897,False,0.2119872639283174,0.7880127360716827,603.797,0.7648895241281424
3016,GIB,1989,Gibraltar,750.172,807.328,538.003,0.6663995303024298,False,0.21221943748259525,0.7877805625174048,672.6655000000001,0.7998076309844938
3017,GIB,1990,Gibraltar,796.33,856.344,574.374,0.6707281186065412,False,0.21283824520339045,0.7871617547966095,715.359,0.802917136710379
3018,GIB,1991,Gibraltar,905.143,972.258,630.664,0.648659100773663,False,0.19647593341803427,0.8035240665819657,801.461,0.786892936774216
3019,GIB,1992,Gibraltar,892.759,946.495,666.95,0.7046524281691927,False,0.19222665402707972,0.8077733459729203,806.7225000000001,0.826740297933924
3020,GIB,1993,Gibraltar,887.044,955.977,676.0,0.7071299832527351,False,0.24620951006689834,0.7537904899331016,815.9884999999999,0.8284430479106017
3021,GIB,1994,Gibraltar,939.653,940.303,668.595,0.7110420789894322,False,0.002392274058916106,0.9976077259410839,804.4490000000001,0.8311216745872019
3022,GIB,1995,Gibraltar,934.847,1010.276,706.05,0.6988684280335274,False,0.2479373886518574,0.7520626113481426,858.163,0.8227457953791995
3023,GIB,1996,Gibraltar,992.912,1079.512,743.591,0.6888214304241176,False,0.25779870862494436,0.7422012913750556,911.5515,0.8157421714516404
3024,GIB,1997,Gibraltar,930.95,1009.02,715.576,0.7091792035836753,False,0.26604735486157477,0.7339526451384253,862.298,0.8298476860667658
3025,GIB,1998,Gibraltar,1009.15,1076.048,804.254,0.7474146134744919,False,0.2461349404328279,0.7538650595671721,940.1510000000001,0.855451943358035
3026,GIB,1999,Gibraltar,1067.302,1137.707,859.072,0.755090721952137,False,0.2526782349668928,0.7473217650331072,998.3895,0.8604577672341306
3027,GIB,2000,Gibraltar,1056.13,1118.829,867.948,0.7757646610876193,False,0.24991529848812724,0.7500847015118728,993.3885,0.8737246303938488
3028,GIB,2001,Gibraltar,1143.64,1233.963,863.272,0.6995930996310262,False,0.2436611625315961,0.7563388374684039,1048.6175,0.8232477523977999
3029,GIB,2002,Gibraltar,1139.31,1235.003,852.794,0.6905197801138945,False,0.2503682540180896,0.7496317459819104,1043.8985,0.8169319143575741
3030,GIB,2003,Gibraltar,1194.214,1300.905,882.454,0.6783385412462862,False,0.2549665313262485,0.7450334686737514,1091.6795,0.8083453064750231
3031,GIB,2004,Gibraltar,1176.591,1266.785,911.465,0.7195104141586772,False,0.2538387932004958,0.7461612067995043,1089.125,0.8368782279352691
3032,GIB,2005,Gibraltar,1258.298,1370.185,936.969,0.6838266365490792,False,0.2582707009898064,0.7417292990101936,1153.577,0.8122292660134521
3033,GIB,2006,Gibraltar,,1503.722,1013.913,0.6742689140678929,False,,,1258.8175,0.8054487644158108
3034,GIB,2007,Gibraltar,,1478.565,995.9,0.6735584840707036,False,,,1237.2325,0.8049416742609008
3035,GIB,2008,Gibraltar,,1641.763,1009.496,0.6148853397232122,False,,,1325.6295,0.761521978803278
3036,GIB,2009,Gibraltar,,1635.528,1094.884,0.6694376372645409,False,,,1365.2060000000001,0.8019917873200088
3037,GIB,2010,Gibraltar,,1651.592,1118.136,0.6770049745942096,False,,,1384.864,0.8073976939251796
3038,GIB,2011,Gibraltar,,1749.623,1130.433,0.6461009028802205,False,,,1440.028,0.7850076526289766
3039,GIB,2012,Gibraltar,1201.099,1733.992,1201.099,0.6926785129343157,False,1.0,0.0,1467.5455,0.8184407229622522
3045,GIB,2018,Gibraltar,,1886.494,1331.735,0.705931214199462,False,,,1609.1145,0.8276197871562279
3046,GIN,2019,Guinea,1765988.126,1846063.233,1495499.588,0.810102038362843,False,0.22841817211251347,0.7715818278874865,1670781.4105,0.8950899133791864
3063,GMB,2012,Gambia,3603.209,3923.574,2779.67,0.7084535680988813,True,0.2800628374409043,0.7199371625590957,3351.6220000000003,0.8293506845342344
3066,GMB,2018,Gambia,3988.236,4087.448,3750.876,0.9176571787579928,True,0.29477199529372644,0.7052280047062736,3919.1620000000003,0.957060718592393
3069,GNB,2019,Guinea-Bissau,64149.79,72243.768,41543.127,0.5750409779290582,False,0.26364198714938875,0.7363580128506113,56893.447499999995,0.7301917676899436
3072,GNB,2022,Guinea-Bissau,87940.423,92822.954,74487.455,0.8024680511676024,False,0.26628841680283716,0.7337115831971628,83655.20449999999,0.8904102912090784
3075,GRC,2002,Greece,1263.72,1419.37,1015.29,0.7153103137307397,False,0.3851960007919221,0.6148039992080778,1217.33,0.8340302136643309
3078,GRC,2006,Greece,1651.0,1837.0,1400.0,0.7621121393576483,False,0.425629290617849,0.5743707093821511,1618.5,0.8649984553599012
3081,GRC,2007,Greece,973.424,1037.536,885.525,0.8534884572679887,False,0.42175895165481475,0.5782410483451852,961.5305000000001,0.920953625496019
3084,GRC,2008,Greece,1010.075,1077.279,919.2,0.853260854430468,False,0.4251292075481245,0.5748707924518754,998.2395,0.9208211055563319
3087,GRC,2009,Greece,1054.278,1112.32,979.151,0.8802781573647871,False,0.43585218782148943,0.5641478121785106,1045.7355,0.9363275895290921
3090,GRC,2010,Greece,1065.925,1131.781,983.038,0.8685761644699814,False,0.4427502470704505,0.5572497529295495,1057.4095,0.929666321325844
3093,GRC,2011,Greece,1051.049,1118.131,968.021,0.865749183235238,False,0.44688561721404335,0.5531143827859566,1043.076,0.9280445528417871
3096,GRC,2012,Greece,954.143,1017.944,876.781,0.861325377427442,False,0.4519668751726722,0.5480331248273278,947.3625,0.925496839910805
3099,GRC,2013,Greece,903.227,965.47,826.833,0.8564046526562192,False,0.4489638408217144,0.5510361591782855,896.1514999999999,0.9226486816124283
3102,GRC,2014,Greece,880.729,932.446,820.697,0.8801549902085483,False,0.46279608766073943,0.5372039123392606,876.5715,0.9362579093662069
3105,GRC,2015,Greece,864.998,921.626,799.306,0.8672780498814053,False,0.46294964028776947,0.5370503597122305,860.466,0.9289222351609477
3108,GRC,2016,Greece,873.344,930.032,805.462,0.866058372185043,False,0.4550694388697115,0.5449305611302885,867.7470000000001,0.9282221661382868
3111,GRC,2017,Greece,877.024,930.607,812.381,0.8729581875055743,False,0.45322517889465913,0.5467748211053409,871.4939999999999,0.9321705026081649
3114,GRC,2018,Greece,886.053,936.551,824.894,0.8807785160658629,False,0.452260046392076,0.5477399536079239,880.7225000000001,0.9366105668925229
3117,GRC,2019,Greece,885.524,946.448,815.188,0.8613130356871165,False,0.4641474935243028,0.5358525064756972,880.818,0.9254897152419682
3120,GRC,2020,Greece,905.562,964.115,839.109,0.8703411937372617,False,0.46840151672719715,0.5315984832728029,901.6120000000001,0.9306763885130188
3123,GRC,2021,Greece,1933.513,2073.609,1761.84,0.8496490900647132,False,0.4493583390266511,0.5506416609733489,1917.7244999999998,0.918713819425053
3126,GRC,2022,Greece,1863.911,1995.069,1703.43,0.8538200934403773,False,0.44972723126879444,0.5502727687312056,1849.2495,0.9211466597665703
3129,GRC,2023,Greece,1893.231,2025.562,1732.967,0.8555487316606454,False,0.4522667851467045,0.5477332148532955,1879.2645,0.9221517247838183
3178,GTM,2002,Guatemala,1678.841,1733.579,1554.248,0.8965544691069747,True,0.30523445472338906,0.6947655452766109,1643.9135,0.9454560717458673
3181,GTM,2003,Guatemala,1746.948,1833.144,1552.8,0.8470692973383432,True,0.30746511428815987,0.6925348857118401,1692.972,0.917203592262601
3184,GTM,2004,Guatemala,1684.397,1748.068,1534.71,0.8779463956779714,True,0.29842330730509314,0.7015766926949069,1641.3890000000001,0.9350068752745387
3190,GTM,2006,Guatemala,2131.916,2227.444,1928.79,0.8659207593995629,True,0.3198617798522698,0.6801382201477302,2078.117,0.9281431218742736
3199,GTM,2010,Guatemala,2166.921,2229.345,2020.495,0.9063177749518356,True,0.2988939430213072,0.7011060569786929,2124.92,0.950856973439
3202,GTM,2011,Guatemala,2173.883,2277.189,1943.404,0.8534223553688342,False,0.3094986293572212,0.6905013706427787,2110.2965,0.9209151415452758
3205,GTM,2012,Guatemala,2264.647,2287.789,2207.789,0.9650317402522698,False,0.2892750000000035,0.7107249999999965,2247.789,0.982204735408884
3208,GTM,2013,Guatemala,2457.578,2491.139,2384.46,0.957176616800588,True,0.31459799960629664,0.6854020003937034,2437.7995,0.978119816662527
3211,GTM,2014,Guatemala,2577.006,2611.349,2499.835,0.9572964012087238,True,0.3079702996933144,0.6920297003066855,2555.592,0.9781823546168559
3214,GTM,2015,Guatemala,2536.131,2496.96,2634.562,1.0551078110982954,False,0.28466882748797157,0.7153311725120284,2565.761,1.026815046296206
3217,GTM,2016,Guatemala,2584.206,2607.103,2528.944,0.9700207471664909,False,0.29295410637290525,0.7070458936270947,2568.0235000000002,0.9847822654270881
3220,GTM,2017,Guatemala,2602.034,2596.503,2615.981,1.0075016281514022,False,0.2839613923400724,0.7160386076599277,2606.242,1.0037367980410108
3223,GTM,2018,Guatemala,2662.159,2681.135,2617.87,0.9764036499467575,False,0.29994467715166384,0.7000553228483362,2649.5025,0.9880609661625154
3226,GTM,2019,Guatemala,2750.711,2744.702,2764.65,1.0072678199673406,False,0.3012332063364548,0.6987667936635452,2754.6760000000004,1.0036207524950302
3229,GTM,2021,Guatemala,2780.84,2774.405,2795.505,1.0076052342754571,False,0.3049763033175343,0.6950236966824657,2784.955,1.0037882120177886
3232,GTM,2022,Guatemala,2982.123,3126.857,2704.136,0.864809615534065,False,0.3423865859514903,0.6576134140485097,2915.4965,0.9275044576455502
3235,GTM,2023,Guatemala,2792.624,2880.545,2612.324,0.9068853289915624,False,0.32779312581789,0.67220687418211,2746.4345000000003,0.9511692341470367
3298,GUY,2018,Guyana,76729.473,82316.024,68469.065,0.8317829466593284,True,0.4034496671796317,0.5965503328203683,75392.5445,0.9081675841302849
3301,GUY,2019,Guyana,81867.118,86863.156,74712.503,0.8601172976031403,False,0.41117444469856873,0.5888255553014312,80787.82949999999,0.9247989884416935
3310,HKG,2005,"Hong Kong, China",,11000.0,8000.0,0.7272727272727273,False,,,9500.0,0.8421052631578947
3313,HKG,2007,"Hong Kong, China",10000.1,12000.0,8000.0,0.6666666666666666,False,0.4999749999999999,0.5000250000000002,10000.0,0.8
3316,HKG,2010,"Hong Kong, China",11000.0,12000.0,9000.0,0.75,False,0.3333333333333333,0.6666666666666667,10500.0,0.8571428571428571
3319,HKG,2011,"Hong Kong, China",11000.0,13000.0,9000.0,0.6923076923076923,False,0.5,0.5,11000.0,0.8181818181818182
3322,HKG,2012,"Hong Kong, China",12000.0,14000.0,10000.0,0.7142857142857143,False,0.5,0.5,12000.0,0.8333333333333334
3325,HKG,2013,"Hong Kong, China",12600.0,15000.0,10500.0,0.7,False,0.5333333333333333,0.4666666666666667,12750.0,0.8235294117647058
3328,HKG,2014,"Hong Kong, China",13000.0,15000.0,11000.0,0.7333333333333333,False,0.5,0.5,13000.0,0.8461538461538461
3331,HKG,2015,"Hong Kong, China",14200.0,16500.0,11800.0,0.7151515151515152,False,0.48936170212765956,0.5106382978723405,14150.0,0.833922261484099
3334,HKG,2016,"Hong Kong, China",15000.0,18000.0,12000.0,0.6666666666666666,False,0.5,0.5,15000.0,0.8
3337,HND,2005,Honduras,4243.588,4135.539,4451.138,1.076313873475743,True,0.34236166781263544,0.6576383321873646,4293.3385,1.0367544976945098
3340,HND,2006,Honduras,4561.445,4493.369,4692.716,1.04436470719409,False,0.34149498111333404,0.6585050188866659,4593.0425,1.0217009748984471
3343,HND,2007,Honduras,5035.409,4891.539,5321.134,1.087824097896388,False,0.3348968214248299,0.6651031785751701,5106.336499999999,1.0420648932948309
3346,HND,2008,Honduras,5696.523,5596.2,5887.751,1.0520980308066188,True,0.34410103206643156,0.6558989679335685,5741.9755000000005,1.0253876910481419
3349,HND,2009,Honduras,5860.792,5616.147,6371.893,1.134566634384748,False,0.32371325815816476,0.6762867418418352,5994.02,1.0630416648593097
3352,HND,2010,Honduras,6255.095,5980.78,6787.823,1.134939422617117,False,0.33990134354675067,0.6600986564532494,6384.3015,1.0632052699892072
3355,HND,2011,Honduras,7385.085,7054.622,8018.433,1.1366212108884075,False,0.34287116457479716,0.6571288354252028,7536.5275,1.0639426446728948
3358,HND,2012,Honduras,6945.277,6638.761,7529.376,1.1341537976739937,False,0.3441621800665829,0.6558378199334172,7084.0685,1.0628604170047198
3361,HND,2013,Honduras,6045.341,5666.894,6777.286,1.1959436686128238,False,0.34082288056830395,0.659177119431696,6222.09,1.0892298247052035
3364,HND,2014,Honduras,6678.121,6286.042,7406.9,1.178309021797818,False,0.3498025619659225,0.6501974380340775,6846.471,1.081856623653266
3367,HND,2015,Honduras,6660.392,6373.994,7201.77,1.1298677093200904,False,0.345984904128653,0.654015095871347,6787.882,1.060974542574547
3370,HND,2016,Honduras,7024.417,6707.003,7623.526,1.136651646048168,False,0.34632409661296076,0.6536759033870392,7165.264499999999,1.063955978177777
3373,HND,2017,Honduras,6875.838,6713.916,7198.0,1.0721015872108022,False,0.33449153452706476,0.6655084654729353,6955.9580000000005,1.0347963573098053
3376,HND,2018,Honduras,6650.171,6318.571,7315.927,1.157845183665737,True,0.332479074673437,0.667520925326563,6817.249,1.0731494478197876
3379,HND,2019,Honduras,7338.608,7067.458,7864.666,1.1127998213784929,False,0.34012453462584463,0.6598754653741554,7466.062,1.0533887878241568
3382,HND,2020,Honduras,8296.334,7711.371,9356.567,1.2133467576647523,True,0.35555824351627463,0.6444417564837254,8533.969,1.0963910227468603
3385,HND,2021,Honduras,25262.372,23871.754,27798.25,1.1644829282339286,False,0.3541625917866716,0.6458374082133285,25835.002,1.0759917881949457
3388,HND,2022,Honduras,9217.472,9205.795,9241.316,1.003858547795166,False,0.3287351144393308,0.6712648855606692,9223.5555,1.0019255589669298
3391,HND,2023,Honduras,11039.177,10774.6,11608.047,1.0773529411764706,False,0.31744909994276693,0.6825509000572331,11191.3235,1.037236301854736
3436,HRV,2003,Croatia,5599.0,5868.0,5251.0,0.8948534423994546,True,0.4359805510534846,0.5640194489465153,5559.5,0.9445093983271877
3439,HRV,2004,Croatia,5916.0,6206.0,5540.0,0.8926844988720593,False,0.43543543543543545,0.5645645645645645,5873.0,0.9432998467563426
3442,HRV,2005,Croatia,6191.67,6492.36,5806.025,0.8942857450911533,False,0.43810966947627555,0.5618903305237244,6149.192499999999,0.9441930790099676
3445,HRV,2006,Croatia,6575.0,6909.0,6149.0,0.8899985526125344,False,0.4394736842105263,0.5605263157894738,6529.0,0.9417981314136927
3448,HRV,2007,Croatia,6995.0,7344.0,6549.0,0.891748366013072,False,0.4389937106918239,0.5610062893081761,6946.5,0.9427769380263442
3451,HRV,2008,Croatia,7507.0,7892.0,7016.0,0.8890015205271161,False,0.4394977168949772,0.5605022831050228,7454.0,0.941239602897773
3454,HRV,2009,Croatia,7655.0,8033.0,7181.0,0.8939375077804058,False,0.44366197183098594,0.556338028169014,7607.0,0.943998948337058
3457,HRV,2010,Croatia,1262.145,1350.473,1165.939,0.8633560241485762,False,0.4786543401216038,0.5213456598783962,1258.2060000000001,0.9266678111533405
3460,HRV,2011,Croatia,1248.844,1336.908,1153.725,0.8629801003509591,False,0.4807433004154308,0.5192566995845692,1245.3165,0.9264512274590435
3463,HRV,2012,Croatia,1239.342,1319.585,1147.991,0.8699636628182345,False,0.467632900917281,0.532367099082719,1233.788,0.9304605005073805
3466,HRV,2013,Croatia,1190.134,1261.463,1109.55,0.8795739550030401,False,0.4695384858438708,0.5304615141561292,1185.5065,0.9359290733538786
3469,HRV,2014,Croatia,1166.84,1246.168,1072.853,0.8609216413838264,False,0.4577099500908753,0.5422900499091248,1159.5104999999999,0.9252637211995925
3472,HRV,2015,Croatia,1274.332,1357.66,1178.047,0.8677039906898634,False,0.46393078452005115,0.5360692154799489,1267.8535000000002,0.9291665007037484
3475,HRV,2016,Croatia,1255.883,1349.652,1150.663,0.8525627346901276,False,0.4712270527516596,0.5287729472483405,1250.1575,0.9204144277820995
3478,HRV,2017,Croatia,1339.598,1454.196,1211.194,0.8328959782587767,False,0.47159282639649047,0.5284071736035095,1332.695,0.9088306026510192
3481,HRV,2018,Croatia,1359.636,1486.021,1217.037,0.8189904449533352,False,0.46986066085715145,0.5301393391428486,1351.529,0.9004890017158345
3484,HRV,2019,Croatia,1456.336,1591.588,1306.257,0.8207255897883121,False,0.47401789500615077,0.5259821049938492,1448.9225000000001,0.9015368316800932
3487,HRV,2020,Croatia,1541.129,1724.823,1331.197,0.7717875979158441,False,0.466671408900835,0.533328591099165,1528.01,0.8711965235829607
3490,HRV,2021,Croatia,1618.889,1766.881,1448.363,0.8197286631074758,False,0.46462680288084246,0.5353731971191575,1607.622,0.9009350456761602
3493,HRV,2022,Croatia,1682.082,1868.198,1486.15,0.7954991922697702,False,0.4871534466873272,0.5128465533126728,1677.174,0.8861036481605368
3496,HRV,2023,Croatia,1430.873,1605.844,1245.609,0.7756724812621898,False,0.48571349258123153,0.5142865074187685,1425.7265,0.8736661624792693
3525,HUN,1992,Hungary,22294.0,24505.0,19799.0,0.8079575596816976,False,0.4698257543561411,0.530174245643859,22152.0,0.8937793427230047
3528,HUN,1993,Hungary,27173.0,30106.0,23964.0,0.7959875107951904,False,0.47753174861608594,0.5224682513839141,27035.0,0.8864065100795265
3531,HUN,1994,Hungary,33939.0,37509.0,30126.0,0.803167239862433,False,0.48354327509142625,0.5164567249085737,33817.5,0.8908405411399424
3534,HUN,1995,Hungary,39854.0,44087.0,35310.0,0.8009163699049606,False,0.48228324028711406,0.517716759712886,39698.5,0.8894542614960262
3537,HUN,1996,Hungary,47491.0,52879.0,41738.0,0.7893114468881787,False,0.4836190647159142,0.5163809352840858,47308.5,0.882251603834406
3540,HUN,1997,Hungary,58259.0,65186.0,50910.0,0.7809959193691897,False,0.4852199495657047,0.5147800504342953,58048.0,0.8770328004410143
3543,HUN,1998,Hungary,68718.0,76487.0,60521.0,0.7912586452599788,False,0.4865965175998998,0.5134034824001001,68504.0,0.8834666588812332
3546,HUN,1999,Hungary,76973.0,84649.0,68431.0,0.8084088412148992,True,0.473301270193612,0.526698729806388,76540.0,0.8940553958714398
3549,HUN,2000,Hungary,87566.0,96563.0,77761.0,0.8052877396104098,False,0.4785129241570046,0.5214870758429955,87162.0,0.8921433652279663
3552,HUN,2001,Hungary,103280.0,113311.0,92217.0,0.8138397860754913,False,0.47553806769697543,0.5244619323030246,102764.0,0.897366782141606
3555,HUN,2002,Hungary,122266.0,131413.0,111725.0,0.8501822498535152,False,0.46459772450223485,0.5354022754977652,121569.0,0.9190254094382614
3558,HUN,2003,Hungary,138003.0,146496.0,128488.0,0.8770751419833989,False,0.4716237227898712,0.5283762772101288,137492.0,0.9345125534576557
3561,HUN,2004,Hungary,145187.0,155183.0,133846.0,0.8625042691531933,False,0.468481979659746,0.5315180203402541,144514.5,0.9261769580215135
3564,HUN,2005,Hungary,459.119,503.244,414.874,0.8243992973587365,False,0.4993210365508656,0.5006789634491344,459.059,0.9037487556065779
3567,HUN,2006,Hungary,506.616,546.532,463.492,0.8480601318861475,False,0.4806840077071296,0.5193159922928704,505.01200000000006,0.9177841318622131
3570,HUN,2007,Hungary,633.315,666.16,597.694,0.8972228893959409,False,0.47972716384774794,0.5202728361522521,631.9269999999999,0.9458276035048353
3573,HUN,2008,Hungary,743.632,792.506,688.211,0.8683984726929512,False,0.4686130686993628,0.5313869313006372,740.3585,0.9295645285358377
3576,HUN,2009,Hungary,798.765,851.18,740.5,0.8699687492657253,False,0.473572461149259,0.526427538850741,795.8399999999999,0.9304634097305992
3579,HUN,2010,Hungary,720.388,764.583,672.845,0.8800156425136317,False,0.4817523817829031,0.518247618217097,718.7139999999999,0.9361790642731324
3582,HUN,2011,Hungary,760.199,813.923,702.568,0.8631873039587282,False,0.4824570068699209,0.5175429931300791,758.2455,0.9265706159812356
3585,HUN,2012,Hungary,774.353,824.028,719.728,0.8734266311338934,False,0.476270373921381,0.5237296260786191,771.8779999999999,0.9324375095546188
3588,HUN,2013,Hungary,760.44,819.942,694.844,0.8474306719255753,False,0.4756430958128825,0.5243569041871174,757.393,0.9174153972904424
3591,HUN,2014,Hungary,782.144,844.109,713.274,0.8450022449707324,False,0.47361180112355267,0.5263881988764474,778.6915,0.9159904788995386
3594,HUN,2015,Hungary,753.44,796.299,704.708,0.8849791347220076,False,0.4679389896387191,0.5320610103612808,750.5035,0.9389802978933475
3597,HUN,2016,Hungary,779.873,841.486,709.892,0.8436171249432552,False,0.4682052373208503,0.5317947626791497,775.6890000000001,0.9151760563834217
3600,HUN,2017,Hungary,837.408,893.318,774.36,0.866835774046868,False,0.46999781435464605,0.530002185645354,833.8389999999999,0.9286684839639308
3603,HUN,2018,Hungary,847.867,935.181,752.638,0.8048046314029049,False,0.478320176615921,0.5216798233840789,843.9095,0.891846815327947
3606,HUN,2019,Hungary,901.438,977.466,818.168,0.8370296255828847,False,0.47726901781566633,0.5227309821843337,897.817,0.911285930206267
3609,HUN,2020,Hungary,967.429,1036.499,889.642,0.8583143833230905,False,0.470321469184309,0.529678530815691,963.0705,0.9237558413428716
3612,HUN,2021,Hungary,829.992,899.209,749.279,0.8332645691935913,False,0.4616621089841927,0.5383378910158073,824.2439999999999,0.9090499900514897
3615,HUN,2022,Hungary,987.405,1071.28,891.799,0.8324611679486222,False,0.46731966057688556,0.5326803394231144,981.5395,0.9085716876396722
3618,HUN,2023,Hungary,1045.717,1139.164,942.742,0.8275735539395557,False,0.4757460976876311,0.5242539023123689,1040.953,0.9056528008469162
3629,IDN,1996,Indonesia,404770.879,450500.961,300633.805,0.6673322168562477,False,0.3051374511971121,0.6948625488028879,375567.38300000003,0.8004790048554349
3632,IDN,1997,Indonesia,464434.204,514341.206,353267.131,0.6868342004859708,False,0.3098388241559045,0.6901611758440955,433804.1685,0.8143470179678551
3635,IDN,1998,Indonesia,553069.117,616929.912,420141.547,0.6810199000368781,False,0.3245150951886817,0.6754849048113183,518535.7295,0.8102460893198682
3638,IDN,1999,Indonesia,677691.823,750401.068,525819.84,0.7007184056939535,False,0.3237547752655444,0.6762452247344556,638110.4539999999,0.8240263683252556
3641,IDN,2000,Indonesia,430196.73,481307.615,326035.028,0.6773942855651681,False,0.3291687604844248,0.6708312395155752,403671.32149999996,0.8076744882160276
3644,IDN,2001,Indonesia,590866.355,642106.357,479151.411,0.7462181393728206,False,0.3144427540112836,0.6855572459887165,560628.884,0.8546677216866337
3647,IDN,2002,Indonesia,691766.912,751114.126,561151.927,0.7470927620392004,False,0.31241591386294715,0.6875840861370528,656133.0265,0.8552410934004402
3650,IDN,2003,Indonesia,786859.657,852098.624,642182.877,0.7536485318863747,False,0.31078643661735367,0.6892135633826464,747140.7505,0.8595206145163943
3653,IDN,2004,Indonesia,840021.08,912644.785,676516.438,0.7412702610249396,False,0.3075602989758788,0.6924397010241212,794580.6115,0.8514132212751582
3656,IDN,2005,Indonesia,850790.049,929171.431,684004.726,0.7361448094286059,False,0.31970647074609904,0.680293529253901,806588.0785000001,0.8480223601519545
3659,IDN,2006,Indonesia,995447.946,1080356.21,824098.171,0.7628022714841431,False,0.33133892825894906,0.6686610717410509,952227.1905,0.8654428052692746
3662,IDN,2007,Indonesia,1075350.928,1163855.841,892041.457,0.7664535637279154,False,0.3256079082260781,0.6743920917739219,1027948.649,0.8677879560110207
3665,IDN,2008,Indonesia,1139076.349,1235559.88,950420.206,0.7692222945924726,True,0.3383728740603105,0.6616271259396895,1092990.043,0.869559802568119
3668,IDN,2009,Indonesia,1305004.134,1422047.951,1082934.459,0.7615316053431732,False,0.3451464473138682,0.6548535526861319,1252491.205,0.8646244018935046
3671,IDN,2010,Indonesia,1373249.226,1492223.425,1154074.91,0.7733928382742014,False,0.35184007535860384,0.6481599246413962,1323149.1675,0.8722182943141216
3674,IDN,2011,Indonesia,1331778.138,1428567.257,1130844.123,0.7915931976312963,False,0.3250977433282021,0.6749022566717979,1279705.69,0.8836751542458172
3677,IDN,2012,Indonesia,1416851.816,1514927.804,1214266.183,0.8015340267660702,False,0.3262005562060077,0.6737994437939923,1364596.9934999999,0.8898350126696216
3680,IDN,2013,Indonesia,1575305.674,1688280.351,1341639.695,0.7946782619399212,True,0.32591294484510763,0.6740870551548923,1514960.023,0.8855941243539995
3683,IDN,2014,Indonesia,1703837.072,1833700.772,1432955.804,0.7814556365361011,False,0.3240557221419687,0.6759442778580314,1633328.2880000002,0.877322590031576
3686,IDN,2015,Indonesia,1818033.31,1923907.864,1597587.138,0.8303865106504913,False,0.3244493700960937,0.6755506299039062,1760747.5010000002,0.9073346048156623
3689,IDN,2016,Indonesia,2125593.661,2271850.423,1830763.079,0.805846661587192,False,0.331582313547405,0.668417686452595,2051306.751,0.892486254485105
3692,IDN,2017,Indonesia,2433700.752,2620257.918,2061855.943,0.7868904541175018,False,0.3340911643444674,0.6659088356555326,2341056.9305,0.8807372072577626
3695,IDN,2018,Indonesia,2465848.915,2658234.116,2083532.238,0.7838031366233508,False,0.33475652049287347,0.6652434795071265,2370883.177,0.878800043044044
3698,IDN,2019,Indonesia,2589312.729,2796506.274,2181905.693,0.7802255669103497,False,0.3371190190918487,0.6628809809081513,2489205.9835,0.8765468617153515
3701,IDN,2020,Indonesia,2561509.932,2752550.31,2186555.669,0.7943744610430028,False,0.3375303654155978,0.6624696345844022,2469552.9895,0.8854054471788041
3704,IDN,2021,Indonesia,2511508.115,2679556.797,2177332.312,0.8125718083071483,True,0.33460869993226156,0.6653913000677385,2428444.5544999996,0.8965954392350942
3707,IDN,2022,Indonesia,2690034.686,2895368.449,2269099.996,0.783699911071318,False,0.32786860333838297,0.672131396661617,2582234.2225,0.8787351574185094
3710,IDN,2023,Indonesia,2776803.875,3007410.446,2307995.085,0.767436013953381,False,0.32971333467753217,0.6702866653224678,2657702.7654999997,0.868417309475084
3714,IMN,1993,Isle of Man,1147.45,1290.34,900.64,0.697986577181208,False,0.3666666666666664,0.6333333333333335,1095.49,0.8221343873517787
3715,IMN,1994,Isle of Man,1134.373,1348.622,925.711,0.6864125010566341,False,0.5066054087030132,0.4933945912969868,1137.1665,0.8140505370145884
3716,IMN,1995,Isle of Man,1199.28,1467.177,922.42,0.6287039668697096,False,0.4917733962115218,0.5082266037884782,1194.7984999999999,0.7720297606667568
3717,IMN,1996,Isle of Man,1246.607,1539.099,978.234,0.6355887438040049,False,0.5215016091216247,0.4784983908783753,1258.6665,0.7771987257943228
3718,IMN,1997,Isle of Man,306.84,370.77,243.7,0.6572807940232489,False,0.503108522861415,0.49689147713858495,307.235,0.7932038992953276
3719,IMN,1998,Isle of Man,1396.382,1701.733,1126.016,0.6616878205923021,False,0.5303838517882917,0.4696161482117083,1413.8745,0.7964044899317444
3720,IMN,1999,Isle of Man,1492.075,1788.723,1181.917,0.6607602183233513,False,0.4888679413189716,0.5111320586810284,1485.32,0.7957322327848544
3721,IMN,2000,Isle of Man,1513.638,1834.621,1206.598,0.6576824314122643,False,0.5111007080950859,0.4888992919049141,1520.6095,0.7934962921118144
3722,IMN,2001,Isle of Man,1596.558,1930.444,1251.024,0.6480498786807594,False,0.4914279826911188,0.5085720173088812,1590.734,0.7864444966914644
3723,IMN,2002,Isle of Man,1656.355,1957.42,1351.739,0.6905717730481961,False,0.49706858891066424,0.5029314110893357,1654.5795,0.816968299196261
3724,IMN,2003,Isle of Man,1798.855,2143.177,1438.816,0.6713472568994534,False,0.48884307904611424,0.5111569209538858,1790.9965000000002,0.8033605872484954
3725,IMN,2004,Isle of Man,1821.891,2180.068,1473.672,0.6759752448088775,False,0.5070484544080092,0.49295154559199084,1826.8700000000001,0.8066649515291181
3726,IMN,2005,Isle of Man,1857.57,2212.63,1489.52,0.6731898238747553,False,0.49101796407185644,0.5089820359281436,1851.075,0.8046783625730994
3727,IMN,2006,Isle of Man,2011.285,2404.016,1645.833,0.6846181556195966,False,0.5179897201599086,0.48201027984009137,2024.9245,0.8127873409601197
3728,IMN,2007,Isle of Man,2080.132,2383.665,1767.073,0.7413260672116259,False,0.49227528089887634,0.5077247191011236,2075.369,0.8514500312956395
3729,IMN,2008,Isle of Man,2154.392,2534.262,1811.326,0.7147350984231307,False,0.5254545353945581,0.4745454646054419,2172.794,0.8336390840549082
3730,IMN,2013,Isle of Man,2689.203,2855.478,2437.735,0.853704703730864,False,0.39803180424327905,0.6019681957567209,2646.6065,0.9210795031297627
3731,IMN,2014,Isle of Man,2895.298,3092.746,2632.337,0.851132618068215,False,0.4288534759311835,0.5711465240688165,2862.5415000000003,0.919580379882702
3732,IMN,2016,Isle of Man,2966.464,3356.498,2449.697,0.7298371695737641,False,0.4301208313621182,0.5698791686378818,2903.0975,0.8438218144585224
3733,IND,2005,India,5121.703,5436.252,3787.866,0.6967789572668817,False,0.19082241659417146,0.8091775834058286,4612.059,0.8212960848939703
3736,IND,2010,India,9585.423,10027.428,7604.418,0.758361765349998,False,0.182419800165909,0.817580199834091,8815.922999999999,0.8625776336748858
3739,IND,2012,India,11910.637,12562.921,9220.648,0.7339573336487588,False,0.19516179558043267,0.8048382044195673,10891.7845,0.8465690814944052
3742,IND,2018,India,15678.987,16813.444,11861.509,0.7054776522882522,False,0.22909367752201926,0.7709063224779807,14337.4765,0.8273079994237479
3745,IND,2019,India,15799.338,17017.66,12150.884,0.7140161455805323,False,0.2503345130328579,0.7496654869671421,14584.272,0.8331498480006406
3748,IND,2020,India,17037.051,18428.805,12780.065,0.6934831097295783,False,0.2463830872017478,0.7536169127982522,15604.435000000001,0.8190020978010418
3751,IND,2021,India,17583.076,19036.947,13228.623,0.694892043351279,False,0.25030817840051606,0.7496918215994839,16132.785,0.8199838403598635
3754,IND,2022,India,18799.404,20268.842,14360.507,0.7085016006341162,False,0.24870593830580048,0.7512940616941995,17314.6745,0.829383595978082
3757,IND,2023,India,19783.492,21513.812,15058.111,0.6999276092958329,False,0.26802976160141295,0.7319702383985871,18285.9615,0.8234793122582041
3760,IRL,2002,Ireland,2641.09,3027.36,2298.92,0.75938111093494,False,0.5302701663829553,0.4697298336170447,2663.1400000000003,0.8632366304437618
3763,IRL,2004,Ireland,2336.965,2801.441,1823.497,0.6509139403614069,False,0.4749515309670081,0.525048469032992,2312.469,0.7885498140731833
3766,IRL,2005,Ireland,2372.294,2807.203,1906.654,0.6792006135644626,False,0.48293763026775904,0.517062369732241,2356.9285,0.8089570812182041
3769,IRL,2006,Ireland,2521.797,2985.882,2019.329,0.6762922982220998,False,0.480144389391994,0.519855610608006,2502.6055,0.8068906585556532
3772,IRL,2007,Ireland,3224.751,3927.23,2516.194,0.6407045169241424,False,0.4978462633129132,0.5021537366870867,3221.712,0.7810114622287777
3775,IRL,2008,Ireland,3361.282,4009.65,2707.209,0.675173394186525,False,0.4978098815992431,0.5021901184007569,3358.4295,0.8060937411370402
3778,IRL,2009,Ireland,3227.006,3845.12,2597.654,0.6755716336551265,False,0.49549566881983165,0.5045043311801684,3221.3869999999997,0.8063775013681995
3781,IRL,2010,Ireland,3350.99,3963.397,2774.141,0.6999402280417532,False,0.5149496828269104,0.48505031717308955,3368.7690000000002,0.8234880456332861
3784,IRL,2011,Ireland,3423.298,4100.542,2864.219,0.6984976620163871,False,0.5477888868847384,0.45221111311526163,3482.3805,0.8224888118917505
3787,IRL,2012,Ireland,3418.78,3986.797,2906.058,0.7289204842885153,False,0.5255820322945687,0.4744179677054313,3446.4275,0.8432088009975548
3790,IRL,2013,Ireland,3626.69,4296.427,3016.881,0.7021836982218015,False,0.5234176809587148,0.47658231904128523,3656.6539999999995,0.8250386829051916
3793,IRL,2014,Ireland,3595.739,4293.584,2951.622,0.6874494594725525,False,0.5200184505969616,0.4799815494030384,3622.603,0.8147793175238909
3796,IRL,2015,Ireland,3560.568,4213.507,2944.473,0.6988176357604248,False,0.5145165535359963,0.48548344646400365,3578.99,0.8227105971237696
3799,IRL,2016,Ireland,3678.744,4288.114,3071.79,0.7163498918172418,False,0.5009931564287144,0.49900684357128555,3679.9519999999998,0.8347364313447567
3802,IRL,2017,Ireland,3721.719,4277.941,3167.67,0.7404660326077429,False,0.5009785899118322,0.4990214100881678,3722.8055,0.8508824863399391
3805,IRL,2018,Ireland,3887.973,4531.751,3228.284,0.7123701191879254,False,0.4938966617490126,0.5061033382509874,3880.0175,0.832028206058349
3808,IRL,2019,Ireland,3985.112,4566.786,3395.02,0.7434156100154463,False,0.4964079858947946,0.5035920141052054,3980.9030000000002,0.8528266074305251
3811,IRL,2020,Ireland,4021.022,4630.093,3390.305,0.7322325923043015,False,0.4912702816933217,0.5087297183066783,4010.1989999999996,0.8454206387264074
3814,IRL,2021,Ireland,4278.008,4920.787,3596.217,0.7308215129002739,False,0.48527371146862786,0.5147262885313721,4258.502,0.8444793497807445
3817,IRL,2022,Ireland,4387.157,5094.519,3642.007,0.7148873132085679,False,0.4869921900817343,0.5130078099182658,4368.263,0.833742611193511
3820,IRL,2023,Ireland,4504.735,5172.459,3818.318,0.7382016947838543,False,0.49309783840826055,0.5069021615917395,4495.3885,0.8493855425398718
3823,ISL,2004,Iceland,2673.212,3287.014,2043.178,0.6215909028680742,False,0.49347502403853893,0.5065249759614611,2665.096,0.7666433029054113
3826,ISL,2005,Iceland,2849.297,3506.359,2191.623,0.6250423872740926,False,0.49976725365396546,0.5002327463460345,2848.991,0.7692628723642861
3829,ISL,2006,Iceland,3738.59,4524.282,2892.81,0.639396483243087,False,0.4815847283925191,0.5184152716074809,3708.5460000000003,0.7800388615915779
3832,ISL,2007,Iceland,4219.754,5092.995,3275.733,0.6431840204044968,False,0.48052564792528546,0.5194743520747145,4184.364,0.7828508705265604
3835,ISL,2008,Iceland,4611.25,5603.3,3551.578,0.6338368461442364,False,0.4835206719038935,0.5164793280961065,4577.439,0.7758875650773281
3838,ISL,2009,Iceland,3104.274,3797.125,2401.492,0.6324500773611614,False,0.49644211622969664,0.5035578837703034,3099.3085,0.7748476797324306
3841,ISL,2010,Iceland,2541.736,3036.211,2031.996,0.6692538825529584,False,0.49239953595594577,0.5076004640440542,2534.1035,0.8018599082476308
3844,ISL,2011,Iceland,2730.881,3308.389,2156.217,0.6517422830265728,False,0.5012341907284679,0.49876580927153213,2732.303,0.7891573518749568
3847,ISL,2012,Iceland,2921.164,3504.932,2320.387,0.662034812658277,False,0.4928204500462201,0.5071795499537799,2912.6594999999998,0.7966557711260106
3850,ISL,2013,Iceland,2746.691,3348.188,2133.973,0.6373516063016772,False,0.4953793191485859,0.5046206808514141,2741.0805,0.7785152606791372
3853,ISL,2014,Iceland,3364.105,4023.486,2691.951,0.6690593679212504,False,0.4952036559309368,0.5047963440690633,3357.7185,0.8017202752404646
3856,ISL,2015,Iceland,3351.985,3943.053,2719.717,0.6897490345678844,False,0.48316079964948294,0.5168392003505171,3331.385,0.816392281288413
3859,ISL,2016,Iceland,25153.079,29381.792,20651.205,0.7028572321252564,False,0.4843560919786951,0.5156439080213049,25016.4985,0.8255034172748037
3862,ISL,2017,Iceland,5232.809,5862.352,4518.56,0.7707759615935721,False,0.46848247347803823,0.5315175265219618,5190.456,0.8705516432467592
3865,ISL,2018,Iceland,6122.922,6879.357,5283.199,0.7679786061400796,False,0.4739098510297854,0.5260901489702146,6081.278,0.8687645919163701
3868,ISL,2019,Iceland,6056.891,6896.771,5226.14,0.7577662068234541,False,0.5027322011862586,0.4972677988137414,6061.4555,0.8621922572886991
3949,ISR,2009,Israel,7947.0,9526.0,6280.0,0.6592483728742389,False,0.4864448552064079,0.5135551447935921,7903.0,0.7946349487536378
3952,ISR,2010,Israel,8100.0,9720.0,6386.0,0.6569958847736626,False,0.4859028194361128,0.5140971805638872,8053.0,0.7929963988575686
3955,ISR,2011,Israel,8325.0,9976.0,6600.0,0.6615878107457899,False,0.4890402843601896,0.5109597156398105,8288.0,0.7963320463320464
3958,ISR,2012,Israel,9149.0,10953.0,7244.0,0.6613713137953072,False,0.4863844702076031,0.5136155297923969,9098.5,0.7961751937132494
3961,ISR,2013,Israel,9030.0,10683.0,7280.0,0.681456519704203,False,0.48574786952688803,0.514252130473112,8981.5,0.8105550297834437
3964,ISR,2014,Israel,9317.0,11114.0,7439.0,0.6693359726471118,False,0.4889795918367347,0.5110204081632653,9276.5,0.8019188271438581
3967,ISR,2015,Israel,9503.0,11219.0,7666.0,0.6833051074070773,False,0.48297213622291024,0.5170278637770898,9442.5,0.811861265554673
3970,ISR,2016,Israel,9724.0,11664.0,7633.0,0.6544067215363512,False,0.4812701562887621,0.518729843711238,9648.5,0.7911074260247707
3973,ISR,2018,Israel,10584.0,12498.0,8546.0,0.6837894063050088,False,0.48431174089068824,0.5156882591093117,10522.0,0.8122030032313249
3976,ISR,2021,Israel,10928.0,13126.0,8670.0,0.6605211031540454,False,0.49326750448833034,0.5067324955116697,10898.0,0.7955588181317673
3979,ITA,2002,Italy,1880.12,2008.9,1612.32,0.8025884812584001,False,0.3247264108124468,0.6752735891875532,1810.6100000000001,0.8904844223769889
3982,ITA,2006,Italy,2099.0,2271.0,1865.0,0.8212241303390577,False,0.4236453201970443,0.5763546798029557,2068.0,0.9018375241779497
3985,ITA,2007,Italy,2725.037,3023.628,2322.827,0.7682251255776174,False,0.4260710244420319,0.5739289755579682,2673.2275,0.8689223045924824
3988,ITA,2008,Italy,1210.181,1327.267,1055.891,0.7955377478683641,True,0.43145303932551154,0.5685469606744884,1191.5790000000002,0.8861275668671569
3991,ITA,2009,Italy,1226.329,1342.1,1076.051,0.8017666343789583,False,0.43514916425169786,0.5648508357483022,1209.0755,0.8899783346862954
3994,ITA,2010,Italy,1247.144,1365.152,1096.278,0.8030446426478517,False,0.43889702983553647,0.5611029701644635,1230.7150000000001,0.890765124338291
3997,ITA,2011,Italy,1258.837,1381.381,1104.727,0.7997265055766657,False,0.4429504001388019,0.5570495998611982,1243.054,0.8887200395155802
4000,ITA,2012,Italy,1258.506,1385.247,1102.635,0.7959843984502403,False,0.4484629102798181,0.5515370897201819,1243.941,0.8864045802815407
4003,ITA,2013,Italy,1264.564,1392.136,1109.764,0.7971663688030479,False,0.45178700437720404,0.5482129956227959,1250.9499999999998,0.8871369758983173
4006,ITA,2014,Italy,1286.271,1414.914,1130.777,0.7991842613756031,False,0.45274990585527425,0.5472500941447258,1272.8455,0.8883851182252678
4009,ITA,2015,Italy,1307.589,1435.25,1152.079,0.8027026650409336,False,0.45082653237796255,0.5491734676220374,1293.6644999999999,0.8905546994603315
4012,ITA,2016,Italy,1319.238,1444.427,1166.404,0.8075202138979679,False,0.45028289026447416,0.5497171097355258,1305.4155,0.8935116826788099
4015,ITA,2017,Italy,1325.863,1450.359,1176.081,0.8108895797523233,False,0.4539044327288366,0.5460955672711634,1313.2199999999998,0.8955704299355782
4018,ITA,2018,Italy,1338.435,1466.293,1184.322,0.8076980521628351,False,0.4534437938653264,0.5465562061346736,1325.3075,0.8936205371206305
4021,ITA,2019,Italy,1354.972,1482.538,1201.049,0.8101303305547648,False,0.4531828952463507,0.5468171047536493,1341.7935,0.8951071830352435
4024,ITA,2020,Italy,1365.486,1487.645,1217.168,0.8181844458859472,False,0.45164283839291264,0.5483571616070874,1352.4065,0.9000015897587004
4027,ITA,2021,Italy,3077.83,3421.677,2643.117,0.7724624504300085,False,0.4416448314837652,0.5583551685162348,3032.397,0.8716263075052508
4030,ITA,2022,Italy,3116.198,3482.43,2655.792,0.7626260972941309,False,0.4430379440577375,0.5569620559422626,3069.111,0.8653294064633048
4033,ITA,2023,Italy,3203.698,3533.506,2804.042,0.793558012919746,False,0.45212375113782177,0.5478762488621782,3168.774,0.8848980709889692
4057,JAM,2008,Jamaica,30578.195,33007.278,28111.792,0.851684649670294,False,0.49618832532663765,0.5038116746733623,30559.535,0.9199024788826139
4060,JAM,2009,Jamaica,28534.069,30762.205,26407.878,0.8584520517953768,False,0.5117061718148411,0.4882938281851589,28585.0415,0.9238355662348785
4063,JAM,2010,Jamaica,29228.216,31000.854,27559.628,0.8889957676649811,False,0.515118158470266,0.484881841529734,29280.241,0.9412363784847262
4066,JAM,2011,Jamaica,31509.509,33069.946,30020.721,0.9077946785882263,False,0.5117487230361827,0.4882512769638173,31545.3335,0.9516691589264701
4069,JAM,2012,Jamaica,30639.538,31830.334,29551.991,0.9284222716607373,False,0.5226587919378249,0.47734120806217506,30691.1625,0.9628827516715929
4072,JAM,2013,Jamaica,35859.531,35922.63,35800.329,0.9965954330181281,False,0.5159320038265833,0.48406799617341667,35861.4795,0.9982948137987446
4075,JAM,2014,Jamaica,37139.627,37247.371,37040.375,0.9944426681818698,False,0.520512473670985,0.47948752632901503,37143.873,0.9972135915928854
4101,JOR,1980,Jordan,74.043,76.121,63.651,0.8361818683411937,False,0.16663993584602968,0.8333600641539703,69.886,0.910783275620296
4102,JOR,1981,Jordan,79.759,87.812,73.264,0.8343278822939917,False,0.5535468792961229,0.4464531207038771,80.538,0.9096823859544563
4103,JOR,1982,Jordan,97.945,102.101,80.278,0.7862606634606909,False,0.19044127755120777,0.8095587224487922,91.18950000000001,0.8803425833018056
4104,JOR,1983,Jordan,102.621,107.038,85.214,0.7961097927838712,False,0.20239186217008806,0.7976081378299119,96.126,0.8864823252814015
4105,JOR,1984,Jordan,90.41,92.229,80.278,0.8704203666959417,False,0.15220483641536303,0.847795163584637,86.2535,0.9307216518749964
4106,JOR,1985,Jordan,111.194,129.9,103.92,0.7999999999999999,False,0.7200153964588145,0.2799846035411855,116.91,0.888888888888889
4107,JOR,1986,Jordan,116.91,123.145,95.606,0.7763693207194771,False,0.2264061875885108,0.7735938124114892,109.37549999999999,0.8741080040776957
4108,JOR,1987,Jordan,127.302,135.096,103.92,0.7692307692307693,False,0.2499999999999999,0.7500000000000001,119.50800000000001,0.8695652173913043
4109,JOR,1988,Jordan,129.9,135.096,106.518,0.7884615384615384,False,0.18181818181818174,0.8181818181818182,120.807,0.8817204301075269
4110,JOR,1989,Jordan,132.498,140.292,107.297,0.764811963618738,False,0.23621760872859554,0.7637823912714045,123.7945,0.8667347903178251
4111,JOR,1990,Jordan,135.096,142.89,111.714,0.7818181818181819,False,0.24999999999999956,0.7500000000000004,127.30199999999999,0.8775510204081634
4114,JOR,1991,Jordan,135.096,150.684,119.508,0.7931034482758621,False,0.4999999999999998,0.5000000000000002,135.096,0.8846153846153846
4117,JOR,1992,Jordan,145.488,152.762,122.885,0.8044212565952266,False,0.24346487264450922,0.7565351273554908,137.8235,0.8916113725162981
4120,JOR,1993,Jordan,152.762,159.257,131.199,0.8238193611583793,False,0.23148478152398624,0.7685152184760138,145.228,0.903400170765968
4123,JOR,2016,Jordan,493.0,507.0,458.0,0.903353057199211,False,0.2857142857142857,0.7142857142857143,482.5,0.9492227979274611
4126,JOR,2017,Jordan,353.086,360.468,324.388,0.8999078975110133,True,0.20460088691796,0.79539911308204,342.428,0.9473173922693237
4129,JOR,2018,Jordan,331.572,332.091,329.187,0.9912554089090039,False,0.1787190082644649,0.821280991735535,330.639,0.9956085035340658
4132,JOR,2019,Jordan,320.031,318.375,329.094,1.0336678445229681,False,0.15449202350965638,0.8455079764903436,323.7345,1.0165552327601783
4135,JOR,2020,Jordan,321.731,318.84,335.914,1.053550370091582,False,0.1693217757994622,0.8306782242005378,327.37699999999995,1.026076969365594
4138,JOR,2021,Jordan,337.059,334.678,348.852,1.042351155438959,False,0.16798363200225994,0.83201636799774,341.765,1.0207364709668925
4141,JOR,2022,Jordan,340.545,337.387,357.104,1.0584403074214477,False,0.1601663539077962,0.8398336460922038,347.2455,1.0283905766957382
4144,JOR,2023,Jordan,341.397,342.413,336.967,0.9840952300292336,False,0.18655894234300674,0.8134410576569933,339.69,0.9919838676440283
4147,JPN,1993,Japan,281100.0,319900.0,197000.0,0.6158174429509221,False,0.31570382424735555,0.6842961757526445,258450.0,0.7622364093635132
4150,JPN,1994,Japan,288400.0,327400.0,203000.0,0.6200366524129505,False,0.3135048231511254,0.6864951768488746,265200.0,0.7654600301659125
4153,JPN,1995,Japan,291300.0,330000.0,206200.0,0.6248484848484849,False,0.31260096930533116,0.6873990306946689,268100.0,0.7691160014919806
4156,JPN,1996,Japan,295600.0,334000.0,209600.0,0.6275449101796408,False,0.3086816720257235,0.6913183279742765,271800.0,0.7711552612214864
4159,JPN,1997,Japan,298900.0,337000.0,212700.0,0.6311572700296736,False,0.3065164923572003,0.6934835076427996,274850.0,0.7738766599963617
4162,JPN,1998,Japan,299100.0,336400.0,214900.0,0.6388228299643282,False,0.3069958847736626,0.6930041152263374,275650.0,0.7796118265916924
4165,JPN,2009,Japan,294500.0,326800.0,228000.0,0.6976744186046512,False,0.3269230769230769,0.6730769230769231,277400.0,0.821917808219178
4168,JPN,2010,Japan,296200.0,328300.0,227600.0,0.6932683521169661,False,0.3187686196623635,0.6812313803376365,277950.0,0.8188523115668286
4171,JPN,2011,Japan,296800.0,328300.0,231900.0,0.7063661285409686,False,0.32676348547717843,0.6732365145228216,280100.0,0.8279186004998215
4174,JPN,2012,Japan,297700.0,329000.0,233100.0,0.7085106382978723,False,0.32638164754953075,0.6736183524504693,281050.0,0.8293897882938979
4177,JPN,2013,Japan,295700.0,326000.0,232600.0,0.7134969325153374,False,0.32441113490364026,0.6755888650963597,279300.0,0.832796276405299
4180,JPN,2014,Japan,299600.0,329600.0,238000.0,0.7220873786407767,False,0.32751091703056767,0.6724890829694323,283800.0,0.8386187455954898
4183,JPN,2015,Japan,303500.0,334000.0,241700.0,0.7236526946107784,False,0.3304442036836403,0.6695557963163596,287850.0,0.8396734410283133
4186,JPN,2016,Japan,303600.0,334600.0,243900.0,0.7289300657501494,False,0.34178610804851156,0.6582138919514884,289250.0,0.8432152117545376
4189,JPN,2017,Japan,303800.0,334400.0,246300.0,0.7365430622009569,False,0.3473325766174801,0.6526674233825198,290350.0,0.8482865507146548
4192,JPN,2018,Japan,305300.0,336100.0,246900.0,0.7346027967866706,False,0.3452914798206278,0.6547085201793722,291500.0,0.8469982847341337
4195,JPN,2019,Japan,306000.0,336100.0,249800.0,0.7432311811960726,False,0.3487833140208575,0.6512166859791425,292950.0,0.852705239802014
4198,JPN,2020,Japan,307700.0,338800.0,251800.0,0.7432113341204251,False,0.35747126436781607,0.6425287356321839,295300.0,0.8526921774466644
4201,JPN,2021,Japan,307400.0,337200.0,253600.0,0.7520759193357058,False,0.35645933014354064,0.6435406698564594,295400.0,0.8584969532836831
4229,KAZ,1998,Kazakhstan,9683.0,10904.0,8260.0,0.7575201760821717,False,0.46180030257186083,0.5381996974281391,9582.0,0.8620329785013567
4232,KAZ,1999,Kazakhstan,11864.0,14034.0,9485.0,0.6758586290437509,False,0.47702791822378543,0.5229720817762146,11759.5,0.8065819124962796
4235,KAZ,2000,Kazakhstan,14374.0,17603.0,10819.0,0.6146111458274158,False,0.4759728773584906,0.5240271226415094,14211.0,0.7613116599817044
4238,KAZ,2001,Kazakhstan,17303.0,21511.0,12635.0,0.5873739017246989,False,0.47408742676881477,0.5259125732311852,17073.0,0.7400574005740057
4241,KAZ,2002,Kazakhstan,20323.0,24847.0,15340.0,0.6173783555358796,False,0.4758598927106343,0.5241401072893657,20093.5,0.7634309602607808
4244,KAZ,2003,Kazakhstan,23128.0,28476.0,17304.0,0.6076696165191741,False,0.47869674185463656,0.5213032581453634,22890.0,0.7559633027522936
4247,KAZ,2004,Kazakhstan,28329.0,34648.0,21445.0,0.6189390441006696,False,0.47860334772400215,0.5213966522759979,28046.5,0.7646230367425525
4250,KAZ,2005,Kazakhstan,33807.0,41840.0,25564.0,0.6109942638623327,False,0.49354878348488573,0.5064512165151143,33702.0,0.7585306509999407
4253,KAZ,2006,Kazakhstan,40800.0,49737.0,30984.0,0.622956752518246,False,0.476563749800032,0.523436250199968,40360.5,0.7676812725313116
4262,KAZ,2009,Kazakhstan,67333.0,80491.0,53276.0,0.6618876644593805,False,0.4834833731398126,0.5165166268601874,66883.5,0.7965492236500781
4265,KAZ,2010,Kazakhstan,77611.0,92853.0,61273.0,0.6598925182815849,False,0.48264724509183027,0.5173527549081698,77063.0,0.7951027081738318
4268,KAZ,2011,Kazakhstan,90028.0,106533.0,72430.0,0.6798832286709282,False,0.4839750168606867,0.5160249831393133,89481.5,0.8094410576487877
4271,KAZ,2012,Kazakhstan,101263.0,118799.0,82625.0,0.695502487394675,False,0.4847680654613811,0.5152319345386189,100712.0,0.8204086901263007
4280,KAZ,2015,Kazakhstan,126021.0,151694.0,99911.0,0.6586351470723958,False,0.49578046849352103,0.504219531506479,125802.5,0.7941893046640568
4283,KAZ,2016,Kazakhstan,142898.0,169352.0,116108.0,0.6856015872266049,False,0.49684471489745324,0.5031552851025467,142730.0,0.8134799971975057
4286,KAZ,2017,Kazakhstan,150827.0,179575.0,121793.0,0.6782291521648336,False,0.4975251808521685,0.5024748191478314,150684.0,0.8082676329271854
4292,KAZ,2019,Kazakhstan,186815.0,222514.0,150779.0,0.6776157904671167,False,0.497651076880184,0.5023489231198159,186646.5,0.8078319175553788
4295,KAZ,2020,Kazakhstan,213003.0,243524.0,182679.0,0.7501478293720537,False,0.5016188676144301,0.4983811323855699,213101.5,0.8572393906190243
4298,KAZ,2022,Kazakhstan,309867.0,355296.0,265762.0,0.7480016662163379,False,0.5073938392119195,0.4926061607880805,310529.0,0.8558363309062922
4309,KEN,1977,Kenya,986.5,996.8,932.4,0.9353932584269663,False,0.15993788819875712,0.8400621118012429,964.5999999999999,0.9666182873730044
4310,KEN,1978,Kenya,1066.7,1093.5,930.2,0.8506630086877001,False,0.16411512553582341,0.8358848744641766,1011.85,0.9193062212778574
4311,KEN,1979,Kenya,1162.5,1197.1,989.9,0.8269150446913375,False,0.1669884169884166,0.8330115830115834,1093.5,0.9052583447645176
4312,KEN,1980,Kenya,1299.5,1346.4,1071.1,0.795528817587641,False,0.17035960770069036,0.8296403922993096,1208.75,0.8861220268872801
4313,KEN,1981,Kenya,1522.2,1561.5,1345.7,0.8617995517130964,False,0.18211306765523616,0.8178869323447638,1453.6,0.9257705008255367
4314,KEN,1982,Kenya,1608.2,1657.6,1387.4,0.8369932432432433,False,0.182827535159141,0.817172464840859,1522.5,0.911264367816092
4315,KEN,1983,Kenya,1707.8,1753.2,1508.0,0.8601414556240018,False,0.1851549755301798,0.8148450244698202,1630.6,0.9248129522875016
4316,KEN,1984,Kenya,1870.4,1932.3,1614.4,0.8354810329658956,False,0.19471531928279298,0.805284680717207,1773.35,0.9103673837651903
4317,KEN,1985,Kenya,2015.6,2077.3,1770.2,0.8521638665575506,False,0.2009117551286234,0.7990882448713766,1923.75,0.9201819363222872
4318,KEN,1986,Kenya,2204.1,2304.1,1817.9,0.7889848530879737,False,0.20567667626491162,0.7943233237350884,2061.0,0.8820475497331393
4319,KEN,1987,Kenya,2344.6,2468.9,1884.8,0.763416906314553,False,0.21280602636534865,0.7871939736346514,2176.85,0.8658382525208443
4320,KEN,1988,Kenya,2683.7,2768.1,2218.3,0.8013800079476898,False,0.1535103674063298,0.8464896325936702,2493.2,0.8897400930531045
4321,KEN,1989,Kenya,2849.7,2952.8,2452.9,0.8307030615009482,False,0.20624124824965062,0.7937587517503494,2702.8500000000004,0.9075235399670717
4322,KEN,1990,Kenya,3106.1,3484.8,2727.3,0.7826274104683195,False,0.4999339933993403,0.5000660066006597,3106.05,0.8780605592311779
4325,KEN,1991,Kenya,3394.1,3513.5,2976.6,0.8471894122669702,False,0.22238778170981574,0.7776122182901842,3245.05,0.9172740019414184
4334,KEN,1997,Kenya,5608.3,5495.7,5846.1,1.0637589388067035,False,0.32134703196347086,0.6786529680365292,5670.9,1.0308945669999472
4337,KEN,2005,Kenya,7896.366,8257.07,7095.794,0.8593597971193172,True,0.31061005307954337,0.6893899469204566,7676.432,0.9243609531094654
4340,KEN,2016,Kenya,14493.296,16522.039,11291.57,0.6834247274201446,False,0.3878701890786467,0.6121298109213533,13906.8045,0.811945691765495
4343,KEN,2019,Kenya,13932.869,14662.588,12667.807,0.8639543714929452,False,0.36581409187274166,0.6341859081272583,13665.1975,0.9270123611458964
4346,KEN,2021,Kenya,122416.983,132830.31,103189.375,0.7768511192964919,False,0.3513157395338577,0.6486842604661422,118009.8425,0.874413293111547
4349,KEN,2022,Kenya,420785.998,425554.429,411056.706,0.9659321534167372,False,0.3289089603932964,0.6710910396067036,418305.5675,0.98267089404685
4407,KGZ,2013,Kyrgyzstan,10601.0,12440.0,9113.0,0.7325562700964631,False,0.5527502254283138,0.44724977457168624,10776.5,0.8456363383287709
4410,KGZ,2014,Kyrgyzstan,11516.0,13695.0,9732.0,0.7106243154435925,False,0.5498359828412819,0.4501640171587181,11713.5,0.8308362146241516
4413,KGZ,2015,Kyrgyzstan,12715.6,14742.8,11125.3,0.7546259869224299,False,0.5603870076019347,0.4396129923980653,12934.05,0.860155944966967
4416,KGZ,2016,Kyrgyzstan,13428.0,15592.0,11743.0,0.7531426372498717,False,0.5622239542738373,0.4377760457261627,13667.5,0.8591915127126395
4419,KGZ,2017,Kyrgyzstan,14217.0,16802.0,12183.0,0.7250922509225092,False,0.5596449447932453,0.44035505520675466,14492.5,0.8406417112299466
4422,KGZ,2018,Kyrgyzstan,14760.0,17556.0,12574.0,0.716222374117111,False,0.5612203934162987,0.4387796065837013,15065.0,0.8346498506471954
4425,KGZ,2019,Kyrgyzstan,16287.0,18724.0,14421.0,0.7701879940183721,False,0.5663490587961887,0.4336509412038113,16572.5,0.8701764972092322
4428,KGZ,2020,Kyrgyzstan,17198.0,19992.0,15078.0,0.7542016806722689,False,0.5685795685795686,0.4314204314204314,17535.0,0.859880239520958
4431,KGZ,2022,Kyrgyzstan,27684.0,31353.0,24954.0,0.795904698115013,False,0.573370839193624,0.42662916080637603,28153.5,0.8863551601044275
4434,KHM,1996,Cambodia,85534.384,90022.31,73343.571,0.8147266049938066,False,0.26908065411899496,0.730919345881005,81682.9405,0.8979056159223356
4437,KHM,1997,Cambodia,100896.964,106336.654,86151.738,0.8101791316473057,False,0.26949282325475066,0.7305071767452493,96244.196,0.8951369701296066
4440,KHM,1999,Cambodia,148625.025,153197.88,140578.905,0.9176295716363698,False,0.36237927406940806,0.6376207259305919,146888.39250000002,0.9570457039347067
4443,KHM,2000,Cambodia,155565.221,149308.969,164522.773,1.1018947763278706,True,0.41122207174484365,0.5887779282551564,156915.87099999998,1.0484775819776702
4446,KHM,2001,Cambodia,156499.312,160149.425,151676.003,0.9470905249893967,False,0.4307720068704222,0.5692279931295778,155912.71399999998,0.9728263918233122
4449,KHM,2003,Cambodia,189725.83,195676.083,180946.511,0.9247247196786946,False,0.4039664560518133,0.5960335439481868,188311.29700000002,0.9608903654888
4452,KHM,2007,Cambodia,295074.854,319615.962,258002.972,0.8072280570267639,True,0.39831061599185513,0.6016893840081449,288809.467,0.8933328075426281
4455,KHM,2008,Cambodia,331752.151,360939.22,289856.29,0.8030612190052386,False,0.4106058796394572,0.5893941203605428,325397.755,0.8907753220362568
4458,KHM,2009,Cambodia,331703.379,369435.857,280092.189,0.7581618938521173,False,0.42232962720984324,0.5776703727901568,324764.02300000004,0.8624483291365065
4461,KHM,2010,Cambodia,373571.416,411132.609,319696.003,0.7775982639217023,False,0.41078944903094916,0.5892105509690508,365414.306,0.8748863899159987
4464,KHM,2011,Cambodia,404130.953,459394.196,332202.537,0.7231317676464507,False,0.4344879486161905,0.5655120513838094,395798.3665,0.8393226579928293
4467,KHM,2012,Cambodia,474675.536,512990.284,419432.673,0.8176230351372503,True,0.40953106423377966,0.5904689357662203,466211.47849999997,0.899661832328738
4470,KHM,2013,Cambodia,497094.711,542595.928,434135.032,0.8001074272713673,False,0.41951725163693987,0.5804827483630601,488365.48,0.8889551980619106
4473,KHM,2014,Cambodia,610121.425,656486.238,547601.338,0.8341398589988416,False,0.4258149017907897,0.5741850982092103,602043.788,0.9095706141560588
4476,KHM,2015,Cambodia,655840.741,702116.48,593957.912,0.8459535261157807,False,0.42785088463819115,0.5721491153618088,648037.196,0.9165491049992137
4479,KHM,2016,Cambodia,736010.77,776808.275,677219.075,0.8717969372815962,False,0.4096579247548929,0.5903420752451072,727013.675,0.931508028373744
4482,KHM,2019,Cambodia,1069006.114,1129400.327,989757.638,0.8763567836296544,True,0.43249104863628046,0.5675089513637195,1059578.9825,0.9341046343376296
4485,KHM,2020,Cambodia,1076082.625,1168823.995,959838.046,0.8211998128939848,False,0.4437684468442424,0.5562315531557576,1064331.0205,0.9018228610391233
4488,KHM,2021,Cambodia,1081316.447,1149011.394,990326.807,0.8618946793490195,False,0.4266006439554217,0.5733993560445783,1069669.1005000002,0.9258253851935025
4491,KIR,2019,Kiribati,499.046,547.884,419.056,0.7648626351563469,False,0.3790946067625051,0.6209053932374948,483.47,0.8667673278590191
4501,KOR,1976,Republic of Korea,62362.0,78716.0,37015.0,0.4702347680268306,False,0.3921728495719527,0.6078271504280472,57865.5,0.6396730348826157
4502,KOR,1977,Republic of Korea,82355.0,107648.0,47384.0,0.44017538644470866,False,0.4197033054559936,0.5802966945440065,77516.0,0.6112802518189793
4503,KOR,1978,Republic of Korea,111201.0,145733.0,62100.0,0.4261217431878847,False,0.41289921442492794,0.5871007855750721,103916.5,0.5975951845953241
4504,KOR,1979,Republic of Korea,142665.0,185366.0,80274.0,0.43305676337623944,False,0.40632017660716324,0.5936798233928368,132820.0,0.604381870200271
4505,KOR,1980,Republic of Korea,176058.0,223825.0,99380.0,0.4440075952194795,False,0.38384025071316646,0.6161597492868336,161602.5,0.6149657338221871
4506,KOR,1981,Republic of Korea,212477.0,269023.0,120517.0,0.4479802842136174,False,0.3807657603059809,0.6192342396940191,194770.0,0.6187657236740771
4507,KOR,1982,Republic of Korea,245981.0,309910.0,139689.0,0.45074053757542515,False,0.3755647070572961,0.624435292942704,224799.5,0.6213937308579423
4508,KOR,1983,Republic of Korea,273119.0,340960.0,159050.0,0.46647700610042236,False,0.37293716673080096,0.627062833269199,250005.0,0.6361872762544749
4509,KOR,1984,Republic of Korea,296907.0,366353.0,174245.0,0.47562050808919265,False,0.36149457596768486,0.6385054240323151,270299.0,0.6446379749832593
4510,KOR,1985,Republic of Korea,324283.0,397265.0,189845.0,0.47788000453098056,False,0.3518561373059493,0.6481438626940508,293555.0,0.6467101565294409
4511,KOR,1986,Republic of Korea,350966.0,426871.0,208914.0,0.4894078070424086,False,0.34825676624288276,0.6517432337571172,317892.5,0.6571844255526632
4512,KOR,1987,Republic of Korea,386536.0,467286.0,234071.0,0.5009159272907813,False,0.3462470252771048,0.6537529747228952,350678.5,0.6674803274224111
4513,KOR,1988,Republic of Korea,446370.0,534658.0,274832.0,0.5140332698659704,False,0.33979663313140335,0.6602033668685967,404745.0,0.6790250651644862
4514,KOR,1989,Republic of Korea,540611.0,639578.0,336879.0,0.5267207439905688,False,0.32694855285283403,0.673051447147166,488228.5,0.6900027343754
4515,KOR,1990,Republic of Korea,642309.0,752731.0,402953.0,0.5353213830704462,False,0.3156916672861072,0.6843083327138928,577842.0,0.697341141696173
4518,KOR,1991,Republic of Korea,754673.0,881980.0,480903.0,0.5452538606317604,False,0.3174128658586755,0.6825871341413245,681441.5,0.7057142836178895
4521,KOR,1992,Republic of Korea,869284.0,1005298.0,561887.0,0.558925811053041,False,0.3067447582491188,0.6932552417508813,783592.5,0.717065311370387
4524,KOR,2009,Republic of Korea,2710360.0,3072300.0,1952160.0,0.6354066985645933,False,0.32312032424518367,0.6768796757548163,2512230.0,0.7770626097132827
4527,KOR,2010,Republic of Korea,2785030.0,3159440.0,2018540.0,0.6388917023269947,False,0.32817074239635374,0.6718292576036462,2588990.0,0.7796631118698798
4530,KOR,2011,Republic of Korea,2915720.0,3312440.0,2120970.0,0.6403044281556798,False,0.33296683928256693,0.6670331607174331,2716705.0,0.7807141371624817
4533,KOR,2012,Republic of Korea,2997420.0,3404000.0,2204000.0,0.6474735605170387,False,0.33881666666666665,0.6611833333333333,2804000.0,0.7860199714693296
4536,KOR,2013,Republic of Korea,3116400.0,3547000.0,2291000.0,0.6458979419227516,False,0.3428343949044586,0.6571656050955414,2919000.0,0.7848578280232956
4539,KOR,2014,Republic of Korea,3235210.0,3718000.0,2368000.0,0.6369015599784831,False,0.35762222222222223,0.6423777777777777,3043000.0,0.7781794281958594
4542,KOR,2015,Republic of Korea,3269000.0,3780000.0,2362000.0,0.6248677248677249,False,0.3603667136812412,0.6396332863187588,3071000.0,0.769130576359492
4545,KOR,2016,Republic of Korea,3351000.0,3868000.0,2454000.0,0.6344364012409514,False,0.36562942008486565,0.6343705799151343,3161000.0,0.7763366023410313
4548,KOR,2017,Republic of Korea,3446000.0,3981000.0,2544000.0,0.6390354182366239,False,0.37230340988169797,0.627696590118302,3262500.0,0.7797701149425287
4551,KOR,2018,Republic of Korea,3593000.0,4144000.0,2703000.0,0.6522683397683398,False,0.3823733518390007,0.6176266481609993,3423500.0,0.7895428654885351
4554,KOR,2019,Republic of Korea,3720000.0,4277000.0,2827000.0,0.6609773205517886,False,0.38413793103448274,0.6158620689655172,3552000.0,0.7958896396396397
4557,KOR,2020,Republic of Korea,3757000.0,4316000.0,2863000.0,0.6633456904541242,False,0.3847212663454921,0.6152787336545079,3589500.0,0.7976041231369272
4560,KOR,2021,Republic of Korea,3858000.0,4442000.0,2934000.0,0.6605132823052678,False,0.38726790450928383,0.6127320954907162,3688000.0,0.7955531453362256
4563,KOR,2022,Republic of Korea,4091000.0,4726000.0,3129000.0,0.662082099026661,False,0.3976205385097057,0.6023794614902943,3927500.0,0.7966900063653723
4566,KOS,2000,Kosovo,455.077,464.754,414.351,0.8915490775765244,False,0.1919925401265801,0.8080074598734199,439.5525,0.9426655518965311
4603,LAO,2010,Lao People's Democratic Republic,1111897.615,1192081.663,961765.971,0.8067953738837103,True,0.34814843619079144,0.6518515638092086,1076923.817,0.8930677879139152
4606,LAO,2017,Lao People's Democratic Republic,1977052.518,2073605.571,1822339.493,0.8788264839205527,True,0.3842661682330238,0.6157338317669763,1947972.5320000001,0.9355057440820217
4609,LAO,2022,Lao People's Democratic Republic,2503995.654,2727132.538,2115601.114,0.7757602846657099,True,0.3648821225579408,0.6351178774420592,2421366.8260000004,0.8737218546497092
4612,LBN,2019,Lebanon,1175959.958,1160202.209,1215150.593,1.047361040664938,True,0.2867736565282802,0.7132263434717199,1187676.401,1.023132725359254
4615,LBR,2010,Liberia,275.684,272.345,286.885,1.0533881657456534,True,0.22964236588720818,0.7703576341127918,279.615,1.0260000357634604
4618,LBR,2014,Liberia,7995.283,8270.237,6763.374,0.8177968781305784,True,0.1824678155877468,0.8175321844122532,7516.8054999999995,0.8997670619520487
4621,LBR,2016,Liberia,11477.563,12428.132,8342.195,0.6712348243485022,False,0.23264406670979007,0.7673559332902099,10385.163499999999,0.8032800831686473
4624,LBR,2017,Liberia,1308.613,1258.594,1465.521,1.1644112398438256,True,0.24172292644265866,0.7582770735573413,1362.0575,1.0759611837238883
4627,LIE,2005,Liechtenstein,5819.0,6381.0,5092.0,0.797994044820561,False,0.4359968968192397,0.5640031031807603,5736.5,0.8876492634881896
4628,LIE,2006,Liechtenstein,5885.0,6468.0,5176.0,0.8002473716759431,False,0.45123839009287925,0.5487616099071208,5822.0,0.8890415664720027
4629,LIE,2012,Liechtenstein,6380.0,6875.0,5694.0,0.8282181818181819,False,0.4191363251481795,0.5808636748518206,6284.5,0.9060386665605855
4630,LIE,2014,Liechtenstein,6522.0,7036.0,5873.0,0.8347072200113701,False,0.4419604471195185,0.5580395528804816,6454.5,0.9099078162522272
4631,LIE,2016,Liechtenstein,6603.0,7050.0,5976.0,0.8476595744680852,False,0.41620111731843573,0.5837988826815643,6513.0,0.9175495163519115
4632,LIE,2018,Liechtenstein,6675.0,6078.0,7125.0,1.1722606120434353,False,0.5702005730659025,0.42979942693409745,6601.5,1.0793001590547602
4640,LKA,1978,Sri Lanka,664.438,666.82,638.242,0.957142857142857,False,0.08335082930926077,0.9166491706907393,652.531,0.9781021897810219
4641,LKA,1979,Sri Lanka,598.926,619.19,515.616,0.8327266267220077,False,0.1956475563365323,0.8043524436634677,567.403,0.9087297740759213
4642,LKA,1980,Sri Lanka,608.798,617.025,567.663,0.92,False,0.1666666666666663,0.8333333333333337,592.344,0.9583333333333333
4643,LKA,1981,Sri Lanka,685.17,689.769,643.784,0.9333327534290465,False,0.10001087311079798,0.899989126889202,666.7764999999999,0.9655169310856038
4644,LKA,1982,Sri Lanka,737.572,772.282,618.259,0.8005611939680065,False,0.2253559533316455,0.7746440466683545,695.2705000000001,0.8892351969485257
4645,LKA,1983,Sri Lanka,871.437,899.829,642.111,0.7135922491940135,False,0.11016692664074665,0.8898330733592533,770.97,0.8328612008249348
4646,LKA,1984,Sri Lanka,957.752,1029.097,732.908,0.7121855374177556,False,0.24087660243965858,0.7591233975603414,881.0025,0.8319022931262964
4647,LKA,1985,Sri Lanka,1103.388,1361.539,968.067,0.7110093798267989,False,0.6560848040013014,0.3439151959986986,1164.8029999999999,0.8310993361109132
4648,LKA,1986,Sri Lanka,1204.641,1271.326,940.05,0.7394248210136503,False,0.20129740759970519,0.7987025924002948,1105.688,0.8501946299498592
4649,LKA,1987,Sri Lanka,1414.821,1487.406,1065.874,0.7165992338339364,False,0.17219333289050429,0.8278066671094957,1276.6399999999999,0.8349056899360823
4650,LKA,1988,Sri Lanka,1476.569,1518.136,1160.418,0.7643702540483855,False,0.11620047076188506,0.8837995292381149,1339.277,0.8664510777083455
4651,LKA,1989,Sri Lanka,1761.941,1856.746,1435.421,0.7730842021471973,False,0.2250163175695723,0.7749836824304277,1646.0835000000002,0.8720219843039554
4652,LKA,1990,Sri Lanka,2103.006,2168.668,1932.214,0.8909680965458981,False,0.27769460444737754,0.7223053955526224,2050.441,0.9423406964648093
4655,LKA,1991,Sri Lanka,2505.654,2547.75,2084.598,0.8182113629673241,False,0.09089024769406157,0.9091097523059384,2316.174,0.9000178743047802
4658,LKA,1992,Sri Lanka,2715.152,2801.625,2449.674,0.8743761210012047,False,0.24569613383681238,0.7543038661631876,2625.6495,0.9329782973698507
4661,LKA,1994,Sri Lanka,3444.753,3530.43,3138.584,0.8890089875737517,False,0.21864967359625895,0.781350326403741,3334.5069999999996,0.9412437880622233
4664,LKA,1995,Sri Lanka,3910.579,4050.234,2937.106,0.7251694593448181,False,0.12546176180996235,0.8745382381900376,3493.67,0.8406935972773617
4670,LKA,1997,Sri Lanka,3087.07,3299.734,3035.763,0.920002339582524,False,0.8056339522144469,0.1943660477855531,3167.7484999999997,0.9583346026365415
4673,LKA,1998,Sri Lanka,3447.646,3961.425,3255.18,0.8217194570135746,False,0.7274798405652426,0.2725201594347574,3608.3025,0.9021361152508693
4676,LKA,1999,Sri Lanka,4001.684,4094.287,3358.468,0.8202815288718158,False,0.12585024306249173,0.8741497569375083,3726.3774999999996,0.9012688596364701
4679,LKA,2000,Sri Lanka,4445.278,4703.32,3842.637,0.8170052218432937,False,0.29981073170958367,0.7001892682904163,4272.9785,0.8992876982648053
4682,LKA,2001,Sri Lanka,4864.662,4945.743,4185.773,0.8463385582307855,False,0.10668973775280617,0.8933102622471938,4565.758,0.9167750458959937
4685,LKA,2002,Sri Lanka,5220.876,5321.431,4468.612,0.8397387845487427,False,0.1179089584073519,0.8820910415926481,4895.0215,0.9128891466564549
4688,LKA,2003,Sri Lanka,5633.832,5772.236,4879.746,0.8453822747372076,False,0.15507624735291103,0.844923752647089,5325.991,0.9162137149687261
4691,LKA,2004,Sri Lanka,6015.756,6165.197,5293.793,0.8586575579012317,False,0.1714945077139877,0.8285054922860123,5729.495,0.9239545544589881
4694,LKA,2005,Sri Lanka,6411.141,6433.371,6043.572,0.9394098366159825,False,0.0570293920712995,0.9429706079287005,6238.4715,0.9687584530922358
4697,LKA,2006,Sri Lanka,7162.478,7592.053,6516.858,0.8583788864487643,False,0.3995321778840117,0.6004678221159883,7054.4555,0.9237931970794911
4700,LKA,2007,Sri Lanka,8372.596,8385.062,8202.124,0.978182868534544,False,0.0681433053821532,0.9318566946178468,8293.593,0.9889711250600312
4703,LKA,2008,Sri Lanka,9362.504,10284.456,8464.042,0.8229936517789564,False,0.5064518290894263,0.4935481709105737,9374.249,0.902903475254391
4706,LKA,2009,Sri Lanka,12687.0,13506.0,11021.0,0.8160077002813564,False,0.3295774647887324,0.6704225352112676,12263.5,0.8986830839483019
4709,LKA,2010,Sri Lanka,13749.943,14658.657,11876.08,0.8101751749836291,True,0.3265728136184552,0.6734271863815449,13267.3685,0.8951345551305068
4712,LKA,2011,Sri Lanka,15227.925,16101.667,13392.288,0.831733012488707,True,0.322487920663739,0.677512079336261,14746.9775,0.9081378201058488
4715,LKA,2012,Sri Lanka,14497.0,16385.0,11221.0,0.6848336893500152,False,0.36560805577072036,0.6343919442292796,13803.0,0.8129392161124394
4718,LKA,2013,Sri Lanka,19209.289,20432.546,16796.851,0.8220635353029426,False,0.3364575411303748,0.6635424588696253,18614.6985,0.9023434357532033
4721,LKA,2014,Sri Lanka,20709.87,21796.725,18529.496,0.8501045914007724,False,0.33265345037032906,0.6673465496296709,20163.1105,0.9189800353472248
4724,LKA,2015,Sri Lanka,23924.724,25263.566,21354.722,0.8452774244142732,False,0.34251609938897576,0.6574839006110242,23309.144,0.9161521332572317
4727,LKA,2016,Sri Lanka,27007.9,28887.14,23354.651,0.8084791710082757,False,0.3396735176518198,0.6603264823481803,26120.8955,0.8940984048575211
4730,LKA,2017,Sri Lanka,29562.582,31744.161,25628.441,0.8073434670394974,False,0.3567166253523708,0.6432833746476292,28686.301,0.893403475059402
4733,LKA,2018,Sri Lanka,31083.061,32970.947,27398.711,0.8309955731632458,False,0.33880223307124796,0.6611977669287521,30184.828999999998,0.9076980691194242
4736,LKA,2019,Sri Lanka,36468.978,39713.374,31574.491,0.795059392334683,False,0.3986291484961757,0.6013708515038243,35643.9325,0.885830737110727
4739,LKA,2020,Sri Lanka,37032.148,40220.001,32352.327,0.8043840426557922,False,0.40518366673555584,0.5948163332644442,36286.164,0.8915885129108716
4742,LKA,2021,Sri Lanka,39797.378,42566.272,35749.565,0.8398566122962331,False,0.40619231543911194,0.5938076845608881,39157.9185,0.9129587672031138
4745,LKA,2022,Sri Lanka,44294.45,47039.725,40597.401,0.8630450326824827,False,0.42613116012172025,0.5738688398782797,43818.562999999995,0.9264886436371728
4748,LSO,2019,Lesotho,3350.693,3619.483,3062.682,0.8461655987885561,False,0.4827397939299674,0.5172602060700326,3341.0825,0.916673563134104
4763,LTU,1994,Lithuania,374.0,450.0,313.0,0.6955555555555556,False,0.5547445255474452,0.44525547445255476,381.5,0.8204456094364351
4764,LTU,1995,Lithuania,518.0,620.0,436.0,0.7032258064516129,False,0.5543478260869565,0.44565217391304346,528.0,0.8257575757575758
4765,LTU,1996,Lithuania,612.0,709.0,534.0,0.7531734837799718,False,0.5542857142857143,0.44571428571428573,621.5,0.8592115848753017
4774,LTU,2005,Lithuania,341.947,378.023,305.642,0.8085275234575673,False,0.49841809314599145,0.5015819068540086,341.8325,0.8941279720330865
4775,LTU,2006,Lithuania,390.874,427.611,353.212,0.8260124271826497,False,0.4937835185956796,0.5062164814043204,390.4115,0.904717202234053
4776,LTU,2007,Lithuania,491.214,554.592,428.279,0.7722415757890485,False,0.5017535803915669,0.4982464196084331,491.4355,0.8714856781815722
4777,LTU,2008,Lithuania,567.794,661.593,476.993,0.7209764915892399,False,0.5081202600216684,0.49187973997833156,569.293,0.8378690762050472
4778,LTU,2009,Lithuania,650.87,749.278,558.565,0.7454709733903838,False,0.5160004824002561,0.4839995175997439,653.9215,0.8541774509631508
4779,LTU,2010,Lithuania,720.787,779.164,673.017,0.8637680899014842,False,0.5499637295448764,0.4500362704551236,726.0905,0.9269051171995778
4780,LTU,2011,Lithuania,659.276,664.188,654.712,0.9857329551271627,False,0.5183621781342376,0.4816378218657624,659.45,0.9928152248085524
4781,LTU,2012,Lithuania,717.823,753.807,684.501,0.9080586940689062,False,0.5192046864629327,0.4807953135370673,719.154,0.9518142150360006
4782,LTU,2013,Lithuania,735.697,795.192,678.923,0.8537849978370003,False,0.5117013133337347,0.4882986866662653,737.0575,0.9211262350630718
4783,LTU,2014,Lithuania,819.99,904.603,736.013,0.8136309519203453,False,0.5018862328726496,0.49811376712735045,820.308,0.8972398172393784
4784,LTU,2015,Lithuania,856.993,909.099,804.366,0.8847947253269445,False,0.49751272282852554,0.5024872771714745,856.7325000000001,0.9388764871182077
4787,LTU,2016,Lithuania,953.298,1022.624,886.118,0.8665139875457647,False,0.5078604603460657,0.4921395396539343,954.3710000000001,0.9284837867034936
4790,LTU,2017,Lithuania,1016.515,1095.443,943.099,0.8609293226575916,False,0.5180906369794677,0.48190936302053233,1019.271,0.9252681573399029
4793,LTU,2018,Lithuania,1096.164,1207.946,991.902,0.8211476340829806,False,0.5174038621762234,0.48259613782377664,1099.924,0.9017913964964853
4796,LTU,2019,Lithuania,1184.715,1328.743,1049.576,0.7899014331590082,False,0.5159205780052802,0.48407942199471976,1189.1595,0.882620035411566
4799,LTU,2020,Lithuania,1308.616,1439.451,1182.688,0.8216243553966062,False,0.50955550449247,0.49044449550753,1311.0695,0.9020787990262912
4802,LTU,2021,Lithuania,1477.096,1628.229,1337.431,0.8214022720391296,False,0.5197181548703913,0.4802818451296087,1482.83,0.9019449296278064
4805,LTU,2022,Lithuania,1577.433,1739.712,1427.01,0.820256456241033,False,0.518957345971564,0.48104265402843605,1583.3609999999999,0.9012537254612183
4808,LTU,2023,Lithuania,1801.334,1994.607,1627.419,0.8159096002370393,False,0.5263597938930465,0.47364020610695345,1811.013,0.8986235880140011
4811,LUX,1980,Luxembourg,68368.0,74251.0,36929.0,0.49735357099567684,True,0.15762820856331386,0.8423717914366862,55590.0,0.6643101277208131
4812,LUX,1981,Luxembourg,71978.0,77862.0,39497.0,0.5072692712748196,False,0.1533689560797602,0.8466310439202398,58679.5,0.6730970781959628
4813,LUX,1982,Luxembourg,78671.0,84806.0,44704.0,0.5271325142089003,False,0.1529848885342377,0.8470151114657622,64755.0,0.6903559570689523
4814,LUX,1983,Luxembourg,83282.0,89534.0,48535.0,0.5420845712243394,False,0.15249152418351666,0.8475084758164834,69034.5,0.703054269966466
4815,LUX,1984,Luxembourg,89323.0,96233.0,51804.0,0.5383184562468176,False,0.1555290463436044,0.8444709536563956,74018.5,0.6998790842829833
4816,LUX,1985,Luxembourg,92529.0,99560.0,54939.0,0.5518179991964645,False,0.1575715470294256,0.8424284529705743,77249.5,0.7111890691849139
4817,LUX,1986,Luxembourg,97775.0,105397.0,57651.0,0.5469890034820726,False,0.15963640933271897,0.8403635906672811,81524.0,0.7071659879299348
4818,LUX,1987,Luxembourg,98594.0,106641.0,58950.0,0.5527892649168706,False,0.16873204587867732,0.8312679541213227,82795.5,0.7119952171313658
4819,LUX,1988,Luxembourg,100805.0,109888.0,60870.0,0.5539276354105999,False,0.18529927781631236,0.8147007221836876,85379.0,0.7129387788566275
4820,LUX,1989,Luxembourg,107996.0,118371.0,64735.0,0.54688226001301,False,0.1934335148034902,0.8065664851965098,91553.0,0.7070767752012496
4821,LUX,1990,Luxembourg,113595.0,124891.0,69556.0,0.5569336461394336,False,0.20413842956537454,0.7958615704346255,97223.5,0.7154237401451295
4822,LUX,1991,Luxembourg,119300.0,130455.0,73963.0,0.5669617875895903,False,0.1974615874814133,0.8025384125185867,102209.0,0.7236446888238804
4823,LUX,1992,Luxembourg,127442.0,139279.0,79669.0,0.5720101379245974,False,0.19857406475423586,0.8014259352457641,109474.0,0.727743573816614
4824,LUX,1993,Luxembourg,130097.0,141465.0,84030.0,0.5939985155338776,False,0.19792809262644728,0.8020719073735527,112747.5,0.7452936872214462
4825,LUX,1994,Luxembourg,131397.0,142879.0,86535.0,0.6056523351927156,False,0.2037838989067159,0.7962161010932841,114707.0,0.7544003417402599
4826,LUX,2002,Luxembourg,2808.82,3018.83,2384.35,0.7898258596873623,False,0.3309954608498294,0.6690045391501707,2701.59,0.8825728552445041
4829,LUX,2004,Luxembourg,3534.375,4113.92,2659.75,0.6465244827317984,False,0.3985400606531561,0.6014599393468438,3386.835,0.7853202178435028
4832,LUX,2005,Luxembourg,3589.323,4244.814,2645.72,0.62328290473976,False,0.409913988796156,0.590086011203844,3445.267,0.7679288716955754
4835,LUX,2006,Luxembourg,3708.261,4351.054,2824.436,0.6491383467086366,False,0.42105687211863096,0.578943127881369,3587.745,0.7872454703441856
4838,LUX,2007,Luxembourg,4434.411,5233.263,3336.119,0.6374835356067524,False,0.42108137284254643,0.5789186271574536,4284.691,0.7786136736581472
4841,LUX,2008,Luxembourg,4525.925,5390.486,3365.612,0.6243615139710965,False,0.42697027074277205,0.573029729257228,4378.049,0.7687469920962511
4844,LUX,2009,Luxembourg,4656.283,5387.903,3624.555,0.67272090830143,False,0.41490392140405624,0.5850960785959438,4506.229,0.8043432768285854
4847,LUX,2010,Luxembourg,4508.324,5231.004,3592.112,0.6866964735641571,False,0.44095645106572023,0.5590435489342798,4411.558,0.8142502036695426
4850,LUX,2011,Luxembourg,4547.447,5305.085,3586.788,0.6761037759055698,False,0.4409237751098907,0.5590762248901093,4445.9365,0.8067564617713276
4853,LUX,2012,Luxembourg,4573.975,5226.652,3748.473,0.7171843466907688,False,0.4415412477108656,0.5584587522891344,4487.5625,0.8353026838066322
4856,LUX,2013,Luxembourg,4771.52,5374.041,4001.998,0.7446906341056944,False,0.43914148463277003,0.56085851536723,4688.0195,0.8536649644908686
4859,LUX,2014,Luxembourg,4821.604,5366.377,4148.755,0.7731016661706771,False,0.4474073234550624,0.5525926765449376,4757.566000000001,0.8720330942334797
4862,LUX,2015,Luxembourg,4736.131,5322.387,4052.668,0.7614380540159895,False,0.4617210579663686,0.5382789420336314,4687.5275,0.8645641012239395
4865,LUX,2016,Luxembourg,5195.178,5793.9,4432.61,0.7650477226048085,False,0.4398195828956356,0.5601804171043644,5113.254999999999,0.8668861615546263
4868,LUX,2017,Luxembourg,5526.18,6228.456,4678.91,0.7512150683893407,False,0.4532140381763431,0.5467859618236569,5453.683,0.8579358206188368
4871,LUX,2018,Luxembourg,3596.301,3959.256,3183.312,0.8040177245421867,False,0.4677592712876186,0.5322407287123814,3571.2839999999997,0.891363442392148
4874,LUX,2019,Luxembourg,6190.946,6916.779,5363.567,0.775442875939798,False,0.4673109659209434,0.5326890340790567,6140.173000000001,0.8735205017839073
4877,LUX,2020,Luxembourg,6305.456,6982.256,5532.861,0.7924173791393497,False,0.46695345299245544,0.5330465470075445,6257.5585,0.8841884578466186
4880,LUX,2021,Luxembourg,6645.866,7404.023,5728.68,0.7737253112260727,False,0.4525383757236579,0.5474616242763422,6566.351500000001,0.8724296894554
4883,LUX,2022,Luxembourg,7043.999,7622.175,6330.64,0.8305555828880864,False,0.4476657620583263,0.5523342379416737,6976.4075,0.9074355246593608
4886,LUX,2023,Luxembourg,7522.332,8402.144,6484.001,0.7717079116949198,False,0.4586790453057983,0.5413209546942017,7443.0725,0.8711457533162548
4892,LVA,1992,Latvia,21.5,22.97,18.69,0.8136700043535047,False,0.3434579439252336,0.6565420560747663,20.83,0.8972635621699473
4898,LVA,1994,Latvia,61.37,69.72,53.65,0.7695065978198509,False,0.5196017423771002,0.4803982576228998,61.685,0.8697414282240414
4901,LVA,1995,Latvia,82.35,92.82,72.64,0.7825899590605474,False,0.5188305252725472,0.48116947472745275,82.72999999999999,0.8780369877916114
4904,LVA,1996,Latvia,89.41,100.73,79.07,0.7849697210364339,False,0.5226223453370269,0.4773776546629731,89.9,0.8795328142380422
4907,LVA,1997,Latvia,109.81,122.83,97.91,0.7971179679231458,False,0.5224719101123594,0.4775280898876406,110.37,0.8871070037147775
4910,LVA,1998,Latvia,123.07,137.71,109.26,0.7934064338101808,False,0.5145869947275927,0.48541300527240727,123.48500000000001,0.8848038223265983
4913,LVA,1999,Latvia,132.61,148.1,118.48,0.8,False,0.5229574611748814,0.4770425388251186,133.29,0.888888888888889
4916,LVA,2000,Latvia,141.75,160.45,126.16,0.7862885634153942,False,0.5453484981044034,0.45465150189559655,143.305,0.8803600711768604
4919,LVA,2001,Latvia,149.14,166.41,133.39,0.8015744246139054,False,0.5230163537250153,0.4769836462749847,149.89999999999998,0.889859906604403
4922,LVA,2002,Latvia,281.43,312.52,246.4,0.7884295405094075,False,0.4702056866303688,0.5297943133696312,279.46,0.8817004222428971
4925,LVA,2003,Latvia,177.21,194.46,161.69,0.8314820528643422,False,0.5263960939884038,0.4736039060115962,178.075,0.9079882072160607
4928,LVA,2004,Latvia,194.89,211.71,179.2,0.8464408861178025,False,0.5173792679175642,0.48262073208243583,195.45499999999998,0.9168350771277276
4931,LVA,2005,Latvia,225.64,249.13,204.06,0.8190904347128005,False,0.5211892611493235,0.4788107388506765,226.595,0.9005494384253845
4934,LVA,2006,Latvia,465.0,511.0,428.0,0.837573385518591,False,0.5542168674698795,0.4457831325301205,469.5,0.9116080937167199
4937,LVA,2007,Latvia,556.238,627.842,484.802,0.772171979574479,False,0.5005872483221473,0.4994127516778527,556.322,0.8714413595004332
4940,LVA,2008,Latvia,799.756,889.678,712.323,0.8006525956582045,False,0.5070169998026558,0.4929830001973442,801.0005,0.889291579718115
4943,LVA,2009,Latvia,947.843,1055.789,857.885,0.8125534552832052,False,0.5454462769827797,0.4545537230172203,956.837,0.8965842667037333
4946,LVA,2010,Latvia,833.628,911.828,765.803,0.8398546655728931,False,0.5355247389145691,0.4644752610854309,838.8154999999999,0.9129576170206679
4949,LVA,2011,Latvia,774.536,853.274,705.523,0.8268422570006821,False,0.5329100987472171,0.46708990125278294,779.3985,0.9052147264845903
4952,LVA,2012,Latvia,829.881,908.766,760.45,0.8367940702006899,False,0.5318711399983821,0.4681288600016179,834.608,0.9111463106033013
4955,LVA,2013,Latvia,852.819,957.453,760.486,0.7942802414322165,False,0.5312260429412035,0.46877395705879654,858.9694999999999,0.8853469186042112
4958,LVA,2014,Latvia,922.808,1030.35,824.411,0.8001271412626777,False,0.5222031766688191,0.4777968233311809,927.3805,0.8889673656066738
4961,LVA,2015,Latvia,1012.796,1111.64,917.451,0.8253130509877298,False,0.5090092641704732,0.4909907358295268,1014.5455000000001,0.9042975401300385
4964,LVA,2016,Latvia,1060.314,1182.274,945.408,0.7996521956839109,False,0.5148902755144253,0.48510972448557466,1063.841,0.8886741533744236
4967,LVA,2017,Latvia,1111.082,1224.892,1004.47,0.8200478082965682,False,0.5163277712750993,0.4836722287249007,1114.681,0.9011277665986951
4970,LVA,2018,Latvia,1247.526,1397.901,1111.815,0.7953460223578065,False,0.5256286571170906,0.4743713428829094,1254.8580000000002,0.8860086161143331
4973,LVA,2019,Latvia,1378.653,1546.835,1217.525,0.787107222166553,False,0.5107102729950503,0.48928972700494966,1382.18,0.8808729687884357
4976,LVA,2020,Latvia,1463.113,1635.674,1301.799,0.7958792522226311,False,0.5168431299138897,0.4831568700861103,1468.7365,0.8863393808215428
4979,LVA,2021,Latvia,1573.225,1750.738,1407.712,0.8040677702774487,False,0.5174913854926452,0.4825086145073548,1579.225,0.8913941965204452
4982,LVA,2022,Latvia,1619.13,1820.282,1433.242,0.7873736047491543,False,0.5197188921041749,0.4802811078958251,1626.762,0.8810397587354512
4985,LVA,2023,Latvia,1815.548,2062.13,1599.777,0.7757886263232676,False,0.5333197794758552,0.4666802205241448,1830.9535,0.873739830093992
5001,MAC,1994,"Macao, China",4476.0,5109.0,3529.0,0.6907418281464083,False,0.4006329113924051,0.5993670886075949,4319.0,0.8170872887242417
5004,MAC,1995,"Macao, China",4832.0,5591.0,3806.0,0.6807368985870148,False,0.42521008403361343,0.5747899159663865,4698.5,0.8100457592848781
5007,MAC,1996,"Macao, China",4914.0,5716.0,3924.0,0.6864940517844647,False,0.44754464285714285,0.5524553571428572,4820.0,0.8141078838174274
5010,MAC,1997,"Macao, China",5221.0,6094.0,4032.0,0.6616343944863801,False,0.42337536372453927,0.5766246362754608,5063.0,0.7963657910329844
5013,MAC,2009,"Macao, China",8500.0,10000.0,7100.0,0.71,False,0.5172413793103449,0.48275862068965514,8550.0,0.8304093567251462
5016,MAC,2010,"Macao, China",8900.0,10000.0,7500.0,0.75,False,0.44,0.56,8750.0,0.8571428571428571
5019,MAC,2011,"Macao, China",10000.0,11000.0,8300.0,0.7545454545454545,False,0.37037037037037035,0.6296296296296297,9650.0,0.8601036269430051
5022,MAC,2012,"Macao, China",11000.0,12000.0,10000.0,0.8333333333333334,False,0.5,0.5,11000.0,0.9090909090909091
5025,MAC,2013,"Macao, China",12000.0,13000.0,11000.0,0.8461538461538461,False,0.5,0.5,12000.0,0.9166666666666666
5028,MAC,2014,"Macao, China",13000.0,15000.0,12000.0,0.8,False,0.6666666666666666,0.33333333333333337,13500.0,0.8888888888888888
5031,MAC,2015,"Macao, China",15000.0,15000.0,13500.0,0.9,False,-0.0,1.0,14250.0,0.9473684210526315
5034,MAC,2016,"Macao, China",15000.0,15000.0,13500.0,0.9,False,-0.0,1.0,14250.0,0.9473684210526315
5037,MAC,2017,"Macao, China",15000.0,16000.0,15000.0,0.9375,False,1.0,0.0,15500.0,0.967741935483871
5040,MAC,2018,"Macao, China",15800.0,17000.0,15000.0,0.8823529411764706,False,0.6,0.4,16000.0,0.9375
5095,MDA,2007,Republic of Moldova,1359.036,1538.594,1199.308,0.7794830865062518,False,0.5292231332857824,0.4707768667142176,1368.951,0.8760781065209785
5098,MDA,2008,Republic of Moldova,1660.551,1880.097,1463.505,0.7784199432263336,False,0.527004839267197,0.472995160732803,1671.801,0.8754062235876161
5101,MDA,2009,Republic of Moldova,1769.551,1959.052,1604.111,0.8188200211122524,False,0.5338943655424425,0.4661056344575575,1781.5815,0.9003859772904018
5104,MDA,2010,Republic of Moldova,1876.597,2033.29,1745.003,0.8582164865808616,False,0.5435312726553746,0.4564687273446254,1889.1464999999998,0.9236991413847471
5107,MDA,2011,Republic of Moldova,2007.839,2159.155,1879.084,0.8702867556984097,False,0.54027728683084,0.45972271316916,2019.1195000000002,0.930645263938068
5110,MDA,2012,Republic of Moldova,2201.769,2377.034,2057.02,0.8653725609309753,False,0.5476791640365742,0.45232083596342576,2217.027,0.9278281229773024
5113,MDA,2013,Republic of Moldova,2335.221,2532.414,2167.762,0.856006166448298,False,0.5407703783333155,0.45922962166668446,2350.088,0.9224173733068719
5116,MDA,2014,Republic of Moldova,2389.648,2625.532,2194.674,0.8358968772804901,False,0.5474750381796321,0.45252496182036794,2410.103,0.9106141936672416
5119,MDA,2015,Republic of Moldova,2636.726,2889.909,2431.278,0.8412991550945029,False,0.5520407473546267,0.4479592526453733,2660.5935,0.9138103960638857
5122,MDA,2016,Republic of Moldova,2815.201,3039.857,2630.146,0.8652203047709153,False,0.5483279677626426,0.4516720322373574,2835.0015000000003,0.927740602606383
5125,MDA,2017,Republic of Moldova,2969.106,3198.661,2774.766,0.8674773600578493,False,0.5415374090281788,0.4584625909718212,2986.7135,0.9290365480318082
5128,MDA,2018,Republic of Moldova,3396.982,3743.914,3102.778,0.8287524766861631,False,0.5411207606498466,0.4588792393501534,3423.346,0.9063582822186247
5131,MDA,2019,Republic of Moldova,4134.908,4447.796,3862.841,0.8684843009886244,False,0.5348924276226371,0.4651075723773629,4155.3185,0.929613698685191
5134,MDA,2020,Republic of Moldova,4435.534,4758.774,4140.923,0.8701659292918721,False,0.5231682072214828,0.47683179277851717,4449.8485,0.9305761757956478
5137,MDA,2021,Republic of Moldova,4936.973,5233.074,4669.623,0.8923288682713066,False,0.5255133099417689,0.4744866900582311,4951.3485,0.9431012581723948
5140,MDA,2022,Republic of Moldova,5460.064,5817.304,5153.377,0.8858703275606707,False,0.5380712036112403,0.4619287963887597,5485.3405,0.93948169671509
5143,MDA,2023,Republic of Moldova,6284.122,6620.26,6010.117,0.9078370033805319,False,0.550916752302329,0.44908324769767105,6315.1885,0.9516924158320849
5146,MDG,2005,Madagascar,338727.24,398351.34,255773.1,0.6420791756342529,False,0.41818513119533546,0.5818148688046645,327062.22000000003,0.7820319326396059
5149,MDG,2012,Madagascar,148474.229,167640.082,116293.083,0.6937069083514288,True,0.3732614052089004,0.6267385947910996,141966.5825,0.8191581494187198
5152,MDG,2015,Madagascar,209429.056,219208.96,192285.158,0.8771774566149121,False,0.3632437944685517,0.6367562055314483,205747.059,0.9345706273254676
5155,MDV,2016,Maldives,10765.814,11659.523,9220.362,0.7908009615830768,True,0.36640016792659397,0.633599832073406,10439.9425,0.8831813010464378
5158,MDV,2019,Maldives,11551.156,12682.154,9804.345,0.7730820016852026,False,0.39300662413662585,0.6069933758633741,11243.2495,0.872020584440468
5161,MEX,1991,Mexico,809.7,898.8,654.4,0.7280818869603917,False,0.3645662847790504,0.6354337152209496,776.5999999999999,0.8426474375482875
5164,MEX,1993,Mexico,1043.5,1139.8,866.4,0.7601333567292508,False,0.35223116313094355,0.6477688368690564,1003.0999999999999,0.8637224603728443
5170,MEX,1995,Mexico,1274.1,1370.9,1076.8,0.785469399664454,False,0.32913974838490356,0.6708602516150964,1223.85,0.8798463864035626
5173,MEX,1996,Mexico,1437.6,1497.1,1316.7,0.8795003673769288,False,0.3298226164079825,0.6701773835920175,1406.9,0.9358874120406567
5176,MEX,1997,Mexico,1745.0,1851.6,1531.6,0.8271764960034564,False,0.3331249999999997,0.6668750000000003,1691.6,0.9054149917238118
5179,MEX,1998,Mexico,2048.5,2163.8,1820.0,0.8411128570108143,False,0.33536940081442734,0.6646305991855727,1991.9,0.9137004869722375
5182,MEX,1999,Mexico,2384.862,2533.222,2091.666,0.8256939186537935,False,0.33599362255297205,0.664006377447028,2312.4440000000004,0.9045261204163213
5185,MEX,2000,Mexico,2938.493,3134.851,2563.661,0.8177935729640738,False,0.343770023985014,0.656229976014986,2849.2560000000003,0.8997650614756975
5188,MEX,2001,Mexico,3320.05,3543.762,2894.592,0.8168133187273863,False,0.34461235115609157,0.6553876488439084,3219.177,0.8991714341895459
5191,MEX,2002,Mexico,3632.084,3867.204,3181.091,0.8225816377930928,True,0.34268407682116536,0.6573159231788346,3524.1475,0.9026554649032141
5194,MEX,2003,Mexico,3859.539,4088.679,3418.338,0.8360494917796188,False,0.3418260258584808,0.6581739741415191,3753.5085,0.910704744640914
5197,MEX,2004,Mexico,4013.575,4263.338,3544.441,0.8313769633090315,False,0.3474252918011898,0.6525747081988102,3903.8894999999998,0.9079255445114417
5200,MEX,2005,Mexico,4233.036,4499.455,3773.775,0.8387182447651994,True,0.36713014000661437,0.6328698599933856,4136.615,0.9122857698867312
5203,MEX,2006,Mexico,4512.283,4784.467,4048.423,0.8461596662700359,False,0.36979311019449834,0.6302068898055017,4416.445,0.916670081932414
5206,MEX,2007,Mexico,4726.691,5039.519,4195.474,0.8325147697627492,True,0.3706295280464909,0.6293704719535091,4617.4965,0.908603612368737
5209,MEX,2008,Mexico,4849.117,5171.872,4292.359,0.8299430070968501,False,0.36697013006061324,0.6330298699393868,4732.1155,0.9070697872864685
5212,MEX,2009,Mexico,4859.461,5123.432,4409.291,0.8606127689408194,False,0.3696342879067295,0.6303657120932705,4766.3615,0.9250853087832301
5215,MEX,2010,Mexico,4918.187,5194.036,4444.104,0.8556167111664225,False,0.36783201676952076,0.6321679832304792,4819.07,0.9221912111673001
5218,MEX,2011,Mexico,5003.336,5266.743,4551.406,0.8641784875396425,False,0.36822784226175914,0.6317721577382409,4909.074500000001,0.9271413583150957
5221,MEX,2012,Mexico,5154.991,5436.319,4679.074,0.8607062977724448,False,0.37151516352039315,0.6284848364796068,5057.6965,0.9251393396183419
5224,MEX,2013,Mexico,5315.2,5604.205,4831.1,0.8620491220431802,False,0.3738237367498597,0.6261762632501403,5217.6525,0.9259144797396914
5227,MEX,2014,Mexico,5353.102,5642.258,4857.145,0.8608512762089221,False,0.36829857612853206,0.631701423871468,5249.7015,0.925223081731409
5230,MEX,2015,Mexico,5548.15,5861.225,5015.797,0.8557591629736103,False,0.37031539054774676,0.6296846094522532,5438.511,0.9222739459385113
5233,MEX,2016,Mexico,5796.809,6130.542,5229.588,0.8530384426042591,False,0.3704217973392648,0.6295782026607353,5680.0650000000005,0.9206915765928734
5236,MEX,2017,Mexico,6016.1,6366.233,5429.877,0.8529183584703859,False,0.37393149614035676,0.6260685038596432,5898.055,0.9206216286555483
5239,MEX,2018,Mexico,6320.605,6701.921,5689.689,0.8489639015440499,False,0.37670810644200214,0.6232918935579979,6195.805,0.9183131166975075
5242,MEX,2019,Mexico,6621.173,7038.78,5945.536,0.8446827433163133,False,0.38198883323393507,0.6180111667660649,6492.157999999999,0.9158027269206942
5245,MEX,2020,Mexico,7048.628,7382.123,6531.387,0.8847572710451993,True,0.39200762633766517,0.6079923736623348,6956.754999999999,0.9388554002548603
5248,MEX,2021,Mexico,7499.104,7912.056,6842.96,0.8648775994507623,False,0.38626278650373724,0.6137372134962628,7377.508,0.927543555357717
5251,MEX,2022,Mexico,8060.331,8540.64,7322.495,0.8573707591000207,False,0.3942954246005192,0.6057045753994807,7931.567499999999,0.9232090630256883
5254,MEX,2023,Mexico,8921.288,9557.041,7985.893,0.8356030909567094,False,0.4046423379592496,0.5953576620407504,8771.467,0.9104398386267656
5257,MHL,2019,Marshall Islands,798.347,766.335,872.328,1.1383115739200218,False,0.30201994471332977,0.6979800552866702,819.3315,1.064682610152301
5290,MKD,2014,North Macedonia,30416.0,31766.0,28760.0,0.9053705219416986,False,0.4491017964071856,0.5508982035928144,30263.0,0.9503353930542247
5293,MLI,2013,Mali,77081.377,87224.312,53389.796,0.6120976454362862,True,0.29978070323216716,0.7002192967678329,70307.054,0.759380360326291
5296,MLI,2014,Mali,72802.307,81795.085,46948.418,0.5739760280217325,True,0.25806709146673923,0.7419329085332608,64371.7515,0.7293326172738984
5299,MLI,2015,Mali,64630.832,71338.636,45550.632,0.6385127969085364,False,0.26011334572462436,0.7398866542753757,58444.634,0.7793809094603963
5302,MLI,2016,Mali,70076.466,76606.821,49174.695,0.6419101374797944,False,0.2380550089336859,0.7619449910663141,62890.758,0.781906540226467
5305,MLI,2017,Mali,69595.744,80043.366,42860.198,0.5354622143201724,False,0.2809771883880359,0.7190228116119641,61451.78199999999,0.6974606204259464
5308,MLI,2018,Mali,73226.196,92591.086,35629.446,0.3848042780273687,False,0.3399637018877968,0.6600362981122032,64110.266,0.5557525841493155
5311,MLI,2019,Mali,97658.209,112442.023,59611.313,0.5301515519691423,False,0.27983371792656203,0.720166282073438,86026.668,0.6929399264888418
5314,MLI,2020,Mali,81011.207,86919.141,61707.624,0.7099428651739667,False,0.23433472884634465,0.7656652711536553,74313.3825,0.8303702768475113
5317,MLI,2022,Mali,92314.674,100274.837,65033.383,0.6485513708688452,False,0.2258749880183718,0.7741250119816282,82654.11,0.7868136623817013
5324,MLT,2000,Malta,401.858,436.913,335.298,0.7674250937829727,False,0.34497859567977174,0.6550214043202283,386.1055,0.8684103179053393
5325,MLT,2001,Malta,356.967,384.286,299.566,0.7795391973686264,False,0.3224622285174694,0.6775377714825306,341.926,0.8761135450360604
5326,MLT,2002,Malta,414.647,442.982,363.328,0.8201868247468294,False,0.35572601501493983,0.6442739849850602,403.155,0.901211692773251
5327,MLT,2003,Malta,410.822,433.749,362.398,0.8355016380441223,False,0.3213269610797329,0.6786730389202671,398.0735,0.9103796158247158
5328,MLT,2004,Malta,443.923,458.236,412.991,0.9012626681447987,False,0.316344347441706,0.683655652558294,435.6135,0.9480674956125097
5329,MLT,2005,Malta,432.46,456.241,383.039,0.839554095313661,False,0.3248681730007378,0.6751318269992622,419.64,0.912780001906396
5330,MLT,2006,Malta,452.325,473.094,408.848,0.8642003491906471,False,0.3232730442362172,0.6767269557637827,440.971,0.9271539398282427
5331,MLT,2007,Malta,471.942,517.05,403.264,0.7799323082873998,False,0.3964283831051269,0.603571616894873,460.157,0.8763617634850714
5332,MLT,2008,Malta,1172.766,1247.899,1037.634,0.8315047932565056,True,0.35732528000380404,0.642674719996196,1142.7665,0.9080017658900572
5335,MLT,2009,Malta,1569.428,1695.08,1347.046,0.7946798971140006,False,0.36103369211054054,0.6389663078894594,1521.063,0.8855951397147915
5338,MLT,2010,Malta,1595.928,1697.153,1429.846,0.8424968167277788,False,0.3786844340028503,0.6213155659971497,1563.4995,0.9145164421223033
5341,MLT,2011,Malta,1661.787,1780.659,1473.645,0.8275840573630324,False,0.38718755496492024,0.6128124450350798,1627.152,0.9056590902386501
5344,MLT,2012,Malta,1664.365,1802.975,1447.106,0.8026212232560075,False,0.38949725882276887,0.6105027411772311,1625.0405,0.8905045751167432
5347,MLT,2013,Malta,1745.733,1921.404,1484.019,0.7723617729535277,False,0.4016392880414282,0.5983607119585719,1702.7115,0.8715622112142898
5350,MLT,2014,Malta,1867.239,2078.315,1563.148,0.7521227532881204,False,0.4097234489010359,0.590276551098964,1820.7314999999999,0.858527465471982
5353,MLT,2015,Malta,1951.813,2139.419,1687.734,0.7888749235189554,False,0.4153469785359261,0.5846530214640739,1913.5765,0.8819788495521345
5356,MLT,2016,Malta,1955.805,2124.568,1725.517,0.8121731100157773,False,0.42291085600587414,0.5770891439941259,1925.0425,0.89635267792789
5359,MLT,2017,Malta,2042.337,2207.503,1821.405,0.8250974064361407,False,0.42778258369636746,0.5722174163036325,2014.4540000000002,0.9041680773053143
5362,MLT,2018,Malta,2017.595,2176.153,1798.863,0.8266252418832685,False,0.42025497627819414,0.5797450237218058,1987.5079999999998,0.9050846587787321
5365,MLT,2019,Malta,2082.988,2236.045,1878.295,0.8400076921528861,False,0.4278322851153047,0.5721677148846953,2057.17,0.9130480222830393
5368,MLT,2020,Malta,2252.467,2434.878,1998.75,0.820883017547491,False,0.41825106390784356,0.5817489360921564,2216.8140000000003,0.9016318013148599
5371,MLT,2021,Malta,2401.398,2602.446,2131.603,0.8190767454925098,False,0.4269958351297563,0.5730041648702437,2367.0245,0.9005411646563016
5374,MMR,2015,Myanmar,116877.588,131281.973,97061.366,0.7393350646855376,True,0.4209272208409393,0.5790727791590606,114171.66949999999,0.8501352956041341
5377,MMR,2017,Myanmar,173499.773,183736.82,163297.811,0.8887593188997175,True,0.5008582852524802,0.4991417147475198,173517.3155,0.9411038346775252
5380,MMR,2018,Myanmar,192257.84,202352.481,181509.597,0.89699714133972,False,0.4843207398745782,0.5156792601254219,191931.039,0.9457021539908406
5383,MMR,2019,Myanmar,208855.024,219039.151,198659.363,0.9069582405384689,False,0.4997170235529441,0.5002829764470559,208849.257,0.951209335640586
5386,MMR,2020,Myanmar,187872.518,197567.656,173165.369,0.8764864275152408,False,0.39730448215775777,0.6026955178422422,185366.5125,0.9341782755933329
5407,MNE,2014,Montenegro,724.0,761.0,692.0,0.9093298291721419,False,0.5362318840579711,0.46376811594202894,726.5,0.9525120440467997
5425,MNG,2000,Mongolia,62300.0,64700.0,59800.0,0.9242658423493045,False,0.4897959183673469,0.5102040816326531,62250.0,0.9606425702811245
5428,MNG,2001,Mongolia,65200.0,69200.0,61000.0,0.8815028901734104,False,0.4878048780487805,0.5121951219512195,65100.0,0.9370199692780338
5431,MNG,2002,Mongolia,71300.0,75600.0,71300.0,0.9431216931216931,False,1.0,0.0,73450.0,0.9707283866575902
5434,MNG,2003,Mongolia,81500.0,86900.0,76000.0,0.8745684695051784,False,0.4954128440366973,0.5045871559633027,81450.0,0.9330877839165131
5437,MNG,2004,Mongolia,93100.0,98300.0,88000.0,0.8952187182095626,False,0.5048543689320388,0.49514563106796117,93150.0,0.9447128287707998
5440,MNG,2005,Mongolia,101200.0,110000.0,92300.0,0.8390909090909091,False,0.4971751412429379,0.5028248587570621,101150.0,0.9125061789421651
5443,MNG,2006,Mongolia,127700.0,131800.0,117300.0,0.8899848254931715,False,0.2827586206896552,0.7172413793103448,124550.0,0.941790445604175
5446,MNG,2007,Mongolia,173010.0,186700.0,159300.0,0.8532404927691484,False,0.4996350364963504,0.5003649635036496,173000.0,0.9208092485549133
5449,MNG,2008,Mongolia,274200.0,291300.0,258100.0,0.8860281496738758,False,0.5150602409638554,0.4849397590361446,274700.0,0.9395704404805242
5452,MNG,2009,Mongolia,238700.194,253445.646,224396.208,0.8853819804819216,False,0.5075985291006326,0.49240147089936737,238920.92700000003,0.9392070038301835
5455,MNG,2010,Mongolia,261584.125,281486.616,242010.924,0.8597599681258026,False,0.5041707945233738,0.49582920547662623,261748.77,0.9245924020961016
5458,MNG,2011,Mongolia,326790.425,351476.988,300583.999,0.855202500483474,False,0.4850680513184247,0.5149319486815753,326030.4935,0.9219505690193976
5461,MNG,2012,Mongolia,400689.865,436555.099,363707.775,0.8331314325113404,False,0.49233426886072046,0.5076657311392796,400131.43700000003,0.908970756526686
5464,MNG,2013,Mongolia,462373.872,499765.737,423388.94,0.8471748034219481,False,0.48957100151764726,0.5104289984823527,461577.3385,0.9172654389314219
5467,MNG,2014,Mongolia,541133.448,587324.961,492366.455,0.8383203297909895,False,0.48643891891054014,0.5135610810894599,539845.708,0.9120503279059134
5470,MNG,2015,Mongolia,536763.45,577788.904,492140.786,0.8517657272282959,False,0.4790000639593744,0.5209999360406257,534964.845,0.9199497697834706
5473,MNG,2016,Mongolia,540260.936,580116.788,499341.954,0.8607610817841046,False,0.493419175581345,0.5065808244186549,539729.371,0.9251709853677761
5476,MNG,2017,Mongolia,545034.005,585030.782,502303.207,0.8585927825589184,False,0.4834757576297866,0.5165242423702134,543666.9945,0.9239170523161122
5479,MNG,2018,Mongolia,585427.262,643518.227,524116.864,0.8144553518606087,False,0.4865184411672084,0.5134815588327917,583817.5455,0.8977408576358039
5482,MNG,2019,Mongolia,787549.528,865773.976,702313.819,0.8111976548946304,True,0.47855360863259155,0.5214463913674084,784043.8975,0.8957582875645047
5485,MNG,2020,Mongolia,850568.978,928076.893,770694.98,0.8304214724156481,False,0.4924829894525428,0.5075170105474571,849385.9365000001,0.9073554751515478
5488,MNG,2021,Mongolia,901897.734,996508.495,802919.396,0.805732615455526,False,0.4887194655521379,0.5112805344478621,899713.9454999999,0.8924163063336669
5491,MNG,2022,Mongolia,1068709.455,1219296.962,908982.709,0.7454973950800347,False,0.48527421974394447,0.5147257802560555,1064139.8355,0.8541947953418195
5494,MNG,2023,Mongolia,1268986.008,1455669.529,1063998.79,0.7309343012290257,False,0.47663382124647347,0.5233661787535265,1259834.1595,0.8445546439400224
5497,MRT,2019,Mauritania,60522.504,65659.564,46472.266,0.7077760370141966,False,0.2677323300029008,0.7322676699970991,56065.915,0.8288862493370527
5541,MUS,2001,Mauritius,7000.31,7964.876,5123.292,0.6432356260160234,True,0.3394465903524231,0.6605534096475769,6544.084000000001,0.7828890949443803
5544,MUS,2002,Mauritius,7375.737,8317.57,5575.579,0.6703374903968347,False,0.34348508073148293,0.6565149192685171,6946.5745,0.8026371847016108
5547,MUS,2003,Mauritius,7926.851,8942.468,5996.116,0.6705213817930351,True,0.344703212650763,0.655296787349237,7469.292,0.8027689906888096
5550,MUS,2004,Mauritius,8313.252,9359.686,6339.139,0.6772811609278346,False,0.3464385755295314,0.6535614244704686,7849.4125,0.8075940715308311
5553,MUS,2005,Mauritius,9474.654,10554.909,7407.451,0.7018015029783772,False,0.34321506434716503,0.656784935652835,8981.18,0.8247748068739297
5556,MUS,2006,Mauritius,9708.755,10939.62,7388.76,0.6754128571193515,False,0.34663856079935607,0.6533614392006439,9164.19,0.8062643834315962
5559,MUS,2007,Mauritius,10237.751,11460.761,7963.074,0.6948119762727797,False,0.3496625055358012,0.6503374944641989,9711.9175,0.8199280934995586
5562,MUS,2008,Mauritius,11625.665,13149.241,8914.696,0.6779627812738392,False,0.35979686129206306,0.640203138707937,11031.968499999999,0.8080784494625779
5565,MUS,2009,Mauritius,13253.402,15040.261,10155.645,0.6752306359577138,False,0.36581360745655345,0.6341863925434466,12597.953000000001,0.8061345363012546
5568,MUS,2010,Mauritius,14188.838,16081.684,10967.19,0.6819677590978657,False,0.3700944805097044,0.6299055194902956,13524.437,0.810916565325418
5571,MUS,2011,Mauritius,14763.001,16765.538,11412.56,0.6807154056135866,False,0.3740977452177087,0.6259022547822912,14089.048999999999,0.8100305421607945
5574,MUS,2012,Mauritius,15508.836,17547.891,12125.016,0.6909671367345511,False,0.37600995781757834,0.6239900421824216,14836.4535,0.8172449029008179
5577,MUS,2013,Mauritius,16746.821,18665.505,13805.664,0.7396351719388251,False,0.39480386292473374,0.6051961370752663,16235.5845,0.8503336606082769
5580,MUS,2014,Mauritius,18927.411,21052.542,15648.078,0.7432868676856219,False,0.39321771779773174,0.6067822822022683,18350.31,0.8527418882841761
5583,MUS,2015,Mauritius,20151.44,22572.119,16554.027,0.7333838263035916,False,0.4022336315230807,0.5977663684769192,19563.072999999997,0.8461874573590765
5586,MUS,2016,Mauritius,20197.576,22804.566,16298.148,0.7146879269704146,False,0.400679759585074,0.599320240414926,19551.357,0.8336069972022914
5589,MUS,2017,Mauritius,21207.072,23707.126,17535.386,0.7396673050963664,False,0.4050809010100878,0.5949190989899122,20621.256,0.8503548959384432
5592,MUS,2018,Mauritius,21977.675,24336.47,18590.888,0.763910624671532,False,0.4105406554114102,0.5894593445885898,21463.679,0.8661557042480927
5595,MUS,2019,Mauritius,20525.542,22655.605,17509.553,0.7728574452105782,False,0.4139217792591288,0.5860782207408712,20082.578999999998,0.8718777105271192
5598,MUS,2020,Mauritius,19745.578,21309.956,17537.547,0.822974341195261,True,0.41468939343533456,0.5853106065646654,19423.7515,0.9028918538213383
5601,MUS,2021,Mauritius,22664.117,24759.711,19902.393,0.8038217005036933,False,0.4314302666615612,0.5685697333384387,22331.052,0.8912429651769205
5604,MUS,2022,Mauritius,23230.734,25663.164,20061.952,0.7817411757957826,False,0.4342685118863561,0.5657314881136439,22862.558,0.8775025086869107
5607,MUS,2023,Mauritius,18463.853,20405.106,12626.212,0.6187770845199235,False,0.2495538568850534,0.7504461431149466,16515.659,0.7644994365650198
5649,MWI,2013,Malawi,21062.003,24067.889,16273.427,0.6761468361433776,True,0.385643807103043,0.614356192896957,20170.658,0.8067871162160402
5652,MYS,1987,Malaysia,648.0,768.0,522.0,0.6796875,False,0.4878048780487805,0.5121951219512195,645.0,0.8093023255813954
5653,MYS,1988,Malaysia,701.0,888.0,537.0,0.6047297297297297,False,0.5327635327635327,0.4672364672364673,712.5,0.7536842105263157
5654,MYS,2011,Malaysia,1809.0,1842.0,1751.0,0.9505971769815418,False,0.3626373626373626,0.6373626373626373,1796.5,0.9746729752296132
5657,MYS,2012,Malaysia,1906.0,1933.0,1857.0,0.9606828763579928,False,0.35526315789473684,0.6447368421052632,1895.0,0.9799472295514512
5660,MYS,2013,Malaysia,2023.0,2048.0,1977.0,0.96533203125,False,0.352112676056338,0.647887323943662,2012.5,0.9823602484472049
5663,MYS,2014,Malaysia,2193.0,2232.0,2125.0,0.9520609318996416,False,0.3644859813084112,0.6355140186915889,2178.5,0.9754418177645169
5666,MYS,2015,Malaysia,2312.0,2345.0,2254.0,0.9611940298507463,False,0.3626373626373626,0.6373626373626373,2299.5,0.9802130898021308
5669,MYS,2016,Malaysia,2657.0,2741.0,2532.0,0.9237504560379424,False,0.4019138755980861,0.5980861244019139,2636.5,0.960364119097288
5672,MYS,2017,Malaysia,2879.0,2953.0,2772.0,0.9387064002709109,False,0.4088397790055249,0.5911602209944751,2862.5,0.9683842794759825
5675,MYS,2018,Malaysia,3087.0,3174.0,2959.0,0.9322621298046628,False,0.4046511627906977,0.5953488372093023,3066.5,0.9649437469427686
5678,MYS,2019,Malaysia,3224.0,3304.0,3108.0,0.940677966101695,False,0.40816326530612246,0.5918367346938775,3206.0,0.9694323144104804
5681,MYS,2020,Malaysia,2933.0,2963.0,2889.0,0.9750253121835977,False,0.40540540540540543,0.5945945945945945,2926.0,0.9873547505126452
5685,NAM,2012,Namibia,5624.347,6080.545,4996.821,0.8217718970914614,True,0.42095404364949035,0.5790459563505097,5538.683,0.9021677174880743
5688,NAM,2013,Namibia,6843.447,7353.964,6172.478,0.8393402524135283,False,0.4320973756777481,0.5679026243222519,6763.221,0.9126536009986959
5691,NAM,2014,Namibia,6638.015,6949.783,6217.501,0.8946323935581874,False,0.42574855042183196,0.5742514495781681,6583.642,0.9443862530799823
5694,NAM,2016,Namibia,6927.219,7028.962,6799.372,0.9673365711750895,False,0.4431508340955631,0.5568491659044369,6914.167,0.9833971322937384
5697,NAM,2018,Namibia,7233.303,7593.122,6820.226,0.8982110388849276,False,0.46554646420734497,0.534453535792655,7206.674,0.9463763727899999
5700,NCL,1999,New Caledonia,255118.0,275779.0,224335.0,0.813459327940126,False,0.4016211803125729,0.5983788196874271,250057.0,0.8971354531166894
5701,NCL,2017,New Caledonia,220065.411,232445.013,205187.319,0.8827348728707721,False,0.45416908708418274,0.5458309129158172,218816.166,0.9377155388053001
5710,NER,2011,Niger,56188.383,73405.7,28459.135,0.38769652765384705,True,0.38306190918037886,0.6169380908196211,50932.417499999996,0.5587626976473284
5713,NER,2012,Niger,75505.819,79544.087,59482.768,0.7477962252555617,True,0.2012962358058309,0.7987037641941691,69513.42749999999,0.8557018426404022
5716,NER,2014,Niger,118006.745,121172.345,104964.54,0.866241715467337,False,0.19531330738492994,0.8046866926150701,113068.4425,0.9283274597153842
5719,NER,2019,Niger,84228.541,87304.92,72892.229,0.8349154778447768,False,0.2134493135251427,0.7865506864748573,80098.5745,0.9100315387011039
5722,NER,2022,Niger,75078.919,76692.731,68605.921,0.8945557174121235,False,0.19956101355169786,0.8004389864483021,72649.326,0.9443435304547767
5725,NGA,2011,Nigeria,47816.395,50061.374,43271.63,0.8643716011470239,True,0.3306426575140395,0.6693573424859605,46666.502,0.927252486162344
5728,NGA,2013,Nigeria,58714.022,65418.37,45661.934,0.6979986508376775,False,0.3393500730597363,0.6606499269402637,55540.152,0.822142762590927
5731,NGA,2019,Nigeria,45512.69,54057.34,34042.288,0.6297440458594522,True,0.42691120662589316,0.5730887933741069,44049.814,0.7728134334460527
5768,NIC,2005,Nicaragua,2680.762,2655.928,2730.037,1.0279032413529283,False,0.33510099987856146,0.6648990001214385,2692.9825,1.0137596512416993
5780,NIC,2012,Nicaragua,4449.921,4594.308,4213.675,0.9171511792417922,True,0.3793338990576219,0.6206661009423782,4403.9915,0.9567854524696517
5786,NIC,2014,Nicaragua,9897.546,9421.582,10791.913,1.145445955891484,True,0.34733505992347824,0.6526649400765218,10106.747500000001,1.0677928779758274
5789,NLD,1969,Netherlands,943.94,1060.85,718.78,0.6775510204081633,False,0.34177215189873383,0.6582278481012662,889.8149999999999,0.8077858880778589
5790,NLD,1970,Netherlands,1052.19,1177.76,805.38,0.6838235294117647,False,0.3372093023255812,0.6627906976744188,991.5699999999999,0.8122270742358079
5791,NLD,1971,Netherlands,1199.41,1342.3,917.96,0.6838709677419356,False,0.3367346938775508,0.6632653061224492,1130.13,0.8122605363984674
5792,NLD,1972,Netherlands,1333.64,1493.85,1030.54,0.6898550724637681,False,0.34579439252336414,0.6542056074766358,1262.195,0.8164665523156089
5793,NLD,1973,Netherlands,1511.17,1684.37,1186.42,0.7043701799485862,False,0.3478260869565215,0.6521739130434785,1435.395,0.8265460030165913
5794,NLD,1974,Netherlands,1753.65,1926.85,1394.26,0.7235955056179776,False,0.32520325203252004,0.6747967479674799,1660.5549999999998,0.8396349413298566
5795,NLD,1975,Netherlands,1974.48,2156.34,1580.45,0.7329317269076305,False,0.3157894736842107,0.6842105263157894,1868.395,0.8458864426419467
5796,NLD,1976,Netherlands,2139.02,2325.21,1719.01,0.739292364990689,False,0.3071428571428572,0.6928571428571428,2022.1100000000001,0.8501070663811563
5797,NLD,1977,Netherlands,2528.72,2771.2,2190.98,0.790625,True,0.4179104477611942,0.5820895522388059,2481.09,0.8830715532286213
5798,NLD,1978,Netherlands,2688.93,2944.4,2312.22,0.7852941176470587,False,0.4041095890410961,0.5958904109589038,2628.31,0.8797364085667215
5799,NLD,1979,Netherlands,2844.81,3134.92,2420.47,0.7720994475138121,False,0.40606060606060607,0.593939393939394,2777.6949999999997,0.8713951675759938
5800,NLD,1980,Netherlands,2970.38,3251.83,2528.72,0.77762982689747,False,0.3892215568862272,0.6107784431137728,2890.2749999999996,0.8749063670411985
5801,NLD,1981,Netherlands,3104.61,3394.72,2606.66,0.7678571428571429,False,0.36813186813186777,0.6318681318681323,3000.6899999999996,0.8686868686868687
5802,NLD,1982,Netherlands,3282.14,3572.25,2727.9,0.7636363636363637,False,0.34358974358974376,0.6564102564102563,3150.075,0.865979381443299
5803,NLD,1983,Netherlands,3299.46,3572.25,2710.58,0.7587878787878788,False,0.31658291457286425,0.6834170854271358,3141.415,0.8628532046864231
5804,NLD,1984,Netherlands,3308.12,3576.58,2688.93,0.7518159806295399,False,0.3024390243902439,0.697560975609756,3132.755,0.8583275742916378
5805,NLD,1985,Netherlands,3338.43,3602.56,2688.93,0.7463942307692307,False,0.2890995260663508,0.7109004739336492,3145.745,0.8547832071576049
5806,NLD,1986,Netherlands,3394.72,3663.18,2753.88,0.7517730496453902,False,0.29523809523809535,0.7047619047619047,3208.5299999999997,0.8582995951417005
5807,NLD,1987,Netherlands,3446.68,3710.81,2792.85,0.7526254375729288,False,0.2877358490566039,0.7122641509433961,3251.83,0.8588548601864181
5808,NLD,1988,Netherlands,3494.31,3767.1,2840.48,0.7540229885057471,False,0.29439252336448596,0.705607476635514,3303.79,0.8597640891218873
5809,NLD,1989,Netherlands,3567.92,3840.71,2905.43,0.7564825253664036,False,0.2916666666666666,0.7083333333333335,3373.0699999999997,0.8613607188703466
5810,NLD,1990,Netherlands,3710.81,3992.26,3026.67,0.7581344902386117,False,0.2914798206278029,0.7085201793721971,3509.465,0.8624305983960519
5813,NLD,1991,Netherlands,3875.35,4161.13,3165.23,0.7606659729448491,False,0.2869565217391306,0.7130434782608694,3663.1800000000003,0.8640661938534279
5816,NLD,1992,Netherlands,4035.56,4325.67,3299.46,0.7627627627627628,False,0.28270042194092837,0.7172995780590716,3812.565,0.8654173764906303
5819,NLD,1993,Netherlands,4165.46,4442.58,3412.04,0.7680311890838206,False,0.26890756302520996,0.73109243697479,3927.31,0.8687982359426681
5822,NLD,1994,Netherlands,4147.0,4351.0,3376.0,0.7759135830843484,False,0.20923076923076922,0.7907692307692308,3863.5,0.8738190759673871
5825,NLD,1995,Netherlands,4382.0,4609.0,3496.0,0.7585159470600998,False,0.20395327942497754,0.7960467205750225,4052.5,0.8626773596545343
5828,NLD,1996,Netherlands,4532.0,4750.0,3649.0,0.7682105263157895,False,0.1980018165304269,0.8019981834695731,4199.5,0.8689129658292654
5831,NLD,1997,Netherlands,4676.0,4901.0,3785.0,0.7722913691083453,False,0.20161290322580644,0.7983870967741935,4343.0,0.8715173842965692
5834,NLD,1998,Netherlands,4860.0,5096.0,3954.0,0.7759026687598116,False,0.20665499124343256,0.7933450087565674,4525.0,0.8738121546961326
5837,NLD,1999,Netherlands,5028.0,5276.0,4102.0,0.7774829416224412,False,0.21124361158432708,0.788756388415673,4689.0,0.8748133930475581
5838,NLD,2000,Netherlands,5220.0,5481.0,4287.0,0.7821565407772304,False,0.2185929648241206,0.7814070351758794,4884.0,0.8777641277641277
5839,NLD,2001,Netherlands,2517.0,2634.0,2094.0,0.7949886104783599,True,0.21666666666666667,0.7833333333333333,2364.0,0.8857868020304569
5842,NLD,2002,Netherlands,2623.0,2737.0,2201.0,0.804165144318597,False,0.2126865671641791,0.7873134328358209,2469.0,0.8914540299716485
5845,NLD,2003,Netherlands,2712.0,2926.0,2290.0,0.7826384142173616,False,0.33647798742138363,0.6635220125786163,2608.0,0.8780674846625767
5848,NLD,2004,Netherlands,2792.0,2904.0,2373.0,0.8171487603305785,False,0.21092278719397364,0.7890772128060264,2638.5,0.8993746446844798
5851,NLD,2005,Netherlands,2736.421,3208.888,2052.956,0.6397717838703003,False,0.4087325205980976,0.5912674794019024,2630.922,0.780318078605143
5854,NLD,2006,Netherlands,2717.815,3334.838,1959.227,0.5875029011904026,False,0.4485446830535668,0.5514553169464331,2647.0325000000003,0.7401597827000612
5857,NLD,2007,Netherlands,3529.859,4370.764,2564.0,0.5866251300687935,False,0.46542049764108656,0.5345795023589135,3467.382,0.7394627993108345
5860,NLD,2008,Netherlands,3524.153,4306.652,2626.901,0.6099636097831912,False,0.4658422587633525,0.5341577412366475,3466.7765,0.7577358967328871
5863,NLD,2009,Netherlands,3620.82,4408.682,2720.843,0.6171556487857369,False,0.4667874127804842,0.5332125872195158,3564.7625,0.7632606660331509
5866,NLD,2010,Netherlands,3789.356,4536.439,2923.202,0.6443825211801592,False,0.4630956269909505,0.5369043730090495,3729.8205000000003,0.7837379841737693
5869,NLD,2011,Netherlands,3750.284,4465.047,2955.225,0.6618575347583128,False,0.47340878593635516,0.5265912140636448,3710.1359999999995,0.7965274049253181
5872,NLD,2012,Netherlands,3839.282,4618.401,2940.469,0.63668551085105,False,0.46433288118946403,0.535667118810536,3779.435,0.7780181429234794
5875,NLD,2013,Netherlands,3940.746,4696.008,3065.623,0.6528146885610076,False,0.46324150430726474,0.5367584956927353,3880.8154999999997,0.7899429900751531
5878,NLD,2014,Netherlands,4127.249,4840.745,3266.821,0.6748591384177436,False,0.4533230321159091,0.5466769678840909,4053.783,0.8058697271166216
5881,NLD,2015,Netherlands,4105.642,4822.913,3324.545,0.6893230294637287,False,0.47870149389202116,0.5212985061079789,4073.729,0.8160938049634623
5884,NLD,2016,Netherlands,4071.095,4809.802,3252.54,0.6762315787635333,False,0.47436269555155136,0.5256373044484486,4031.171,0.8068474396149407
5887,NLD,2017,Netherlands,4204.289,5030.806,3316.381,0.6592146467186372,False,0.48209574638727265,0.5179042536127274,4173.5935,0.7946104478071475
5890,NLD,2018,Netherlands,4249.662,5104.572,3351.494,0.6565670931862652,False,0.48766227173006554,0.5123377282699344,4228.033,0.7926839738478862
5893,NLD,2019,Netherlands,4350.85,5187.978,3450.209,0.6650392503591958,False,0.4817257069265245,0.5182742930734755,4319.0935,0.7988271149953109
5896,NLD,2020,Netherlands,4552.732,5364.716,3649.923,0.6803571708176164,False,0.4735172116984383,0.5264827883015617,4507.3195,0.809776852961056
5899,NLD,2021,Netherlands,4668.565,5471.032,3836.887,0.7013095518359242,False,0.4910622986332306,0.5089377013667694,4653.9595,0.824434978430732
5902,NLD,2022,Netherlands,4887.956,5710.45,4040.604,0.7075806635203881,False,0.49255679865089336,0.5074432013491066,4875.527,0.8287522559099765
5905,NLD,2023,Netherlands,5086.429,5928.114,4248.751,0.7167120942680928,False,0.501193011874145,0.498806988125855,5088.4325,0.8349822858021602
5908,NOR,2002,Norway,3610.77,3896.2,3070.57,0.7880935270263334,False,0.3457117595048629,0.6542882404951371,3483.385,0.881490274546167
5911,NOR,2004,Norway,3181.547,3745.42,2575.318,0.6875912447736169,False,0.48190072318481647,0.5180992768151835,3160.369,0.8148788954707504
5914,NOR,2005,Norway,3056.226,3608.573,2442.592,0.6768858493371203,False,0.4737186969598989,0.5262813030401011,3025.5825,0.8073129719649027
5917,NOR,2006,Norway,3307.001,3930.878,2630.946,0.669302379773679,False,0.479930488671715,0.5200695113282849,3280.9120000000003,0.8018947170786659
5920,NOR,2007,Norway,3975.118,4718.913,3159.649,0.6695713610316614,False,0.47701672070925755,0.5229832792907425,3939.281,0.8020877413924012
5923,NOR,2008,Norway,4249.632,5086.119,3332.434,0.6552017363337351,False,0.47698817062357285,0.5230118293764272,4209.2765,0.7916880727602476
5926,NOR,2009,Norway,4464.753,5307.986,3559.465,0.6705867347803857,False,0.482255002942487,0.517744997057513,4433.7255000000005,0.8028158261038036
5929,NOR,2010,Norway,4401.39,5305.445,3463.418,0.652804430165613,False,0.49079356600093244,0.5092064339990676,4384.4315,0.7899354796625288
5932,NOR,2011,Norway,4934.277,5867.767,3942.223,0.6718438206561371,False,0.4847928689243143,0.5152071310756857,4904.995,0.8037160078654515
5935,NOR,2012,Norway,5337.993,6339.478,4300.054,0.6782978030683283,False,0.49106267259775294,0.5089373274022471,5319.766,0.8083163808332924
5938,NOR,2013,Norway,5654.392,6608.073,4662.172,0.7055267095263625,False,0.4900973893327565,0.5099026106672435,5635.1224999999995,0.8273417303705465
5941,NOR,2014,Norway,6050.181,7157.25,4919.816,0.687389150861015,False,0.4947940363827493,0.5052059636172507,6038.532999999999,0.8147369568072246
5944,NOR,2015,Norway,5680.127,6653.998,4687.836,0.7045141883120495,False,0.4953157471256181,0.5046842528743819,5670.9169999999995,0.8266451439864136
5947,NOR,2016,Norway,5470.695,6374.665,4530.177,0.7106533441365154,False,0.49009264359540433,0.5099073564045957,5452.421,0.8308560545856601
5950,NOR,2017,Norway,5325.052,6061.542,4535.049,0.7481675454859505,False,0.48247191438152714,0.5175280856184729,5298.2955,0.8559448977506068
5953,NOR,2018,Norway,5433.003,6175.255,4614.588,0.7472708414470333,False,0.4755992149510435,0.5244007850489565,5394.9215,0.8553577656319928
5956,NOR,2019,Norway,5462.48,6226.834,4615.374,0.7412071688437495,False,0.4743239050302212,0.5256760949697787,5421.103999999999,0.8513716025370479
5959,NOR,2020,Norway,5630.716,6437.947,4733.515,0.7352522473390974,False,0.47360704328480097,0.526392956715199,5585.731,0.8474298171537442
5962,NOR,2021,Norway,5151.511,5695.657,4426.427,0.7771582804231364,False,0.42872135074021217,0.5712786492597879,5061.0419999999995,0.8746078376745342
5965,NOR,2022,Norway,5617.962,6193.117,4879.831,0.7879442613469114,False,0.4379510632109074,0.5620489367890926,5536.474,0.8813968962917553
5968,NOR,2023,Norway,5912.514,6519.098,5132.92,0.7873665958081931,False,0.4375945946335895,0.5624054053664105,5826.009,0.8810353708688058
5971,NPL,1999,Nepal,2143.0,2389.0,1368.0,0.5726245290916702,False,0.24094025465230168,0.7590597453476984,1878.5,0.728240617513974
5974,NPL,2008,Nepal,6286.505,6732.059,4813.119,0.7149549640013553,True,0.23218756188312295,0.767812438116877,5772.589,0.833788617204516
5977,NPL,2017,Nepal,17801.374,19454.035,13629.275,0.700588592546482,True,0.2837303167855843,0.7162696832144158,16541.655,0.8239366012651093
5985,NZL,1974,New Zealand,390.674,448.865,286.715,0.6387555278313077,False,0.3588714153561518,0.6411285846438481,367.78999999999996,0.7795617064085484
5986,NZL,1975,New Zealand,442.898,503.077,335.939,0.6677685523289676,False,0.3600557623042036,0.6399442376957964,419.50800000000004,0.8007928335097304
5987,NZL,1976,New Zealand,499.422,560.025,391.415,0.6989241551716442,False,0.35942708024435066,0.6405729197556493,475.72,0.8227844109980661
5988,NZL,1977,New Zealand,568.105,637.757,446.587,0.7002463320669158,False,0.3643458701679131,0.6356541298320869,542.172,0.8236998590853086
5989,NZL,1978,New Zealand,623.52,689.063,503.059,0.7300624180952976,False,0.3523741424915594,0.6476258575084406,596.061,0.8439723451123291
5990,NZL,1979,New Zealand,744.717,834.105,592.738,0.7106275588804767,False,0.370340601656399,0.629659398343601,713.4215,0.8308384314181729
5991,NZL,1980,New Zealand,880.926,987.972,699.52,0.708036260136927,True,0.3711050712076877,0.6288949287923122,843.746,0.8290646711214038
5992,NZL,1981,New Zealand,1064.669,1200.276,851.863,0.7097225971359921,False,0.3892133760795377,0.6107866239204622,1026.0695,0.8302195903883703
5993,NZL,1982,New Zealand,1239.87,1392.537,988.426,0.7098023248215308,True,0.377784816547929,0.622215183452071,1190.4815,0.8302741369773491
5994,NZL,1983,New Zealand,1271.699,1420.318,1026.946,0.7230394883399351,False,0.3778077748289148,0.6221922251710852,1223.632,0.8392604966198987
5995,NZL,1984,New Zealand,1334.108,1490.767,1074.035,0.7204579924294005,False,0.3759226553276449,0.6240773446723551,1282.401,0.8375188416103856
5996,NZL,1985,New Zealand,1407.752,1583.247,1123.635,0.7097029080111947,False,0.3818329373471539,0.6181670626528462,1353.441,0.8302061190698375
5997,NZL,1986,New Zealand,1738.27,1953.371,1427.133,0.7306000754592957,False,0.4087523135919491,0.5912476864080509,1690.252,0.8443314961319378
5998,NZL,1987,New Zealand,1925.326,2174.084,1584.988,0.7290371485186405,False,0.4222707334627971,0.5777292665372029,1879.536,0.8432868537766768
5999,NZL,1988,New Zealand,2113.07,2378.772,1754.377,0.7375137255693274,False,0.42553511799421806,0.5744648820057819,2066.5744999999997,0.8489299563117614
6000,NZL,2009,New Zealand,3830.0,4520.0,3120.0,0.6902654867256637,False,0.4928571428571429,0.5071428571428571,3820.0,0.8167539267015707
6003,NZL,2010,New Zealand,3940.0,4640.0,3210.0,0.6918103448275862,False,0.48951048951048953,0.5104895104895104,3925.0,0.8178343949044586
6006,NZL,2014,New Zealand,4420.0,5200.0,3590.0,0.6903846153846154,False,0.484472049689441,0.515527950310559,4395.0,0.8168373151308305
6009,NZL,2015,New Zealand,4522.0,5305.0,3691.0,0.6957587181903865,False,0.4851301115241636,0.5148698884758365,4498.0,0.8205869275233437
6012,NZL,2016,New Zealand,4640.0,5430.0,3810.0,0.7016574585635359,False,0.4876543209876543,0.5123456790123457,4620.0,0.8246753246753247
6015,NZL,2017,New Zealand,4760.0,5560.0,3910.0,0.7032374100719424,False,0.48484848484848486,0.5151515151515151,4735.0,0.8257655755015839
6018,NZL,2019,New Zealand,5120.0,5940.0,4260.0,0.7171717171717171,False,0.4880952380952381,0.5119047619047619,5100.0,0.8352941176470589
6021,NZL,2020,New Zealand,5270.0,6050.0,4450.0,0.7355371900826446,False,0.4875,0.5125,5250.0,0.8476190476190476
6024,NZL,2021,New Zealand,5610.0,6430.0,4760.0,0.7402799377916018,False,0.49101796407185627,0.5089820359281437,5595.0,0.8507596067917784
6027,NZL,2022,New Zealand,5990.0,6840.0,5100.0,0.7456140350877193,False,0.4885057471264368,0.5114942528735632,5970.0,0.8542713567839196
6030,PAK,2002,Pakistan,3432.37,3653.82,2029.92,0.5555610292789465,False,0.13636923455877842,0.8636307654412216,2841.87,0.71429023846974
6033,PAK,2004,Pakistan,4088.49,4329.43,2593.64,0.5990719332568027,False,0.138807113763762,0.861192886236238,3461.535,0.7492745270523048
6036,PAK,2005,Pakistan,4223.248,4502.461,2507.923,0.5570115987678738,False,0.13998880943857706,0.860011190561423,3505.192,0.7154880531508687
6039,PAK,2006,Pakistan,5196.045,5443.278,3546.985,0.6516266485011422,True,0.13037700397565152,0.8696229960243484,4495.1315,0.7890725777432762
6042,PAK,2007,Pakistan,6013.814,6330.447,3804.595,0.6009994238953426,False,0.12535690927259388,0.8746430907274061,5067.521,0.750780312503885
6045,PAK,2008,Pakistan,6878.627,7265.804,4080.972,0.5616683301669024,False,0.1215690497960331,0.8784309502039669,5673.388,0.7193183332428524
6048,PAK,2009,Pakistan,7922.301,8278.717,5443.397,0.65751697998615,False,0.12570574044552293,0.874294259554477,6861.057000000001,0.7933758603084042
6051,PAK,2010,Pakistan,8939.575,9334.499,6081.35,0.6514918476074614,False,0.12139745213022801,0.878602547869772,7707.9245,0.788973737353032
6054,PAK,2011,Pakistan,10093.031,10589.114,6720.52,0.6346631077916435,False,0.12823340986415188,0.8717665901358481,8654.817,0.7765063085678184
6057,PAK,2012,Pakistan,9401.493,10527.952,4316.72,0.41002466576595337,False,0.18135838429477422,0.8186416157052258,7422.335999999999,0.5815850966595962
6060,PAK,2013,Pakistan,12568.74,13245.306,8256.712,0.6233689127302909,True,0.13562258223459367,0.8643774177654063,10751.009,0.7679941482701763
6063,PAK,2014,Pakistan,13635.743,14539.412,8665.547,0.5960039511914237,False,0.15384572168410407,0.846154278315896,11602.479500000001,0.7468702702728326
6066,PAK,2015,Pakistan,15494.822,16383.328,10254.985,0.6259402851484144,False,0.14498307291220475,0.8550169270877952,13319.156500000001,0.7699425260150671
6069,PAK,2016,Pakistan,14921.0,15834.0,9719.0,0.6138057344953897,False,0.14930498773507767,0.8506950122649224,12776.5,0.7606934606504129
6072,PAK,2017,Pakistan,18827.0,20015.0,11948.0,0.5969522857856607,False,0.14726664187430272,0.8527333581256973,15981.5,0.7476144291837437
6075,PAK,2018,Pakistan,19192.732,20336.832,12374.939,0.6084988556723093,False,0.14369698261456149,0.8563030173854385,16355.8855,0.7566046485223927
6078,PAK,2019,Pakistan,21544.745,22363.697,15798.355,0.7064285927322302,False,0.12473866555618901,0.8752613344438109,19081.025999999998,0.8279615047953921
6081,PAK,2021,Pakistan,24068.182,24698.793,20020.482,0.8105854403492511,False,0.13479458719183068,0.8652054128081693,22359.6375,0.8953849095272676
6084,PAN,1997,Panama,442.173,462.769,407.52,0.8806121412627034,True,0.3727850277833082,0.6272149722166918,435.1445,0.936516490499133
6087,PAN,1998,Panama,285.9,288.0,281.9,0.9788194444444444,False,0.34426229508196965,0.6557377049180304,284.95,0.9892963677838217
6090,PAN,1999,Panama,296.0,298.0,292.0,0.9798657718120806,False,0.3333333333333333,0.6666666666666667,295.0,0.9898305084745763
6093,PAN,2003,Panama,387.5,401.482,366.453,0.9127507584399798,False,0.39915498586885173,0.6008450141311483,383.9675,0.9543854623112633
6096,PAN,2006,Panama,416.234,429.722,395.194,0.9196503786168733,True,0.3906394810009272,0.6093605189990727,412.45799999999997,0.9581436170470692
6099,PAN,2007,Panama,423.037,431.44,410.247,0.9508784535508994,False,0.3964988439579119,0.6035011560420881,420.8435,0.9748208063092337
6102,PAN,2008,Panama,486.108,497.216,467.971,0.9411825041832925,False,0.3798256112155925,0.6201743887844076,482.5935,0.9697001720910041
6105,PAN,2009,Panama,546.177,561.736,521.831,0.9289612914251535,False,0.38990101491041174,0.6100989850895883,541.7835,0.9631725587803984
6108,PAN,2010,Panama,516.936,524.604,505.335,0.9632694375185853,True,0.39794488556749086,0.6020551144325091,514.9695,0.9812911250083741
6111,PAN,2011,Panama,586.166,599.858,566.978,0.9451870275965312,False,0.4164233576642304,0.5835766423357696,583.4179999999999,0.9718212328039245
6114,PAN,2012,Panama,638.648,644.338,630.47,0.9784771346715545,False,0.4102970868185727,0.5897029131814273,637.404,0.989121499080646
6117,PAN,2013,Panama,688.745,711.554,655.433,0.9211289656161022,False,0.4064254022558397,0.5935745977441603,683.4935,0.9589454764383274
6120,PAN,2014,Panama,699.21,713.566,679.288,0.9519623973115311,False,0.418810899118968,0.5811891008810319,696.427,0.9753900983161192
6123,PAN,2015,Panama,748.53,759.834,733.036,0.9647317703603682,False,0.42182252406895937,0.5781774759310406,746.435,0.9820493412018461
6126,PAN,2016,Panama,799.327,804.206,792.59,0.9855559396473044,False,0.4200241046831978,0.5799758953168022,798.398,0.9927254326789395
6129,PAN,2017,Panama,849.081,836.936,865.558,1.034198552816464,False,0.42432394661449235,0.5756760533855076,851.2470000000001,1.0168118066789074
6132,PAN,2018,Panama,859.609,851.59,870.604,1.022327645932902,False,0.4217418744083308,0.5782581255916692,861.097,1.0110405680196308
6135,PAN,2019,Panama,890.356,902.744,874.245,0.9684306957454162,False,0.43468191866381356,0.5653180813361864,888.4945,0.9839621967271603
6138,PAN,2020,Panama,924.526,886.271,971.214,1.0958431450425434,True,0.45036083020378315,0.5496391697962169,928.7425000000001,1.045730113567539
6141,PAN,2021,Panama,929.478,890.617,980.74,1.1011916457916253,True,0.4311995827924056,0.5688004172075944,935.6785,1.0481591700568091
6144,PAN,2022,Panama,827.381,792.789,875.851,1.1047718876018713,False,0.41645999373961595,0.583540006260384,834.3199999999999,1.0497782625371561
6147,PAN,2023,Panama,903.684,891.277,919.514,1.031681508666778,False,0.43938803697276413,0.5606119630272359,905.3955000000001,1.015593737764325
6150,PER,1997,Peru,652.978,701.4,567.717,0.8094054747647562,False,0.3622150909240519,0.6377849090759481,634.5585,0.8946645581140273
6153,PER,1998,Peru,740.65,798.835,642.542,0.8043488329880388,False,0.3722815481179583,0.6277184518820417,720.6885,0.8915668836119905
6156,PER,1999,Peru,776.922,781.694,769.596,0.9845233556864963,False,0.39444536286989185,0.6055546371301082,775.645,0.9922013292163296
6159,PER,2000,Peru,706.449,749.717,631.008,0.8416615869721509,False,0.3644879495236254,0.6355120504763746,690.3625,0.9140241539770774
6162,PER,2001,Peru,710.278,760.08,618.657,0.8139366908746448,False,0.35214922608062355,0.6478507739193764,689.3685,0.8974256874226194
6165,PER,2002,Peru,822.496,878.126,728.762,0.8299059588259543,True,0.37244583701561274,0.6275541629843873,803.444,0.9070476598244557
6168,PER,2003,Peru,842.628,921.926,710.648,0.7708297629093875,False,0.3753254006569543,0.6246745993430457,816.287,0.8705859581250222
6171,PER,2004,Peru,750.341,828.067,616.009,0.7439120264423048,False,0.3665317979043469,0.633468202095653,722.038,0.8531531581440313
6174,PER,2005,Peru,767.266,840.955,640.492,0.7616245815768976,False,0.36759401984406126,0.6324059801559387,740.7235000000001,0.8646843255276765
6177,PER,2006,Peru,811.478,880.601,693.399,0.7874156400004089,False,0.36924284996955187,0.6307571500304481,787.0,0.8810660736975857
6180,PER,2007,Peru,874.889,941.677,765.57,0.8129857690057207,False,0.37924670796731547,0.6207532920326846,853.6235,0.8968473806074927
6183,PER,2008,Peru,937.622,1049.478,756.192,0.7205410689885828,False,0.381388815013332,0.618611184986668,902.835,0.8375749721709946
6186,PER,2009,Peru,1023.49,1128.966,851.712,0.7544177592593577,False,0.3804309405815603,0.6195690594184398,990.3389999999999,0.8600206595923214
6189,PER,2010,Peru,1038.095,1152.929,856.386,0.7427916202992552,False,0.3872423223613439,0.6127576776386561,1004.6575,0.852415873071171
6192,PER,2011,Peru,1099.145,1212.21,927.163,0.7648534494848253,False,0.3966538851487651,0.6033461148512349,1069.6865,0.8667614296338226
6195,PER,2012,Peru,1188.566,1300.249,1015.828,0.7812565131755532,False,0.3926679113005016,0.6073320886994984,1158.0385,0.8771970880070048
6198,PER,2013,Peru,1263.449,1387.592,1067.182,0.7690891847171214,False,0.3874504541056771,0.6125495458943229,1227.3870000000002,0.8694747459440257
6201,PER,2014,Peru,1325.708,1446.738,1137.872,0.7865086836732014,False,0.3918527775799213,0.6081472224200787,1292.305,0.8804980248470756
6204,PER,2015,Peru,1370.425,1495.905,1174.637,0.7852350249514508,False,0.390577337300945,0.609422662699055,1335.271,0.8796993269531054
6207,PER,2016,Peru,1465.353,1598.581,1262.745,0.7899161819138348,False,0.3967055348443878,0.6032944651556122,1430.663,0.8826292425260176
6210,PER,2017,Peru,1477.662,1611.938,1277.488,0.7925168337740037,False,0.401483031843325,0.598516968156675,1444.7130000000002,0.8842503666818253
6213,PER,2018,Peru,1528.417,1668.831,1320.718,0.7914030839551759,False,0.4033575304570644,0.5966424695429355,1494.7745,0.8835566836335514
6216,PER,2019,Peru,1585.081,1704.991,1404.612,0.8238237034682295,False,0.3991956827874123,0.6008043172125876,1554.8015,0.9034027816412578
6219,PER,2020,Peru,1495.503,1565.036,1379.345,0.8813503331552757,True,0.37445541248633546,0.6255445875136645,1472.1905000000002,0.9369337731767728
6222,PER,2021,Peru,1638.272,1730.906,1489.581,0.8605787951512098,False,0.3838557961255568,0.6161442038744431,1610.2435,0.9250656810600384
6225,PER,2022,Peru,1624.76,1756.146,1425.591,0.8117724836089938,True,0.3974709201191933,0.6025290798808067,1590.8685,0.8961086350003158
6228,PER,2023,Peru,1770.391,1904.674,1578.771,0.8288930284132613,False,0.4120336419118569,0.5879663580881431,1741.7224999999999,0.9064423293607334
6252,PHL,1993,Philippines,5873.0,6039.0,5606.0,0.9282993873157808,False,0.3833718244803695,0.6166281755196306,5822.5,0.9628166595105195
6255,PHL,1994,Philippines,6461.0,6756.0,6144.0,0.9094138543516874,False,0.4820261437908497,0.5179738562091503,6450.0,0.9525581395348838
6258,PHL,1995,Philippines,6959.0,7164.0,6633.0,0.9258793969849246,False,0.3860640301318267,0.6139359698681732,6898.5,0.9615133724722765
6261,PHL,1996,Philippines,7194.0,7406.0,6858.0,0.9260059411288145,False,0.38686131386861317,0.6131386861313868,7132.0,0.961581604038138
6264,PHL,1997,Philippines,7887.0,8125.0,7518.0,0.9252923076923077,False,0.39209225700164746,0.6079077429983526,7821.5,0.9611967013999873
6267,PHL,1998,Philippines,8565.0,8674.0,8407.0,0.9692183537007147,False,0.40823970037453183,0.5917602996254682,8540.5,0.9843685966863767
6270,PHL,1999,Philippines,9086.0,9338.0,8723.0,0.9341400728207325,True,0.4097560975609756,0.5902439024390245,9030.5,0.96594872930624
6273,PHL,2001,Philippines,6764.709,6670.748,6915.146,1.0366372706629001,True,0.38445895629260546,0.6155410437073945,6792.947,1.0179890995763694
6276,PHL,2003,Philippines,7007.358,6967.53,7070.891,1.014834668813769,False,0.3853290893083511,0.6146709106916489,7019.210499999999,1.0073627226309854
6279,PHL,2004,Philippines,7131.76,7072.913,7228.207,1.0219561586576846,False,0.3789393022267465,0.6210606977732536,7150.5599999999995,1.0108588697948133
6282,PHL,2005,Philippines,7470.595,7491.001,7439.709,0.9931528510008208,False,0.3978398190750956,0.6021601809249044,7465.355,0.9965646643729602
6285,PHL,2006,Philippines,7779.03,7860.427,7656.913,0.9741090401322982,False,0.3999577424648913,0.6000422575351088,7758.67,0.9868847366881178
6288,PHL,2007,Philippines,8070.828,8132.008,7978.579,0.9811327042472167,False,0.3987512139165304,0.6012487860834697,8055.2935,0.9904765108807022
6291,PHL,2008,Philippines,8493.399,8504.437,8476.763,0.9967459339166133,False,0.3988581339886116,0.6011418660113884,8490.6,0.9983703154076273
6294,PHL,2009,Philippines,8835.451,8839.969,8828.677,0.9987226199548891,False,0.4001062699256327,0.5998937300743673,8834.323,0.9993609017917954
6297,PHL,2010,Philippines,9309.254,9253.844,9392.308,1.0149628630005003,False,0.4001762190894454,0.5998237809105547,9323.076000000001,1.007425875322694
6300,PHL,2011,Philippines,9666.602,9548.792,9844.696,1.030988631860449,False,0.39813588190764954,0.6018641180923505,9696.743999999999,1.015257905127742
6303,PHL,2012,Philippines,10141.655,9957.212,10423.695,1.0468487564591373,False,0.39539061444897466,0.6046093855510253,10190.4535,1.0228882355431974
6306,PHL,2013,Philippines,10631.893,10407.071,10977.483,1.054810042133853,False,0.39413967448090154,0.6058603255190984,10692.277,1.0266740190139108
6309,PHL,2014,Philippines,11160.633,10924.928,11519.05,1.054382234830289,False,0.3967282813967504,0.6032717186032496,11221.989,1.0264713323101635
6312,PHL,2015,Philippines,11497.51,11253.363,11871.744,1.0549507733821437,False,0.39481646428334694,0.6051835357166531,11562.5535,1.0267406762701683
6315,PHL,2016,Philippines,12194.434,11955.262,12586.36,1.0527883035938486,True,0.37897759143587634,0.6210224085641236,12270.811000000002,1.0257154152239814
6318,PHL,2017,Philippines,12630.924,12386.596,13043.743,1.0530530744685627,False,0.37180113429719835,0.6281988657028017,12715.1695,1.025841063306313
6321,PHL,2018,Philippines,13452.754,13221.644,13848.802,1.0474341919960937,False,0.36850363066404446,0.6314963693359555,13535.223,1.0231676271606311
6324,PHL,2019,Philippines,14623.306,14305.021,15151.769,1.0591923632967752,False,0.37589105613476503,0.624108943865235,14728.395,1.0287454267759657
6327,PHL,2020,Philippines,15229.753,14744.095,16028.574,1.0871181988450291,False,0.3780972674524074,0.6219027325475925,15386.3345,1.0417409032671165
6330,PHL,2021,Philippines,15528.057,15075.726,16293.453,1.0807740204352347,True,0.37145517837742,0.62854482162258,15684.5895,1.0388192180611422
6333,PHL,2022,Philippines,16487.742,16107.227,17090.785,1.0610631488585838,False,0.38687601544596045,0.6131239845540395,16599.006,1.0296270150152365
6336,PLW,2000,Palau,781.718,839.072,709.445,0.845511469814271,False,0.44245411835497284,0.5575458816450272,774.2585,0.916289585454987
6399,POL,2005,Poland,448.599,476.908,415.568,0.8713798049099616,False,0.4615096185197263,0.5384903814802737,446.238,0.9312698604780408
6402,POL,2006,Poland,537.291,572.631,495.124,0.8646475653605901,False,0.45595881662301396,0.544041183376986,533.8775,0.9274112507082617
6405,POL,2007,Poland,641.847,693.643,577.943,0.8331994988776646,False,0.44767502160760614,0.5523249783923938,635.793,0.9090112662454604
6408,POL,2008,Poland,740.103,799.922,665.828,0.8323661557001807,False,0.4460975136844307,0.5539024863155693,732.875,0.9085150946614361
6411,POL,2009,Poland,861.583,929.775,785.074,0.8443698744319862,False,0.4712614287392623,0.5287385712607378,857.4245,0.9156188095861502
6414,POL,2010,Poland,727.052,779.575,669.111,0.8583022800885097,False,0.4754761732329084,0.5245238267670915,724.3430000000001,0.923748831699899
6417,POL,2011,Poland,809.492,862.396,751.423,0.8713201359932097,False,0.4767285736170061,0.5232714263829938,806.9095,0.9312357829471583
6420,POL,2012,Poland,826.694,886.47,759.909,0.8572303631256557,False,0.4723097952765864,0.5276902047234135,823.1895,0.9231276638003765
6423,POL,2013,Poland,841.062,901.587,774.736,0.8593025409638781,False,0.47713459097681515,0.5228654090231848,838.1614999999999,0.9243278294218955
6426,POL,2014,Poland,875.513,946.084,798.188,0.8436756144274716,False,0.47716638719099863,0.5228336128090014,872.136,0.915210471761285
6429,POL,2015,Poland,876.793,964.459,782.372,0.8112029645635532,False,0.48145117443859226,0.5185488255614077,873.4155,0.8957615247267766
6432,POL,2016,Poland,913.182,999.202,820.791,0.8214465143184262,False,0.48214515921103523,0.5178548407889647,909.9965,0.9019716009896742
6435,POL,2017,Poland,910.845,1000.754,815.113,0.8144988678536385,False,0.48431650335863313,0.5156834966413668,907.9335000000001,0.8977672924283552
6438,POL,2018,Poland,974.301,1058.895,886.711,0.8373927537668986,False,0.49130000464619217,0.5086999953538078,972.803,0.911501095288563
6441,POL,2019,Poland,1066.971,1175.466,956.374,0.8136126438365722,False,0.49520292845014857,0.5047970715498514,1065.92,0.8972286850795557
6444,POL,2020,Poland,1159.714,1265.572,1047.785,0.8279141763566199,False,0.48606206982051287,0.5139379301794871,1156.6785,0.9058567268259936
6447,POL,2021,Poland,1164.874,1252.297,1072.007,0.856032554577708,False,0.48490210216872826,0.5150978978312717,1162.152,0.922432693830067
6450,POL,2022,Poland,1279.565,1359.4,1193.833,0.8782058260997498,False,0.4821914995137922,0.5178085004862079,1276.6165,0.9351539792882201
6453,POL,2023,Poland,1401.922,1534.864,1264.518,0.8238632217577584,False,0.49174761231902825,0.5082523876809717,1399.691,0.903426542001056
6462,PRT,1997,Portugal,132800.0,150900.0,106600.0,0.7064280980781975,False,0.40857787810383744,0.5914221218961626,128750.0,0.8279611650485437
6465,PRT,1998,Portugal,100671.312,109685.627,90133.618,0.8217450222534627,True,0.4610429035706761,0.5389570964293239,99909.6225,0.9021515219917882
6468,PRT,1999,Portugal,104717.603,114413.812,93593.003,0.8180218923218815,False,0.46569799473209705,0.534302005267903,104003.4075,0.8999032363434822
6469,PRT,2000,Portugal,109793.424,119927.588,98480.431,0.8211657771354494,False,0.4725178260223488,0.5274821739776512,109204.0095,0.9018023372118036
6470,PRT,2001,Portugal,116026.331,126705.417,104448.398,0.8243404305279229,False,0.47980756093167715,0.5201924390683228,115576.9075,0.9037133823640332
6471,PRT,2002,Portugal,610.432,662.336,554.481,0.8371596893419654,False,0.4812387001066245,0.5187612998933755,608.4085,0.9113630069270893
6472,PRT,2003,Portugal,638.885,692.83,581.173,0.8388392534965287,False,0.4831313755519137,0.5168686244480862,637.0015000000001,0.9123573492370111
6475,PRT,2004,Portugal,668.381,723.962,612.278,0.8457322345647976,False,0.49766304931771815,0.5023369506822819,668.12,0.9164192061306352
6478,PRT,2005,Portugal,685.535,742.558,627.129,0.8445522100630524,False,0.49400930442089974,0.5059906955791003,684.8435,0.91572600163395
6481,PRT,2006,Portugal,710.558,773.973,645.056,0.8334347580600358,False,0.49190564471714365,0.5080943552828563,709.5145,0.9091512576557632
6484,PRT,2007,Portugal,720.728,785.695,654.158,0.832585163454012,False,0.49390665744239326,0.5060933425576067,719.9265,0.908645535342844
6487,PRT,2008,Portugal,752.502,826.05,676.868,0.819403183826645,False,0.49300853990427834,0.5069914600957217,751.4590000000001,0.9007384301738351
6490,PRT,2009,Portugal,763.768,831.585,698.061,0.8394343332311189,False,0.5079012012821665,0.49209879871783346,764.8230000000001,0.9127092150732914
6493,PRT,2010,Portugal,773.823,831.496,718.429,0.8640197908348326,False,0.5100780952886341,0.4899219047113659,774.9625,0.9270500185492846
6496,PRT,2011,Portugal,798.203,869.454,730.048,0.839662592845625,False,0.5111042566317089,0.4888957433682911,799.751,0.9128441227332007
6499,PRT,2012,Portugal,807.076,878.283,740.994,0.8436847804181568,False,0.5186650059363824,0.48133499406361757,809.6385,0.9152158648582053
6502,PRT,2013,Portugal,801.549,878.319,731.088,0.8323718375669887,False,0.5214255150070297,0.4785744849929703,804.7035,0.9085184791665502
6505,PRT,2014,Portugal,811.931,888.999,742.181,0.8348502079304926,False,0.5249220122873217,0.4750779877126783,815.59,0.9099927659730992
6508,PRT,2015,Portugal,825.463,899.769,757.726,0.842133925485319,False,0.5231232795702713,0.47687672042972873,828.7475,0.9143026072476841
6511,PRT,2016,Portugal,830.914,901.6,766.495,0.8501497338065661,False,0.5231930720550685,0.4768069279449315,834.0475,0.9190064115053399
6514,PRT,2017,Portugal,852.152,926.343,784.114,0.8464618397289125,False,0.5216306097912519,0.47836939020874814,855.2284999999999,0.9168473688610705
6517,PRT,2018,Portugal,875.271,947.049,810.094,0.8553876304182784,False,0.5240991566572967,0.47590084334270333,878.5715,0.9220581364180377
6520,PRT,2019,Portugal,895.558,972.146,825.562,0.8492160642537232,False,0.5224854008623042,0.4775145991376958,898.854,0.9184606176308944
6523,PRT,2020,Portugal,943.504,1016.962,876.554,0.86193387756868,False,0.5231753176457179,0.4768246823542821,946.758,0.9258479991719109
6526,PRT,2021,Portugal,1005.916,1086.111,932.061,0.8581636683543394,False,0.5205777345017852,0.47942226549821476,1009.086,0.923668547576718
6529,PRT,2022,Portugal,1037.934,1115.26,967.161,0.8672067499955167,False,0.5221237145422994,0.47787628545770056,1041.2105,0.9288813357145361
6532,PRT,2023,Portugal,1058.826,1133.818,988.449,0.8717880647511329,False,0.5158733980422232,0.4841266019577768,1061.1335,0.9315029635762135
6535,PRT,2024,Portugal,1171.414,1260.453,1088.037,0.8632110836342173,False,0.5164195898292503,0.4835804101707497,1174.245,0.9265843158795652
6537,PRY,1983,Paraguay,38900.0,40646.0,33022.0,0.8124292673325788,False,0.2290136411332634,0.7709863588667366,36834.0,0.8965086604767335
6538,PRY,1984,Paraguay,48569.0,50375.0,42786.0,0.8493498759305211,False,0.23797601792067466,0.7620239820793253,46580.5,0.9185388735629716
6539,PRY,1985,Paraguay,65174.0,67144.0,59123.0,0.8805403312284046,False,0.2456052861239247,0.7543947138760753,63133.5,0.9364758804755003
6540,PRY,1986,Paraguay,85609.0,88641.0,75400.0,0.850622172583793,False,0.2289857261536138,0.7710142738463862,82020.5,0.9192823745283192
6541,PRY,1988,Paraguay,154932.0,160915.0,134113.0,0.8334400149147065,False,0.22322960973061712,0.7767703902693829,147514.0,0.9091543853464756
6542,PRY,1989,Paraguay,201293.0,202915.0,196032.0,0.9660793928492226,False,0.23565305825947988,0.7643469417405201,199473.5,0.9827470816925556
6543,PRY,1990,Paraguay,245183.0,259052.0,196800.0,0.7596930346030912,False,0.22278802287476707,0.7772119771252329,227926.0,0.8634381334292709
6546,PRY,1991,Paraguay,339252.0,361236.0,268860.0,0.7442779789389762,False,0.2379838919199792,0.7620161080800207,315048.0,0.853393768568599
6549,PRY,1992,Paraguay,370520.0,403197.0,281293.0,0.6976564805789726,False,0.26805519096994357,0.7319448090300564,342245.0,0.8219053601951818
6552,PRY,1993,Paraguay,466505.0,498260.0,376062.0,0.754750531850841,False,0.259865136908951,0.7401348630910489,437161.0,0.8602368463792516
6555,PRY,1994,Paraguay,617861.0,662351.0,491975.0,0.7427708269482495,False,0.26112832793351176,0.7388716720664883,577163.0,0.8524021810129894
6558,PRY,1995,Paraguay,710049.0,747442.0,603788.0,0.8078058230605184,False,0.26029905188856556,0.7397009481114345,675615.0,0.8936864930470756
6561,PRY,1996,Paraguay,787852.0,825610.0,682925.0,0.8271762696672763,False,0.26462487297193116,0.7353751270280688,754267.5,0.9054148561352571
6564,PRY,1997,Paraguay,900601.0,948077.0,773147.0,0.8154896701428259,False,0.2713999885668553,0.7286000114331447,860612.0,0.8983688352009965
6567,PRY,1998,Paraguay,704482.77,758698.75,609802.698,0.8037481253264224,True,0.3641196611445411,0.6358803388554589,684250.7239999999,0.8911977387984467
6570,PRY,1999,Paraguay,777157.115,826197.732,695111.627,0.8413380962900053,True,0.3741099562001631,0.6258900437998369,760654.6795,0.9138333671422579
6573,PRY,2000,Paraguay,787514.0,899758.0,606598.0,0.6741790570353362,False,0.3828762450538955,0.6171237549461045,753178.0,0.8053846501092703
6576,PRY,2001,Paraguay,835030.998,884497.612,757906.772,0.8568782568968655,True,0.3907598211687351,0.6092401788312649,821202.192,0.9229234643835437
6579,PRY,2002,Paraguay,737552.677,824220.254,599929.181,0.7278748345342166,True,0.386406716240552,0.613593283759448,712074.7175,0.8425087511971663
6582,PRY,2003,Paraguay,833219.657,927338.879,683218.142,0.7367513187161433,False,0.385543740186234,0.614456259813766,805278.5105,0.8484246544413406
6585,PRY,2004,Paraguay,804576.105,884462.721,679616.45,0.7683946805938924,False,0.38998325724953037,0.6100167427504697,782039.5855,0.8690307531753454
6588,PRY,2005,Paraguay,918977.298,1024539.58,765672.161,0.7473329249027159,False,0.4077851218503477,0.5922148781496523,895105.8705,0.8553984352401809
6591,PRY,2006,Paraguay,1047254.39,1156150.564,873955.48,0.7559183961095226,False,0.385889691827516,0.614110308172484,1015053.022,0.8609949047568078
6594,PRY,2007,Paraguay,1061324.364,1181841.552,865948.1,0.7327108261971145,False,0.38151214353123053,0.6184878564687695,1023894.8259999999,0.8457393064314597
6597,PRY,2008,Paraguay,1216062.833,1338597.349,1010714.079,0.7550545948376893,False,0.3737138402944434,0.6262861597055567,1174655.714,0.8604343102016359
6600,PRY,2009,Paraguay,1262973.16,1386143.966,1069208.271,0.7713544171644866,False,0.38863027403713574,0.6113697259628643,1227676.1184999999,0.87092047722357
6603,PRY,2010,Paraguay,1393409.774,1528108.718,1167335.104,0.763908411914446,False,0.3733614066354645,0.6266385933645355,1347721.911,0.8661542818828595
6606,PRY,2011,Paraguay,1633673.763,1782085.647,1405119.544,0.7884691436494129,False,0.39370087341778853,0.6062991265822115,1593602.5955,0.8817251854180982
6609,PRY,2012,Paraguay,1680374.219,1823791.061,1458619.588,0.7997734056225863,False,0.3927383506213804,0.6072616493786196,1641205.3245,0.8887489982061656
6612,PRY,2013,Paraguay,1903658.703,2082879.73,1655693.221,0.7949058206063583,False,0.41953812497388576,0.5804618750261142,1869286.4755,0.8857354090453857
6615,PRY,2014,Paraguay,2035461.723,2250058.002,1710404.014,0.7601599658674044,False,0.3976553194674064,0.6023446805325936,1980231.008,0.8637396379968211
6618,PRY,2015,Paraguay,2093259.272,2256790.413,1861511.52,0.8248490906718505,False,0.4137107847041051,0.586289215295895,2059150.9665,0.9040189623221586
6621,PRY,2016,Paraguay,2075944.677,2224502.525,1847331.033,0.8304468132712055,False,0.39387347970614933,0.6061265202938506,2035916.779,0.9073706018118141
6624,PRY,2017,Paraguay,2451865.076,2600819.147,2220584.943,0.8538021359775848,False,0.3917429558756898,0.6082570441243103,2410702.045,0.9211362090996194
6627,PRY,2018,Paraguay,2590061.358,2787709.961,2299073.266,0.8247175273482475,False,0.4044898899784839,0.5955101100215161,2543391.6135,0.9039399413746632
6630,PRY,2019,Paraguay,2646762.073,2820604.192,2400176.73,0.8509441830964989,False,0.4134889718502737,0.5865110281497263,2610390.461,0.9194703879972537
6633,PRY,2020,Paraguay,2505151.0,2621320.0,2325361.0,0.8870954328353654,False,0.3925172067752628,0.6074827932247372,2473340.5,0.9401701868384074
6636,PRY,2021,Paraguay,2590196.53,2704082.225,2421507.498,0.8955006898874904,False,0.40302859427340193,0.596971405726598,2562794.8615,0.9448698116175772
6639,PRY,2022,Paraguay,2803691.163,2961908.289,2575103.364,0.86940685286019,False,0.40903596560979616,0.5909640343902038,2768505.8265,0.930141934089948
6642,PRY,2023,Paraguay,2980586.552,3168094.337,2722461.516,0.8593372628474226,False,0.4207674483652982,0.5792325516347018,2945277.9265,0.9243479168824035
6645,PSE,2015,Occupied Palestinian Territory,2255.985,2342.028,1810.676,0.7731231223537891,False,0.16193220313464463,0.8380677968653554,2076.352,0.8720467435194033
6646,PSE,2016,Occupied Palestinian Territory,2341.693,2431.439,1867.254,0.7679625110891123,False,0.15907193562395253,0.8409280643760475,2149.3464999999997,0.8687542934561738
6647,PSE,2017,Occupied Palestinian Territory,2435.791,2535.59,1889.867,0.745336193943027,False,0.15455388765771075,0.8454461123422893,2212.7285,0.8540889675348783
6648,PSE,2018,Occupied Palestinian Territory,2621.965,2735.796,2045.212,0.747574746070248,False,0.16483295297892755,0.8351670470210725,2390.504,0.8555568198170762
6649,PSE,2019,Occupied Palestinian Territory,2775.75,2891.029,2211.151,0.7648318297741046,False,0.16955836194140708,0.830441638058593,2551.09,0.8667475471269143
6650,PSE,2020,Occupied Palestinian Territory,2893.606,2983.688,2444.932,0.819432862953499,False,0.16720370631603143,0.8327962936839686,2714.31,0.9007563616536062
6651,PSE,2021,Occupied Palestinian Territory,2928.24,3047.657,2298.93,0.7543270125214221,False,0.159493380097152,0.840506619902848,2673.2934999999998,0.8599616914491431
6652,PSE,2022,Occupied Palestinian Territory,3067.468,3214.543,2288.269,0.711848931558856,False,0.15878131092959558,0.8412186890704044,2751.406,0.8316726066600131
6653,PYF,1995,French Polynesia,,190977.0,166682.0,0.8727857281243291,False,,,178829.5,0.9320721693009263
6654,PYF,1996,French Polynesia,,194192.0,170358.0,0.8772657987970668,False,,,182275.0,0.9346207653271156
6655,PYF,1997,French Polynesia,,198441.0,173814.0,0.8758976219632032,False,,,186127.5,0.9338437361486078
6656,PYF,1998,French Polynesia,,203305.0,177205.0,0.8716214554487101,False,,,190255.0,0.93140784736275
6657,PYF,1999,French Polynesia,,203162.0,180336.0,0.8876463118102795,False,,,191749.0,0.9404794809881668
6658,PYF,2000,French Polynesia,,207778.0,183968.0,0.8854065396721501,False,,,195873.0,0.9392208216548478
6659,PYF,2001,French Polynesia,,212781.0,189437.0,0.8902909564293805,False,,,201109.0,0.9419618216986808
6660,PYF,2002,French Polynesia,,218416.0,194863.0,0.8921644934437037,False,,,206639.5,0.9430094439833623
6661,PYF,2003,French Polynesia,,225524.0,201481.0,0.8933905038931554,False,,,213502.5,0.943693867753305
6662,QAT,2001,Qatar,2902.0,2904.0,2887.0,0.9941460055096418,False,0.11764705882352941,0.8823529411764706,2895.5,0.9970644102918321
6665,QAT,2009,Qatar,7792.0,8484.0,6106.0,0.7197076850542197,False,0.2910008410428932,0.7089991589571067,7295.0,0.8370116518163125
6668,QAT,2011,Qatar,7401.0,7882.0,6094.0,0.7731540218218727,False,0.2690156599552573,0.7309843400447427,6988.0,0.8720663995420721
6671,QAT,2012,Qatar,8654.0,9089.0,7445.0,0.8191220156232809,False,0.2645985401459854,0.7354014598540146,8267.0,0.900568525462683
6674,QAT,2013,Qatar,9667.0,10075.0,8510.0,0.8446650124069479,False,0.26070287539936104,0.739297124600639,9292.5,0.9157923056228141
6677,QAT,2014,Qatar,10483.0,10893.0,9294.0,0.8532084825117048,False,0.2564102564102564,0.7435897435897436,10093.5,0.9207906078169119
6680,QAT,2015,Qatar,10568.0,11034.0,9406.0,0.8524560449519667,False,0.28624078624078625,0.7137592137592137,10220.0,0.9203522504892367
6683,QAT,2016,Qatar,10793.0,11166.0,9845.0,0.8816944295181802,False,0.28236184708554124,0.7176381529144588,10505.5,0.9371281709580696
6686,QAT,2017,Qatar,11099.0,11560.0,9960.0,0.8615916955017301,False,0.288125,0.711875,10760.0,0.9256505576208178
6689,QAT,2018,Qatar,11121.0,11571.0,10034.0,0.8671679197994987,False,0.29277813923227064,0.7072218607677294,10802.5,0.9288590604026845
6692,QAT,2019,Qatar,11308.0,11693.0,10391.0,0.8886513298554691,False,0.2956989247311828,0.7043010752688172,11042.0,0.9410432892591922
6695,QAT,2020,Qatar,11554.0,11758.0,11002.0,0.9357033509100187,False,0.2698412698412698,0.7301587301587302,11380.0,0.9667838312829525
6698,QAT,2022,Qatar,11963.0,11863.0,12237.0,1.0315265952962993,False,0.26737967914438504,0.732620320855615,12050.0,1.01551867219917
6701,REU,2012,Réunion,2714.258,2803.628,2603.608,0.9286567262133207,False,0.44680531946805496,0.553194680531945,2703.6180000000004,0.9630088274305023
6714,ROU,2003,Romania,6637868.0,7273615.0,5906760.0,0.812080375439173,False,0.4651166363659642,0.5348833636340358,6590187.5,0.8962961979458096
6715,ROU,2004,Romania,8183317.0,8859646.0,7433008.0,0.8389734759154034,False,0.4740719089215344,0.5259280910784656,8146327.0,0.9124367337574345
6716,ROU,2005,Romania,968.0,1037.0,891.0,0.8592092574734812,True,0.4726027397260274,0.5273972602739726,964.0,0.9242738589211619
6719,ROU,2006,Romania,1146.0,1222.0,1062.0,0.8690671031096563,False,0.475,0.525,1142.0,0.9299474605954466
6722,ROU,2007,Romania,291.743,316.743,259.189,0.818294326946452,False,0.43437467421899456,0.5656253257810054,287.966,0.9000680635908407
6725,ROU,2008,Romania,338.295,364.646,302.84,0.8305041053514914,False,0.426350192537941,0.5736498074620591,333.743,0.9074047995014127
6728,ROU,2009,Romania,355.054,380.99,320.814,0.8420535972072758,False,0.43100239298059095,0.568997607019409,350.90200000000004,0.9142552621529657
6731,ROU,2010,Romania,325.846,348.159,295.723,0.8493906519722312,False,0.42552826302540236,0.5744717369745976,321.94100000000003,0.918562718013549
6734,ROU,2011,Romania,328.304,350.16,299.513,0.8553604066712359,False,0.4315359251288335,0.5684640748711665,324.8365,0.9220423197516289
6737,ROU,2012,Romania,331.07,354.398,299.65,0.8455183155661148,False,0.4260977569956895,0.5739022430043105,327.024,0.9162936053622975
6740,ROU,2013,Romania,328.856,348.826,302.002,0.8657668866426241,False,0.4264906885357941,0.5735093114642059,325.414,0.9280547241360237
6743,ROU,2014,Romania,349.127,369.367,322.19,0.8722760831368259,False,0.42902261695317634,0.5709773830468237,345.7785,0.9317814728214738
6746,ROU,2015,Romania,366.938,390.885,335.101,0.8572879491410518,False,0.42928079736125063,0.5707192026387493,362.993,0.9231610526924762
6749,ROU,2016,Romania,401.397,421.924,373.851,0.8860624188242433,False,0.42699644290974137,0.5730035570902586,397.8875,0.9395897081461468
6752,ROU,2017,Romania,438.849,452.272,421.032,0.9309265220928998,False,0.4296734955185659,0.5703265044814341,436.652,0.9642278061247859
6755,ROU,2018,Romania,561.465,580.152,536.136,0.9241302279402638,False,0.4245501635768807,0.5754498364231193,558.144,0.9605693154454764
6758,ROU,2019,Romania,798.701,818.879,771.231,0.9418131372278444,False,0.4234805238415041,0.576519476158496,795.0550000000001,0.9700347774682254
6761,ROU,2020,Romania,833.648,860.141,798.438,0.928264086934584,False,0.42936324003695037,0.5706367599630496,829.2895,0.962797671983065
6764,ROU,2021,Romania,954.474,988.41,910.275,0.9209487965520381,False,0.43432520637358324,0.5656747936264168,949.3425,0.9588478341589047
6767,ROU,2022,Romania,1015.684,1073.489,943.104,0.8785409072659338,False,0.44334087510066394,0.556659124899336,1008.2965,0.9353439191745682
6770,ROU,2023,Romania,1231.55,1308.706,1135.142,0.8673773941588104,False,0.44453919015464044,0.5554608098453595,1221.924,0.928979216383343
6832,RUS,2017,Russian Federation,38609.0,45557.0,32658.0,0.7168601971157013,False,0.5386464066981936,0.46135359330180636,39107.5,0.8350827846321038
6835,RUS,2019,Russian Federation,44729.0,52533.0,37872.0,0.7209182799383245,False,0.5322965691289816,0.4677034308710184,45202.5,0.8378297660527626
6838,RUS,2021,Russian Federation,57240.0,67056.0,48594.0,0.7246778811739442,False,0.5316867078323042,0.4683132921676958,57825.0,0.8403631647211414
6841,RWA,2014,Rwanda,60387.79,68202.166,47486.984,0.6962679748323536,True,0.37722941560445844,0.6227705843955416,57844.575,0.8209410130509214
6844,RWA,2017,Rwanda,45647.63,54981.265,34099.954,0.6202104298618811,True,0.4469851054849957,0.5530148945150043,44540.6095,0.7655924421061189
6847,RWA,2021,Rwanda,40708.075,47886.643,31612.177,0.6601460244352481,False,0.4410939197636347,0.5589060802363652,39749.409999999996,0.795286697337143
6850,RWA,2022,Rwanda,41784.348,49715.666,31764.669,0.6389267519819608,False,0.4418316152579158,0.5581683847420842,40740.167499999996,0.7796892096724934
6853,RWA,2023,Rwanda,54569.446,65506.865,41355.652,0.631317832108131,False,0.45287244992622094,0.5471275500737791,53431.258499999996,0.7739973409011133
6859,SDN,2011,Sudan,452.718,462.656,403.07,0.8712088463134596,False,0.16678414392642543,0.8332158560735745,432.863,0.9311722184617304
6862,SDN,2022,Sudan,155379.238,170748.426,68495.762,0.40115018102714456,True,0.15030599104977835,0.8496940089502216,119622.09400000001,0.5726012621046409
6865,SEN,2011,Senegal,105131.304,110551.034,90938.174,0.8225899904292167,True,0.27633552679211476,0.7236644732078852,100744.60399999999,0.9026604938563261
6868,SEN,2019,Senegal,85966.014,98897.264,58507.003,0.5915937472243924,False,0.3201576241361748,0.6798423758638252,78702.1335,0.743397928342057
6871,SEN,2022,Senegal,123334.164,140155.948,89516.111,0.6386893476686413,False,0.3321847975142574,0.6678152024857427,114836.0295,0.7795124177469058
6874,SGP,1986,Singapore,782.88,960.85,570.71,0.5939636779934433,False,0.45616958015071524,0.5438304198492847,765.78,0.7452662644623783
6875,SGP,1987,Singapore,816.66,1003.8,615.3,0.6129707112970711,False,0.48169884169884164,0.5183011583011583,809.55,0.7600518806744487
6876,SGP,1988,Singapore,865.58,1060.52,655.72,0.6183004563798892,False,0.4815711462450592,0.5184288537549409,858.12,0.7641355521372303
6877,SGP,1989,Singapore,941.48,1154.6,709.09,0.6141434262948208,False,0.47837310049157133,0.5216268995084287,931.845,0.7609527335554733
6878,SGP,1990,Singapore,1023.48,1241.47,767.84,0.6184925934577558,False,0.4602537845997931,0.5397462154002068,1004.655,0.7642822660515302
6881,SGP,1991,Singapore,1668.8,1910.3,1366.5,0.7153326702612155,False,0.44409709452004414,0.5559029054799558,1638.4,0.83404541015625
6884,SGP,1992,Singapore,1803.9,2075.8,1468.0,0.7071972251662009,False,0.4473511023362948,0.5526488976637052,1771.9,0.8284891923923472
6887,SGP,1993,Singapore,1917.7,2191.3,1579.1,0.720622461552503,False,0.4469127736033976,0.5530872263966025,1885.2,0.8376299596859749
6890,SGP,2007,Singapore,3773.0,4335.0,3148.0,0.7261822376009227,False,0.4734625105307498,0.5265374894692503,3741.5,0.8413737805692904
6893,SGP,2008,Singapore,3977.0,4560.0,3332.0,0.730701754385965,False,0.4747557003257329,0.5252442996742671,3946.0,0.8443993917891536
6896,SGP,2009,Singapore,3872.0,4436.0,3247.0,0.731965734896303,False,0.47434819175777965,0.5256518082422204,3841.5,0.845242743719901
6899,SGP,2010,Singapore,4089.0,4686.0,3434.0,0.7328211694408877,False,0.4768370607028754,0.5231629392971247,4060.0,0.8458128078817734
6902,SGP,2011,Singapore,3249.0,3441.0,3099.0,0.9006102877070619,False,0.5614035087719298,0.4385964912280702,3270.0,0.9477064220183486
6905,SGP,2012,Singapore,3480.0,3640.0,3230.0,0.8873626373626373,False,0.3902439024390244,0.6097560975609756,3435.0,0.9403202328966521
6908,SGP,2013,Singapore,3705.0,3915.0,3480.0,0.8888888888888888,False,0.4827586206896552,0.5172413793103448,3697.5,0.9411764705882353
6911,SGP,2014,Singapore,3770.0,4000.0,3518.0,0.8795,False,0.47717842323651455,0.5228215767634854,3759.0,0.9358872040436286
6914,SGP,2015,Singapore,3949.0,4118.0,3744.0,0.9091792132102963,False,0.45187165775401067,0.5481283422459893,3931.0,0.9524294072755024
6917,SGP,2016,Singapore,4056.0,4241.0,3803.0,0.896722471115303,False,0.4223744292237443,0.5776255707762556,4022.0,0.9455494778717056
6920,SGP,2017,Singapore,4232.0,4437.0,4027.0,0.9075952219968447,False,0.5,0.5,4232.0,0.9515595463137996
6923,SGP,2018,Singapore,4437.0,4680.0,4095.0,0.875,False,0.4153846153846154,0.5846153846153845,4387.5,0.9333333333333333
6926,SGP,2019,Singapore,4563.0,4810.0,4329.0,0.9,False,0.5135135135135135,0.4864864864864865,4569.5,0.9473684210526315
6929,SGP,2020,Singapore,4534.0,4719.0,4374.0,0.9268912905276542,False,0.5362318840579711,0.46376811594202894,4546.5,0.9620587264929066
6932,SGP,2021,Singapore,4680.0,4875.0,4437.0,0.9101538461538462,False,0.4452054794520548,0.5547945205479452,4656.0,0.9529639175257731
6935,SHN,1994,Saint Helena,218.37,243.07,180.94,0.7443946188340808,False,0.3975535168195717,0.6024464831804284,212.005,0.8534704370179949
6936,SHN,1995,Saint Helena,230.11,256.15,190.68,0.7444075736872927,False,0.3977394226363216,0.6022605773636784,223.415,0.8534789517266075
6937,SHN,1996,Saint Helena,234.93,256.7,202.25,0.7878846902999611,False,0.3998163452708905,0.6001836547291095,229.475,0.8813596252315067
6938,SHN,1997,Saint Helena,232.4,257.61,196.16,0.7614611234035945,False,0.41025223759153784,0.5897477624084622,226.885,0.8645789717257641
6939,SHN,1998,Saint Helena,238.48,265.25,201.59,0.76,False,0.4205152371976125,0.5794847628023875,233.42000000000002,0.8636363636363636
6940,SHN,1999,Saint Helena,224.6,240.6,202.8,0.8428927680798005,False,0.4232804232804235,0.5767195767195765,221.7,0.9147496617050068
6941,SHN,2000,Saint Helena,228.3,247.3,202.5,0.8188435099069955,False,0.42410714285714274,0.5758928571428572,224.9,0.9004001778568252
6942,SHN,2001,Saint Helena,256.0,271.6,234.7,0.8641384388807068,False,0.42276422764227667,0.5772357723577233,253.15,0.9271183093027848
6943,SHN,2002,Saint Helena,265.6,281.0,245.7,0.8743772241992882,False,0.43626062322946096,0.563739376770539,263.35,0.9329789253844692
6977,SLB,2005,Solomon Islands,14206.702,15151.922,11929.336,0.7873150350166797,False,0.29331102412782806,0.7066889758721719,13540.629,0.8810030907722233
6980,SLE,2018,Sierra Leone,2059613.435,2144271.795,1707039.809,0.7960930200082215,False,0.19362343723864672,0.8063765627613533,1925655.802,0.8864719267207858
6981,SLV,1998,El Salvador,1968.13,2183.48,1684.37,0.7714153553043764,False,0.4314680130632523,0.5685319869367478,1933.925,0.8709593184844293
6984,SLV,1999,El Salvador,1969.35,2178.3,1706.12,0.7832346325115915,False,0.4425219196069299,0.5574780803930701,1942.21,0.878442598895073
6987,SLV,2000,El Salvador,2073.25,2287.29,1809.79,0.7912376655343223,False,0.4482513089005235,0.5517486910994764,2048.54,0.8834535815751706
6990,SLV,2001,El Salvador,2108.02,2349.74,1803.58,0.7675657732344856,False,0.44258092866559223,0.5574190713344078,2076.66,0.8685003804185567
6991,SLV,2002,El Salvador,243.71,277.58,204.59,0.7370487787304562,True,0.4640361693382653,0.5359638306617347,241.08499999999998,0.8486218553622167
6994,SLV,2003,El Salvador,232.0,258.31,199.9,0.7738763501219466,False,0.45043656908063695,0.5495634309193631,229.10500000000002,0.8725256978241417
6997,SLV,2004,El Salvador,234.01,255.12,206.75,0.8104029476324867,False,0.43642753772999815,0.5635724622700018,230.935,0.8952735618247559
7000,SLV,2005,El Salvador,246.7,270.6,217.3,0.803030303030303,False,0.4484052532833026,0.5515947467166974,243.95000000000002,0.8907563025210083
7003,SLV,2006,El Salvador,247.4,260.2,230.3,0.8850883935434282,False,0.4280936454849496,0.5719063545150505,245.25,0.9390417940876657
7006,SLV,2010,El Salvador,294.188,290.83,299.892,1.0311590963793282,True,0.3705583756345177,0.6294416243654823,295.361,1.0153405493616288
7009,SLV,2011,El Salvador,296.44,292.212,303.688,1.0392728566930858,False,0.3684210526315797,0.6315789473684204,297.95,1.0192582648095319
7012,SLV,2012,El Salvador,307.289,305.332,310.612,1.017292651932978,False,0.37064393939393614,0.6293560606060639,307.972,1.0085722078630526
7015,SLV,2013,El Salvador,325.789,321.096,333.65,1.0390973416050029,False,0.3738250756730917,0.6261749243269084,327.373,1.01917384756837
7018,SLV,2014,El Salvador,330.575,326.28,337.535,1.0344949123452252,False,0.3816081741448242,0.6183918258551758,331.9075,1.0169550251199506
7021,SLV,2015,El Salvador,331.55,329.841,334.503,1.014134082785342,False,0.366580866580869,0.633419133419131,332.172,1.0070174487915897
7024,SLV,2016,El Salvador,324.722,324.141,325.724,1.0048836771651841,False,0.36702463676561686,0.6329753632343831,324.9325,1.0024358905311102
7027,SLV,2017,El Salvador,344.977,344.682,345.496,1.0023615970662814,False,0.3624078624078279,0.637592137592172,345.089,1.0011794058923928
7030,SLV,2018,El Salvador,358.185,356.735,360.705,1.0111287089856615,False,0.3652392947103273,0.6347607052896727,358.72,1.005533563782337
7033,SLV,2019,El Salvador,380.286,379.67,381.393,1.0045381515526641,False,0.357515960533953,0.6424840394660469,380.5315,1.0022639387278056
7036,SLV,2020,El Salvador,44.092,38.278,54.933,1.4351063273943259,False,0.3490843590513359,0.650915640948664,46.6055,1.1786806278228965
7039,SLV,2021,El Salvador,1498.59,1644.469,1235.89,0.7515435073570861,False,0.35703988702307304,0.6429601129769269,1440.1795000000002,0.8581499736664769
7042,SLV,2022,El Salvador,1624.254,1777.244,1368.017,0.7697406771383108,False,0.3738511877271051,0.6261488122728949,1572.6305,0.8698909247912971
7045,SLV,2023,El Salvador,1842.831,1992.19,1606.116,0.806206235349038,False,0.3868662484394187,0.6131337515605813,1799.153,0.8927067347801994
7112,SRB,2013,Serbia,537.263,558.954,511.953,0.915912579568265,False,0.4615008191315063,0.5384991808684937,535.4535,0.9561110348517659
7115,SRB,2014,Serbia,749.956,777.454,718.065,0.9236109146007353,False,0.463015036454562,0.536984963545438,747.7595,0.9602887024504537
7118,SRB,2015,Serbia,731.397,771.371,687.755,0.8916007990966733,False,0.4780663987753533,0.5219336012246467,729.563,0.9426944623014051
7121,SRB,2016,Serbia,733.784,780.602,682.5,0.874325200294132,False,0.47723797679965746,0.5227620232003425,731.5509999999999,0.9329493090707279
7124,SRB,2017,Serbia,763.622,812.465,709.731,0.8735527068858351,False,0.4754316973932686,0.5245683026067314,761.098,0.9325093483362196
7127,SRB,2018,Serbia,768.782,829.539,698.145,0.8416060004412089,False,0.4624031538730836,0.5375968461269164,763.842,0.9139913751796838
7130,SRB,2019,Serbia,860.217,924.758,785.078,0.8489550779771572,False,0.46206328751431863,0.5379367124856813,854.918,0.9183079546810337
7133,SRB,2020,Serbia,688.566,742.553,624.493,0.8410079819218292,False,0.4572844316449262,0.5427155683550737,683.523,0.9136386046994761
7136,SRB,2021,Serbia,748.059,811.086,674.682,0.83182547843262,False,0.46206122987595705,0.537938770124043,742.884,0.908192934563135
7139,SRB,2022,Serbia,775.185,821.056,721.968,0.8793163925481331,False,0.46293193928629156,0.5370680607137084,771.512,0.9357832412198385
7142,SUR,2016,Suriname,2310.033,2403.406,2182.415,0.9080509077534132,False,0.4225194691186521,0.5774805308813479,2292.9105,0.9518099376316694
7145,SVK,1982,Slovakia,2699.0,3158.0,2184.0,0.6915769474350855,False,0.47125256673511295,0.528747433264887,2671.0,0.8176712841632348
7146,SVK,1983,Slovakia,2746.0,3215.0,2224.0,0.6917573872472784,False,0.47325933400605447,0.5267406659939455,2719.5,0.8177973892259607
7147,SVK,1984,Slovakia,2788.0,3265.0,2258.0,0.6915773353751914,False,0.47368421052631576,0.5263157894736843,2761.5,0.8176715553141408
7148,SVK,1985,Slovakia,2842.0,3329.0,2302.0,0.6914989486332231,False,0.4741966893865628,0.5258033106134372,2815.5,0.8176167643402593
7149,SVK,1986,Slovakia,2886.0,3381.0,2350.0,0.6950606329488317,False,0.4801163918525703,0.5198836081474296,2865.5,0.8201012039783633
7150,SVK,1987,Slovakia,2939.0,3420.0,2428.0,0.7099415204678362,False,0.4848790322580645,0.5151209677419355,2924.0,0.8303693570451436
7151,SVK,1988,Slovakia,3016.0,3500.0,2480.0,0.7085714285714285,False,0.4745098039215686,0.5254901960784314,2990.0,0.8294314381270903
7152,SVK,1989,Slovakia,3084.0,3580.0,2535.0,0.7081005586592178,False,0.47464114832535886,0.5253588516746411,3057.5,0.8291087489779232
7153,SVK,1990,Slovakia,3210.0,3728.0,2638.0,0.7076180257510729,False,0.47522935779816516,0.5247706422018348,3183.0,0.8287778825007854
7194,SVK,2005,Slovakia,354.367,403.972,304.204,0.7530323883833534,False,0.49720351214818354,0.5027964878518165,354.08799999999997,0.8591197668376224
7197,SVK,2006,Slovakia,390.847,440.092,339.576,0.7716023013369933,False,0.48992200246726914,0.5100779975327309,389.834,0.8710784590364105
7200,SVK,2007,Slovakia,610.223,687.042,528.756,0.7696123381103338,False,0.48531771603300383,0.5146822839669962,607.899,0.8698089649760897
7203,SVK,2008,Slovakia,726.922,821.024,629.813,0.7671066862844448,False,0.4921369586477764,0.5078630413522236,725.4185,0.8682064215346038
7206,SVK,2009,Slovakia,883.282,987.485,773.231,0.7830306283133415,False,0.48635264685840157,0.5136473531415984,880.358,0.8783142766919821
7207,SVK,2010,Slovakia,923.697,1026.107,816.024,0.7952620925498023,False,0.4874739983720719,0.512526001627928,921.0654999999999,0.8859565362072513
7210,SVK,2011,Slovakia,898.328,999.162,792.876,0.7935409873473971,False,0.4888068022066453,0.5111931977933547,896.019,0.8848874856448357
7213,SVK,2012,Slovakia,970.216,1080.408,856.687,0.7929291526904652,False,0.49254205014281155,0.5074579498571885,968.5474999999999,0.884506955002207
7216,SVK,2013,Slovakia,935.266,1045.373,821.515,0.7858582534655094,False,0.4918609118280341,0.5081390881719658,933.444,0.8800902892942695
7219,SVK,2014,Slovakia,1063.539,1185.024,936.199,0.7900253496975589,False,0.4882347031045913,0.5117652968954087,1060.6115,0.8826973873091136
7222,SVK,2015,Slovakia,1086.339,1196.071,968.984,0.8101391974222267,False,0.48321568385684793,0.516784316143152,1082.5275,0.8951125952920366
7225,SVK,2016,Slovakia,1083.932,1202.298,956.13,0.795252092243354,False,0.4808342270319456,0.5191657729680543,1079.214,0.8859503305183217
7228,SVK,2017,Slovakia,1079.203,1175.717,975.473,0.8296835037683387,False,0.4819819819819823,0.5180180180180177,1075.595,0.906914777402275
7231,SVK,2018,Slovakia,1139.425,1232.636,1039.542,0.8433487258201123,False,0.48272344039690507,0.5172765596030949,1136.089,0.9150181015747886
7234,SVK,2019,Slovakia,1249.534,1377.932,1109.688,0.8053285648348395,False,0.4786612188902639,0.5213387811097361,1243.81,0.8921684180059657
7237,SVK,2020,Slovakia,1351.013,1487.284,1204.126,0.8096140347102503,False,0.48125428206160564,0.5187457179383943,1345.705,0.894791949201348
7240,SVK,2021,Slovakia,1332.586,1455.086,1191.928,0.8191460848362228,False,0.46549981380007466,0.5345001861999253,1323.507,0.9005830720955764
7243,SVK,2022,Slovakia,1281.814,1400.27,1155.45,0.8251622901297607,False,0.4838493587125232,0.5161506412874768,1277.8600000000001,0.9042070336343574
7246,SVK,2023,Slovakia,1293.46,1372.153,1210.77,0.8823870224384598,False,0.48761641560759167,0.5123835843924083,1291.4615,0.9375192369265364
7300,SVN,2005,Slovenia,1217.835,1286.224,1140.885,0.8870033524487182,False,0.4705481666999217,0.5294518333000783,1213.5545,0.9401184701634744
7303,SVN,2006,Slovenia,1247.506,1293.646,1194.464,0.9233314214244082,False,0.4652053800084679,0.5347946199915321,1244.0549999999998,0.960137614494536
7306,SVN,2007,Slovenia,1590.637,1655.874,1515.231,0.9150641896666051,False,0.4638481829881336,0.5361518170118664,1585.5525,0.9556485830648938
7307,SVN,2008,Slovenia,1699.122,1775.479,1612.594,0.9082585600843491,False,0.4687785861190409,0.5312214138809591,1694.0365000000002,0.9519239992762847
7310,SVN,2009,Slovenia,1801.389,1903.392,1685.048,0.8852868983372841,False,0.46716648957608237,0.5328335104239177,1794.22,0.9391535040296062
7313,SVN,2010,Slovenia,1863.089,1955.415,1759.852,0.8999890048915449,False,0.47210361878269447,0.5278963812173055,1857.6335,0.9473623295445524
7316,SVN,2011,Slovenia,1884.161,1955.921,1803.977,0.9223158808561287,False,0.47227926078028754,0.5277207392197125,1879.949,0.9595882654263493
7319,SVN,2012,Slovenia,1963.002,2044.12,1873.357,0.9164613623466333,False,0.475032647587592,0.524967352412408,1958.7385,0.9564099546723568
7322,SVN,2013,Slovenia,1976.194,2088.227,1854.476,0.8880624568114482,False,0.4792835110865837,0.5207164889134164,1971.3515,0.9407130083092742
7325,SVN,2014,Slovenia,1989.283,2090.056,1873.761,0.8965123422530306,False,0.465905360734183,0.534094639265817,1981.9085,0.9454326473699467
7328,SVN,2015,Slovenia,2040.241,2156.086,1905.843,0.8839364478040302,False,0.4629300320088871,0.5370699679911128,2030.9645,0.9383930639851165
7331,SVN,2016,Slovenia,2023.05,2151.639,1876.969,0.8723438271940599,False,0.4681581534204687,0.5318418465795314,2014.304,0.9318201224839945
7334,SVN,2017,Slovenia,2052.266,2174.759,1914.452,0.8803053579729984,False,0.4705712869803729,0.5294287130196271,2044.6055000000001,0.9363429766769188
7337,SVN,2018,Slovenia,2093.595,2216.899,1959.395,0.8838449564008104,False,0.478843047098298,0.5211569529017019,2088.147,0.9383415056507037
7340,SVN,2019,Slovenia,2187.969,2332.108,2031.514,0.8711063124006263,False,0.47951389581961046,0.5204861041803895,2181.811,0.931113648249092
7343,SVN,2020,Slovenia,2295.388,2471.075,2104.617,0.8517009803425636,False,0.47941919674287387,0.5205808032571262,2287.846,0.919912004566741
7346,SVN,2021,Slovenia,2443.081,2626.851,2243.881,0.8542094698176638,False,0.4798548189153194,0.5201451810846807,2435.366,0.9213732145394162
7349,SVN,2022,Slovenia,2633.521,2815.758,2434.51,0.8646020005980629,False,0.47800119607184777,0.5219988039281522,2625.134,0.9273850401541408
7352,SVN,2023,Slovenia,2762.815,2976.045,2534.43,0.8516101067020155,False,0.4828413889926744,0.5171586110073256,2755.2375,0.9198589958215942
7355,SWE,1993,Sweden,95.88,99.35,85.6,0.8616004026170105,False,0.2523636363636363,0.7476363636363637,92.475,0.9256555825898891
7358,SWE,1994,Sweden,15310.121,17173.198,12555.538,0.7311123996823422,False,0.4034677737208892,0.5965322262791108,14864.368,0.8446735172326196
7361,SWE,1995,Sweden,14559.939,16262.251,11991.128,0.7373596681049874,False,0.39856309453040806,0.6014369054695919,14126.6895,0.848827887099805
7364,SWE,1996,Sweden,15673.444,17411.629,13080.325,0.7512407368661485,False,0.40130755079763536,0.5986924492023646,15245.977,0.8579525602065384
7367,SWE,1997,Sweden,14775.878,16410.288,12380.019,0.7544059555810355,True,0.4055337249200983,0.5944662750799017,14395.1535,0.8600129897885423
7370,SWE,1998,Sweden,14503.26,15932.682,12235.826,0.76797026388903,False,0.3866588257697892,0.6133411742302108,14084.254,0.8687592541287595
7373,SWE,1999,Sweden,15795.426,17387.997,13354.089,0.7680061711535837,False,0.3947960637674434,0.6052039362325565,15371.043,0.8687822290263583
7376,SWE,2000,Sweden,16502.083,18267.775,13821.609,0.7566115194652879,False,0.39712687290578047,0.6028731270942196,16044.692000000001,0.8614443331165222
7379,SWE,2001,Sweden,16119.253,17732.565,13584.482,0.7660754098462349,False,0.38892953684870785,0.6110704631512922,15658.5235,0.8675455256046332
7382,SWE,2002,Sweden,2589.97,2738.77,2303.35,0.84101622261088,False,0.3417390106104454,0.6582609893895546,2521.06,0.9136434674303666
7385,SWE,2003,Sweden,16921.333,18582.595,14276.227,0.7682579854966435,False,0.38576870346426556,0.6142312965357344,16429.411,0.8689433236529296
7388,SWE,2004,Sweden,2210.65,2567.433,1856.543,0.7231125408141127,False,0.5018821477303097,0.4981178522696903,2211.988,0.8393097069242691
7391,SWE,2005,Sweden,2285.978,2699.728,1876.996,0.6952537440808852,False,0.5028976629084563,0.4971023370915437,2288.362,0.8202356095757577
7394,SWE,2006,Sweden,2234.02,2602.822,1876.964,0.7211265311266002,False,0.5080911142399753,0.4919088857600247,2239.893,0.8379703851925069
7397,SWE,2007,Sweden,2854.046,3308.538,2405.155,0.7269540201744699,False,0.503100014058268,0.496899985941732,2856.8465,0.841891575203638
7400,SWE,2008,Sweden,2976.379,3448.561,2494.85,0.7234466781941801,False,0.4950996685578756,0.5049003314421243,2971.7055,0.8395347385533324
7403,SWE,2009,Sweden,3056.13,3566.969,2537.679,0.7114384789999577,False,0.49630230547270443,0.5036976945272955,3052.324,0.8313924078833047
7406,SWE,2010,Sweden,2804.145,3210.511,2385.734,0.7431010203671627,False,0.4926980262543693,0.5073019737456307,2798.1225,0.8526195690145802
7409,SWE,2011,Sweden,3129.247,3576.071,2680.566,0.749584110606305,False,0.4989631548679237,0.5010368451320764,3128.3185,0.8568711913444874
7412,SWE,2012,Sweden,3496.859,3990.314,3005.019,0.753078329174095,False,0.5008195515048791,0.4991804484951209,3497.6665,0.8591496644977444
7415,SWE,2013,Sweden,3719.624,4227.907,3217.014,0.760899896804731,False,0.5028059349505837,0.4971940650494163,3722.4605,0.8642170951175976
7418,SWE,2014,Sweden,3729.411,4225.329,3233.555,0.765278869408749,False,0.5000312571210777,0.49996874287892235,3729.442,0.8670345322436975
7421,SWE,2015,Sweden,3663.803,4160.947,3165.767,0.7608284844772115,False,0.49955183986816465,0.5004481601318354,3663.357,0.8641710321980631
7424,SWE,2016,Sweden,3807.776,4256.354,3323.845,0.7809136646059044,False,0.48104415078031443,0.5189558492196855,3790.0995000000003,0.8769809341417025
7427,SWE,2017,Sweden,3875.71,4251.979,3460.839,0.813936051894894,False,0.4756035594205831,0.5243964405794169,3856.409,0.8974252990281891
7430,SWE,2018,Sweden,3943.622,4323.932,3507.463,0.8111744125485786,False,0.46579845652437524,0.5342015434756248,3915.6975,0.895744117108127
7433,SWE,2019,Sweden,3762.35,4035.567,3446.923,0.8541359863434307,False,0.46414641107358606,0.535853588926414,3741.245,0.9213304661950767
7436,SWE,2020,Sweden,3766.951,4123.983,3366.798,0.8163947329559796,False,0.47152545282856895,0.528474547171431,3745.3905,0.8989177496979286
7439,SWE,2021,Sweden,3969.069,4338.179,3574.586,0.8239830583293127,False,0.48338578274028177,0.5166142172597182,3956.3824999999997,0.9034985874090788
7442,SWE,2022,Sweden,4249.867,4615.04,3854.146,0.8351273228401055,False,0.4799262446543144,0.5200737553456856,4234.593,0.9101573634113126
7445,SWE,2023,Sweden,4197.516,4515.127,3854.717,0.8537339038303905,False,0.4809300283157442,0.5190699716842557,4184.9220000000005,0.92109649833378
7448,SWZ,1972,Eswatini,,208.0,63.0,0.30288461538461536,False,,,135.5,0.46494464944649444
7449,SWZ,1973,Eswatini,,204.0,84.0,0.4117647058823529,False,,,144.0,0.5833333333333334
7450,SWZ,1974,Eswatini,,187.0,148.0,0.7914438502673797,False,,,167.5,0.8835820895522388
7451,SWZ,1975,Eswatini,,283.0,94.0,0.3321554770318021,False,,,188.5,0.4986737400530504
7452,SWZ,1976,Eswatini,,315.0,141.0,0.44761904761904764,True,,,228.0,0.618421052631579
7453,SWZ,1977,Eswatini,,284.0,154.0,0.5422535211267606,False,,,219.0,0.7031963470319634
7454,SWZ,1978,Eswatini,,404.0,146.0,0.3613861386138614,False,,,275.0,0.5309090909090909
7455,SWZ,1979,Eswatini,,477.0,227.0,0.4758909853249476,False,,,352.0,0.6448863636363636
7456,SWZ,1980,Eswatini,,358.0,159.0,0.4441340782122905,False,,,258.5,0.6150870406189555
7457,SWZ,1981,Eswatini,,515.0,211.0,0.4097087378640777,False,,,363.0,0.581267217630854
7458,SWZ,1982,Eswatini,,568.0,211.0,0.3714788732394366,False,,,389.5,0.5417201540436457
7459,SWZ,1983,Eswatini,,535.0,344.0,0.6429906542056075,False,,,439.5,0.782707622298066
7460,SWZ,1984,Eswatini,,638.0,414.0,0.6489028213166145,False,,,526.0,0.7870722433460076
7461,SWZ,1985,Eswatini,,730.0,488.0,0.6684931506849315,False,,,609.0,0.8013136288998358
7462,SWZ,1986,Eswatini,,775.0,630.0,0.8129032258064516,False,,,702.5,0.896797153024911
7465,SWZ,1989,Eswatini,,745.0,930.0,1.2483221476510067,False,,,837.5,1.1104477611940298
7466,SWZ,1990,Eswatini,,986.0,1025.0,1.039553752535497,False,,,1005.5,1.0193933366484336
7469,SWZ,1991,Eswatini,,968.0,1007.0,1.040289256198347,False,,,987.5,1.019746835443038
7472,SWZ,1992,Eswatini,,1276.0,1118.0,0.8761755485893417,False,,,1197.0,0.934001670843776
7475,SWZ,1993,Eswatini,,1205.0,1291.0,1.071369294605809,False,,,1248.0,1.0344551282051282
7478,SWZ,1994,Eswatini,,1579.0,1517.0,0.9607346421785941,False,,,1548.0,0.9799741602067183
7481,SWZ,1995,Eswatini,,1597.0,1630.0,1.0206637445209767,False,,,1613.5,1.0102262162999691
7484,SWZ,1996,Eswatini,,1727.0,1441.0,0.8343949044585988,False,,,1584.0,0.9097222222222222
7487,SWZ,1997,Eswatini,,2289.0,2120.0,0.926168632590651,False,,,2204.5,0.9616693127693354
7496,SWZ,2000,Eswatini,,2391.0,2042.0,0.8540359682141363,False,,,2216.5,0.9212722761109858
7499,SWZ,2016,Eswatini,4573.403,4795.073,4288.234,0.8943000450670928,False,0.43735781974157495,0.562642180258425,4541.6535,0.9442010492434089
7502,SWZ,2021,Eswatini,5586.983,5823.277,5317.799,0.9131969851339719,False,0.46746643770846574,0.5325335622915343,5570.5380000000005,0.9546293374176784
7583,SYR,2005,Syrian Arab Republic,7727.0,7768.0,7503.0,0.965885684860968,False,0.15471698113207547,0.8452830188679246,7635.5,0.9826468469648353
7584,SYR,2006,Syrian Arab Republic,8693.0,8666.0,8832.0,1.0191553196399723,False,0.16265060240963855,0.8373493975903614,8749.0,1.009486798491256
7585,SYR,2007,Syrian Arab Republic,9017.0,8961.0,9306.0,1.0385001673920322,False,0.16231884057971013,0.8376811594202899,9133.5,1.0188865166694039
7586,SYR,2008,Syrian Arab Republic,10622.0,10552.0,10977.0,1.0402767247915088,False,0.16470588235294117,0.8352941176470589,10764.5,1.0197408147150355
7587,SYR,2009,Syrian Arab Republic,11096.0,10967.0,11779.0,1.074040302726361,False,0.15886699507389163,0.8411330049261083,11373.0,1.035698584366482
7588,SYR,2010,Syrian Arab Republic,11344.0,11227.0,11981.0,1.0671595261423354,False,0.15517241379310345,0.8448275862068966,11604.0,1.0324887969665633
7589,TCD,2018,Chad,121734.157,125376.298,100983.92,0.805446656273102,False,0.14931471626095616,0.8506852837390438,113180.109,0.89224087953476
7592,TGO,2011,Togo,113912.543,128009.278,85255.272,0.66600853728743,True,0.32971729011779616,0.6702827098822038,106632.275,0.7995259596590245
7595,TGO,2015,Togo,152478.292,176256.79,110524.82,0.6270670196592143,False,0.3617493587975535,0.6382506412024465,143390.805,0.7707943337091944
7598,TGO,2017,Togo,89279.318,92284.011,80587.71,0.8732575570431156,True,0.25689258510019547,0.7431074148998045,86435.86050000001,0.9323411548612974
7601,TGO,2019,Togo,76890.756,77705.975,74546.08,0.9593352377342926,False,0.2579892686307649,0.7420107313692351,76126.0275,0.9792456331706
7604,TGO,2022,Togo,85868.237,92903.217,65344.862,0.703364900700909,False,0.25527575938404196,0.744724240615958,79124.0395,0.82585346265088
7607,THA,2000,Thailand,6860.362,7412.969,6202.262,0.8366771802229309,False,0.45643330715028474,0.5435666928497153,6807.6155,0.9110770136768153
7610,THA,2007,Thailand,9526.116,9980.784,8993.05,0.9010364316069759,False,0.4603142141507729,0.5396857858492271,9486.917,0.9479423083389472
7613,THA,2011,Thailand,10340.0,10599.0,10028.0,0.9461269931125578,False,0.45359019264448336,0.5464098073555166,10313.5,0.972317835846221
7616,THA,2012,Thailand,11184.0,11404.0,10917.0,0.9572956857243072,False,0.4517453798767967,0.5482546201232033,11160.5,0.978181981094037
7619,THA,2013,Thailand,13638.31,13940.771,13276.446,0.952346609810892,False,0.45529070861400794,0.5447092913859921,13608.6085,0.9755917366569844
7622,THA,2014,Thailand,14218.865,14393.256,14005.044,0.9730282015410551,False,0.44921589234747983,0.5507841076525202,14199.15,0.9863297450903752
7625,THA,2015,Thailand,11106.65,11178.145,11019.33,0.9857923653701038,False,0.45017787992318464,0.5498221200768154,11098.7375,0.9928453574111471
7628,THA,2016,Thailand,14733.381,14725.118,14743.374,1.0012397863297258,False,0.4526183172655171,0.5473816827344828,14734.246,1.0006195091353844
7631,THA,2017,Thailand,14742.789,14667.2,14833.571,1.0113430647976436,False,0.4543399991585091,0.5456600008414909,14750.3855,1.0056395475223343
7634,THA,2018,Thailand,14922.795,14823.273,15042.474,1.01478762483832,False,0.45402165136108147,0.5459783486389185,14932.8735,1.0073395451987188
7637,THA,2019,Thailand,15128.268,14962.558,15325.834,1.0242790036302616,False,0.4561545491582136,0.5438454508417865,15144.196,1.01199390182219
7640,THA,2020,Thailand,15342.49,15124.149,15602.957,1.0316585085217027,False,0.45600950694223974,0.5439904930577603,15363.553,1.015582593427445
7643,THA,2021,Thailand,15534.329,15322.684,15783.98,1.0301054306151585,False,0.4588051923277035,0.5411948076722966,15553.331999999999,1.0148294911984135
7646,THA,2022,Thailand,16384.75,16314.692,16464.083,1.0091568385109568,False,0.4689572999712237,0.5310427000287763,16389.387499999997,1.0045575528676713
7649,THA,2023,Thailand,16556.41,16512.931,16605.174,1.0055861070333303,False,0.4713528397818808,0.5286471602181192,16559.052499999998,1.0027852740970535
7668,TJK,2003,Tajikistan,43.049,54.118,25.477,0.47076758195055246,False,0.38647393596592305,0.613526064034077,39.7975,0.6401658395627866
7680,TJK,2007,Tajikistan,258.563,328.407,135.11,0.41141023181600883,False,0.361329974081336,0.638670025918664,231.7585,0.5829775391193851
7686,TJK,2009,Tajikistan,370.614,475.416,175.016,0.3681323304221987,False,0.3488748335552597,0.6511251664447403,325.216,0.5381531043983075
7719,TKL,2016,Tokelau,758.781,744.336,776.732,1.0435233550439587,False,0.4458883812816383,0.5541116187183617,760.534,1.021298193111682
7724,TLS,2001,Timor-Leste,1498488.384,1591484.032,1183690.461,0.7437652135990768,False,0.22804589040468176,0.7719541095953182,1387587.2465,0.8530566016556422
7725,TLS,2007,Timor-Leste,162.044,161.713,163.629,1.0118481507361807,False,0.17275574112735795,0.8272442588726421,162.671,1.005889187378205
7728,TLS,2010,Timor-Leste,173.774,173.7,174.04,1.0019573978123202,True,0.21764705882356333,0.7823529411764367,173.87,1.0009777419911428
7731,TLS,2013,Timor-Leste,412.772,420.983,387.409,0.9202485611057929,True,0.2445642461428489,0.7554357538571511,404.196,0.9584681689081533
7734,TLS,2016,Timor-Leste,340.374,228.93,650.0,2.8392958546280522,False,0.2646685824209752,0.7353314175790249,439.46500000000003,1.4790711433219936
7737,TLS,2021,Timor-Leste,257.594,262.842,243.256,0.9254837506943335,False,0.267946492392525,0.732053507607475,253.04899999999998,0.9612999853783261
7746,TON,2018,Tonga,1334.408,1401.381,1240.946,0.8855165012227223,True,0.4174463178234183,0.5825536821765818,1321.1635,0.9392826852997376
7749,TON,2021,Tonga,1287.277,1415.524,1096.001,0.7742722836207652,False,0.4013701674057889,0.5986298325942111,1255.7624999999998,0.8727772966623865
7752,TON,2023,Tonga,1566.627,1619.59,1499.15,0.9256355003426794,False,0.4397459315841916,0.5602540684158084,1559.37,0.9613818401020926
7755,TTO,2010,Trinidad and Tobago,4529.413,4783.316,4203.5,0.8787836722474535,True,0.43790271396443065,0.5620972860355693,4493.407999999999,0.9354814875479815
7758,TTO,2011,Trinidad and Tobago,4837.277,5036.569,4569.466,0.90725769864366,False,0.4266553629499283,0.5733446370500717,4803.0175,0.951374006028502
7761,TTO,2012,Trinidad and Tobago,4980.742,5242.984,4637.943,0.8845998767114299,False,0.43342847840063753,0.5665715215993625,4940.4635,0.9387667776515302
7764,TTO,2013,Trinidad and Tobago,5138.545,5371.04,4839.618,0.9010578956775598,False,0.43749600129463984,0.5625039987053602,5105.329,0.9479541866939428
7767,TTO,2014,Trinidad and Tobago,5434.253,5706.596,5083.942,0.8908887189490898,False,0.43739058931605684,0.5626094106839432,5395.269,0.9422962969964982
7770,TTO,2015,Trinidad and Tobago,5560.678,5822.262,5224.598,0.8973484875809437,False,0.43767735717727674,0.5623226428227233,5523.43,0.945897386225588
7773,TTO,2016,Trinidad and Tobago,5758.393,6075.56,5369.559,0.8837965553792572,False,0.44924440616939676,0.5507555938306032,5722.5595,0.9383142281002058
7776,TUN,2019,Tunisia,739.678,780.544,678.151,0.8688184138242047,False,0.3991093141132692,0.6008906858867308,729.3475,0.9298050654866165
7779,TUR,2005,Türkiye,597.153,605.495,566.377,0.9353950073906472,False,0.21325221125824362,0.7867477887417564,585.9359999999999,0.966619221211873
7780,TUR,2006,Türkiye,676.075,683.993,647.987,0.9473591104002526,False,0.2199077931455865,0.7800922068544135,665.99,0.9729680625835222
7781,TUR,2007,Türkiye,761.017,770.744,726.964,0.9431977414031119,False,0.2221790772042024,0.7778209227957976,748.854,0.9707686678578201
7782,TUR,2008,Türkiye,867.804,875.502,841.671,0.9613581693702585,False,0.2275427862020041,0.7724572137979959,858.5865,0.9802984323652888
7783,TUR,2009,Türkiye,958.723,964.858,938.517,0.9726996096834976,False,0.232906875213546,0.767093124786454,951.6875,0.9861608984041506
7784,TUR,2010,Türkiye,1034.533,1043.31,1005.712,0.9639627723303716,False,0.23344326825895137,0.7665567317410487,1024.511,0.9816507582641866
7787,TUR,2011,Türkiye,1144.197,1158.88,1097.766,0.9472646003037415,False,0.24025591517492248,0.7597440848250775,1128.323,0.9729182157945907
7790,TUR,2012,Türkiye,1286.271,1300.243,1244.899,0.9574356485672293,False,0.252457357617808,0.747542642382192,1272.571,0.9782550443157985
7793,TUR,2013,Türkiye,1410.372,1433.458,1345.831,0.9388702005918553,False,0.26345761009734403,0.736542389902656,1389.6444999999999,0.9684714328016986
7796,TUR,2014,Türkiye,1541.999,1578.465,1443.529,0.9145144174878759,False,0.2702466354419867,0.7297533645580133,1510.9969999999998,0.9553486869927605
7799,TUR,2015,Türkiye,1683.984,1731.206,1562.526,0.9025650326997481,False,0.2799502015650938,0.7200497984349061,1646.866,0.9487875759169234
7802,TUR,2016,Türkiye,1973.197,2015.094,1870.234,0.9281125347006144,False,0.2892240784205448,0.7107759215794551,1942.664,0.9627161464875037
7805,TUR,2017,Türkiye,2141.934,2189.012,2028.828,0.9268236080935143,False,0.2938995155571088,0.7061004844428912,2108.92,0.9620222673216622
7808,TUR,2018,Türkiye,2438.058,2510.959,2271.428,0.9046057701459881,False,0.3043489151717308,0.6956510848282692,2391.1935,0.9499139237372467
7811,TUR,2019,Türkiye,2951.546,3033.881,2769.98,0.9130153753558561,False,0.3119919969988749,0.6880080030011251,2901.9305,0.9545300964306347
7814,TUR,2020,Türkiye,3426.625,3517.642,3224.123,0.9165580238125427,False,0.310088955059127,0.689911044940873,3370.8824999999997,0.9564625880611384
7817,TUR,2021,Türkiye,4025.438,4138.465,3776.37,0.9125049988341087,False,0.31214736464187565,0.6878526353581244,3957.4175,0.9542510993596203
7820,TUR,2022,Türkiye,6804.076,7024.576,6352.613,0.9043411303401088,False,0.3281430674010326,0.6718569325989674,6688.5945,0.9497679968489643
7823,TUR,2023,Türkiye,14445.936,15032.96,13288.283,0.8839432154412704,False,0.33646571829628036,0.6635342817037196,14160.6215,0.938396877566426
7826,TZA,2001,"Tanzania, United Republic of",55659.06,59370.048,46575.497,0.784494851680093,True,0.2900444103118589,0.7099555896881411,52972.77250000001,0.8792346483280632
7829,TZA,2006,"Tanzania, United Republic of",111132.724,119709.956,90506.146,0.756045269952317,True,0.29370249977657026,0.7062975002234297,105108.051,0.8610771975973561
7832,TZA,2010,"Tanzania, United Republic of",410807.015,412206.537,407663.737,0.9889793111165532,False,0.308074755657304,0.691925244342696,409935.137,0.9944591234198108
7835,TZA,2011,"Tanzania, United Republic of",368589.0,379775.0,302489.0,0.7964952932657494,False,0.14473513961131382,0.8552648603886862,341132.0,0.8867212691861215
7838,TZA,2012,"Tanzania, United Republic of",402648.777,424186.243,358104.629,0.844215565472735,False,0.3259222149144241,0.6740777850855759,391145.436,0.9155280773875629
7841,TZA,2014,"Tanzania, United Republic of",304324.0,325319.828,261336.559,0.8033219512214915,False,0.32814559693722417,0.6718544030627758,293328.1935,0.890935698617051
7844,TZA,2020,"Tanzania, United Republic of",425957.245,431666.178,413703.937,0.9583885837819797,True,0.3178296627909628,0.6821703372090372,422685.0575,0.9787522167139774
7847,UGA,2002,Uganda,54300.0,60000.0,32000.0,0.5333333333333333,False,0.20357142857142857,0.7964285714285715,46000.0,0.6956521739130435
7850,UGA,2005,Uganda,36200.0,48000.0,20000.0,0.4166666666666667,False,0.42142857142857143,0.5785714285714285,34000.0,0.5882352941176471
7856,UGA,2010,Uganda,681218.15,764216.979,497749.344,0.6513193996963,False,0.3114780862598942,0.6885219137401057,630983.1615,0.7888472694211507
7859,UGA,2011,Uganda,688634.933,745116.172,569754.186,0.7646514830978598,False,0.32208370974995715,0.6779162902500429,657435.179,0.8666317291791895
7862,UGA,2012,Uganda,265557.974,301730.998,192012.342,0.6363692934194318,True,0.3296889090584561,0.670311090941544,246871.67,0.7777820030949683
7865,UGA,2014,Uganda,858312.551,888954.821,787783.657,0.8861908821348301,False,0.302875530818248,0.697124469181752,838369.2390000001,0.9396619297955897
7868,UGA,2017,Uganda,383573.202,427093.579,296209.409,0.6935468561563178,True,0.3325106237064423,0.6674893762935576,361651.494,0.8190465514847285
7871,UGA,2019,Uganda,407686.528,430081.066,359503.822,0.8358978118790283,False,0.31730536261801323,0.6826946373819868,394792.444,0.9106147482397104
7874,UGA,2021,Uganda,577858.029,672011.955,371136.778,0.552277046916524,False,0.312933512624074,0.687066487375926,521574.3665,0.7115702032875881
7895,UKR,1993,Ukraine,162.8,201.4,124.3,0.6171797418073486,True,0.5006485084306095,0.4993514915693905,162.85,0.76327909118821
7896,UKR,1994,Ukraine,1427.7,1753.9,1104.9,0.6299675009977764,False,0.5026194144838213,0.4973805855161787,1429.4,0.7729816706310341
7915,UKR,2007,Ukraine,1351.1,1578.1,1150.3,0.7289145174577023,False,0.530621785881253,0.46937821411874703,1364.1999999999998,0.8432048086790794
7918,UKR,2008,Ukraine,1806.33,2080.44,1564.73,0.7521149372248178,False,0.5315196525178881,0.46848034748211187,1822.585,0.8585223734421166
7921,UKR,2009,Ukraine,1906.0,2173.0,1677.0,0.771744132535665,False,0.5383064516129032,0.46169354838709675,1925.0,0.8711688311688311
7924,UKR,2010,Ukraine,2239.0,2538.0,1974.0,0.7777777777777778,False,0.5301418439716312,0.4698581560283688,2256.0,0.875
7927,UKR,2011,Ukraine,2633.0,3035.0,2272.0,0.7485996705107084,False,0.526867627785059,0.473132372214941,2653.5,0.8562276238929716
7930,UKR,2012,Ukraine,3026.0,3429.0,2661.0,0.7760279965004374,False,0.5247395833333334,0.47526041666666663,3045.0,0.8738916256157635
7933,UKR,2013,Ukraine,3265.0,3711.0,2866.0,0.7722985718135273,False,0.527810650887574,0.47218934911242605,3288.5,0.871521970503269
7936,UKR,2014,Ukraine,3480.0,3979.0,3037.0,0.7632570997738125,False,0.529723991507431,0.470276008492569,3508.0,0.8657354618015963
7939,UKR,2015,Ukraine,4195.0,4848.0,3631.0,0.7489686468646864,False,0.5365653245686114,0.4634346754313886,4239.5,0.8564689232220781
7942,UKR,2016,Ukraine,5183.0,6001.0,4480.0,0.7465422429595068,False,0.5378040762656148,0.46219592373438523,5240.5,0.8548802595172217
7945,UKR,2017,Ukraine,7104.0,8021.0,6321.0,0.788056352075801,False,0.5394117647058824,0.46058823529411763,7171.0,0.8814670199414307
7948,UKR,2018,Ukraine,8865.0,10083.0,7830.0,0.7765545968461768,False,0.5406125166444741,0.4593874833555259,8956.5,0.87422542287724
7951,UKR,2019,Ukraine,10497.0,11961.0,9237.0,0.7722598444946075,False,0.5374449339207048,0.4625550660792952,10599.0,0.8714973110670818
7954,UKR,2020,Ukraine,11591.0,13031.0,10369.0,0.7957179034609777,False,0.540946656649136,0.459053343350864,11700.0,0.8862393162393163
7957,UKR,2021,Ukraine,14014.0,15563.0,12668.0,0.8139818801002378,False,0.5350604490500863,0.4649395509499137,14115.5,0.8974531543338883
7966,URY,1998,Uruguay,5957.616,7016.103,4661.841,0.6644487687823284,True,0.44960458946370463,0.5503954105362954,5838.972,0.798400985652954
7969,URY,1999,Uruguay,6448.421,7548.879,5104.59,0.6762050365358884,False,0.45021599328066353,0.5497840067193365,6326.7345000000005,0.806828546385185
7972,URY,2000,Uruguay,6619.009,7706.037,5315.336,0.68976258484095,False,0.45469006789222083,0.5453099321077792,6510.6865,0.8164017726855686
7975,URY,2001,Uruguay,6609.574,7612.617,5436.097,0.7140904369679967,False,0.4608471321191629,0.539152867880837,6524.357,0.8332004211296224
7978,URY,2002,Uruguay,6672.623,7715.324,5481.924,0.710524146490802,False,0.4668671084445241,0.5331328915554758,6598.624,0.8307677479426014
7981,URY,2003,Uruguay,6861.93,7854.458,5759.798,0.7333157806687616,False,0.4738372814681139,0.5261627185318861,6807.128,0.8461421615694608
7984,URY,2004,Uruguay,7445.954,8607.855,6085.536,0.7069747341236581,False,0.46064791963268725,0.5393520803673127,7346.6955,0.828336494958856
7987,URY,2005,Uruguay,7884.203,8977.397,6669.684,0.7429418571998097,False,0.4737131523720671,0.5262868476279329,7823.540500000001,0.8525147917365545
7990,URY,2006,Uruguay,9063.285,10409.285,7453.391,0.7160329455865604,False,0.4553613898197973,0.5446386101802028,8931.338,0.8345212105957697
7993,URY,2007,Uruguay,10205.725,11595.824,8556.382,0.7378847764505566,False,0.45735335630684837,0.5426466436931516,10076.103,0.8491757180330531
7996,URY,2008,Uruguay,11447.949,13219.795,9419.153,0.7125037112905306,False,0.46619650048597044,0.5338034995140295,11319.474,0.832119319325262
7999,URY,2009,Uruguay,13211.219,15174.097,10919.219,0.7195959667319907,False,0.46132415547519817,0.5386758445248019,13046.658,0.8369360950520816
8002,URY,2010,Uruguay,14011.868,15923.54,11779.542,0.7397564863089489,False,0.46131103345127095,0.5386889665487291,13851.541000000001,0.8504138276022861
8005,URY,2011,Uruguay,16207.058,18271.236,13785.008,0.7544649962378024,False,0.460114376710234,0.539885623289766,16028.122,0.8600513522420157
8008,URY,2012,Uruguay,17979.648,20277.057,15374.38,0.7582155536673788,False,0.4686029693573529,0.5313970306426471,17825.7185,0.8624830466160452
8011,URY,2013,Uruguay,20207.959,22878.401,17097.882,0.7473372811325407,False,0.4619727052190301,0.5380272947809699,19988.1415,0.8554012888091672
8014,URY,2014,Uruguay,22932.928,26028.022,19350.741,0.7434579930814567,False,0.4635260969247814,0.5364739030752186,22689.381500000003,0.8528544949539502
8017,URY,2015,Uruguay,25231.879,28543.287,21439.278,0.7511145440257108,False,0.466132292343661,0.533867707656339,24991.2825,0.8578702593594385
8020,URY,2016,Uruguay,25950.029,28816.815,22750.726,0.7894948140521428,False,0.47259214297713076,0.5274078570228693,25783.7705,0.8823661380324496
8023,URY,2017,Uruguay,30239.285,33889.982,26169.86,0.7722004691533917,False,0.4728807394494546,0.5271192605505455,30029.921000000002,0.8714595020080139
8026,URY,2018,Uruguay,32084.575,35596.476,28200.875,0.7922378327562537,False,0.47486350331771554,0.5251364966822845,31898.6755,0.8840766758481868
8029,URY,2019,Uruguay,34682.006,38530.088,30401.395,0.7890299913148394,True,0.4733949233905132,0.5266050766094867,34465.741500000004,0.882075756298468
8032,URY,2020,Uruguay,36970.875,40527.977,33062.334,0.815790385984477,True,0.47646291150005443,0.5235370884999455,36795.1555,0.8985512780344141
8045,USA,1979,United States of America,1043.53,1264.36,788.06,0.6232876712328768,False,0.4636363636363635,0.5363636363636365,1026.21,0.7679324894514767
8046,USA,1980,United States of America,1134.46,1355.29,870.33,0.6421725239616614,False,0.4553571428571428,0.5446428571428572,1112.81,0.7821011673151752
8047,USA,1981,United States of America,1229.72,1472.2,948.27,0.6441176470588235,False,0.46280991735537186,0.5371900826446281,1210.2350000000001,0.7835420393559928
8048,USA,1982,United States of America,1307.66,1576.12,1034.87,0.6565934065934066,False,0.49599999999999966,0.5040000000000003,1305.495,0.7927031509121061
8049,USA,1983,United States of America,1355.29,1641.07,1091.16,0.6649076517150396,False,0.5196850393700788,0.4803149606299212,1366.115,0.7987321711568939
8050,USA,1984,United States of America,1411.58,1697.36,1147.45,0.6760204081632654,False,0.5196850393700788,0.4803149606299212,1422.405,0.8066971080669711
8051,USA,1985,United States of America,1489.52,1762.31,1199.41,0.6805896805896806,False,0.48461538461538467,0.5153846153846153,1480.8600000000001,0.8099415204678363
8052,USA,1986,United States of America,1554.47,1814.27,1260.03,0.6945107398568019,False,0.4687499999999999,0.5312500000000001,1537.15,0.8197183098591548
8053,USA,1987,United States of America,1619.42,1879.22,1311.99,0.6981566820276498,False,0.45801526717557245,0.5419847328244276,1595.605,0.8222523744911805
8054,USA,1988,United States of America,1667.05,1944.17,1363.95,0.7015590200445434,False,0.4776119402985076,0.5223880597014924,1654.06,0.824607329842932
8055,USA,1989,United States of America,1727.67,2026.44,1420.24,0.7008547008547008,False,0.49285714285714277,0.5071428571428572,1723.3400000000001,0.8241206030150753
8056,USA,1990,United States of America,1783.96,2082.73,1498.18,0.7193347193347194,False,0.5111111111111111,0.48888888888888893,1790.455,0.8367593712212819
8059,USA,1991,United States of America,1844.58,2134.69,1584.78,0.742393509127789,False,0.5275590551181104,0.4724409448818896,1859.7350000000001,0.8521536670547147
8062,USA,1992,United States of America,1905.2,2169.33,1645.4,0.7584830339321358,False,0.5041322314049587,0.49586776859504134,1907.365,0.862656072644722
8065,USA,1993,United States of America,1987.47,2208.3,1701.69,0.7705882352941176,False,0.43589743589743607,0.5641025641025639,1954.9950000000001,0.8704318936877076
8068,USA,1994,United States of America,2070.286,2435.497,1670.101,0.6857331378359326,True,0.4771530031513098,0.5228469968486902,2052.799,0.8135725903997421
8071,USA,1995,United States of America,2123.614,2504.044,1705.961,0.6812823576582521,False,0.4766797438361673,0.5233202561638327,2105.0025,0.8104318165892914
8074,USA,1996,United States of America,2184.764,2567.891,1767.721,0.6883940946091559,False,0.47880700351175365,0.5211929964882464,2167.806,0.8154424335018908
8077,USA,1997,United States of America,2265.625,2653.265,1843.493,0.6948016877319076,False,0.47870264716488087,0.5212973528351191,2248.379,0.819920929700909
8080,USA,1998,United States of America,2408.575,2835.096,1943.803,0.6856215803627108,False,0.47854184875231853,0.5214581512476815,2389.4495,0.813494070496154
8083,USA,1999,United States of America,2509.195,2958.058,2025.381,0.6846995562629266,False,0.4812630739259142,0.5187369260740857,2491.7195,0.8128447042293484
8086,USA,2000,United States of America,2629.435,3084.971,2136.56,0.6925705298364231,False,0.4803149689322457,0.5196850310677543,2610.7655,0.8183653415061598
8089,USA,2001,United States of America,2741.631,3206.419,2237.571,0.697841111844709,False,0.47973263091836904,0.520267369081631,2721.995,0.8220334717734603
8092,USA,2002,United States of America,2806.444,3273.789,2304.232,0.7038425506347538,False,0.4820191076955766,0.5179808923044233,2789.0105000000003,0.8261826192479375
8095,USA,2003,United States of America,2869.141,3343.239,2367.151,0.7080412139245803,False,0.48571235380416505,0.514287646195835,2855.1949999999997,0.8290680671547828
8098,USA,2004,United States of America,2946.492,3423.804,2432.472,0.7104588930908429,False,0.48148551645664617,0.5185144835433538,2928.138,0.8307231421469891
8101,USA,2005,United States of America,3029.409,3500.794,2522.853,0.7206516578810408,False,0.4820178313415634,0.5179821686584366,3011.8235,0.8376496829910518
8104,USA,2006,United States of America,3130.431,3607.771,2612.911,0.7242452472731777,False,0.47980620388798434,0.5201937961120157,3110.3410000000003,0.8400721978715516
8107,USA,2007,United States of America,3223.712,3719.68,2690.616,0.7233460942876807,False,0.48196030567583736,0.5180396943241626,3205.148,0.839467007451762
8110,USA,2008,United States of America,3339.885,3846.64,2801.012,0.7281710791755923,False,0.48464176552272875,0.5153582344772712,3323.826,0.84270716938853
8113,USA,2009,United States of America,3354.7,3864.375,2826.424,0.7314052078279153,False,0.4910395577440555,0.5089604422559445,3345.3995,0.8448689013076017
8116,USA,2010,United States of America,3389.019,3879.561,2877.925,0.7418171798303984,False,0.48974078407725,0.5102592159227499,3378.7430000000004,0.8517738697497856
8119,USA,2011,United States of America,3433.603,3907.668,2930.882,0.7500335238305813,False,0.48533148509499524,0.5146685149050048,3419.275,0.8571647498373193
8122,USA,2012,United States of America,3512.329,4020.948,2972.726,0.7393097349182333,False,0.4852206879840337,0.5147793120159663,3496.837,0.8501185499924646
8125,USA,2013,United States of America,3578.783,4066.922,3057.458,0.7517867320789531,False,0.48356256389529506,0.5164374361047049,3562.19,0.8583085124600316
8128,USA,2014,United States of America,3623.504,4109.564,3102.754,0.7550080738491965,False,0.4827723204974128,0.5172276795025872,3606.159,0.8604041030914055
8131,USA,2015,United States of America,3728.372,4233.861,3186.491,0.7526205985505902,False,0.4826269608638782,0.5173730391361218,3710.176,0.8588517094606832
8134,USA,2016,United States of America,3834.601,4345.897,3284.471,0.7557636547759876,False,0.48170668515751436,0.5182933148424856,3815.184,0.8608945204215576
8137,USA,2017,United States of America,3955.181,4472.514,3399.849,0.7601650883597011,False,0.48228757347354495,0.517712426526455,3936.1815,0.8637429447803665
8140,USA,2018,United States of America,4088.47,4617.719,3520.995,0.7624965919320773,False,0.48257264361863167,0.5174273563813683,4069.357,0.8652460327270377
8143,USA,2019,United States of America,4233.085,4776.756,3653.084,0.7647625292143873,False,0.48383425056422164,0.5161657494357783,4214.92,0.8667030453721541
8146,USA,2020,United States of America,4502.189,5036.621,3924.999,0.779292108737187,True,0.48076774299177205,0.519232257008228,4480.8099999999995,0.8759574719749331
8149,USA,2021,United States of America,4600.127,5119.595,4043.957,0.7898978337153622,False,0.4829394275769354,0.5170605724230646,4581.776,0.8826177883859884
8152,USA,2022,United States of America,4844.618,5373.68,4276.698,0.7958601926426583,False,0.4822886793037624,0.5177113206962376,4825.189,0.8863275614696129
8155,USA,2023,United States of America,5334.394,5981.712,4641.108,0.7758828910519262,False,0.4828554890183828,0.5171445109816172,5311.41,0.8737996125322655
8158,USA,2024,United States of America,5985.292,6819.002,5093.697,0.7469857025998818,False,0.4832247051970521,0.5167752948029479,5956.3495,0.8551709398516658
8195,UZB,2019,Uzbekistan,2324614.663,2846747.265,1816538.474,0.6381102025929232,False,0.5068221185466469,0.49317788145335306,2331642.8695,0.7790809209085868
8198,UZB,2020,Uzbekistan,2673284.531,3260607.831,2071272.956,0.6352413609228065,False,0.49382500450094,0.50617499549906,2665940.3935,0.7769389597194684
8201,UZB,2021,Uzbekistan,3214812.9,3931005.2,2530544.3,0.6437397488052164,False,0.511397569185973,0.488602430814027,3230774.75,0.7832623738315398
8204,UZB,2022,Uzbekistan,3882157.089,4681257.369,3090347.185,0.6601532326474401,False,0.5022912594542797,0.49770874054572034,3885802.277,0.7952919280766586
8208,VEN,2005,Venezuela (Bolivarian Republic of),497686.743,514031.715,472973.619,0.9201253642491689,True,0.3980937645038387,0.6019062354961613,493502.667,0.9584013433507949
8209,VEN,2006,Venezuela (Bolivarian Republic of),648131.893,671236.754,613236.796,0.9135923984281707,False,0.3983599608813497,0.6016400391186503,642236.7749999999,0.9548453465624108
8210,VEN,2007,Venezuela (Bolivarian Republic of),837002.257,863184.829,797267.737,0.9236350202350463,False,0.39720459755718623,0.6027954024428137,830226.283,0.9603017313774923
8211,VEN,2008,Venezuela (Bolivarian Republic of),1108.846,1146.586,1053.102,0.9184675200987977,False,0.40370544692139876,0.5962945530786012,1099.844,0.9575012456311986
8212,VEN,2009,Venezuela (Bolivarian Republic of),1406.835,1450.399,1343.953,0.9266091606516552,False,0.40925915487665,0.59074084512335,1397.176,0.9619067318648474
8213,VEN,2010,Venezuela (Bolivarian Republic of),1775.419,1826.494,1703.466,0.9326425381085293,False,0.41514939688526037,0.5848506031147396,1764.98,0.9651474804247073
8214,VEN,2011,Venezuela (Bolivarian Republic of),2189.308,2259.061,2092.798,0.9264017217773224,False,0.4195341116183396,0.5804658883816605,2175.9295,0.9617949478602131
8215,VEN,2012,Venezuela (Bolivarian Republic of),2796.853,2880.327,2681.73,0.9310505369702814,False,0.42031853451965573,0.5796814654803443,2781.0285000000003,0.9642943249233151
8216,VEN,2016,Venezuela (Bolivarian Republic of),22498.639,24019.358,20602.149,0.857731043435882,False,0.44501784936186267,0.5549821506381374,22310.7535,0.9234178935283384
8217,VEN,2017,Venezuela (Bolivarian Republic of),271673.027,286779.555,253862.255,0.8852174102857507,False,0.4589236662788259,0.5410763337211741,270320.905,0.9391144018254896
8218,VEN,2020,Venezuela (Bolivarian Republic of),2942239.0,2856071.0,3045285.0,1.0662497535950612,False,0.45539970615282166,0.5446002938471783,2950678.0,1.0320628004817876
8219,VNM,2007,Viet Nam,1433693.091,1503428.257,1330746.417,0.8851412834659791,True,0.4038361300759821,0.5961638699240179,1417087.3369999998,0.9390715605554805
8222,VNM,2009,Viet Nam,2267609.523,2412767.342,2049465.255,0.8494251473501583,False,0.39955129407225237,0.6004487059277477,2231116.2985,0.9185828889233045
8225,VNM,2010,Viet Nam,2506385.597,2662421.597,2275215.157,0.854566068560929,False,0.4029788347528518,0.5970211652471482,2468818.3770000003,0.9215806145143579
8228,VNM,2011,Viet Nam,3112675.586,3281775.783,2859999.769,0.8714793325659689,False,0.4009241668256643,0.5990758331743358,3070887.7759999996,0.9313266969089007
8231,VNM,2012,Viet Nam,3739062.14,3904950.343,3496515.909,0.8954059851920632,False,0.406156262035438,0.593843737964562,3700733.126,0.9448170916283467
8234,VNM,2013,Viet Nam,4092625.834,4251682.179,3864594.731,0.9089566360552748,False,0.4109054577248911,0.5890945422751088,4058138.455,0.9523072644893286
8237,VNM,2014,Viet Nam,4461659.196,4630885.978,4226618.71,0.9127019602899841,False,0.418601245748146,0.5813987542518539,4428752.3440000005,0.9543587858838285
8240,VNM,2015,Viet Nam,5101539.736,5266903.76,4875390.561,0.925665397197233,False,0.422371517543653,0.577628482456347,5071147.160499999,0.961397965134047
8243,VNM,2016,Viet Nam,5456969.19,5645131.133,5198377.34,0.9208603338922648,False,0.42117592720695657,0.5788240727930434,5421754.236500001,0.9587998852850621
8246,VNM,2017,Viet Nam,5360535.587,5607129.017,5025872.509,0.896336163081371,False,0.42424201123955335,0.5757579887604467,5316500.763,0.9453346727564458
8249,VNM,2018,Viet Nam,5761241.246,6053932.904,5369908.521,0.8870115685378597,False,0.4278965271914871,0.5721034728085129,5711920.7125,0.9401230849105557
8252,VNM,2019,Viet Nam,6645391.302,6985144.509,6199087.026,0.8874672554036348,False,0.43222437843009437,0.5677756215699057,6592115.7675,0.9403789685494172
8255,VNM,2020,Viet Nam,6873959.591,7231166.152,6402883.754,0.8854565943321724,False,0.4312618037791499,0.5687381962208501,6817024.953,0.9392489829720005
8258,VNM,2021,Viet Nam,6746287.841,7130422.746,6244639.92,0.8757741500674832,False,0.43366714021163477,0.5663328597883652,6687531.333000001,0.9337735569455162
8261,VNM,2022,Viet Nam,7460916.469,7855421.412,6957712.391,0.8857210868880118,False,0.4394574787279542,0.5605425212720458,7406566.9015,0.9393977646500301
8264,VNM,2023,Viet Nam,7853534.469,8296433.136,7292601.177,0.8790043935092832,False,0.4412079761250164,0.5587920238749836,7794517.1565000005,0.9356065334872676
8267,VUT,2010,Vanuatu,40547.152,44400.963,34100.786,0.7680190630099621,False,0.37414997819940377,0.6258500218005962,39250.874500000005,0.8687904775217172
8270,WLF,2019,Wallis and Futuna,234174.38,226642.27,241904.806,1.067341965821292,False,0.4935031766673641,0.5064968233326359,234273.538,1.0325741783094597
8271,WSM,2012,Samoa,1332.253,1360.752,1282.743,0.9426721401107623,True,0.3653296414516276,0.6346703585483724,1321.7475,0.9704902033103903
8274,WSM,2017,Samoa,1278.16,1229.607,1358.212,1.1045903284545386,True,0.37753586563508496,0.6224641343649151,1293.9095,1.0496962886507906
8277,WSM,2022,Samoa,1648.438,1631.673,1672.814,1.0252139981479134,True,0.4075010330327427,0.5924989669672573,1652.2435,1.0124500414133872
8280,YEM,2010,Yemen,35890.0,36243.0,30494.0,0.8413762657616644,False,0.061401982953557144,0.9385980170464429,33368.5,0.9138558820444431
8283,YEM,2014,Yemen,61426.083,62063.999,47830.673,0.7706669529947627,True,0.04481847742404022,0.9551815225759598,54947.336,0.8704821103610919
8298,ZAF,2000,South Africa,29968.087,26149.607,36235.665,1.385705911373735,True,0.3785899307737472,0.6214100692262527,31192.636,1.1616737040114213
8301,ZAF,2001,South Africa,2384.23,2433.787,2289.104,0.9405523162051568,False,0.3425212360816391,0.6574787639183609,2361.4455,0.9693655856127105
8304,ZAF,2002,South Africa,2426.503,2426.634,2426.245,0.9998396956442545,False,0.3367609254493997,0.6632390745506003,2426.4395,0.9999198413972407
8307,ZAF,2003,South Africa,2556.123,2568.272,2532.316,0.9859999252415631,False,0.33788519301367903,0.662114806986321,2550.294,0.9929506166739991
8310,ZAF,2004,South Africa,2648.971,2704.145,2541.348,0.9397972372043659,False,0.33891287922996105,0.661087120770039,2622.7465,0.968964404299081
8313,ZAF,2005,South Africa,2907.479,2955.267,2816.281,0.9529700700478163,False,0.34383319183227123,0.6561668081677288,2885.774,0.9759187656413842
8316,ZAF,2006,South Africa,3254.761,3397.68,2992.378,0.8807121329848604,False,0.3526234758279011,0.6473765241720989,3195.029,0.936573032670439
8319,ZAF,2007,South Africa,3720.19,3783.26,3610.391,0.9543068676221037,False,0.36484274219206514,0.6351572578079349,3696.8255,0.9766192642849927
8325,ZAF,2011,South Africa,6032.0,6671.0,5230.0,0.7839904062359466,False,0.44344205412907706,0.5565579458709229,5950.5,0.8789177380052097
8328,ZAF,2012,South Africa,6744.0,7373.0,5973.0,0.81011799810118,False,0.4492857142857143,0.5507142857142857,6673.0,0.895099655327439
8331,ZAF,2013,South Africa,8193.931,9051.517,7156.605,0.7906525502852173,False,0.45257299547419577,0.5474270045258043,8104.061,0.8830887378562426
8334,ZAF,2015,South Africa,3100.0,3500.0,2700.0,0.7714285714285715,False,0.5,0.5,3100.0,0.8709677419354839
8337,ZAF,2016,South Africa,3300.0,3700.0,2900.0,0.7837837837837838,False,0.5,0.5,3300.0,0.8787878787878788
8340,ZAF,2017,South Africa,3500.0,4000.0,3000.0,0.75,False,0.5,0.5,3500.0,0.8571428571428571
8343,ZAF,2018,South Africa,3500.0,4000.0,3033.0,0.75825,False,0.5170630816959669,0.48293691830403307,3516.5,0.8625053320062562
8346,ZAF,2019,South Africa,3800.0,4000.0,3466.0,0.8665,False,0.37453183520599254,0.6254681647940075,3733.0,0.9284757567639967
8349,ZAF,2020,South Africa,7980.252,9550.564,6145.871,0.6435086974968179,False,0.4612198515402122,0.5387801484597878,7848.217500000001,0.7830913197805743
8352,ZMB,2017,Zambia,3928.305,3855.419,4105.979,1.064989045289241,True,0.29089240102171077,0.7091075989782892,3980.699,1.031471859590489
8355,ZMB,2018,Zambia,2834.383,2876.858,2726.051,0.9475792687716946,True,0.2816513822302698,0.7183486177697302,2801.4545,0.9730841603888266
8358,ZMB,2019,Zambia,2947.291,3132.012,2530.794,0.8080409653602859,False,0.30724462674104885,0.6927553732589511,2831.4030000000002,0.8938303731401004
8361,ZMB,2020,Zambia,2994.624,3094.528,2780.414,0.898493728284249,False,0.3180501346644853,0.6819498653355147,2937.471,0.9465332593921779
8364,ZMB,2021,Zambia,3205.514,3328.464,2924.821,0.8787299487090742,False,0.3046008477788536,0.6953991522211465,3126.6425,0.9354510469297337
8367,ZMB,2022,Zambia,3445.361,3535.564,3245.492,0.9179559470568205,False,0.31096762183182136,0.6890323781681786,3390.5280000000002,0.9572231817581215
8370,ZMB,2023,Zambia,3239.976,3257.913,3203.494,0.9832963618119944,False,0.3296091438651931,0.6703908561348069,3230.7035,0.9915778405539227
8404,ZWE,2011,Zimbabwe,230.593,243.205,204.576,0.8411669167985855,True,0.3264904605348318,0.6735095394651682,223.8905,0.9137323825709442
8405,ZWE,2014,Zimbabwe,316.93,334.515,283.74,0.8482130846150397,False,0.34633185622845863,0.6536681437715414,309.1275,0.9178736928937089
8407,ZWE,2021,Zimbabwe,13935.047,13633.437,14481.879,1.0622324363254843,False,0.35548688065890216,0.6445131193410978,14057.658,1.0301772172861228
8410,ZWE,2022,Zimbabwe,30320.301,31907.583,27635.835,0.8661212289254251,False,0.37157669413083344,0.6284233058691666,29771.709,0.9282582669338868
8413,ZWE,2023,Zimbabwe,406978.727,420431.18,385130.787,0.9160376425934919,False,0.38108507743808934,0.6189149225619106,402780.9835,0.9561791712542458
