,ISO,year,country,T,M,F,ratio,break,currency
0,ABW,2010,Aruba,3013.0,3338.0,2713.0,0.8127621330137808,False,Local
1,ABW,2010,Aruba,1860.382,2061.054,1675.147,0.8127623051118504,False,PPP
2,ABW,2010,Aruba,1683.24,1864.804,1515.642,0.8127620918874048,False,USD
3,AFG,2020,Afghanistan,13202.245,13439.387,10843.294,0.8068295079232408,True,Local
4,AFG,2020,Afghanistan,836.263,851.284,686.841,0.8068294482217451,True,PPP
5,AFG,2020,Afghanistan,171.874,174.961,141.164,0.8068312366756019,True,USD
6,AGO,2021,Angola,90678.796,99293.136,69497.802,0.6999255416809476,False,Local
7,AGO,2021,Angola,445.183,487.475,341.196,0.699925124365352,False,PPP
8,AGO,2021,Angola,143.606,157.248,110.062,0.6999262311762312,False,USD
9,ALB,2015,Albania,46829.0,48358.0,45033.0,0.9312419868480913,False,Local
10,ALB,2015,Albania,891.556,920.666,857.362,0.9312410798269947,False,PPP
11,ALB,2015,Albania,371.772,383.91,357.514,0.9312443020499596,False,USD
12,ALB,2016,Albania,47522.434,50083.853,44354.206,0.8855989174794519,False,Local
13,ALB,2016,Albania,898.585,947.018,838.678,0.8855987953766454,False,PPP
14,ALB,2016,Albania,382.806,403.438,357.285,0.8856007614552919,False,USD
15,ALB,2017,Albania,48966.821,51392.033,46017.64,0.895423615563136,False,Local
16,ALB,2017,Albania,928.01,973.972,872.117,0.8954230717104804,False,PPP
17,ALB,2017,Albania,411.14,431.503,386.378,0.8954236702873445,False,USD
18,ALB,2018,Albania,50589.0,53181.0,47490.0,0.8929880972527783,False,Local
19,ALB,2018,Albania,961.066,1010.308,902.193,0.8929880788828753,False,PPP
20,ALB,2018,Albania,468.464,492.466,439.766,0.8929875361953922,False,USD
21,ALB,2019,Albania,52380.0,54940.0,49411.0,0.8993629413906079,False,Local
22,ALB,2019,Albania,1026.797,1076.98,968.596,0.8993630336682203,False,PPP
23,ALB,2019,Albania,476.828,500.133,449.801,0.8993627695033122,False,USD
24,ALB,2020,Albania,53662.0,55317.0,51679.0,0.9342335990744256,False,Local
25,ALB,2020,Albania,1039.429,1071.486,1001.019,0.9342343250401778,False,PPP
26,ALB,2020,Albania,493.898,509.13,475.647,0.9342348712509575,False,USD
27,ALB,2022,Albania,61898.0,63773.0,59813.0,0.9379047559311935,False,Local
28,ALB,2022,Albania,1257.75,1295.85,1215.383,0.9379040784041364,False,PPP
29,ALB,2022,Albania,547.568,564.155,529.124,0.937905362887859,False,USD
30,ANT,1983,Netherlands Antilles,1761.0,1931.0,1397.0,0.7234593474883481,False,Local
31,ANT,1984,Netherlands Antilles,1780.0,2076.0,1432.0,0.6897880539499036,True,Local
32,ANT,1985,Netherlands Antilles,1863.0,2099.0,1501.0,0.7151024297284421,False,Local
33,ANT,1986,Netherlands Antilles,1664.0,1936.0,1251.0,0.6461776859504132,False,Local
34,ARE,2009,United Arab Emirates,7450.614,7917.571,5550.968,0.7010948180950951,False,Local
35,ARE,2009,United Arab Emirates,3017.269,3206.372,2247.971,0.7010948823155891,False,PPP
36,ARE,2009,United Arab Emirates,2028.758,2155.908,1511.496,0.7010948519139036,False,USD
37,ARG,2004,Argentina,685.086,797.288,546.02,0.6848466300759575,True,Local
38,ARG,2005,Argentina,816.306,953.885,644.352,0.6755028121838587,False,Local
39,ARG,2006,Argentina,1026.552,1185.819,827.057,0.6974563571674935,False,Local
40,ARG,2008,Argentina,1636.195,1862.376,1348.002,0.7238076521604659,False,Local
41,ARG,2009,Argentina,1968.266,2201.785,1676.452,0.7614058593368562,False,Local
42,ARG,2010,Argentina,2418.527,2708.707,2047.072,0.7557377006815429,False,Local
43,ARG,2011,Argentina,3150.631,3542.718,2643.812,0.7462665670821104,False,Local
44,ARG,2011,Argentina,996.668,1120.701,836.342,0.746266845483318,False,PPP
45,ARG,2011,Argentina,766.551,861.946,643.242,0.7462671675487791,False,USD
46,ARG,2012,Argentina,3925.666,4410.081,3304.936,0.7494048295258069,False,Local
47,ARG,2012,Argentina,1066.904,1198.557,898.204,0.7494044922352462,False,PPP
48,ARG,2012,Argentina,865.268,972.04,728.451,0.7494043455001852,False,USD
49,ARG,2013,Argentina,4981.156,5594.005,4198.434,0.7505238196962641,False,Local
50,ARG,2013,Argentina,1082.78,1215.998,912.636,0.7505242607306919,False,PPP
51,ARG,2013,Argentina,912.408,1024.665,769.035,0.7505233417751167,False,USD
52,ARG,2014,Argentina,6460.093,7254.33,5446.116,0.7507400407756472,False,Local
53,ARG,2014,Argentina,1003.112,1126.44,845.664,0.7507403856397145,False,PPP
54,ARG,2014,Argentina,799.984,898.338,674.418,0.7507396993113951,False,USD
55,ARG,2017,Argentina,14490.073,16382.998,12258.414,0.7482399741488097,False,Local
56,ARG,2017,Argentina,1307.518,1478.327,1106.143,0.7482397331578197,False,PPP
57,ARG,2017,Argentina,874.861,989.15,740.121,0.7482393974624678,False,USD
58,ARG,2018,Argentina,18457.024,20937.729,15579.87,0.7441050555196317,False,Local
59,ARG,2018,Argentina,1262.229,1431.878,1065.468,0.7441052938867698,False,PPP
60,ARG,2018,Argentina,656.951,745.248,554.543,0.7441053179612692,False,USD
61,ARG,2019,Argentina,25562.726,28726.973,21861.66,0.7610150919834122,False,Local
62,ARG,2019,Argentina,1153.437,1296.214,986.438,0.7610147707091576,False,PPP
63,ARG,2019,Argentina,530.921,596.64,454.052,0.7610150174309467,False,USD
64,ARG,2020,Argentina,36282.026,40458.771,31428.096,0.7767931457927875,False,Local
65,ARG,2020,Argentina,1209.431,1348.66,1047.63,0.7767932614595228,False,PPP
66,ARG,2020,Argentina,514.353,573.565,445.541,0.7767925169771516,False,USD
67,ARG,2021,Argentina,51752.749,58629.244,43757.025,0.7463344572548131,False,Local
68,ARG,2021,Argentina,1203.938,1363.907,1017.931,0.7463346107909118,False,PPP
69,ARG,2021,Argentina,544.819,617.21,460.645,0.7463343108504398,False,USD
70,ARG,2022,Argentina,83060.662,93993.388,70482.564,0.7498672566202209,False,Local
71,ARG,2022,Argentina,1210.281,1369.582,1027.005,0.7498674778143989,False,PPP
72,ARG,2022,Argentina,635.912,719.613,539.614,0.749866942370413,False,USD
73,ARG,2023,Argentina,190754.004,214733.502,163516.913,0.7614876648358299,False,Local
74,ARG,2023,Argentina,1239.416,1395.222,1062.444,0.7614874192064058,False,PPP
75,ARG,2023,Argentina,643.878,724.819,551.941,0.7614880404625155,False,USD
76,ARM,2010,Armenia,79081.411,92118.674,59741.188,0.6485241852265481,False,Local
77,ARM,2010,Armenia,498.258,580.4,376.403,0.6485234321157822,False,PPP
78,ARM,2010,Armenia,211.64,246.53,159.881,0.6485255344177179,False,USD
79,ARM,2011,Armenia,82681.486,97430.606,64292.79,0.6598828914191501,False,Local
80,ARM,2011,Armenia,499.197,588.246,388.173,0.6598820901459593,False,PPP
81,ARM,2011,Armenia,221.963,261.558,172.598,0.6598842321779491,False,USD
82,ARM,2012,Armenia,88760.389,105034.109,69123.535,0.6581055969161409,False,Local
83,ARM,2012,Armenia,561.503,664.452,437.279,0.6581047238927717,False,PPP
84,ARM,2012,Armenia,220.927,261.432,172.05,0.6581061231983842,False,USD
85,ARM,2014,Armenia,95690.029,114809.237,74654.281,0.6502462950781566,True,Local
86,ARM,2014,Armenia,521.183,625.317,406.61,0.6502461951298302,True,PPP
87,ARM,2014,Armenia,230.068,276.037,179.492,0.6502461626521082,True,USD
88,ARM,2015,Armenia,100331.238,119184.393,79546.827,0.667426539647687,False,Local
89,ARM,2015,Armenia,541.718,643.511,429.497,0.6674275964202633,False,PPP
90,ARM,2015,Armenia,209.934,249.382,166.444,0.6674258767673689,False,USD
91,ARM,2016,Armenia,99931.079,119163.433,79541.311,0.6674976458591957,False,Local
92,ARM,2016,Armenia,577.538,688.689,459.698,0.6674972302447113,False,PPP
93,ARM,2016,Armenia,207.978,248.005,165.543,0.6674986391403399,False,USD
94,ARM,2017,Armenia,103505.383,122056.875,84423.741,0.6916754259028833,False,Local
95,ARM,2017,Armenia,621.732,733.167,507.113,0.6916746116505517,False,PPP
96,ARM,2017,Armenia,214.423,252.854,174.893,0.6916758287391143,False,USD
97,ARM,2020,Armenia,125733.844,151655.781,100066.646,0.6598274417247569,False,Local
98,ARM,2020,Armenia,793.885,957.557,631.822,0.6598270390169985,False,PPP
99,ARM,2020,Armenia,257.12,310.129,204.632,0.6598286519480603,False,USD
100,ARM,2021,Armenia,130559.108,158052.93,104116.368,0.6587436752991546,False,Local
101,ARM,2021,Armenia,794.994,962.408,633.98,0.658743485091562,False,PPP
102,ARM,2021,Armenia,259.164,313.74,206.674,0.6587429081404985,False,USD
103,ATG,2018,Antigua and Barbuda,2672.81,2871.245,2481.99,0.8644298901695954,False,Local
104,ATG,2018,Antigua and Barbuda,1128.264,1212.028,1047.714,0.8644305247073499,False,PPP
105,ATG,2018,Antigua and Barbuda,989.93,1063.424,919.256,0.8644303683196919,False,USD
106,ATG,2023,Antigua and Barbuda,2840.209,3009.74,2682.598,0.8913055612777184,False,Local
107,ATG,2023,Antigua and Barbuda,1319.621,1398.389,1246.392,0.8913056381307348,False,PPP
108,ATG,2023,Antigua and Barbuda,1051.929,1114.718,993.555,0.8913061420018336,False,USD
109,AUS,1972,Australia,,98.7,67.297,0.6818338399189463,False,Local
110,AUS,1973,Australia,,115.056,81.12,0.7050479766374635,False,Local
111,AUS,1974,Australia,,147.854,110.11,0.7447211438310766,False,Local
112,AUS,1975,Australia,,164.43,130.176,0.7916803503010399,False,Local
113,AUS,1976,Australia,,187.627,150.912,0.8043192077899236,False,Local
114,AUS,1977,Australia,,207.977,169.344,0.8142438827370334,False,Local
115,AUS,1978,Australia,,221.676,181.45,0.8185369638571609,False,Local
116,AUS,1979,Australia,,242.537,196.474,0.8100784622552435,False,Local
117,AUS,1982,Australia,332.985,356.4,282.298,0.7920819304152638,True,Local
118,AUS,1984,Australia,379.764,405.015,329.284,0.8130168018468452,False,Local
119,AUS,1990,Australia,536.106,573.24,473.298,0.8256541762612518,False,Local
120,AUS,1990,Australia,386.765,413.555,341.453,0.8256531779328021,False,PPP
121,AUS,1990,Australia,418.487,447.474,369.459,0.8256546749084863,False,USD
122,AUS,1992,Australia,577.604,609.834,524.02,0.8592830180016202,False,Local
123,AUS,1992,Australia,418.707,442.07,379.864,0.8592847286628814,False,PPP
124,AUS,1992,Australia,424.195,447.865,384.842,0.8592812566286715,False,USD
125,AUS,1993,Australia,600.661,638.232,540.148,0.8463192068088095,False,Local
126,AUS,1993,Australia,437.151,464.495,393.111,0.8463191207655626,False,PPP
127,AUS,1993,Australia,408.457,434.006,367.308,0.8463200969571849,False,USD
128,AUS,1994,Australia,622.839,659.308,562.304,0.8528699788262845,True,Local
129,AUS,1994,Australia,455.554,482.228,411.278,0.8528704264372869,True,PPP
130,AUS,1994,Australia,455.375,482.038,411.116,0.8528705205813649,True,USD
131,AUS,1995,Australia,655.956,697.754,586.752,0.8409152795971072,False,Local
132,AUS,1995,Australia,476.627,506.998,426.342,0.8409145598207488,False,PPP
133,AUS,1995,Australia,486.242,517.226,434.943,0.8409148032001484,False,USD
134,AUS,2002,Australia,2921.565,3496.167,2263.166,0.647327773530269,False,Local
135,AUS,2002,Australia,2052.454,2456.122,1589.916,0.6473277793204084,False,PPP
136,AUS,2002,Australia,1587.322,1899.51,1229.605,0.647327468662971,False,USD
137,AUS,2006,Australia,3519.786,4238.077,2743.214,0.6472779989603775,False,Local
138,AUS,2006,Australia,2353.316,2833.562,1834.103,0.6472782314274401,False,PPP
139,AUS,2006,Australia,2650.495,3191.387,2065.714,0.647277813690411,False,USD
140,AUS,2007,Australia,3718.602,4484.991,2891.355,0.6446735344619421,False,Local
141,AUS,2007,Australia,2472.577,2982.165,1922.523,0.6446735844596124,False,PPP
142,AUS,2007,Australia,3111.612,3752.903,2419.397,0.6446734701110047,False,USD
143,AUS,2009,Australia,4078.189,4909.567,3166.112,0.6448861987218018,False,Local
144,AUS,2009,Australia,2631.546,3168.012,2043.007,0.644886130481829,False,PPP
145,AUS,2009,Australia,3180.646,3829.051,2469.302,0.6448861610879563,False,USD
146,AUS,2010,Australia,4312.991,5179.684,3367.41,0.6501188103366923,False,Local
147,AUS,2010,Australia,2773.796,3331.188,2165.668,0.6501188164702802,False,PPP
148,AUS,2010,Australia,3956.294,4751.309,3088.915,0.6501187356999933,False,USD
149,AUS,2011,Australia,4425.492,5261.402,3485.516,0.662469052925437,False,Local
150,AUS,2011,Australia,2898.843,3446.391,2283.128,0.6624692323070714,False,PPP
151,AUS,2011,Australia,4564.889,5427.129,3595.306,0.6624692355755686,False,USD
152,AUS,2015,Australia,4836.662,5800.326,3825.256,0.6594898286751468,False,Local
153,AUS,2015,Australia,3129.602,3753.148,2475.163,0.6594898469231696,False,PPP
154,AUS,2015,Australia,3633.609,4357.575,2873.776,0.6594897391324303,False,USD
155,AUS,2016,Australia,5071.584,6044.317,4029.49,0.6666576223583243,False,Local
156,AUS,2016,Australia,3307.636,3942.042,2627.992,0.6666575343438756,False,PPP
157,AUS,2016,Australia,3770.095,4493.201,2995.427,0.666657690141171,False,USD
158,AUS,2017,Australia,5178.878,6186.172,4143.721,0.6698360472356734,False,Local
159,AUS,2017,Australia,3313.676,3958.187,2651.336,0.6698359627779081,False,PPP
160,AUS,2017,Australia,3969.225,4741.241,3175.854,0.6698360197256372,False,USD
161,AUS,2018,Australia,5323.882,6252.193,4374.256,0.6996354719056178,False,Local
162,AUS,2018,Australia,3414.148,4009.464,2805.163,0.6996354126137558,False,PPP
163,AUS,2018,Australia,3977.76,4671.351,3268.242,0.699635287521747,False,USD
164,AUS,2019,Australia,5518.336,6469.352,4570.332,0.7064590085684007,False,Local
165,AUS,2019,Australia,3525.53,4133.111,2919.874,0.7064591296967344,False,PPP
166,AUS,2019,Australia,3836.156,4497.27,3177.137,0.7064590295890618,False,USD
167,AUS,2020,Australia,5629.683,6639.977,4663.08,0.7022735169112785,False,Local
168,AUS,2020,Australia,3644.787,4298.874,3018.985,0.7022734325314025,False,PPP
169,AUS,2020,Australia,3874.296,4569.572,3209.089,0.7022734295465746,False,USD
170,AUS,2021,Australia,5905.537,6840.278,4945.179,0.7229500029092385,False,Local
171,AUS,2021,Australia,3925.805,4547.19,3287.391,0.7229499976908818,False,PPP
172,AUS,2021,Australia,4436.17,5138.336,3714.76,0.722949997820306,False,USD
173,AUT,2002,Austria,2162.43,2409.93,1719.69,0.7135850418891836,False,Local
174,AUT,2002,Austria,2371.379,2642.795,1885.859,0.7135850491619667,False,PPP
175,AUT,2002,Austria,2044.737,2278.767,1626.094,0.7135850220755348,False,USD
176,AUT,2004,Austria,2169.082,2551.872,1674.637,0.6562386357936448,False,Local
177,AUT,2004,Austria,2426.999,2855.305,1873.762,0.656238825624583,False,PPP
178,AUT,2004,Austria,2698.126,3174.279,2083.085,0.6562387868237165,False,USD
179,AUT,2005,Austria,2247.198,2625.727,1757.038,0.6691624833807932,False,Local
180,AUT,2005,Austria,2531.766,2958.229,1979.536,0.6691625293376544,False,PPP
181,AUT,2005,Austria,2795.717,3266.642,2185.914,0.6691623997977129,False,USD
182,AUT,2006,Austria,2251.217,2629.62,1762.951,0.6704204409762627,False,Local
183,AUT,2006,Austria,2564.067,2995.056,2007.946,0.6704201857995309,False,PPP
184,AUT,2006,Austria,2826.626,3301.748,2213.559,0.6704203349256213,False,USD
185,AUT,2007,Austria,2812.792,3303.052,2174.364,0.6582893638973895,False,Local
186,AUT,2007,Austria,3203.34,3761.671,2476.268,0.658289361297147,False,PPP
187,AUT,2007,Austria,3854.869,4526.76,2979.918,0.6582893725313469,False,USD
188,AUT,2008,Austria,3135.569,3687.83,2424.231,0.6573597481445729,False,Local
189,AUT,2008,Austria,3595.692,4228.993,2779.97,0.6573598017305774,False,PPP
190,AUT,2008,Austria,4611.656,5423.896,3565.452,0.6573599493795604,False,USD
191,AUT,2010,Austria,3374.459,3961.925,2639.167,0.666132498722212,False,Local
192,AUT,2010,Austria,3939.221,4625.008,3080.868,0.6661324693924854,False,PPP
193,AUT,2010,Austria,4473.577,5252.391,3498.788,0.6661324337811104,False,USD
194,AUT,2011,Austria,3335.132,3929.064,2617.402,0.66616425693244,False,Local
195,AUT,2011,Austria,3919.802,4617.853,3076.249,0.666164340874428,False,PPP
196,AUT,2011,Austria,4642.354,5469.081,3643.307,0.6661643884959831,False,USD
197,AUT,2012,Austria,3459.086,4098.008,2666.782,0.6507508038051659,False,Local
198,AUT,2012,Austria,4041.985,4788.573,3116.168,0.6507508604337868,False,PPP
199,AUT,2012,Austria,4444.195,5265.074,3426.251,0.6507507776718808,False,USD
200,AUT,2013,Austria,3581.594,4247.164,2741.539,0.6454987375104895,False,Local
201,AUT,2013,Austria,4236.532,5023.809,3242.863,0.6454988635117298,False,PPP
202,AUT,2013,Austria,4756.78,5640.735,3641.087,0.6454986805797471,False,USD
203,AUT,2014,Austria,3662.191,4279.898,2911.681,0.680315512192113,False,Local
204,AUT,2014,Austria,4330.904,5061.404,3443.352,0.6803155804199782,False,PPP
205,AUT,2014,Austria,4865.224,5685.848,3868.171,0.6803155835330104,False,USD
206,AUT,2016,Austria,3752.687,4453.071,2923.287,0.6564653920855966,False,Local
207,AUT,2016,Austria,4510.154,5351.908,3513.342,0.6564653204053582,False,PPP
208,AUT,2016,Austria,4153.861,4929.118,3235.795,0.6564653148900067,False,USD
209,AUT,2017,Austria,3796.298,4530.204,2935.816,0.6480538183269451,False,Local
210,AUT,2017,Austria,4532.996,5409.322,3505.532,0.6480538596149388,False,PPP
211,AUT,2017,Austria,4288.607,5117.686,3316.537,0.6480540228532974,False,USD
212,AUT,2019,Austria,3977.213,4688.37,3120.101,0.6654980302322556,False,Local
213,AUT,2019,Austria,4935.059,5817.486,3871.525,0.6654979487703108,False,PPP
214,AUT,2019,Austria,4452.389,5248.51,3492.873,0.665498017532595,False,USD
215,AUT,2020,Austria,4161.638,4817.824,3365.821,0.698618504951613,False,Local
216,AUT,2020,Austria,5307.237,6144.055,4292.351,0.698618583329739,False,PPP
217,AUT,2020,Austria,4753.406,5502.9,3844.428,0.6986185465845282,False,USD
218,AUT,2021,Austria,4275.853,4929.866,3504.904,0.7109531983222263,False,Local
219,AUT,2021,Austria,5688.123,6558.15,4662.538,0.7109532413866715,False,PPP
220,AUT,2021,Austria,5057.224,5830.751,4145.392,0.7109533574663023,False,USD
221,AUT,2022,Austria,4256.412,4991.843,3405.605,0.6822339965419586,False,Local
222,AUT,2022,Austria,5804.597,6807.526,4644.326,0.6822340450848077,False,PPP
223,AUT,2022,Austria,4482.209,5256.654,3586.268,0.6822339838231696,False,USD
224,AUT,2023,Austria,4490.404,5252.655,3604.806,0.6862826513448913,False,Local
225,AUT,2023,Austria,5843.0,6834.856,4690.642,0.6862824908088773,False,PPP
226,AUT,2023,Austria,4855.333,5679.531,3897.763,0.686282546921568,False,USD
227,AZE,2020,Azerbaijan,707.3,826.5,529.8,0.6410163339382939,False,Local
228,AZE,2020,Azerbaijan,1506.44,1760.318,1128.392,0.6410159982457715,False,PPP
229,AZE,2020,Azerbaijan,416.059,486.176,311.647,0.641016833410123,False,USD
230,AZE,2021,Azerbaijan,732.1,851.7,552.2,0.6483503581073148,False,Local
231,AZE,2021,Azerbaijan,1516.499,1764.244,1143.848,0.6483502281997274,False,PPP
232,AZE,2021,Azerbaijan,430.647,501.0,324.824,0.6483512974051896,False,USD
233,AZE,2022,Azerbaijan,839.4,962.7,655.3,0.6806897268100134,False,Local
234,AZE,2022,Azerbaijan,1649.431,1891.717,1287.672,0.6806895534585775,False,PPP
235,AZE,2022,Azerbaijan,493.765,566.294,385.471,0.6806905953444677,False,USD
236,BDI,2020,Burundi,433782.57,461968.172,382336.895,0.8276260534243038,False,Local
237,BDI,2020,Burundi,684.324,728.789,603.165,0.8276263774563007,False,PPP
238,BDI,2020,Burundi,226.513,241.231,199.649,0.8276258026538877,False,USD
239,BEL,1988,Belgium,76595.0,83529.0,53530.0,0.6408552718217625,False,Local
240,BEL,1989,Belgium,80822.0,88115.0,56565.0,0.6419451852692504,False,Local
241,BEL,1991,Belgium,91357.0,99609.0,63908.0,0.641588611470851,False,Local
242,BEL,1992,Belgium,95127.0,104038.0,67264.0,0.6465329975585844,False,Local
243,BEL,1993,Belgium,98362.0,107341.0,70286.0,0.6547917384783074,False,Local
244,BEL,1994,Belgium,101050.0,110089.0,72784.0,0.6611378066836832,False,Local
245,BEL,2004,Belgium,2591.253,2946.275,2156.208,0.7318420717685892,False,Local
246,BEL,2004,Belgium,2811.58,3196.788,2339.544,0.7318420864943186,False,PPP
247,BEL,2004,Belgium,3223.266,3664.879,2682.112,0.7318418970994677,False,USD
248,BEL,2005,Belgium,2603.602,2961.602,2176.717,0.7349795819965006,False,Local
249,BEL,2005,Belgium,2818.788,3206.377,2356.621,0.7349793863915566,False,PPP
250,BEL,2005,Belgium,3239.116,3684.5,2708.032,0.7349795087528838,False,USD
251,BEL,2006,Belgium,2685.664,3044.958,2250.535,0.739102148535382,False,Local
252,BEL,2006,Belgium,2912.101,3301.688,2440.284,0.7391019381601169,False,PPP
253,BEL,2006,Belgium,3372.117,3823.246,2825.769,0.7391020614420312,False,USD
254,BEL,2007,Belgium,3724.343,4323.064,3026.253,0.7000250285445693,False,Local
255,BEL,2007,Belgium,4023.698,4670.543,3269.497,0.7000250292096658,False,PPP
256,BEL,2007,Belgium,5104.13,5924.664,4147.413,0.7000250140767476,False,USD
257,BEL,2008,Belgium,3706.729,4291.548,3028.889,0.7057800588505594,False,Local
258,BEL,2008,Belgium,4042.507,4680.303,3303.265,0.7057801599597291,False,PPP
259,BEL,2008,Belgium,5451.691,6311.817,4454.755,0.7057801263883284,False,USD
260,BEL,2009,Belgium,3922.081,4506.495,3255.802,0.7224687922653859,False,Local
261,BEL,2009,Belgium,4341.083,4987.93,3603.623,0.7224686392952587,False,PPP
262,BEL,2009,Belgium,5470.45,6285.581,4541.135,0.7224686150731333,False,USD
263,BEL,2010,Belgium,4016.742,4588.527,3377.722,0.736123379027736,False,Local
264,BEL,2010,Belgium,4492.423,5131.92,3777.727,0.7361235171241952,False,PPP
265,BEL,2010,Belgium,5325.062,6083.086,4477.903,0.7361235728049875,False,USD
266,BEL,2011,Belgium,4118.507,4736.428,3454.75,0.7293998768692357,False,Local
267,BEL,2011,Belgium,4676.322,5377.935,3922.666,0.7294000392343901,False,PPP
268,BEL,2011,Belgium,5732.778,6592.896,4808.858,0.7293999480653116,False,USD
269,BEL,2012,Belgium,4252.609,4876.95,3561.894,0.7303527819641374,False,Local
270,BEL,2012,Belgium,4815.438,5522.41,4033.307,0.7303526902203928,False,PPP
271,BEL,2012,Belgium,5463.704,6265.851,4576.281,0.7303526687755583,False,USD
272,BEL,2013,Belgium,4422.129,5136.8,3676.079,0.7156359990655661,False,Local
273,BEL,2013,Belgium,5075.731,5896.032,4219.413,0.7156360413240632,False,PPP
274,BEL,2013,Belgium,5873.109,6822.276,4882.267,0.7156361015004377,False,USD
275,BEL,2014,Belgium,4527.225,5201.141,3822.849,0.7350019928319576,False,Local
276,BEL,2014,Belgium,5264.858,6048.577,4445.716,0.7350019682315362,False,PPP
277,BEL,2014,Belgium,6014.421,6909.72,5078.658,0.735001997186572,False,USD
278,BEL,2015,Belgium,4517.856,5166.255,3816.738,0.7387823481419326,False,Local
279,BEL,2015,Belgium,5220.884,5970.182,4410.665,0.738782335278891,False,PPP
280,BEL,2015,Belgium,5012.619,5732.027,4234.72,0.7387822841727717,False,USD
281,BEL,2016,Belgium,4566.641,5223.04,3859.319,0.7389028228770984,False,Local
282,BEL,2016,Belgium,5347.217,6115.814,4518.992,0.7389027854673147,False,PPP
283,BEL,2016,Belgium,5054.829,5781.399,4271.892,0.7389028157371598,False,USD
284,BEL,2017,Belgium,4655.451,5335.822,3949.001,0.7400923419109559,False,Local
285,BEL,2017,Belgium,5431.27,6225.023,4607.092,0.7400923659237885,False,PPP
286,BEL,2017,Belgium,5259.176,6027.778,4461.112,0.740092286079547,False,USD
287,BEL,2018,Belgium,4701.583,5397.234,3964.4,0.7345243878623754,False,Local
288,BEL,2018,Belgium,5556.231,6378.338,4685.044,0.7345242600815448,False,PPP
289,BEL,2018,Belgium,5552.355,6373.888,4681.776,0.7345243593862961,False,USD
290,BEL,2019,Belgium,4956.203,5671.977,4225.942,0.7450562652140514,False,Local
291,BEL,2019,Belgium,6059.758,6934.907,5166.895,0.7450561341341708,False,PPP
292,BEL,2019,Belgium,5548.343,6349.634,4730.834,0.7450561717415524,False,USD
293,BEL,2020,Belgium,5043.15,5732.087,4354.52,0.759674443182736,False,Local
294,BEL,2020,Belgium,6324.27,7188.219,5460.706,0.7596744061359288,False,PPP
295,BEL,2020,Belgium,5760.266,6547.168,4973.716,0.7596744118983965,False,USD
296,BEL,2021,Belgium,5185.728,5856.674,4516.035,0.7710920908351737,False,Local
297,BEL,2021,Belgium,6482.67,7321.419,5645.488,0.7710920519642436,False,PPP
298,BEL,2021,Belgium,6133.369,6926.924,5341.297,0.771092190415255,False,USD
299,BEL,2022,Belgium,5417.902,6043.09,4788.237,0.7923491127883252,False,Local
300,BEL,2022,Belgium,6841.347,7630.79,6046.25,0.7923491538883917,False,PPP
301,BEL,2022,Belgium,5705.315,6363.667,5042.246,0.792349128262054,False,USD
302,BEL,2023,Belgium,5843.968,6514.11,5166.568,0.7931349025423274,False,Local
303,BEL,2023,Belgium,7240.152,8070.397,6400.913,0.7931348358699082,False,PPP
304,BEL,2023,Belgium,6318.9,7043.503,5586.447,0.7931347512736205,False,USD
305,BEN,2011,Benin,78811.643,82861.776,65808.224,0.7941927771376757,False,Local
306,BEN,2011,Benin,349.633,367.601,291.946,0.794192616450989,False,PPP
307,BEN,2011,Benin,167.24,175.834,139.647,0.7941979366902874,False,USD
308,BFA,2018,Burkina Faso,107024.67,118306.464,83244.935,0.7036380953791332,False,Local
309,BFA,2018,Burkina Faso,546.202,603.779,424.842,0.7036382517444296,False,PPP
310,BFA,2018,Burkina Faso,192.682,212.994,149.87,0.7036348441740143,False,USD
311,BFA,2019,Burkina Faso,111405.428,121652.343,86797.572,0.7134886995148133,False,Local
312,BFA,2019,Burkina Faso,586.082,639.989,456.625,0.7134888255891898,False,PPP
313,BFA,2019,Burkina Faso,190.141,207.629,148.141,0.7134889634877594,False,USD
314,BFA,2022,Burkina Faso,84008.694,91954.585,64327.504,0.6995573303930412,False,Local
315,BFA,2022,Burkina Faso,412.392,451.397,315.778,0.6995571525730123,False,PPP
316,BFA,2022,Burkina Faso,134.681,147.42,103.129,0.6995590828924163,False,USD
317,BGD,2016,Bangladesh,12915.0,13141.0,12106.0,0.9212388707099917,False,Local
318,BGD,2016,Bangladesh,460.152,468.204,431.328,0.921239459722685,False,PPP
319,BGD,2016,Bangladesh,164.589,167.469,154.279,0.9212391547092298,False,USD
320,BGD,2017,Bangladesh,11811.698,12044.784,11058.771,0.9181377598801275,False,Local
321,BGD,2017,Bangladesh,407.15,415.184,381.196,0.9181375004817142,False,PPP
322,BGD,2017,Bangladesh,146.843,149.741,137.483,0.9181386527403984,False,USD
323,BGR,1996,Bulgaria,13247.0,15690.0,10815.0,0.6892925430210325,False,Local
324,BGR,1997,Bulgaria,127909.0,149795.0,106021.0,0.7077739577422477,False,Local
325,BGR,1998,Bulgaria,183250.0,212298.0,154637.0,0.7283959340172776,False,Local
326,BGR,1999,Bulgaria,201.0,227.0,175.0,0.7709251101321586,True,Local
327,BGR,1999,Bulgaria,320.866,362.371,279.361,0.7709253775826432,True,PPP
328,BGR,1999,Bulgaria,109.454,123.612,95.296,0.7709283888295636,True,USD
329,BGR,2000,Bulgaria,225.01,256.0,194.0,0.7578125,False,Local
330,BGR,2000,Bulgaria,354.111,402.882,305.309,0.757812461216932,False,PPP
331,BGR,2000,Bulgaria,105.973,120.568,91.368,0.7578130183796695,False,USD
332,BGR,2001,Bulgaria,240.0,273.0,209.0,0.7655677655677655,False,Local
333,BGR,2001,Bulgaria,359.845,409.324,313.365,0.765567130195151,False,PPP
334,BGR,2001,Bulgaria,109.854,124.96,95.665,0.7655649807938542,False,USD
335,BGR,2002,Bulgaria,258.0,290.0,227.0,0.7827586206896552,False,Local
336,BGR,2002,Bulgaria,387.366,435.411,340.822,0.7827592780154842,False,PPP
337,BGR,2002,Bulgaria,124.219,139.626,109.294,0.7827625227393178,False,USD
338,BGR,2003,Bulgaria,273.0,303.0,246.0,0.8118811881188119,False,Local
339,BGR,2003,Bulgaria,412.176,457.47,371.411,0.8118805604739108,False,PPP
340,BGR,2003,Bulgaria,157.557,174.871,141.975,0.8118841889164011,False,USD
341,BGR,2004,Bulgaria,292.0,321.0,265.0,0.8255451713395638,False,Local
342,BGR,2004,Bulgaria,424.436,466.588,385.19,0.8255463063773607,False,PPP
343,BGR,2004,Bulgaria,185.384,203.795,168.242,0.8255452783434334,False,USD
344,BGR,2005,Bulgaria,324.0,356.0,293.0,0.8230337078651685,False,Local
345,BGR,2005,Bulgaria,457.329,502.498,413.572,0.82303213147117,False,PPP
346,BGR,2005,Bulgaria,205.827,226.156,186.134,0.8230336581828471,False,USD
347,BGR,2006,Bulgaria,360.01,393.0,327.0,0.8320610687022901,False,Local
348,BGR,2006,Bulgaria,477.453,521.205,433.674,0.8320603217543959,False,PPP
349,BGR,2006,Bulgaria,230.884,252.042,209.714,0.8320597360757334,False,USD
350,BGR,2007,Bulgaria,247.347,272.245,218.61,0.8029899539018164,False,Local
351,BGR,2007,Bulgaria,326.901,359.807,288.922,0.8029916038320545,False,PPP
352,BGR,2007,Bulgaria,338.983,373.106,299.6,0.8029889629220651,False,USD
353,BGR,2008,Bulgaria,294.095,324.924,258.436,0.7953736873853577,False,Local
354,BGR,2008,Bulgaria,321.722,355.447,282.714,0.7953759632237718,False,PPP
355,BGR,2008,Bulgaria,432.542,477.883,380.096,0.7953746000590103,False,USD
356,BGR,2009,Bulgaria,378.081,412.316,339.513,0.8234291174730062,False,Local
357,BGR,2009,Bulgaria,448.512,489.125,402.76,0.8234295936621517,False,PPP
358,BGR,2009,Bulgaria,527.34,575.091,473.547,0.8234296833022948,False,USD
359,BGR,2010,Bulgaria,375.38,401.873,345.903,0.8607271451428686,False,Local
360,BGR,2010,Bulgaria,502.277,537.726,462.835,0.8607264666391433,False,PPP
361,BGR,2010,Bulgaria,497.648,532.77,458.57,0.8607278938378663,False,USD
362,BGR,2011,Bulgaria,350.6,383.502,315.902,0.8237297328305979,False,Local
363,BGR,2011,Bulgaria,439.475,480.718,395.982,0.8237303367046793,False,PPP
364,BGR,2011,Bulgaria,488.02,533.818,439.722,0.8237301851942047,False,USD
365,BGR,2012,Bulgaria,447.262,490.887,400.126,0.8151081613487421,False,Local
366,BGR,2012,Bulgaria,660.093,724.476,590.526,0.8151077468404749,False,PPP
367,BGR,2012,Bulgaria,574.638,630.686,514.077,0.8151076764031546,False,USD
368,BGR,2013,Bulgaria,405.303,439.846,369.121,0.8392050854162593,False,Local
369,BGR,2013,Bulgaria,580.741,630.237,528.898,0.8392049340168858,False,PPP
370,BGR,2013,Bulgaria,538.29,584.167,490.236,0.8392052272723382,False,USD
371,BGR,2014,Bulgaria,433.866,475.089,391.78,0.8246454874770832,False,Local
372,BGR,2014,Bulgaria,645.179,706.479,582.594,0.824644469262356,False,PPP
373,BGR,2014,Bulgaria,576.392,631.156,520.479,0.8246439865896864,False,USD
374,BGR,2015,Bulgaria,489.009,538.236,436.42,0.8108339092888622,False,Local
375,BGR,2015,Bulgaria,1027.463,1130.893,916.968,0.8108353310171695,False,PPP
376,BGR,2015,Bulgaria,542.562,597.18,484.214,0.8108342543286782,False,USD
377,BGR,2016,Bulgaria,548.124,585.071,508.344,0.8688586513431703,False,Local
378,BGR,2016,Bulgaria,1196.015,1276.634,1109.214,0.8688582632140456,False,PPP
379,BGR,2016,Bulgaria,606.72,647.617,562.688,0.8688592177166443,False,USD
380,BGR,2017,Bulgaria,565.55,597.635,531.668,0.8896199185121354,False,Local
381,BGR,2017,Bulgaria,1156.782,1222.408,1087.479,0.8896203231654244,False,PPP
382,BGR,2017,Bulgaria,638.891,675.137,600.615,0.8896194402025072,False,USD
383,BGR,2018,Bulgaria,561.327,592.313,527.338,0.8903029310516568,False,Local
384,BGR,2018,Bulgaria,1052.189,1110.27,988.477,0.8903032595674926,False,PPP
385,BGR,2018,Bulgaria,662.902,699.494,622.762,0.8903035622893118,False,USD
386,BGR,2019,Bulgaria,699.482,749.123,644.369,0.8601644856719124,False,Local
387,BGR,2019,Bulgaria,1463.285,1567.131,1347.99,0.8601642109051508,False,PPP
388,BGR,2019,Bulgaria,783.052,838.624,721.354,0.8601637921166101,False,USD
389,BGR,2020,Bulgaria,748.931,798.147,693.943,0.8694425964139437,False,Local
390,BGR,2020,Bulgaria,1485.746,1583.382,1376.659,0.8694421182001564,False,PPP
391,BGR,2020,Bulgaria,855.426,911.64,792.618,0.8694418849545874,False,USD
392,BGR,2021,Bulgaria,811.217,855.739,761.439,0.8898028487658035,False,Local
393,BGR,2021,Bulgaria,1507.04,1589.75,1414.565,0.8898034282119831,False,PPP
394,BGR,2021,Bulgaria,959.46,1012.117,900.585,0.8898032539716259,False,USD
395,BGR,2022,Bulgaria,917.982,963.815,867.554,0.9001250239931936,False,Local
396,BGR,2022,Bulgaria,2121.674,2227.605,2005.124,0.900125471077682,False,PPP
397,BGR,2022,Bulgaria,966.68,1014.944,913.577,0.9001255241668507,False,USD
398,BGR,2023,Bulgaria,1010.359,1066.557,949.164,0.8899327462104697,False,Local
399,BGR,2023,Bulgaria,2124.474,2242.639,1995.798,0.8899327979224476,False,PPP
400,BGR,2023,Bulgaria,1092.47,1153.234,1026.301,0.8899330057906721,False,USD
401,BHR,2001,Bahrain,234.0,237.0,218.0,0.919831223628692,False,Local
402,BHR,2001,Bahrain,1245.974,1261.948,1160.779,0.9198310865423931,False,PPP
403,BHR,2001,Bahrain,622.34,630.319,579.787,0.9198310696647254,False,USD
404,BHR,2002,Bahrain,236.0,238.0,224.0,0.9411764705882353,False,Local
405,BHR,2002,Bahrain,1282.911,1293.783,1217.678,0.9411763796556302,False,PPP
406,BHR,2002,Bahrain,627.66,632.979,595.745,0.9411765635194848,False,USD
407,BHR,2015,Bahrain,785.0,889.0,680.0,0.7649043869516311,True,Local
408,BHR,2015,Bahrain,3867.082,4379.408,3349.829,0.7649045259085246,True,PPP
409,BHR,2015,Bahrain,2087.766,2364.362,1808.511,0.7649044435665943,True,USD
410,BHR,2016,Bahrain,824.0,933.0,715.0,0.7663451232583065,False,Local
411,BHR,2016,Bahrain,3937.957,4458.876,3417.038,0.7663451506612877,False,PPP
412,BHR,2016,Bahrain,2191.489,2481.383,1901.596,0.7663452195811772,False,USD
413,BHR,2017,Bahrain,837.0,953.0,721.0,0.7565582371458552,False,Local
414,BHR,2017,Bahrain,4062.596,4625.632,3499.56,0.7565582389606437,False,PPP
415,BHR,2017,Bahrain,2226.064,2534.575,1917.553,0.7565580028209858,False,USD
416,BHR,2018,Bahrain,853.0,971.0,736.0,0.7579814624098867,False,Local
417,BHR,2018,Bahrain,4245.981,4833.35,3663.59,0.7579815242016407,False,PPP
418,BHR,2018,Bahrain,2268.617,2582.447,1957.447,0.757981480355647,False,USD
419,BHS,2019,Bahamas,4585.317,4911.727,4267.944,0.8689294010029467,False,Local
420,BHS,2019,Bahamas,3902.373,4180.167,3632.27,0.8689293992321359,False,PPP
421,BHS,2019,Bahamas,4585.317,4911.727,4267.944,0.8689294010029467,False,USD
422,BIH,2001,Bosnia and Herzegovina,454.336,468.943,424.518,0.9052656719473369,False,Local
423,BIH,2006,Bosnia and Herzegovina,484.594,511.878,435.333,0.8504624148722939,True,Local
424,BIH,2006,Bosnia and Herzegovina,544.944,575.626,489.549,0.8504636691184901,True,PPP
425,BIH,2006,Bosnia and Herzegovina,310.822,328.322,279.226,0.8504638738799105,True,USD
426,BIH,2007,Bosnia and Herzegovina,527.87,547.744,490.653,0.8957706519834083,False,Local
427,BIH,2007,Bosnia and Herzegovina,588.312,610.461,546.833,0.8957705733863424,False,PPP
428,BIH,2007,Bosnia and Herzegovina,369.398,383.305,343.353,0.8957696873247153,False,USD
429,BIH,2008,Bosnia and Herzegovina,611.119,635.019,567.657,0.8939212842450384,False,Local
430,BIH,2008,Bosnia and Herzegovina,663.806,689.767,616.598,0.8939221505232925,False,PPP
431,BIH,2008,Bosnia and Herzegovina,457.7,475.6,425.149,0.893921362489487,False,USD
432,BIH,2009,Bosnia and Herzegovina,670.678,700.834,616.614,0.879828889580129,False,Local
433,BIH,2009,Bosnia and Herzegovina,746.179,779.729,686.029,0.8798300435151186,False,PPP
434,BIH,2009,Bosnia and Herzegovina,476.371,497.79,437.97,0.879828843488218,False,USD
435,BIH,2010,Bosnia and Herzegovina,695.575,718.655,654.984,0.9114025505979921,False,Local
436,BIH,2010,Bosnia and Herzegovina,789.717,815.92,743.631,0.9114018531228552,False,PPP
437,BIH,2010,Bosnia and Herzegovina,471.021,486.65,443.534,0.9114024452892222,False,USD
438,BIH,2011,Bosnia and Herzegovina,704.899,732.468,658.451,0.8989484864867817,False,Local
439,BIH,2011,Bosnia and Herzegovina,814.782,846.649,761.093,0.8989474977233777,False,PPP
440,BIH,2011,Bosnia and Herzegovina,501.017,520.612,468.003,0.898947776847249,False,USD
441,BIH,2012,Bosnia and Herzegovina,698.302,722.179,657.0,0.909746752536421,False,Local
442,BIH,2012,Bosnia and Herzegovina,819.114,847.123,770.667,0.9097462824170752,False,PPP
443,BIH,2012,Bosnia and Herzegovina,458.742,474.428,431.609,0.909746052087988,False,USD
444,BIH,2013,Bosnia and Herzegovina,726.055,759.072,671.201,0.8842389127777075,False,Local
445,BIH,2013,Bosnia and Herzegovina,876.404,916.259,810.192,0.884239063408927,False,PPP
446,BIH,2013,Bosnia and Herzegovina,492.892,515.306,455.654,0.8842396556609082,False,USD
447,BIH,2014,Bosnia and Herzegovina,747.474,780.464,691.555,0.8860818692470119,False,Local
448,BIH,2014,Bosnia and Herzegovina,907.055,947.088,839.197,0.8860813356309023,False,PPP
449,BIH,2014,Bosnia and Herzegovina,507.048,529.426,469.115,0.886082285342994,False,USD
450,BIH,2015,Bosnia and Herzegovina,737.467,771.291,683.084,0.8856371978928833,False,Local
451,BIH,2015,Bosnia and Herzegovina,900.48,941.78,834.076,0.885637834738474,False,PPP
452,BIH,2015,Bosnia and Herzegovina,418.186,437.366,387.348,0.8856381154456451,False,USD
453,BIH,2016,Bosnia and Herzegovina,742.69,778.463,681.73,0.8757384744040501,False,Local
454,BIH,2016,Bosnia and Herzegovina,945.62,991.168,868.004,0.8757385226318848,False,PPP
455,BIH,2016,Bosnia and Herzegovina,420.041,440.273,385.564,0.8757384622722719,False,USD
456,BIH,2020,Bosnia and Herzegovina,1235.389,1309.794,1112.741,0.8495542047069996,True,Local
457,BIH,2020,Bosnia and Herzegovina,1603.017,1699.565,1443.872,0.8495538564279683,True,PPP
458,BIH,2020,Bosnia and Herzegovina,719.517,762.852,648.084,0.8495540419373613,True,USD
459,BIH,2021,Bosnia and Herzegovina,1282.689,1345.483,1180.656,0.877496036739223,True,Local
460,BIH,2021,Bosnia and Herzegovina,1683.073,1765.468,1549.191,0.8774959387539167,True,PPP
461,BIH,2021,Bosnia and Herzegovina,775.692,813.666,713.988,0.8774951884434153,True,USD
462,BIH,2022,Bosnia and Herzegovina,1357.312,1424.094,1248.069,0.8763950975146303,True,Local
463,BIH,2022,Bosnia and Herzegovina,1771.574,1858.738,1628.989,0.8763951670434456,True,PPP
464,BIH,2022,Bosnia and Herzegovina,730.003,765.919,671.248,0.8763955457430878,True,USD
465,BIH,2023,Bosnia and Herzegovina,1497.914,1572.732,1379.031,0.8768378846491328,True,Local
466,BIH,2023,Bosnia and Herzegovina,1918.399,2014.22,1766.144,0.8768376840662887,True,PPP
467,BIH,2023,Bosnia and Herzegovina,827.942,869.296,762.232,0.876838269128122,True,USD
468,BLZ,2020,Belize,1020.0,1020.0,900.0,0.8823529411764706,False,Local
469,BLZ,2020,Belize,861.13,861.13,759.821,0.8823534193443499,False,PPP
470,BLZ,2020,Belize,510.0,510.0,450.0,0.8823529411764706,False,USD
471,BMU,2009,Bermuda,5788.7,6396.5,5209.1,0.8143672320800438,False,Local
472,BOL,1993,Bolivia (Plurinational State of),597.073,676.007,459.922,0.6803509431115359,False,Local
473,BOL,1993,Bolivia (Plurinational State of),374.692,424.228,288.624,0.680351131938486,False,PPP
474,BOL,1993,Bolivia (Plurinational State of),139.991,158.498,107.834,0.6803492788552538,False,USD
475,BOL,1995,Bolivia (Plurinational State of),753.984,843.316,587.583,0.696753055794032,False,Local
476,BOL,1995,Bolivia (Plurinational State of),419.887,469.635,327.22,0.6967538620417985,False,PPP
477,BOL,1995,Bolivia (Plurinational State of),157.069,175.678,122.404,0.6967520122041462,False,USD
478,BOL,1999,Bolivia (Plurinational State of),1795.629,1905.745,1587.738,0.8331324495144944,False,Local
479,BOL,1999,Bolivia (Plurinational State of),844.164,895.932,746.43,0.8331324252287003,False,PPP
480,BOL,1999,Bolivia (Plurinational State of),308.93,327.875,273.164,0.8331345787266489,False,USD
481,BOL,2000,Bolivia (Plurinational State of),1318.561,1470.712,1049.557,0.7136387001669939,False,Local
482,BOL,2000,Bolivia (Plurinational State of),612.587,683.274,487.611,0.71363903792622,False,PPP
483,BOL,2000,Bolivia (Plurinational State of),213.237,237.843,169.734,0.7136388289754166,False,USD
484,BOL,2001,Bolivia (Plurinational State of),1179.624,1281.981,999.803,0.7798890935201068,False,Local
485,BOL,2001,Bolivia (Plurinational State of),554.709,602.842,470.15,0.779889257881833,False,PPP
486,BOL,2001,Bolivia (Plurinational State of),178.544,194.036,151.327,0.7798913603661176,False,USD
487,BOL,2002,Bolivia (Plurinational State of),1233.071,1362.105,989.058,0.7261246379684385,False,Local
488,BOL,2002,Bolivia (Plurinational State of),583.621,644.694,468.128,0.7261243318535615,False,PPP
489,BOL,2002,Bolivia (Plurinational State of),171.976,189.973,137.944,0.7261242387076057,False,USD
490,BOL,2004,Bolivia (Plurinational State of),1119.879,1205.736,951.131,0.7888385185480071,True,Local
491,BOL,2004,Bolivia (Plurinational State of),515.732,555.271,438.019,0.7888382429480381,True,PPP
492,BOL,2004,Bolivia (Plurinational State of),141.109,151.927,119.846,0.788839376805966,True,USD
493,BOL,2005,Bolivia (Plurinational State of),1195.09,1310.731,977.023,0.7454031376384629,True,Local
494,BOL,2005,Bolivia (Plurinational State of),539.922,592.166,441.403,0.7454041603199103,True,PPP
495,BOL,2005,Bolivia (Plurinational State of),148.163,162.5,121.128,0.745403076923077,True,USD
496,BOL,2006,Bolivia (Plurinational State of),1317.702,1477.325,1054.99,0.7141218079975632,False,Local
497,BOL,2006,Bolivia (Plurinational State of),589.285,660.669,471.798,0.7141215949287768,False,PPP
498,BOL,2006,Bolivia (Plurinational State of),164.474,184.398,131.683,0.71412379743815,False,USD
499,BOL,2007,Bolivia (Plurinational State of),1419.041,1560.673,1170.352,0.7499021255573718,False,Local
500,BOL,2007,Bolivia (Plurinational State of),600.436,660.364,495.209,0.7499030837538084,False,PPP
501,BOL,2007,Bolivia (Plurinational State of),180.741,198.78,149.066,0.7499044169433545,False,USD
502,BOL,2008,Bolivia (Plurinational State of),1604.776,1778.625,1313.458,0.7384681987490337,False,Local
503,BOL,2008,Bolivia (Plurinational State of),618.466,685.466,506.195,0.7384684287769196,False,PPP
504,BOL,2008,Bolivia (Plurinational State of),221.706,245.724,181.459,0.7384667350360568,False,USD
505,BOL,2009,Bolivia (Plurinational State of),1698.401,1914.411,1323.405,0.6912857270460732,False,Local
506,BOL,2009,Bolivia (Plurinational State of),631.102,711.368,491.759,0.6912863665500838,False,PPP
507,BOL,2009,Bolivia (Plurinational State of),241.938,272.708,188.519,0.6912851841530134,False,USD
508,BOL,2011,Bolivia (Plurinational State of),2042.112,2274.676,1639.016,0.7205492122834197,False,Local
509,BOL,2011,Bolivia (Plurinational State of),706.362,786.806,566.932,0.7205486485868181,False,PPP
510,BOL,2011,Bolivia (Plurinational State of),294.381,327.907,236.273,0.7205488141454742,False,USD
511,BOL,2012,Bolivia (Plurinational State of),2317.311,2608.66,1860.596,0.7132382142555949,False,Local
512,BOL,2012,Bolivia (Plurinational State of),850.422,957.343,682.814,0.7132386198050229,False,PPP
513,BOL,2012,Bolivia (Plurinational State of),335.356,377.52,269.261,0.713236384827294,False,USD
514,BOL,2013,Bolivia (Plurinational State of),2606.16,2936.297,2098.532,0.7146865592956027,False,Local
515,BOL,2013,Bolivia (Plurinational State of),947.348,1067.353,762.823,0.7146867062724328,False,PPP
516,BOL,2013,Bolivia (Plurinational State of),377.158,424.934,303.695,0.7146874573463172,False,USD
517,BOL,2014,Bolivia (Plurinational State of),2709.944,3005.954,2233.53,0.743035322563153,False,Local
518,BOL,2014,Bolivia (Plurinational State of),995.017,1103.704,820.091,0.743035270326102,False,PPP
519,BOL,2014,Bolivia (Plurinational State of),392.177,435.015,323.232,0.7430364470190683,False,USD
520,BOL,2015,Bolivia (Plurinational State of),2838.459,3051.055,2463.37,0.8073830199717803,False,Local
521,BOL,2015,Bolivia (Plurinational State of),1062.145,1141.698,921.788,0.8073833886018894,False,PPP
522,BOL,2015,Bolivia (Plurinational State of),410.776,441.542,356.493,0.8073818572185659,False,USD
523,BOL,2016,Bolivia (Plurinational State of),2987.666,3331.753,2515.047,0.7548719848079974,True,Local
524,BOL,2016,Bolivia (Plurinational State of),1152.937,1285.719,970.553,0.754871787692334,True,PPP
525,BOL,2016,Bolivia (Plurinational State of),432.368,482.164,363.972,0.7548717863631461,True,USD
526,BOL,2017,Bolivia (Plurinational State of),3056.575,3370.512,2602.06,0.7720073389443503,False,Local
527,BOL,2017,Bolivia (Plurinational State of),1210.211,1334.511,1030.252,0.7720071247071024,False,PPP
528,BOL,2017,Bolivia (Plurinational State of),442.341,487.773,376.564,0.7720066506346189,False,USD
529,BOL,2018,Bolivia (Plurinational State of),3099.106,3385.334,2687.515,0.7938699696987063,False,Local
530,BOL,2018,Bolivia (Plurinational State of),1191.366,1301.398,1033.141,0.7938701304289696,False,PPP
531,BOL,2018,Bolivia (Plurinational State of),448.496,489.918,388.931,0.7938695863389383,False,USD
532,BOL,2019,Bolivia (Plurinational State of),3118.589,3395.573,2694.432,0.7935132008647731,False,Local
533,BOL,2019,Bolivia (Plurinational State of),1206.997,1314.2,1042.835,0.7935131639019936,False,PPP
534,BOL,2019,Bolivia (Plurinational State of),451.315,491.4,389.932,0.7935124135124135,False,USD
535,BOL,2020,Bolivia (Plurinational State of),3339.017,3494.982,3093.897,0.8852397523077372,False,Local
536,BOL,2020,Bolivia (Plurinational State of),1308.707,1369.837,1212.634,0.885239630700587,False,PPP
537,BOL,2020,Bolivia (Plurinational State of),483.215,505.786,447.742,0.8852400026888843,False,USD
538,BOL,2021,Bolivia (Plurinational State of),3060.153,3290.414,2710.388,0.8237224859850462,True,Local
539,BOL,2021,Bolivia (Plurinational State of),1250.148,1344.215,1107.26,0.8237223955989184,True,PPP
540,BOL,2021,Bolivia (Plurinational State of),442.859,476.181,392.241,0.8237224920775923,True,USD
541,BOL,2022,Bolivia (Plurinational State of),3086.498,3340.118,2722.931,0.8152200012095381,False,Local
542,BOL,2022,Bolivia (Plurinational State of),1338.445,1448.426,1180.786,0.8152201078964338,False,PPP
543,BOL,2022,Bolivia (Plurinational State of),446.671,483.374,394.057,0.8152217537558909,False,USD
544,BOL,2023,Bolivia (Plurinational State of),3147.608,3427.567,2767.086,0.8073032562164357,False,Local
545,BOL,2023,Bolivia (Plurinational State of),1385.43,1508.655,1217.942,0.8073031939045043,False,PPP
546,BOL,2023,Bolivia (Plurinational State of),455.515,496.03,400.447,0.8073039937100579,False,USD
547,BRA,1988,Brazil,72.679,80.86,56.22,0.6952757853079397,False,Local
548,BRA,1990,Brazil,18820.6,20527.247,15921.442,0.775624807359701,False,Local
549,BRA,1991,Brazil,134539.0,148251.0,109006.0,0.7352800318378966,False,Local
550,BRA,1992,Brazil,1477.0,1637.0,1181.0,0.7214416615760537,False,Local
551,BRA,1993,Brazil,34434.0,37689.0,27144.0,0.7202101408899149,False,Local
552,BRA,1994,Brazil,428.59,470.93,356.23,0.756439385895993,False,Local
553,BRA,1995,Brazil,371.931,429.208,286.922,0.6684917336116755,True,Local
554,BRA,1995,Brazil,444.095,512.485,342.592,0.6684917607344605,True,PPP
555,BRA,1995,Brazil,405.301,467.717,312.664,0.6684897063822781,True,USD
556,BRA,1996,Brazil,423.097,480.875,338.698,0.7043368858851052,False,Local
557,BRA,1996,Brazil,449.211,510.555,359.603,0.7043374367110301,False,PPP
558,BRA,1996,Brazil,420.95,478.435,336.979,0.7043360122064648,False,USD
559,BRA,1997,Brazil,444.776,504.214,358.468,0.7109441625976273,False,Local
560,BRA,1997,Brazil,451.961,512.36,364.26,0.7109454289952377,False,PPP
561,BRA,1997,Brazil,412.596,467.735,332.534,0.7109453002234171,False,USD
562,BRA,1998,Brazil,464.568,526.832,375.692,0.7131153764387889,False,Local
563,BRA,1998,Brazil,464.558,526.821,375.684,0.7131150808339075,False,PPP
564,BRA,1998,Brazil,400.311,453.963,323.728,0.7131153860556918,False,USD
565,BRA,1999,Brazil,460.716,519.753,379.246,0.7296658220346972,False,Local
566,BRA,1999,Brazil,448.974,506.506,369.58,0.7296655913256704,False,PPP
567,BRA,1999,Brazil,253.988,286.534,209.074,0.7296655894239428,False,USD
568,BRA,2000,Brazil,766.53,823.48,677.71,0.8229829504055958,False,Local
569,BRA,2000,Brazil,721.402,774.999,637.811,0.822982997397416,False,PPP
570,BRA,2000,Brazil,419.001,450.131,370.45,0.8229826428306427,False,USD
571,BRA,2001,Brazil,520.074,585.702,431.377,0.7365127658775282,False,Local
572,BRA,2001,Brazil,471.066,530.509,390.727,0.7365134239004427,False,PPP
573,BRA,2001,Brazil,221.343,249.274,183.593,0.7365108274428941,False,USD
574,BRA,2002,Brazil,549.051,613.684,462.887,0.7542758162181188,False,Local
575,BRA,2002,Brazil,465.836,520.673,392.731,0.7542757162364863,False,PPP
576,BRA,2002,Brazil,188.008,210.14,158.503,0.7542733415818026,False,USD
577,BRA,2003,Brazil,593.44,661.412,504.213,0.7623281706409923,False,Local
578,BRA,2003,Brazil,448.875,500.288,381.385,0.7623308974030958,False,PPP
579,BRA,2003,Brazil,192.833,214.92,163.84,0.7623301693653453,False,USD
580,BRA,2004,Brazil,636.391,710.988,539.623,0.7589762415118118,False,Local
581,BRA,2004,Brazil,463.662,518.011,393.158,0.7589761607378994,False,PPP
582,BRA,2004,Brazil,217.561,243.063,184.479,0.7589760679330051,False,USD
583,BRA,2005,Brazil,689.325,766.495,588.56,0.7678588901427927,False,Local
584,BRA,2005,Brazil,485.889,540.285,414.863,0.7678595556049123,False,PPP
585,BRA,2005,Brazil,283.161,314.861,241.769,0.7678594681462614,False,USD
586,BRA,2006,Brazil,749.473,831.763,644.396,0.7747351108428723,False,Local
587,BRA,2006,Brazil,523.431,580.901,450.045,0.7747361426473703,False,PPP
588,BRA,2006,Brazil,344.534,382.362,296.229,0.7747344139846531,False,USD
589,BRA,2007,Brazil,812.246,899.248,700.347,0.7788140757610803,False,Local
590,BRA,2007,Brazil,562.954,623.255,485.399,0.778812845464537,False,PPP
591,BRA,2007,Brazil,417.166,461.85,359.695,0.7788134675760527,False,USD
592,BRA,2008,Brazil,898.461,1001.963,764.939,0.7634403665604419,False,Local
593,BRA,2008,Brazil,611.87,682.357,520.939,0.7634405450519303,False,PPP
594,BRA,2008,Brazil,489.954,546.396,417.141,0.7634408011771683,False,USD
595,BRA,2009,Brazil,930.523,1027.881,808.044,0.7861260204245433,False,Local
596,BRA,2009,Brazil,602.024,665.013,522.783,0.786124481777048,False,PPP
597,BRA,2009,Brazil,465.395,514.088,404.137,0.7861241655125193,False,USD
598,BRA,2011,Brazil,1202.475,1335.797,1036.805,0.7761695826536518,False,Local
599,BRA,2011,Brazil,728.234,808.975,627.902,0.7761698445563832,False,PPP
600,BRA,2011,Brazil,718.827,798.526,619.792,0.7761700933970842,False,USD
601,BRA,2012,Brazil,1323.661,1463.03,1150.739,0.7865450469231663,True,Local
602,BRA,2012,Brazil,793.182,876.697,689.562,0.7865454085048769,True,PPP
603,BRA,2012,Brazil,677.734,749.093,589.196,0.7865458627967423,True,USD
604,BRA,2013,Brazil,1413.38,1556.94,1236.474,0.794169332151528,False,Local
605,BRA,2013,Brazil,783.062,862.6,685.05,0.7941687920241131,False,PPP
606,BRA,2013,Brazil,655.529,722.113,573.48,0.7941693336084519,False,USD
607,BRA,2014,Brazil,1576.757,1750.144,1367.049,0.7811065832297228,False,Local
608,BRA,2014,Brazil,820.415,910.631,711.3,0.7811067270936306,False,PPP
609,BRA,2014,Brazil,670.119,743.808,580.993,0.7811061456720014,False,USD
610,BRA,2015,Brazil,1710.604,1886.516,1502.491,0.7964369239380954,False,Local
611,BRA,2015,Brazil,809.213,892.429,710.764,0.796437587752079,False,PPP
612,BRA,2015,Brazil,514.173,567.048,451.618,0.7964369859341713,False,USD
613,BRA,2016,Brazil,1924.736,2107.729,1708.923,0.8107887683853096,False,Local
614,BRA,2016,Brazil,840.175,920.054,745.969,0.8107882798183585,False,PPP
615,BRA,2016,Brazil,551.293,603.707,489.478,0.8107873521426785,False,USD
616,BRA,2017,Brazil,2028.61,2220.671,1804.623,0.8126476186702128,False,Local
617,BRA,2017,Brazil,852.555,933.272,758.422,0.8126484026093143,False,PPP
618,BRA,2017,Brazil,635.651,695.832,565.466,0.8126473056714839,False,USD
619,BRA,2018,Brazil,2135.624,2343.183,1894.253,0.8084101839250285,False,Local
620,BRA,2018,Brazil,910.73,999.243,807.798,0.8084099663445228,False,PPP
621,BRA,2018,Brazil,584.49,641.296,518.43,0.8084098450637458,False,USD
622,BRA,2019,Brazil,2271.106,2496.269,2010.348,0.8053410910442745,False,Local
623,BRA,2019,Brazil,970.768,1067.013,859.309,0.8053407034403517,False,PPP
624,BRA,2019,Brazil,575.769,632.853,509.662,0.8053402606924515,False,USD
625,BRA,2020,Brazil,2459.159,2670.106,2203.24,0.8251507618049619,False,Local
626,BRA,2020,Brazil,1049.164,1139.161,939.98,0.8251511419369167,False,PPP
627,BRA,2020,Brazil,477.027,517.946,427.384,0.8251516567364165,False,USD
628,BRA,2021,Brazil,2414.265,2598.59,2190.46,0.8429417491793626,False,Local
629,BRA,2021,Brazil,985.469,1060.708,894.115,0.8429416955467479,False,PPP
630,BRA,2021,Brazil,447.55,481.72,406.062,0.842941957983891,False,USD
631,BRA,2022,Brazil,2614.37,2840.064,2350.195,0.8275148024833244,False,Local
632,BRA,2022,Brazil,1054.676,1145.725,948.104,0.8275144559121954,False,PPP
633,BRA,2022,Brazil,506.271,549.977,455.114,0.8275146051562157,False,USD
634,BRA,2023,Brazil,2861.414,3110.729,2574.013,0.8274629516103782,False,Local
635,BRA,2023,Brazil,1149.071,1249.189,1033.658,0.8274632581618953,False,PPP
636,BRA,2023,Brazil,572.927,622.846,515.382,0.8274629683742047,False,USD
637,BRA,2024,Brazil,3154.839,3444.154,2821.666,0.8192624371616368,False,Local
638,BRA,2024,Brazil,1249.69,1364.293,1117.714,0.8192624311639802,False,PPP
639,BRN,1980,Brunei Darussalam,987.439,917.672,809.434,0.8820515391120138,False,Local
640,BRN,1981,Brunei Darussalam,818.22,770.441,538.323,0.698720602875496,False,Local
641,BRN,1982,Brunei Darussalam,652.984,978.178,770.425,0.7876122750665011,False,Local
642,BRN,1984,Brunei Darussalam,987.439,1022.549,889.402,0.8697891250199258,False,Local
643,BRN,1985,Brunei Darussalam,1055.126,1097.173,887.452,0.8088532984315144,False,Local
644,BRN,2014,Brunei Darussalam,1799.403,1887.158,1684.674,0.8927042674752194,True,Local
645,BRN,2014,Brunei Darussalam,2375.624,2491.482,2224.156,0.892704021140831,True,PPP
646,BRN,2014,Brunei Darussalam,1420.162,1489.423,1329.613,0.8927034160208349,True,USD
647,BTN,2018,Bhutan,15743.924,16564.069,13775.825,0.8316691387846791,False,Local
648,BTN,2018,Bhutan,776.738,817.2,679.64,0.8316691140479686,False,PPP
649,BTN,2018,Bhutan,230.21,242.202,201.432,0.8316694329526593,False,USD
650,BTN,2019,Bhutan,19387.236,19923.594,18006.71,0.9037882422217597,False,Local
651,BTN,2019,Bhutan,949.0,975.255,881.424,0.9037882399987696,False,PPP
652,BTN,2019,Bhutan,275.307,282.924,255.703,0.9037868826964133,False,USD
653,BTN,2020,Bhutan,19894.841,20846.312,17775.194,0.8526781139992531,False,Local
654,BTN,2020,Bhutan,959.991,1005.902,857.711,0.8526784915429138,False,PPP
655,BTN,2020,Bhutan,268.488,281.328,239.883,0.8526808565091283,False,USD
656,BTN,2021,Bhutan,20815.641,21482.459,19327.814,0.8997021244169487,False,Local
657,BTN,2021,Bhutan,974.462,1005.678,904.811,0.899702489265948,False,PPP
658,BTN,2021,Bhutan,281.604,290.626,261.476,0.8996992698519748,False,USD
659,BTN,2022,Bhutan,22169.88,22819.105,20583.052,0.902009609929925,False,Local
660,BTN,2022,Bhutan,1061.081,1092.154,985.133,0.9020092404551007,False,PPP
661,BTN,2022,Bhutan,282.043,290.303,261.856,0.902009279959215,False,USD
662,BTN,2023,Bhutan,26032.675,27683.361,21913.172,0.7915647236619859,False,Local
663,BTN,2023,Bhutan,1244.609,1323.527,1047.658,0.7915652646300376,False,PPP
664,BTN,2023,Bhutan,315.168,335.153,265.295,0.7915638529268723,False,USD
665,BWA,2005,Botswana,2141.0,2348.0,1800.0,0.7666098807495741,False,Local
666,BWA,2005,Botswana,735.772,806.909,618.585,0.7666106091269276,False,PPP
667,BWA,2005,Botswana,418.43,458.885,351.786,0.7666103707900672,False,USD
668,BWA,2009,Botswana,4443.0,5012.0,3769.0,0.7519952114924182,False,Local
669,BWA,2009,Botswana,1153.329,1301.032,978.37,0.7519953390846651,False,PPP
670,BWA,2009,Botswana,620.952,700.475,526.754,0.7519954316713658,False,USD
671,BWA,2010,Botswana,4641.0,4778.0,4462.0,0.9338635412306404,False,Local
672,BWA,2010,Botswana,1144.925,1178.723,1100.766,0.933863172263543,False,PPP
673,BWA,2010,Botswana,683.14,703.306,656.792,0.9338637804881517,False,USD
674,BWA,2019,Botswana,5122.271,6093.103,4235.024,0.6950520941464473,True,Local
675,BWA,2019,Botswana,994.392,1182.86,822.149,0.69505182354632,True,PPP
676,BWA,2019,Botswana,476.23,566.491,393.741,0.6950525251063123,True,USD
677,BWA,2020,Botswana,5218.258,5838.148,4655.664,0.7974556314776534,False,Local
678,BWA,2020,Botswana,1032.946,1155.652,921.581,0.7974554623710252,False,PPP
679,BWA,2020,Botswana,455.495,509.604,406.387,0.7974564563857427,False,USD
680,BWA,2021,Botswana,5511.695,5899.175,5175.16,0.877268431602724,False,Local
681,BWA,2021,Botswana,1081.059,1157.059,1015.051,0.8772681427654079,False,PPP
682,BWA,2021,Botswana,497.12,532.068,466.766,0.8772675673034275,False,USD
683,BWA,2022,Botswana,6088.48,6393.523,5782.476,0.9044271835731255,False,Local
684,BWA,2022,Botswana,1155.018,1212.886,1096.967,0.904427126704406,False,PPP
685,BWA,2022,Botswana,492.245,516.907,467.505,0.9044276823490491,False,USD
686,BWA,2023,Botswana,6490.037,6902.199,6088.377,0.8820923592611574,False,Local
687,BWA,2023,Botswana,1220.048,1297.53,1144.541,0.8820921288910468,False,PPP
688,BWA,2023,Botswana,477.336,507.65,447.794,0.8820919925145277,False,USD
689,CAN,1997,Canada,2484.415,2911.282,2014.58,0.691990676272515,False,Local
690,CAN,1997,Canada,1975.466,2314.886,1601.88,0.6919908798964615,False,PPP
691,CAN,1997,Canada,1794.322,2102.619,1454.993,0.6919907981426971,False,USD
692,CAN,1998,Canada,2520.141,2954.137,2048.231,0.693343267424632,False,Local
693,CAN,1998,Canada,1993.624,2336.949,1620.308,0.693343329272483,False,PPP
694,CAN,1998,Canada,1698.774,1991.322,1380.67,0.6933434170867394,False,USD
695,CAN,1999,Canada,2587.05,3030.799,2108.844,0.695804637654955,False,Local
696,CAN,1999,Canada,2043.742,2394.298,1665.964,0.6958047828632861,False,PPP
697,CAN,1999,Canada,1741.295,2039.974,1419.423,0.6958044563313062,False,USD
698,CAN,2000,Canada,2668.78,3129.162,2171.566,0.6939768538669459,False,Local
699,CAN,2000,Canada,2101.279,2463.764,1709.795,0.6939767769964981,False,PPP
700,CAN,2000,Canada,1796.681,2106.621,1461.946,0.6939767523441568,False,USD
701,CAN,2001,Canada,2753.955,3226.666,2251.505,0.697780619376161,False,Local
702,CAN,2001,Canada,2166.641,2538.541,1771.344,0.6977803391790796,False,PPP
703,CAN,2001,Canada,1778.076,2083.279,1453.672,0.6977807581221719,False,USD
704,CAN,2002,Canada,2816.565,3286.515,2318.962,0.705599092047351,False,Local
705,CAN,2002,Canada,2188.432,2553.577,1801.802,0.705599243727524,False,PPP
706,CAN,2002,Canada,1793.599,2092.865,1476.724,0.7055992622553294,False,USD
707,CAN,2003,Canada,2870.608,3343.768,2377.102,0.7109051824169619,False,Local
708,CAN,2003,Canada,2234.387,2602.679,1850.258,0.7109051865404838,False,PPP
709,CAN,2003,Canada,2048.95,2386.676,1696.7,0.7109050411534704,False,USD
710,CAN,2004,Canada,2945.281,3413.74,2459.931,0.7205970577724139,False,Local
711,CAN,2004,Canada,2314.322,2682.425,1932.948,0.7205972207983448,False,PPP
712,CAN,2004,Canada,2263.369,2623.367,1890.391,0.7205972324878677,False,USD
713,CAN,2005,Canada,3046.037,3517.656,2556.658,0.7268072830316552,False,Local
714,CAN,2005,Canada,2417.503,2791.806,2029.105,0.7268073068114331,False,PPP
715,CAN,2005,Canada,2514.466,2903.782,2110.49,0.7268073154251936,False,USD
716,CAN,2006,Canada,3222.631,3726.06,2701.041,0.7249053960483729,False,Local
717,CAN,2006,Canada,2504.724,2896.004,2099.329,0.7249054214013517,False,PPP
718,CAN,2006,Canada,2840.962,3284.769,2381.146,0.724905160758641,False,USD
719,CAN,2007,Canada,3349.55,3877.22,2810.545,0.7248866455862706,False,Local
720,CAN,2007,Canada,2629.769,3044.048,2206.59,0.7248867297756146,False,PPP
721,CAN,2007,Canada,3118.629,3609.921,2616.783,0.7248865002862943,False,USD
722,CAN,2008,Canada,3478.552,4036.108,2911.129,0.7212713336709523,False,Local
723,CAN,2008,Canada,2671.948,3100.218,2236.098,0.7212712138307693,False,PPP
724,CAN,2008,Canada,3259.858,3782.361,2728.109,0.7212714492350148,False,USD
725,CAN,2009,Canada,3576.538,4124.713,3033.771,0.7355108100854533,False,Local
726,CAN,2009,Canada,2747.753,3168.9,2330.76,0.7355107450534887,False,PPP
727,CAN,2009,Canada,3133.095,3613.303,2657.623,0.7355106947853529,False,USD
728,CAN,2010,Canada,3646.086,4202.263,3092.349,0.7358770738528265,False,Local
729,CAN,2010,Canada,2813.77,3242.985,2386.438,0.7358769775376698,False,PPP
730,CAN,2010,Canada,3539.502,4079.421,3001.952,0.7358769786202504,False,USD
731,CAN,2011,Canada,3737.984,4283.804,3185.189,0.7435421882046891,False,Local
732,CAN,2011,Canada,2909.879,3334.779,2479.549,0.743542225736698,False,PPP
733,CAN,2011,Canada,3778.573,4330.319,3219.775,0.7435422194069304,False,USD
734,CAN,2012,Canada,3851.568,4412.566,3283.722,0.7441751579466461,False,Local
735,CAN,2012,Canada,2999.281,3436.139,2557.089,0.744175075571739,False,PPP
736,CAN,2012,Canada,3854.017,4415.371,3285.809,0.744175064790705,False,USD
737,CAN,2013,Canada,3932.243,4496.078,3359.807,0.7472750695161426,False,Local
738,CAN,2013,Canada,3017.674,3450.37,2578.376,0.7472752197590404,False,PPP
739,CAN,2013,Canada,3817.202,4364.542,3261.513,0.7472749718068928,False,USD
740,CAN,2014,Canada,4001.692,4574.151,3416.961,0.7470153477661756,False,Local
741,CAN,2014,Canada,3051.754,3488.321,2605.829,0.7470152546167627,False,PPP
742,CAN,2014,Canada,3622.269,4140.451,3092.98,0.747015240610262,False,USD
743,CAN,2015,Canada,4108.037,4673.713,3526.878,0.7546201489051639,False,Local
744,CAN,2015,Canada,3065.068,3487.127,2631.456,0.7546200640240519,False,PPP
745,CAN,2015,Canada,3212.45,3654.804,2757.988,0.754619946787844,False,USD
746,CAN,2016,Canada,4183.073,4757.387,3598.414,0.756384544709102,False,Local
747,CAN,2016,Canada,3215.921,3657.449,2766.438,0.7563845729632868,False,PPP
748,CAN,2016,Canada,3155.571,3588.814,2714.524,0.7563846997921876,False,USD
749,CAN,2017,Canada,4246.002,4821.579,3655.261,0.7581045545453057,False,Local
750,CAN,2017,Canada,3270.039,3713.317,2815.083,0.7581046810708593,False,PPP
751,CAN,2017,Canada,3271.35,3714.805,2816.211,0.7581046649824149,False,USD
752,CAN,2018,Canada,4365.868,4938.942,3775.316,0.7643977191876317,False,Local
753,CAN,2018,Canada,3392.038,3837.284,2933.212,0.7643979439624484,False,PPP
754,CAN,2018,Canada,3369.199,3811.447,2913.462,0.7643978782861207,False,USD
755,CAN,2019,Canada,4476.324,5043.948,3892.374,0.7716919365544608,False,Local
756,CAN,2019,Canada,3416.48,3849.71,2970.79,0.7716918936751079,False,PPP
757,CAN,2019,Canada,3373.791,3801.608,2933.67,0.7716918735440371,False,USD
758,CAN,2020,Canada,4767.736,5332.605,4175.484,0.7830101798276828,False,Local
759,CAN,2020,Canada,3706.211,4145.313,3245.822,0.783010112867231,False,PPP
760,CAN,2020,Canada,3554.954,3976.136,3113.355,0.783010188786299,False,USD
761,CAN,2021,Canada,4863.344,5437.427,4267.454,0.7848296630005331,False,Local
762,CAN,2021,Canada,3909.874,4371.407,3430.81,0.7848296898458551,False,PPP
763,CAN,2021,Canada,3878.645,4336.492,3403.408,0.784829765626225,False,USD
764,CAN,2022,Canada,5090.344,5720.979,4439.759,0.7760488196163629,False,Local
765,CAN,2022,Canada,4158.85,4674.083,3627.317,0.7760489062774453,False,PPP
766,CAN,2022,Canada,3910.972,4395.496,3411.12,0.7760489373667955,False,USD
767,CAN,2023,Canada,5339.067,5976.397,4679.086,0.7829275732519109,False,Local
768,CAN,2023,Canada,4398.805,4923.895,3855.053,0.7829275400876744,False,PPP
769,CAN,2023,Canada,3955.132,4427.261,3466.224,0.7829274126824689,False,USD
770,CAN,2024,Canada,5583.004,6232.784,4904.054,0.7868159718032905,False,Local
771,CAN,2024,Canada,4574.48,5106.883,4018.176,0.7868157543456546,False,PPP
772,CHE,2020,Switzerland,6009.231,7233.639,4674.54,0.6462224614747847,False,Local
773,CHE,2020,Switzerland,3833.82,4614.978,2982.303,0.6462225822094926,False,PPP
774,CHE,2020,Switzerland,6863.72,8262.234,5339.241,0.6462224381444533,False,USD
775,CHE,2021,Switzerland,6093.755,7301.299,4793.288,0.6564979738536937,False,Local
776,CHE,2021,Switzerland,3782.875,4532.493,2975.572,0.6564978699360374,False,PPP
777,CHE,2021,Switzerland,7207.33,8635.541,5669.215,0.6564979542103964,False,USD
778,CHE,2022,Switzerland,6137.599,7300.289,4877.557,0.6681320424437991,False,Local
779,CHE,2022,Switzerland,4751.296,5651.368,3775.86,0.668132034579946,False,PPP
780,CHE,2022,Switzerland,6463.19,7687.559,5136.304,0.6681319779139256,False,USD
781,CHE,2023,Switzerland,6287.843,7482.521,5010.489,0.6696257852132991,False,Local
782,CHE,2023,Switzerland,4501.438,5356.702,3586.986,0.6696258257412863,False,PPP
783,CHE,2023,Switzerland,6798.847,8090.615,5417.684,0.6696257330252398,False,USD
784,CHL,1990,Chile,64062.525,69676.979,53322.734,0.7652848152328762,True,Local
785,CHL,1990,Chile,308.794,335.857,257.026,0.7652840345742384,True,PPP
786,CHL,1990,Chile,210.108,228.522,174.884,0.7652829924471166,True,USD
787,CHL,1992,Chile,91193.298,99455.748,75383.042,0.7579556085586928,False,Local
788,CHL,1992,Chile,335.819,366.246,277.598,0.7579550356863967,False,PPP
789,CHL,1992,Chile,251.515,274.303,207.91,0.7579574412237562,False,USD
790,CHL,1994,Chile,133427.067,145595.256,110594.609,0.7596031082221525,False,Local
791,CHL,1994,Chile,413.156,450.835,342.456,0.7596038461965021,False,PPP
792,CHL,1994,Chile,317.55,346.51,263.21,0.7596028974632766,False,USD
793,CHL,1996,Chile,160546.564,174148.832,135987.586,0.7808699285447979,False,Local
794,CHL,1996,Chile,467.988,507.638,396.399,0.7808694384581139,False,PPP
795,CHL,1996,Chile,389.424,422.418,329.854,0.780871080304343,False,USD
796,CHL,1998,Chile,193162.496,208582.981,167508.989,0.8030808084001829,False,Local
797,CHL,1998,Chile,541.789,585.041,469.835,0.8030804678646453,False,PPP
798,CHL,1998,Chile,419.656,453.158,363.922,0.8030797205389731,False,USD
799,CHL,2000,Chile,211685.024,228556.85,184516.46,0.8073110038049613,False,Local
800,CHL,2000,Chile,577.96,624.025,503.782,0.8073106045430872,False,PPP
801,CHL,2000,Chile,392.309,423.577,341.958,0.8073101230708939,False,USD
802,CHL,2003,Chile,225378.581,243018.487,197491.994,0.8126624292579026,False,Local
803,CHL,2003,Chile,584.276,630.006,511.982,0.8126621016307782,False,PPP
804,CHL,2003,Chile,325.975,351.489,285.642,0.8126627006819559,False,USD
805,CHL,2006,Chile,283601.784,309235.916,243554.786,0.7876018709288606,False,Local
806,CHL,2006,Chile,831.867,907.058,714.4,0.7876012338792007,False,PPP
807,CHL,2006,Chile,534.82,583.161,459.299,0.7876023945359858,False,USD
808,CHL,2009,Chile,363776.901,393764.362,318585.358,0.809076160122383,False,Local
809,CHL,2009,Chile,984.226,1065.359,861.956,0.8090756261504338,False,PPP
810,CHL,2009,Chile,648.606,702.073,568.03,0.8090754095371848,False,USD
811,CHL,2010,Chile,373991.276,421016.725,310598.444,0.7377342170907819,False,Local
812,CHL,2010,Chile,997.04,1122.407,828.038,0.7377341730762549,False,PPP
813,CHL,2010,Chile,732.958,825.12,608.719,0.73773390537134,False,USD
814,CHL,2011,Chile,414587.084,454442.28,357210.246,0.7860409599212467,False,Local
815,CHL,2011,Chile,1119.904,1227.563,964.915,0.7860411237549518,False,PPP
816,CHL,2011,Chile,857.174,939.576,738.545,0.7860407247524415,False,USD
817,CHL,2012,Chile,450473.335,507008.133,376668.831,0.7429246327297081,False,Local
818,CHL,2012,Chile,1150.422,1294.801,961.939,0.7429242022519291,False,PPP
819,CHL,2012,Chile,926.002,1042.216,774.288,0.7429246912348305,False,USD
820,CHL,2013,Chile,456173.86,502992.696,392538.74,0.7804064415281291,False,Local
821,CHL,2013,Chile,1169.193,1289.192,1006.093,0.7804058666203327,False,PPP
822,CHL,2013,Chile,921.056,1015.587,792.571,0.7804067992205493,False,USD
823,CHL,2014,Chile,504523.405,563488.397,429826.953,0.7627964573687575,False,Local
824,CHL,2014,Chile,1228.535,1372.117,1046.646,0.7627964670651264,False,PPP
825,CHL,2014,Chile,884.588,987.973,753.622,0.7627961492874805,False,USD
826,CHL,2015,Chile,511343.034,564122.913,443459.125,0.7861037280717581,False,Local
827,CHL,2015,Chile,1143.267,1261.273,991.491,0.7861034050518801,False,PPP
828,CHL,2015,Chile,781.722,862.41,677.943,0.7861028976936724,False,USD
829,CHL,2016,Chile,552112.084,617694.294,468546.849,0.7585416500544847,False,Local
830,CHL,2016,Chile,1218.999,1363.797,1034.497,0.7585417771119896,False,PPP
831,CHL,2016,Chile,815.578,912.456,692.136,0.7585417817407085,False,USD
832,CHL,2017,Chile,579662.172,628891.612,517352.319,0.8226414681453885,False,Local
833,CHL,2017,Chile,1251.345,1357.619,1116.833,0.8226409618604337,False,PPP
834,CHL,2017,Chile,893.391,969.265,797.357,0.8226408670487431,False,USD
835,CHL,2018,Chile,609735.19,676166.288,529511.502,0.7831084030619403,False,Local
836,CHL,2018,Chile,1330.392,1475.339,1155.35,0.7831081534481228,False,PPP
837,CHL,2018,Chile,950.814,1054.406,825.714,0.7831082144828464,False,USD
838,CHL,2019,Chile,878042.394,966758.484,772550.291,0.79911405359852,False,Local
839,CHL,2019,Chile,1945.673,2142.261,1711.911,0.7991141135463886,False,PPP
840,CHL,2019,Chile,1249.176,1375.391,1099.094,0.799113851988271,False,USD
841,CHL,2020,Chile,735678.593,806970.42,653320.945,0.8095971411194972,False,Local
842,CHL,2020,Chile,1580.86,1734.055,1403.886,0.8095971581062884,False,PPP
843,CHL,2020,Chile,928.035,1017.967,824.144,0.8095979535682395,False,USD
844,CHL,2021,Chile,740931.578,795828.036,665763.165,0.8365666134938731,False,Local
845,CHL,2021,Chile,1539.98,1654.079,1383.747,0.836566451783742,False,PPP
846,CHL,2021,Chile,976.252,1048.583,877.21,0.8365670624070769,False,USD
847,CHL,2022,Chile,760766.442,815872.476,687026.352,0.8420756579120092,False,Local
848,CHL,2022,Chile,1539.879,1651.42,1390.621,0.8420759104286009,False,PPP
849,CHL,2022,Chile,871.126,934.226,786.689,0.8420756861830007,False,USD
850,CHL,2023,Chile,906199.753,993483.763,796006.266,0.8012272526692517,False,Local
851,CHL,2023,Chile,1859.703,2038.827,1633.564,0.8012273724058,False,PPP
852,CHL,2023,Chile,1078.724,1182.625,947.552,0.8012277771905718,False,USD
853,CIV,2013,Côte d'Ivoire,114308.731,121780.568,90521.284,0.7433146805490347,False,Local
854,CIV,2013,Côte d'Ivoire,471.37,502.181,373.279,0.7433156571037136,False,PPP
855,CIV,2013,Côte d'Ivoire,231.441,246.57,183.279,0.7433142718092225,False,USD
856,CIV,2017,Côte d'Ivoire,110363.576,116543.039,92189.532,0.7910342204136277,False,Local
857,CIV,2017,Côte d'Ivoire,454.798,480.263,379.904,0.7910332463670947,False,PPP
858,CIV,2017,Côte d'Ivoire,190.067,200.709,158.768,0.7910357781664001,False,USD
859,CIV,2019,Côte d'Ivoire,135130.477,143479.961,108393.661,0.755462018838993,False,Local
860,CIV,2019,Côte d'Ivoire,582.184,618.156,466.994,0.7554630222791658,False,PPP
861,CIV,2019,Côte d'Ivoire,230.633,244.884,185.0,0.7554597278711553,False,USD
862,CIV,2022,Côte d'Ivoire,128952.459,133753.888,115831.058,0.8660014279360612,False,Local
863,CIV,2022,Côte d'Ivoire,554.592,575.242,498.16,0.8660007440346846,False,PPP
864,CIV,2022,Côte d'Ivoire,206.734,214.432,185.698,0.8659994776898972,False,USD
865,COD,2005,"Congo, Democratic Republic of the",13688.537,14289.167,10990.888,0.7691762577902548,True,Local
866,COD,2005,"Congo, Democratic Republic of the",42.8,44.678,34.365,0.7691705089753347,True,PPP
867,COD,2005,"Congo, Democratic Republic of the",28.884,30.152,23.192,0.7691695409923056,True,USD
868,COD,2012,"Congo, Democratic Republic of the",87813.179,94306.63,66302.303,0.703050283951404,True,Local
869,COD,2012,"Congo, Democratic Republic of the",156.983,168.591,118.528,0.7030505780261105,True,PPP
870,COD,2012,"Congo, Democratic Republic of the",95.475,102.534,72.087,0.7030545965240798,True,USD
871,COK,1989,Cook Islands,523.93,536.92,506.61,0.9435483870967742,False,Local
872,COK,1990,Cook Islands,783.73,822.7,710.12,0.863157894736842,False,Local
873,COK,1993,Cook Islands,943.94,987.24,874.66,0.8859649122807017,False,Local
874,COL,2010,Colombia,802608.039,823719.293,773402.687,0.9389153484353318,True,Local
875,COL,2010,Colombia,664.427,681.904,640.25,0.9389151552124639,True,PPP
876,COL,2010,Colombia,422.648,433.765,407.269,0.9389162334443766,True,USD
877,COL,2011,Colombia,836036.115,853920.254,810752.398,0.9494474386831913,False,Local
878,COL,2011,Colombia,690.372,705.14,669.494,0.9494483365005532,False,PPP
879,COL,2011,Colombia,452.396,462.074,438.715,0.9494474910944999,False,USD
880,COL,2012,Colombia,879375.151,904154.891,844668.493,0.9342077352098292,False,Local
881,COL,2012,Colombia,737.355,758.133,708.254,0.9342081138797546,False,PPP
882,COL,2012,Colombia,489.082,502.864,469.779,0.9342068630882306,False,USD
883,COL,2013,Colombia,925139.02,948766.251,892793.719,0.941004929358517,False,Local
884,COL,2013,Colombia,753.806,773.057,727.451,0.9410056438270399,False,PPP
885,COL,2013,Colombia,495.019,507.662,477.712,0.9410040538783679,False,USD
886,COL,2014,Colombia,959581.069,993236.707,914481.964,0.9207089886580279,False,Local
887,COL,2014,Colombia,762.285,789.021,726.459,0.9207093347325356,False,PPP
888,COL,2014,Colombia,479.526,496.344,456.988,0.9207082184936254,False,USD
889,COL,2015,Colombia,977329.688,1005254.134,940664.969,0.9357484214036568,False,Local
890,COL,2015,Colombia,740.705,761.868,712.917,0.935748712375372,False,PPP
891,COL,2015,Colombia,356.458,366.643,343.085,0.9357467618364458,False,USD
892,COL,2016,Colombia,1036404.645,1066749.864,996583.641,0.934224296277951,False,Local
893,COL,2016,Colombia,738.545,760.169,710.168,0.93422383706781,False,PPP
894,COL,2016,Colombia,339.22,349.152,326.187,0.9342263541380259,False,USD
895,COL,2017,Colombia,1089188.331,1114295.661,1056609.176,0.9482305396861811,False,Local
896,COL,2017,Colombia,742.317,759.429,720.114,0.9482308418561841,False,PPP
897,COL,2017,Colombia,369.03,377.537,357.992,0.9482302396851171,False,USD
898,COM,2004,Comoros,112039.802,115763.108,98117.352,0.847570125708788,False,Local
899,COM,2004,Comoros,496.282,512.774,434.612,0.8475702746239084,False,PPP
900,COM,2004,Comoros,283.284,292.698,248.082,0.8475698501527171,False,USD
901,COM,2021,Comoros,105355.189,114104.982,85218.239,0.7468406506562527,False,Local
902,COM,2021,Comoros,461.987,500.356,373.686,0.7468402497421835,False,PPP
903,COM,2021,Comoros,253.285,274.32,204.873,0.746839457567804,False,USD
904,CPV,2015,Cabo Verde,32193.003,33332.483,30874.339,0.9262537987344057,True,Local
905,CPV,2015,Cabo Verde,639.102,661.724,612.924,0.9262532415327235,True,PPP
906,CPV,2015,Cabo Verde,323.92,335.385,310.652,0.926254901083829,True,USD
907,CRI,1978,Costa Rica,1809.0,2075.0,1535.0,0.7397590361445783,False,Local
908,CRI,1979,Costa Rica,2051.0,2318.0,1688.0,0.728213977566868,False,Local
909,CRI,1980,Costa Rica,2360.0,2731.0,1911.0,0.699743683632369,False,Local
910,CRI,1981,Costa Rica,2688.0,3162.0,2143.0,0.6777356103731815,False,Local
911,CRI,1982,Costa Rica,3764.0,4453.0,2999.0,0.6734785537839658,False,Local
912,CRI,1983,Costa Rica,5905.0,7046.0,4519.0,0.6413567981833664,False,Local
913,CRI,1984,Costa Rica,8258.0,9333.0,6743.0,0.7224900889317476,False,Local
914,CRI,1985,Costa Rica,9290.0,10658.0,7696.0,0.722086695440045,False,Local
915,CRI,1986,Costa Rica,10919.0,12374.0,9270.0,0.749151446581542,False,Local
916,CRI,1987,Costa Rica,12906.0,13668.0,11225.0,0.8212613403570383,False,Local
917,CRI,1988,Costa Rica,14965.0,15686.0,13371.0,0.8524161672829275,False,Local
918,CRI,1989,Costa Rica,17532.0,18331.0,15789.0,0.8613278053570455,False,Local
919,CRI,1990,Costa Rica,21233.0,22470.0,18508.0,0.8236760124610591,False,Local
920,CRI,1990,Costa Rica,432.755,457.966,377.216,0.8236768668416433,False,PPP
921,CRI,1990,Costa Rica,231.854,245.361,202.098,0.8236761343489798,False,USD
922,CRI,1991,Costa Rica,26079.0,27124.0,23843.0,0.8790370151895001,False,Local
923,CRI,1991,Costa Rica,430.452,447.701,393.546,0.8790375719509226,False,PPP
924,CRI,1991,Costa Rica,213.007,221.543,194.744,0.8790347697738137,False,USD
925,CRI,1992,Costa Rica,33070.0,34583.0,29848.0,0.8630830176676402,False,Local
926,CRI,1992,Costa Rica,461.755,482.881,416.766,0.8630822086601048,False,PPP
927,CRI,1992,Costa Rica,245.862,257.111,221.908,0.8630824818852557,False,USD
928,CRI,1993,Costa Rica,40020.0,41304.0,37242.0,0.9016560139453806,False,Local
929,CRI,1993,Costa Rica,524.046,540.86,487.67,0.9016566209370263,False,PPP
930,CRI,1993,Costa Rica,281.491,290.522,261.951,0.9016563289527129,False,USD
931,CRI,1994,Costa Rica,47119.0,49247.0,42435.0,0.8616768534123906,False,Local
932,CRI,1994,Costa Rica,557.622,582.806,502.19,0.8616760980497798,False,PPP
933,CRI,1994,Costa Rica,299.994,313.542,270.172,0.8616772234660749,False,USD
934,CRI,1995,Costa Rica,56907.0,59809.0,50837.0,0.8499891320704241,False,Local
935,CRI,1995,Costa Rica,562.034,590.695,502.084,0.8499885727829082,False,PPP
936,CRI,1995,Costa Rica,316.626,332.773,282.853,0.8499878295414591,False,USD
937,CRI,1996,Costa Rica,66228.0,68807.0,60739.0,0.8827444882061418,False,Local
938,CRI,1996,Costa Rica,572.935,595.246,525.45,0.8827442771559995,False,PPP
939,CRI,1996,Costa Rica,318.88,331.298,292.452,0.882746047365212,False,USD
940,CRI,1997,Costa Rica,75687.0,77307.0,72399.0,0.9365128642943071,False,Local
941,CRI,1997,Costa Rica,591.684,604.348,565.98,0.9365133995644894,False,PPP
942,CRI,1997,Costa Rica,325.399,332.364,311.263,0.93651237799521,False,USD
943,CRI,1998,Costa Rica,86161.0,89794.0,78949.0,0.8792235561396085,False,Local
944,CRI,1998,Costa Rica,612.596,638.426,561.319,0.8792232772474804,False,PPP
945,CRI,1998,Costa Rica,334.958,349.082,306.921,0.8792232197592542,False,USD
946,CRI,1999,Costa Rica,95235.4,100530.4,84933.6,0.8448548896652158,False,Local
947,CRI,1999,Costa Rica,628.768,663.727,560.753,0.8448548876269913,False,PPP
948,CRI,1999,Costa Rica,333.358,351.893,297.298,0.8448534071436489,False,USD
949,CRI,2000,Costa Rica,106272.0,111081.0,97042.0,0.8736147495971408,False,Local
950,CRI,2000,Costa Rica,653.674,683.254,596.901,0.8736150831169667,False,PPP
951,CRI,2000,Costa Rica,344.83,360.434,314.881,0.8736162515190019,False,USD
952,CRI,2001,Costa Rica,132037.0,137032.0,123233.0,0.8993008932220211,False,Local
953,CRI,2001,Costa Rica,750.62,779.016,700.57,0.8993011696807255,False,PPP
954,CRI,2001,Costa Rica,401.486,416.674,374.716,0.899302572274728,False,USD
955,CRI,2002,Costa Rica,140127.922,148041.277,126196.864,0.8524437680985418,False,Local
956,CRI,2002,Costa Rica,741.292,783.155,667.596,0.85244427986797,False,PPP
957,CRI,2002,Costa Rica,389.442,411.434,350.725,0.852445349679414,False,USD
958,CRI,2003,Costa Rica,152514.108,158220.563,142190.262,0.8986838328972448,False,Local
959,CRI,2003,Costa Rica,753.906,782.114,702.874,0.8986848464546089,False,PPP
960,CRI,2003,Costa Rica,382.565,396.879,356.668,0.8986819660400273,False,USD
961,CRI,2004,Costa Rica,166804.0,172119.0,156834.0,0.9111951614871107,False,Local
962,CRI,2004,Costa Rica,753.791,777.81,708.736,0.9111942505239069,False,PPP
963,CRI,2004,Costa Rica,380.888,393.024,358.122,0.9111962628236444,False,USD
964,CRI,2006,Costa Rica,207932.65,218194.382,190884.445,0.874836662843134,False,Local
965,CRI,2006,Costa Rica,790.588,829.604,725.768,0.8748366690613835,False,PPP
966,CRI,2006,Costa Rica,406.673,426.743,373.33,0.8748356739302109,False,USD
967,CRI,2007,Costa Rica,235611.362,250688.616,211304.768,0.8428973416168207,False,Local
968,CRI,2007,Costa Rica,842.542,896.458,755.622,0.8428972690298931,False,PPP
969,CRI,2007,Costa Rica,456.066,485.25,409.016,0.8428974755280784,False,USD
970,CRI,2010,Costa Rica,374645.139,390655.068,350939.289,0.8983354312966444,False,Local
971,CRI,2010,Costa Rica,1090.122,1136.706,1021.144,0.8983360693090386,False,PPP
972,CRI,2010,Costa Rica,712.484,742.932,667.402,0.89833524467919,False,USD
973,CRI,2011,Costa Rica,391602.263,400326.513,378174.028,0.94466395734324,False,Local
974,CRI,2011,Costa Rica,1120.763,1145.732,1082.331,0.944663324407453,False,PPP
975,CRI,2011,Costa Rica,774.431,791.684,747.876,0.9446647904972186,False,USD
976,CRI,2012,Costa Rica,435125.827,450254.744,413323.896,0.9179778814279411,False,Local
977,CRI,2012,Costa Rica,1265.682,1309.688,1202.265,0.9179781749546457,False,PPP
978,CRI,2012,Costa Rica,865.231,895.314,821.878,0.9179773800029934,False,USD
979,CRI,2013,Costa Rica,473389.803,489771.182,449991.628,0.9187793086609168,False,Local
980,CRI,2013,Costa Rica,1305.929,1351.12,1241.381,0.918779235005033,False,PPP
981,CRI,2013,Costa Rica,947.221,979.999,900.403,0.9187795089586827,False,USD
982,CRI,2014,Costa Rica,486979.629,508735.864,454867.967,0.894114213658033,False,Local
983,CRI,2014,Costa Rica,1309.341,1367.837,1223.002,0.8941138454362617,False,PPP
984,CRI,2014,Costa Rica,904.633,945.048,844.981,0.8941143730265553,False,USD
985,CRI,2015,Costa Rica,498637.395,515419.672,474344.99,0.9203082764757181,False,Local
986,CRI,2015,Costa Rica,1354.123,1399.698,1288.153,0.9203078092559966,False,PPP
987,CRI,2015,Costa Rica,932.79,964.184,887.346,0.9203077420907213,False,USD
988,CRI,2016,Costa Rica,503547.601,525525.174,471948.051,0.8980503206112824,False,Local
989,CRI,2016,Costa Rica,1390.138,1450.811,1302.901,0.8980501250679793,False,PPP
990,CRI,2016,Costa Rica,924.383,964.728,866.374,0.8980500203166074,False,USD
991,CRI,2017,Costa Rica,516404.404,530265.432,496643.614,0.9365943620477225,False,Local
992,CRI,2017,Costa Rica,1430.062,1468.446,1375.339,0.9365948764884783,False,PPP
993,CRI,2017,Costa Rica,909.943,934.367,875.123,0.9365945072974539,False,USD
994,CRI,2018,Costa Rica,495919.093,506934.934,478917.712,0.9447321142795813,False,Local
995,CRI,2018,Costa Rica,1364.661,1394.974,1317.877,0.9447323032543976,False,PPP
996,CRI,2018,Costa Rica,859.52,878.612,830.053,0.9447321457025399,False,USD
997,CRI,2019,Costa Rica,525206.193,543674.85,498861.122,0.9175725564645854,False,Local
998,CRI,2019,Costa Rica,1471.843,1523.6,1398.014,0.917572853767393,False,PPP
999,CRI,2019,Costa Rica,894.281,925.728,849.422,0.9175719001693803,False,USD
1000,CRI,2021,Costa Rica,481683.715,492865.398,464923.057,0.9433063446665412,False,Local
1001,CRI,2021,Costa Rica,1325.746,1356.522,1279.616,0.9433064852615733,False,PPP
1002,CRI,2021,Costa Rica,775.927,793.939,748.928,0.9433067275949412,False,USD
1003,CUW,2018,Curaçao,2675.09,2909.42,2470.9,0.8492758006750486,False,Local
1004,CUW,2018,Curaçao,1791.206,1948.11,1654.483,0.849275964909579,False,PPP
1005,CUW,2018,Curaçao,1494.464,1625.374,1380.391,0.8492759204958367,False,USD
1006,CYP,1988,Cyprus,517.0,595.0,405.0,0.680672268907563,False,Local
1007,CYP,1989,Cyprus,543.0,625.0,426.0,0.6816,False,Local
1008,CYP,1990,Cyprus,585.0,674.0,458.0,0.6795252225519288,False,Local
1009,CYP,1990,Cyprus,845.915,974.609,662.272,0.6795258406191611,False,PPP
1010,CYP,1990,Cyprus,1277.07,1471.359,999.826,0.6795255270807465,False,USD
1011,CYP,1991,Cyprus,637.0,730.0,504.0,0.6904109589041096,False,Local
1012,CYP,1991,Cyprus,914.089,1047.543,723.235,0.690410799365754,False,PPP
1013,CYP,1991,Cyprus,1371.578,1571.824,1085.205,0.690411267419253,False,USD
1014,CYP,1992,Cyprus,687.0,790.0,538.0,0.6810126582278481,False,Local
1015,CYP,1992,Cyprus,953.615,1096.588,746.79,0.6810123765716932,False,PPP
1016,CYP,1992,Cyprus,1528.2,1757.318,1196.756,0.681012770597012,False,USD
1017,CYP,1993,Cyprus,764.0,862.0,590.0,0.6844547563805105,False,Local
1018,CYP,1993,Cyprus,1041.256,1174.82,804.111,0.6844546398597232,False,PPP
1019,CYP,1993,Cyprus,1535.971,1732.994,1186.156,0.6844547644134948,False,USD
1020,CYP,1994,Cyprus,795.0,909.0,632.0,0.6952695269526953,False,Local
1021,CYP,1994,Cyprus,1061.865,1214.132,844.149,0.6952695423561853,False,PPP
1022,CYP,1994,Cyprus,1615.227,1846.844,1284.054,0.6952693351468776,False,USD
1023,CYP,1995,Cyprus,829.0,944.0,661.0,0.7002118644067796,False,Local
1024,CYP,1995,Cyprus,1109.324,1263.21,884.515,0.7002121579151527,False,PPP
1025,CYP,1995,Cyprus,1832.368,2086.556,1461.031,0.7002117364690906,False,USD
1026,CYP,1996,Cyprus,870.0,988.0,701.0,0.7095141700404858,False,Local
1027,CYP,1996,Cyprus,1157.547,1314.548,932.691,0.7095146012165399,False,PPP
1028,CYP,1996,Cyprus,1865.707,2118.756,1503.288,0.7095144509325284,False,USD
1029,CYP,1997,Cyprus,922.0,1042.0,749.0,0.718809980806142,False,Local
1030,CYP,1997,Cyprus,1228.826,1388.76,998.254,0.7188095855295371,False,PPP
1031,CYP,1997,Cyprus,1794.133,2027.642,1457.49,0.7188103225322813,False,USD
1032,CYP,1998,Cyprus,884.47,992.42,730.79,0.7363716974667983,False,Local
1033,CYP,1998,Cyprus,1171.246,1314.198,967.738,0.7363715361003441,False,PPP
1034,CYP,1998,Cyprus,1708.046,1916.514,1411.267,0.7363718710116389,False,USD
1035,CYP,1999,Cyprus,916.42,1027.98,757.58,0.7369598630323547,False,Local
1036,CYP,1999,Cyprus,1205.739,1352.519,996.752,0.7369597025993719,False,PPP
1037,CYP,1999,Cyprus,1687.86,1893.331,1395.309,0.7369598870984524,False,USD
1038,CYP,2000,Cyprus,973.97,1090.86,807.55,0.7402874796032488,False,Local
1039,CYP,2000,Cyprus,1281.613,1435.425,1062.627,0.7402873713360154,False,PPP
1040,CYP,2000,Cyprus,1564.839,1752.641,1297.458,0.7402873720288411,False,USD
1041,CYP,2001,Cyprus,998.64,1147.22,846.41,0.737792228168965,False,Local
1042,CYP,2001,Cyprus,1305.342,1499.553,1106.359,0.7377925288402609,False,PPP
1043,CYP,2001,Cyprus,1552.836,1783.871,1316.126,0.7377921385571041,False,USD
1044,CYP,2002,Cyprus,1032.54,1186.28,875.02,0.7376167515257781,False,Local
1045,CYP,2002,Cyprus,1349.601,1550.55,1143.712,0.7376169746219083,False,PPP
1046,CYP,2002,Cyprus,1690.859,1942.62,1432.909,0.7376167238059941,False,USD
1047,CYP,2003,Cyprus,1108.29,1279.1,933.3,0.7296536627316081,False,Local
1048,CYP,2003,Cyprus,1430.427,1650.885,1204.574,0.7296534888862641,False,PPP
1049,CYP,2003,Cyprus,2141.858,2471.962,1803.676,0.7296536111801071,False,USD
1050,CYP,2004,Cyprus,1134.69,1308.24,956.87,0.7314177826698465,False,Local
1051,CYP,2004,Cyprus,1460.196,1683.532,1231.365,0.7314176386311636,False,PPP
1052,CYP,2004,Cyprus,2421.444,2791.802,2041.974,0.7314179157404429,False,USD
1053,CYP,2005,Cyprus,1539.471,1793.599,1231.912,0.6868380278980977,False,Local
1054,CYP,2005,Cyprus,1989.12,2317.474,1591.73,0.6868383420914322,False,PPP
1055,CYP,2005,Cyprus,3317.321,3864.928,2654.58,0.6868381506718884,False,USD
1056,CYP,2006,Cyprus,1654.774,1931.502,1314.284,0.6804466161567527,False,Local
1057,CYP,2006,Cyprus,2136.648,2493.959,1697.007,0.680447032208629,False,PPP
1058,CYP,2006,Cyprus,3605.833,4208.835,2863.889,0.6804469645400687,False,USD
1059,CYP,2007,Cyprus,2041.872,2396.562,1610.861,0.6721549452924649,False,Local
1060,CYP,2007,Cyprus,2690.632,3158.015,2122.676,0.6721551354252592,False,PPP
1061,CYP,2007,Cyprus,4791.722,5624.081,3780.255,0.672155148547825,False,USD
1062,CYP,2008,Cyprus,1998.422,2348.336,1598.911,0.6808697733203427,False,Local
1063,CYP,2009,Cyprus,2067.263,2432.85,1679.278,0.6902513512958054,False,Local
1064,CYP,2009,Cyprus,2748.563,3234.635,2232.712,0.6902516048951427,False,PPP
1065,CYP,2009,Cyprus,2883.383,3393.297,2342.228,0.6902513985660554,False,USD
1066,CYP,2010,Cyprus,2129.498,2522.522,1715.888,0.680227169475628,False,Local
1067,CYP,2010,Cyprus,2789.526,3304.366,2247.72,0.6802273113813663,False,PPP
1068,CYP,2010,Cyprus,2823.111,3344.149,2274.782,0.6802274659412605,False,USD
1069,CYP,2011,Cyprus,2227.478,2653.166,1793.441,0.6759626046768276,False,Local
1070,CYP,2011,Cyprus,2921.172,3479.43,2351.964,0.675962442124141,False,PPP
1071,CYP,2011,Cyprus,3100.55,3693.089,2496.389,0.6759623177237267,False,USD
1072,CYP,2012,Cyprus,2326.989,2765.282,1882.734,0.6808470166876289,False,Local
1073,CYP,2012,Cyprus,3030.836,3601.699,2452.206,0.6808470113688012,False,PPP
1074,CYP,2012,Cyprus,2989.69,3552.803,2418.915,0.6808469256527874,False,USD
1075,CYP,2013,Cyprus,2281.072,2673.852,1889.847,0.7067881842375718,False,Local
1076,CYP,2013,Cyprus,3050.168,3575.38,2527.036,0.7067880896576029,False,PPP
1077,CYP,2013,Cyprus,3029.533,3551.191,2509.939,0.7067879480433465,False,USD
1078,CYP,2014,Cyprus,2125.001,2406.977,1846.283,0.7670546914241391,False,Local
1079,CYP,2014,Cyprus,2900.453,3285.327,2520.025,0.7670545428202429,False,PPP
1080,CYP,2014,Cyprus,2823.066,3197.671,2452.788,0.767054521869198,False,USD
1081,CYP,2015,Cyprus,2085.565,2417.815,1761.681,0.7286252256686305,False,Local
1082,CYP,2015,Cyprus,2905.318,3368.161,2454.128,0.728625502165722,False,PPP
1083,CYP,2015,Cyprus,2313.962,2682.597,1954.608,0.7286252836337325,False,USD
1084,CYP,2016,Cyprus,2071.341,2392.545,1741.832,0.7280247602448439,False,Local
1085,CYP,2016,Cyprus,3070.688,3546.862,2582.203,0.7280246595441265,False,PPP
1086,CYP,2016,Cyprus,2292.774,2648.316,1928.039,0.7280245257741146,False,USD
1087,CYP,2017,Cyprus,2037.965,2266.494,1788.71,0.7891968829390239,False,Local
1088,CYP,2017,Cyprus,3024.669,3363.842,2654.734,0.7891969955782703,False,PPP
1089,CYP,2017,Cyprus,2302.251,2560.415,2020.672,0.7891970637572425,False,USD
1090,CYP,2018,Cyprus,2017.198,2306.965,1698.608,0.7362955224721658,False,Local
1091,CYP,2018,Cyprus,3007.267,3439.256,2532.309,0.7362955825329666,False,PPP
1092,CYP,2018,Cyprus,2382.219,2724.42,2005.978,0.7362954316882125,False,USD
1093,CYP,2019,Cyprus,2106.047,2415.557,1765.331,0.7308173642766451,False,Local
1094,CYP,2019,Cyprus,3239.271,3715.321,2715.222,0.7308176063387256,False,PPP
1095,CYP,2019,Cyprus,2357.666,2704.154,1976.243,0.7308174756319351,False,USD
1096,CYP,2020,Cyprus,2242.566,2553.811,1896.373,0.7425659142356267,False,Local
1097,CYP,2020,Cyprus,3523.299,4012.296,2979.395,0.7425661018030574,False,PPP
1098,CYP,2020,Cyprus,2561.45,2916.953,2166.03,0.7425659583819143,False,USD
1099,CYP,2021,Cyprus,2296.837,2658.125,1915.824,0.7207426287326594,False,Local
1100,CYP,2021,Cyprus,3580.084,4143.224,2986.199,0.7207428321519667,False,PPP
1101,CYP,2021,Cyprus,2716.562,3143.872,2265.923,0.7207427656087779,False,USD
1102,CYP,2022,Cyprus,2493.307,2887.932,2068.562,0.7162779456025973,False,Local
1103,CYP,2022,Cyprus,3959.722,4586.443,3285.168,0.7162779522170013,False,PPP
1104,CYP,2022,Cyprus,2625.573,3041.133,2178.296,0.7162777819976962,False,USD
1105,CYP,2023,Cyprus,2552.049,2944.02,2132.95,0.7245025509337572,False,Local
1106,CYP,2023,Cyprus,3991.92,4605.042,3336.364,0.7245024041040233,False,PPP
1107,CYP,2023,Cyprus,2759.451,3183.277,2306.292,0.7245024545460542,False,USD
1108,CZE,2005,Czechia,517.309,590.056,431.423,0.7311560258687311,False,Local
1109,CZE,2005,Czechia,645.648,736.443,538.455,0.7311563827750417,False,PPP
1110,CZE,2005,Czechia,643.58,734.083,536.729,0.7311557412445188,False,USD
1111,CZE,2006,Czechia,592.435,678.506,488.504,0.7199700518492099,False,Local
1112,CZE,2006,Czechia,684.328,783.749,564.276,0.7199702966128185,False,PPP
1113,CZE,2006,Czechia,743.861,851.932,613.365,0.7199694341801928,False,USD
1114,CZE,2007,Czechia,906.835,1038.733,749.747,0.7217899113631703,False,Local
1115,CZE,2007,Czechia,871.795,998.597,720.777,0.7217896709082844,False,PPP
1116,CZE,2007,Czechia,1242.797,1423.56,1027.512,0.7217904408665599,False,USD
1117,CZE,2008,Czechia,999.148,1151.078,818.568,0.7111316522425066,False,Local
1118,CZE,2008,Czechia,758.693,874.06,621.572,0.711131958904423,False,PPP
1119,CZE,2008,Czechia,1469.502,1692.955,1203.914,0.7111317193900606,False,USD
1120,CZE,2009,Czechia,1185.811,1347.583,994.568,0.7380383991190153,False,Local
1121,CZE,2009,Czechia,1086.746,1235.003,911.48,0.7380386930234178,False,PPP
1122,CZE,2009,Czechia,1653.948,1879.585,1387.206,0.7380384499769895,False,USD
1123,CZE,2010,Czechia,1113.785,1267.312,933.532,0.7366236570000128,False,Local
1124,CZE,2010,Czechia,1082.473,1231.684,907.287,0.7366231923123139,False,PPP
1125,CZE,2010,Czechia,1476.563,1680.096,1237.599,0.7366239786297926,False,USD
1126,CZE,2011,Czechia,1206.371,1379.227,1000.287,0.7252518983459575,False,Local
1127,CZE,2011,Czechia,1050.86,1201.434,871.343,0.725252489941187,False,PPP
1128,CZE,2011,Czechia,1679.214,1919.822,1392.355,0.725252132749807,False,USD
1129,CZE,2012,Czechia,1277.034,1457.899,1068.164,0.7326735253951063,False,Local
1130,CZE,2012,Czechia,1328.108,1516.206,1110.885,0.7326741880720694,False,PPP
1131,CZE,2012,Czechia,1640.719,1873.092,1372.366,0.7326741025000373,False,USD
1132,CZE,2013,Czechia,1247.865,1422.495,1045.04,0.7346528458799504,False,Local
1133,CZE,2013,Czechia,1294.933,1476.149,1084.457,0.7346528026642298,False,PPP
1134,CZE,2013,Czechia,1657.312,1889.241,1387.937,0.734653228465823,False,USD
1135,CZE,2014,Czechia,1230.416,1408.004,1025.456,0.7283047491342354,False,Local
1136,CZE,2014,Czechia,1380.265,1579.481,1150.342,0.7283037909287925,False,PPP
1137,CZE,2014,Czechia,1634.609,1870.535,1362.318,0.7283039344358699,False,USD
1138,CZE,2015,Czechia,1210.369,1388.309,1006.974,0.7253241173254658,False,Local
1139,CZE,2015,Czechia,1891.283,2169.326,1573.464,0.7253239024471195,False,PPP
1140,CZE,2015,Czechia,1342.92,1540.347,1117.25,0.7253235796869147,False,USD
1141,CZE,2016,Czechia,1270.884,1454.094,1059.665,0.7287458720000219,False,Local
1142,CZE,2016,Czechia,2017.42,2308.25,1682.128,0.7287460197119029,False,PPP
1143,CZE,2016,Czechia,1406.746,1609.541,1172.947,0.7287462698993067,False,USD
1144,CZE,2017,Czechia,1339.2,1537.038,1114.829,0.7253099793238683,False,Local
1145,CZE,2017,Czechia,1990.024,2284.007,1656.612,0.7253095108727775,False,PPP
1146,CZE,2017,Czechia,1512.87,1736.363,1259.401,0.725309742260115,False,USD
1147,CZE,2018,Czechia,1477.487,1701.143,1233.148,0.724893791997498,False,Local
1148,CZE,2018,Czechia,1941.148,2234.991,1620.132,0.7248941942048089,False,PPP
1149,CZE,2018,Czechia,1744.845,2008.972,1456.292,0.7248941249554498,False,USD
1150,CZE,2019,Czechia,1664.638,1916.199,1391.495,0.7261745779013556,False,Local
1151,CZE,2019,Czechia,2485.714,2861.356,2077.844,0.7261745829599672,False,PPP
1152,CZE,2019,Czechia,1863.52,2145.136,1557.743,0.7261744709892519,False,USD
1153,CZE,2020,Czechia,1815.723,2095.848,1517.318,0.72396376073074,False,Local
1154,CZE,2020,Czechia,2603.613,3005.29,2175.722,0.7239640766781243,False,PPP
1155,CZE,2020,Czechia,2073.912,2393.869,1733.075,0.7239640097265139,False,USD
1156,CZE,2021,Czechia,1838.401,2064.702,1590.959,0.7705513919199961,False,Local
1157,CZE,2021,Czechia,2276.407,2556.625,1970.011,0.7705514105510194,False,PPP
1158,CZE,2021,Czechia,2174.351,2442.006,1881.692,0.7705517513060984,False,USD
1159,CZE,2022,Czechia,1970.678,2223.287,1695.435,0.7625803596206878,False,Local
1160,CZE,2022,Czechia,2940.964,3317.948,2530.202,0.7625803659370191,False,PPP
1161,CZE,2022,Czechia,2075.22,2341.23,1785.375,0.7625799259363668,False,USD
1162,CZE,2023,Czechia,2193.188,2475.027,1889.463,0.7634110658186759,False,Local
1163,CZE,2023,Czechia,2942.22,3320.314,2534.766,0.7634115327646723,False,PPP
1164,CZE,2023,Czechia,2371.426,2676.169,2043.017,0.7634110551314212,False,USD
1165,DEU,2002,Germany,2616.02,2866.59,2138.85,0.7461304197670402,False,Local
1166,DEU,2002,Germany,2809.436,3078.532,2296.986,0.7461302984669316,False,PPP
1167,DEU,2002,Germany,2473.64,2710.572,2022.44,0.7461303370653869,False,USD
1168,DEU,2017,Germany,2850.34,3420.914,2221.042,0.6492539713070834,False,Local
1169,DEU,2017,Germany,3566.589,4280.54,2779.158,0.6492540660757755,False,PPP
1170,DEU,2017,Germany,3219.975,3864.542,2509.069,0.6492539090013771,False,USD
1171,DEU,2018,Germany,2941.702,3537.388,2296.157,0.6491108693759351,False,Local
1172,DEU,2018,Germany,3768.336,4531.412,2941.388,0.6491106966217152,False,PPP
1173,DEU,2018,Germany,3474.017,4177.494,2711.657,0.6491109263113245,False,USD
1174,DEU,2019,Germany,3074.658,3671.386,2440.019,0.664604321092906,False,Local
1175,DEU,2019,Germany,4035.535,4818.749,3202.561,0.6646042364937457,False,PPP
1176,DEU,2019,Germany,3442.001,4110.023,2731.538,0.6646040666925708,False,USD
1177,DEU,2020,Germany,6055.462,7286.097,4667.556,0.6406112902422243,False,PPP
1178,DEU,2021,Germany,4321.553,5112.925,3424.243,0.6697229081201074,False,Local
1179,DEU,2021,Germany,5819.004,6884.592,4610.769,0.6697229116845269,False,PPP
1180,DEU,2021,Germany,5111.275,6047.263,4049.99,0.6697228150983345,False,USD
1181,DNK,1971,Denmark,2757.189,3037.494,1983.387,0.652968203393982,False,Local
1182,DNK,1972,Denmark,3077.107,3381.921,2260.536,0.6684177424605721,False,Local
1183,DNK,1973,Denmark,3552.774,3883.716,2722.888,0.7011037882275635,False,Local
1184,DNK,1974,Denmark,4237.511,4609.686,3336.293,0.7237571062323985,False,Local
1185,DNK,1975,Denmark,5042.919,5466.301,4021.941,0.7357701304776301,False,Local
1186,DNK,1976,Denmark,5623.823,6091.318,4538.146,0.7450187299366081,False,Local
1187,DNK,1977,Denmark,6169.648,6680.705,5033.336,0.7534138986828486,False,Local
1188,DNK,1978,Denmark,6803.872,7374.014,5532.467,0.7502653236080105,False,Local
1189,DNK,1979,Denmark,7577.007,8224.69,6165.574,0.7496421141708683,False,Local
1190,DNK,1980,Denmark,8425.913,9159.989,6845.968,0.7473773167194852,False,Local
1191,DNK,1981,Denmark,9176.598,9991.366,7468.568,0.7475021933937762,False,Local
1192,DNK,1982,Denmark,10132.142,11051.371,8198.874,0.7418874997500311,False,Local
1193,DNK,1983,Denmark,11935.321,13622.578,9125.993,0.669916736758637,False,Local
1194,DNK,1984,Denmark,11583.871,13101.422,8941.287,0.6824669108437237,False,Local
1195,DNK,1985,Denmark,12374.376,13950.091,9540.045,0.6838697324626771,False,Local
1196,DNK,1986,Denmark,13093.666,14743.65,9996.679,0.6780328480396646,False,Local
1197,DNK,1987,Denmark,14352.273,16131.921,10974.894,0.6803215810441918,False,Local
1198,DNK,1988,Denmark,15079.418,16935.702,11603.088,0.6851258955784649,False,Local
1199,DNK,1989,Denmark,15406.553,17252.945,11981.392,0.6944548887161004,False,Local
1200,DNK,1990,Denmark,16312.69,18246.326,12873.255,0.7055258686050002,False,Local
1201,DNK,1990,Denmark,1754.483,1962.451,1384.56,0.7055258959331978,False,PPP
1202,DNK,1990,Denmark,2635.943,2948.397,2080.17,0.7055257483981975,False,USD
1203,DNK,1991,Denmark,16507.295,18281.913,13062.688,0.7145142852391869,False,Local
1204,DNK,1991,Denmark,1784.713,1976.578,1412.293,0.7145141755093904,False,PPP
1205,DNK,1991,Denmark,2580.693,2858.131,2042.175,0.7145141352863112,False,USD
1206,DNK,2002,Denmark,3249.98,3545.3,2780.01,0.7841395650579641,False,Local
1207,DNK,2002,Denmark,2987.803,3259.3,2555.746,0.7841395391648514,False,PPP
1208,DNK,2002,Denmark,3073.096,3352.343,2628.704,0.7841393318046513,False,USD
1209,DNK,2004,Denmark,3081.485,3485.147,2640.437,0.7576257185134515,False,Local
1210,DNK,2004,Denmark,1652.791,1869.3,1416.23,0.7576258492483817,False,PPP
1211,DNK,2004,Denmark,3833.066,4335.182,3284.445,0.7576256314037104,False,USD
1212,DNK,2005,Denmark,3141.032,3522.273,2732.568,0.7757967653273895,False,Local
1213,DNK,2005,Denmark,1670.053,1872.755,1452.877,0.7757966204869297,False,PPP
1214,DNK,2005,Denmark,3907.727,4382.026,3399.561,0.7757966292304063,False,USD
1215,DNK,2006,Denmark,3243.664,3615.529,2839.049,0.7852375129614505,False,Local
1216,DNK,2006,Denmark,1734.15,1932.959,1517.832,0.7852375554784142,False,PPP
1217,DNK,2006,Denmark,4072.74,4539.654,3564.706,0.7852373771216925,False,USD
1218,DNK,2007,Denmark,3919.312,4299.238,3481.766,0.8098565373677846,False,Local
1219,DNK,2007,Denmark,1798.254,1972.57,1597.499,0.8098566844269152,False,PPP
1220,DNK,2007,Denmark,5371.331,5892.011,4771.683,0.8098564310215985,False,USD
1221,DNK,2008,Denmark,3980.118,4429.592,3510.304,0.792466665101436,False,Local
1222,DNK,2008,Denmark,1614.453,1796.773,1423.883,0.7924668280300294,False,PPP
1223,DNK,2008,Denmark,5853.781,6514.846,5162.799,0.7924667751164034,False,USD
1224,DNK,2009,Denmark,4113.236,4521.67,3705.826,0.8195702030444504,False,Local
1225,DNK,2009,Denmark,1869.659,2055.311,1684.472,0.8195703715885333,False,PPP
1226,DNK,2009,Denmark,5737.069,6306.746,5168.821,0.8195701872249176,False,USD
1227,DNK,2010,Denmark,3876.425,4170.229,3580.964,0.8586972082348475,False,Local
1228,DNK,2010,Denmark,1961.712,2110.395,1812.191,0.8586975424031994,False,PPP
1229,DNK,2010,Denmark,5139.041,5528.542,4747.344,0.8586972840217185,False,USD
1230,DNK,2011,Denmark,4056.476,4349.651,3741.845,0.8602632716969706,False,Local
1231,DNK,2011,Denmark,1871.418,2006.672,1726.266,0.8602631620912635,False,PPP
1232,DNK,2011,Denmark,5646.432,6054.52,5208.481,0.8602632413469605,False,USD
1233,DNK,2012,Denmark,4196.064,4522.333,3832.729,0.8475114503951833,False,Local
1234,DNK,2012,Denmark,2249.932,2424.878,2055.112,0.847511503671525,False,PPP
1235,DNK,2012,Denmark,5391.056,5810.242,4924.247,0.8475115150109066,False,USD
1236,DNK,2013,Denmark,4289.899,4673.957,3885.95,0.8314047390679887,False,Local
1237,DNK,2013,Denmark,2195.828,2392.412,1989.063,0.8314048750800449,False,PPP
1238,DNK,2013,Denmark,5697.492,6207.566,5161.001,0.8314049339145166,False,USD
1239,DNK,2014,Denmark,4374.809,4799.33,3927.687,0.8183823575374063,False,Local
1240,DNK,2014,Denmark,2231.505,2448.044,2003.437,0.8183827578262483,False,PPP
1241,DNK,2014,Denmark,5811.937,6375.913,5217.935,0.8183824026457075,False,USD
1242,DNK,2015,Denmark,4444.607,4874.18,3987.424,0.8180707318974678,False,Local
1243,DNK,2015,Denmark,3250.833,3565.028,2916.444,0.8180704331073978,False,PPP
1244,DNK,2015,Denmark,4931.349,5407.965,4424.098,0.8180707530466635,False,USD
1245,DNK,2016,Denmark,4433.877,4837.038,4017.366,0.8305425758491044,False,Local
1246,DNK,2016,Denmark,3289.101,3588.171,2980.129,0.8305426357885396,False,PPP
1247,DNK,2016,Denmark,4907.872,5354.132,4446.836,0.8305428405575359,False,USD
1248,DNK,2017,Denmark,4501.776,4984.993,4015.676,0.8055529867343845,False,Local
1249,DNK,2017,Denmark,3295.213,3648.919,2939.397,0.8055528226304832,False,PPP
1250,DNK,2017,Denmark,5085.572,5631.453,4536.434,0.8055530251251319,False,USD
1251,DNK,2018,Denmark,4581.099,5070.776,4084.978,0.8055922801559368,False,Local
1252,DNK,2018,Denmark,3149.605,3486.268,2808.511,0.8055923985189893,False,PPP
1253,DNK,2018,Denmark,5410.069,5988.356,4824.173,0.8055922193002554,False,USD
1254,DNK,2019,Denmark,4707.56,5190.906,4214.601,0.8119201156792282,False,Local
1255,DNK,2019,Denmark,3679.485,4057.274,3294.182,0.8119200231485475,False,PPP
1256,DNK,2019,Denmark,5269.993,5811.087,4718.138,0.8119200418097337,False,USD
1257,DNK,2020,Denmark,5273.986,5733.827,4776.425,0.8330256563373817,False,Local
1258,DNK,2020,Denmark,4048.726,4401.735,3666.759,0.8330258409468085,False,PPP
1259,DNK,2020,Denmark,6023.926,6549.154,5455.614,0.8330257618006843,False,USD
1260,DNK,2021,Denmark,5583.08,5987.452,5151.531,0.8603878578066262,False,Local
1261,DNK,2021,Denmark,4090.279,4386.53,3774.118,0.8603880516034315,False,PPP
1262,DNK,2021,Denmark,6603.334,7081.6,6092.924,0.8603880478987799,False,USD
1263,DNK,2022,Denmark,5642.185,6037.343,5218.516,0.8643729534664504,False,Local
1264,DNK,2022,Denmark,5128.791,5487.994,4743.673,0.8643728473464074,False,PPP
1265,DNK,2022,Denmark,5941.495,6357.616,5495.351,0.8643729033021182,False,USD
1266,DNK,2023,Denmark,5666.941,6108.578,5174.567,0.8470984572841666,False,Local
1267,DNK,2023,Denmark,4857.232,5235.767,4435.21,0.8470984289407837,False,PPP
1268,DNK,2023,Denmark,6127.486,6605.014,5595.097,0.8470984315854592,False,USD
1269,DOM,2000,Dominican Republic,4704.57,5210.158,3979.993,0.763891037469497,True,Local
1270,DOM,2000,Dominican Republic,576.194,638.116,487.451,0.7638908913112977,True,PPP
1271,DOM,2000,Dominican Republic,290.738,321.983,245.96,0.7638912613398844,True,USD
1272,DOM,2001,Dominican Republic,5070.581,5550.204,4364.417,0.7863525376724892,False,Local
1273,DOM,2001,Dominican Republic,586.475,641.949,504.798,0.7863521868559652,False,PPP
1274,DOM,2001,Dominican Republic,303.792,332.527,261.484,0.786354190787515,False,USD
1275,DOM,2002,Dominican Republic,5157.613,5646.97,4489.981,0.7951133085530824,False,Local
1276,DOM,2002,Dominican Republic,575.92,630.564,501.37,0.7951135808577718,False,PPP
1277,DOM,2002,Dominican Republic,293.162,320.977,255.213,0.7951130454830098,False,USD
1278,DOM,2003,Dominican Republic,5598.878,6143.956,4884.836,0.7950636365234387,False,Local
1279,DOM,2003,Dominican Republic,501.677,550.518,437.697,0.795063921615642,False,PPP
1280,DOM,2003,Dominican Republic,190.633,209.192,166.321,0.7950638647749435,False,USD
1281,DOM,2004,Dominican Republic,6774.098,7467.786,5830.208,0.7807143911194027,False,Local
1282,DOM,2004,Dominican Republic,411.48,453.617,354.145,0.780713685774563,False,PPP
1283,DOM,2004,Dominican Republic,161.556,178.1,139.045,0.7807130825379001,False,USD
1284,DOM,2005,Dominican Republic,7753.122,8405.184,6882.334,0.8188201471853561,False,Local
1285,DOM,2005,Dominican Republic,467.344,506.649,414.855,0.818821314164244,False,PPP
1286,DOM,2005,Dominican Republic,256.024,277.556,227.269,0.818822147602646,False,USD
1287,DOM,2006,Dominican Republic,8588.013,9521.108,7400.17,0.7772383214222547,False,Local
1288,DOM,2006,Dominican Republic,496.752,550.724,428.044,0.7772386894342719,False,PPP
1289,DOM,2006,Dominican Republic,257.898,285.919,222.227,0.7772376092529703,False,USD
1290,DOM,2007,Dominican Republic,9217.967,10196.428,7940.664,0.7787691925054538,False,Local
1291,DOM,2007,Dominican Republic,516.659,571.5,445.067,0.7787699037620298,False,PPP
1292,DOM,2007,Dominican Republic,277.885,307.382,239.38,0.7787703899382526,False,USD
1293,DOM,2008,Dominican Republic,10298.722,11607.875,8678.233,0.7476159934527207,False,Local
1294,DOM,2008,Dominican Republic,541.73,610.593,456.489,0.7476158423041207,False,PPP
1295,DOM,2008,Dominican Republic,298.26,336.174,251.329,0.7476158179990124,False,USD
1296,DOM,2009,Dominican Republic,11038.588,12149.105,9676.714,0.7964960381855289,False,Local
1297,DOM,2009,Dominican Republic,570.358,627.738,499.99,0.7964947159483733,False,PPP
1298,DOM,2009,Dominican Republic,306.867,337.739,269.008,0.7964967030754517,False,USD
1299,DOM,2010,Dominican Republic,11326.755,12167.301,10348.724,0.8505357104258373,False,Local
1300,DOM,2010,Dominican Republic,559.434,600.949,511.128,0.8505347375567645,False,PPP
1301,DOM,2010,Dominican Republic,307.614,330.442,281.053,0.8505365540700032,False,USD
1302,DOM,2011,Dominican Republic,12128.816,12832.988,11345.169,0.8840629321869544,False,Local
1303,DOM,2011,Dominican Republic,584.1,618.012,546.361,0.8840621217710983,False,PPP
1304,DOM,2011,Dominican Republic,318.445,336.934,297.87,0.8840603797776418,False,USD
1305,DOM,2012,Dominican Republic,13259.004,13790.679,12672.785,0.9189384366063483,False,Local
1306,DOM,2012,Dominican Republic,643.141,668.93,614.706,0.918939201411209,False,PPP
1307,DOM,2012,Dominican Republic,337.205,350.727,322.296,0.9189369509618592,False,USD
1308,DOM,2013,Dominican Republic,13371.922,14073.325,12563.319,0.8927043893323006,False,Local
1309,DOM,2013,Dominican Republic,610.947,642.993,574.003,0.8927048972539359,False,PPP
1310,DOM,2013,Dominican Republic,319.944,336.727,300.597,0.8927023968971897,False,USD
1311,DOM,2014,Dominican Republic,13895.798,14771.314,12938.756,0.8759380512796626,False,Local
1312,DOM,2014,Dominican Republic,617.731,656.651,575.186,0.8759386645265143,False,PPP
1313,DOM,2014,Dominican Republic,319.079,339.183,297.103,0.8759371784552882,False,USD
1314,DOM,2015,Dominican Republic,13062.85,13558.199,12509.756,0.922670924065947,True,Local
1315,DOM,2015,Dominican Republic,573.543,595.292,549.258,0.9226698830153941,True,PPP
1316,DOM,2015,Dominican Republic,289.992,300.989,277.714,0.9226715926495653,True,USD
1317,DOM,2016,Dominican Republic,13570.556,14179.381,12884.637,0.9086882565607061,False,Local
1318,DOM,2016,Dominican Republic,589.069,615.497,559.295,0.9086884257762426,False,PPP
1319,DOM,2016,Dominican Republic,294.599,307.816,279.709,0.9086889570392703,False,USD
1320,DOM,2017,Dominican Republic,14544.43,15065.444,14006.166,0.9296882322220308,False,Local
1321,DOM,2017,Dominican Republic,606.496,628.222,584.051,0.9296888679479548,False,PPP
1322,DOM,2017,Dominican Republic,305.977,316.938,294.654,0.929689718493838,False,USD
1323,DOM,2018,Dominican Republic,15971.025,16788.524,15098.984,0.8993633984738623,False,Local
1324,DOM,2018,Dominican Republic,659.633,693.397,623.616,0.8993635680569716,False,PPP
1325,DOM,2018,Dominican Republic,322.582,339.094,304.968,0.8993612390664536,False,USD
1326,DOM,2019,Dominican Republic,16884.531,17618.909,16120.414,0.9149496146441304,False,Local
1327,DOM,2019,Dominican Republic,722.118,753.526,689.438,0.9149491855622766,False,PPP
1328,DOM,2019,Dominican Republic,329.166,343.483,314.27,0.9149506671363647,False,USD
1329,DOM,2020,Dominican Republic,19206.503,20212.957,18146.116,0.8977467275075093,True,Local
1330,DOM,2020,Dominican Republic,837.852,881.757,791.594,0.8977462044531545,True,PPP
1331,DOM,2020,Dominican Republic,339.791,357.596,321.031,0.8977477376704438,True,USD
1332,DOM,2021,Dominican Republic,20473.529,21513.446,19374.89,0.900594446840362,False,Local
1333,DOM,2021,Dominican Republic,884.928,929.876,837.441,0.9005942727847585,False,PPP
1334,DOM,2021,Dominican Republic,357.797,375.97,338.597,0.900595792217464,False,USD
1335,DOM,2022,Dominican Republic,22602.613,23902.956,21228.651,0.8881182310673208,False,Local
1336,DOM,2022,Dominican Republic,969.696,1025.483,910.75,0.8881180867942229,False,PPP
1337,DOM,2022,Dominican Republic,409.906,433.488,384.989,0.8881191636215996,False,USD
1338,DOM,2023,Dominican Republic,25548.746,27247.579,23807.72,0.8737554261242806,False,Local
1339,DOM,2023,Dominican Republic,1089.09,1161.508,1014.874,0.8737554971640316,False,PPP
1340,DOM,2023,Dominican Republic,454.947,485.198,423.945,0.87375669314383,False,USD
1341,ECU,2001,Ecuador,160.006,168.945,142.223,0.8418301814199889,False,Local
1342,ECU,2001,Ecuador,381.811,403.142,339.376,0.8418274454162553,False,PPP
1343,ECU,2001,Ecuador,160.006,168.945,142.223,0.8418301814199889,False,USD
1344,ECU,2003,Ecuador,207.696,215.249,192.426,0.893969309961951,False,Local
1345,ECU,2003,Ecuador,424.126,439.548,392.944,0.893972899433054,False,PPP
1346,ECU,2003,Ecuador,207.696,215.249,192.426,0.893969309961951,False,USD
1347,ECU,2004,Ecuador,229.958,237.416,215.063,0.9058488054722512,False,Local
1348,ECU,2004,Ecuador,469.284,484.503,438.886,0.9058478482073383,False,PPP
1349,ECU,2004,Ecuador,229.958,237.416,215.063,0.9058488054722512,False,USD
1350,ECU,2005,Ecuador,242.427,251.451,225.162,0.8954508035362755,False,Local
1351,ECU,2005,Ecuador,500.658,519.295,465.004,0.895452488469945,False,PPP
1352,ECU,2005,Ecuador,242.427,251.451,225.162,0.8954508035362755,False,USD
1353,ECU,2006,Ecuador,258.327,264.448,245.953,0.9300618647144241,True,Local
1354,ECU,2006,Ecuador,533.12,545.752,507.584,0.9300634720532404,True,PPP
1355,ECU,2006,Ecuador,258.327,264.448,245.953,0.9300618647144241,True,USD
1356,ECU,2007,Ecuador,280.923,289.24,264.364,0.9139952980224034,False,Local
1357,ECU,2007,Ecuador,583.019,600.279,548.654,0.9139983241126209,False,PPP
1358,ECU,2007,Ecuador,280.923,289.24,264.364,0.9139952980224034,False,USD
1359,ECU,2008,Ecuador,298.705,308.596,279.42,0.905455676677598,False,Local
1360,ECU,2008,Ecuador,593.839,613.503,555.5,0.9054560450397144,False,PPP
1361,ECU,2008,Ecuador,298.705,308.596,279.42,0.905455676677598,False,USD
1362,ECU,2009,Ecuador,317.0,325.098,301.463,0.927298845271272,False,Local
1363,ECU,2009,Ecuador,597.157,612.412,567.89,0.9273005754296126,False,PPP
1364,ECU,2009,Ecuador,317.0,325.098,301.463,0.927298845271272,False,USD
1365,ECU,2010,Ecuador,354.506,361.149,342.061,0.9471464686320604,True,Local
1366,ECU,2010,Ecuador,655.466,667.747,632.454,0.9471461496644688,True,PPP
1367,ECU,2010,Ecuador,354.506,361.149,342.061,0.9471464686320604,True,USD
1368,EGY,1969,Egypt,17.407,17.71,12.514,0.7066064370412196,False,Local
1369,EGY,1970,Egypt,16.974,17.277,12.037,0.6967066041558141,False,Local
1370,EGY,1971,Egypt,17.277,17.536,11.864,0.6765510948905109,False,Local
1371,EGY,1972,Egypt,19.485,19.831,13.899,0.7008723715395089,False,Local
1372,EGY,1973,Egypt,20.221,20.481,13.466,0.6574874273717103,False,Local
1373,EGY,1974,Egypt,22.992,23.339,17.32,0.7421054886670381,False,Local
1374,EGY,1975,Egypt,24.161,24.638,17.32,0.7029791379170387,False,Local
1375,EGY,1976,Egypt,28.232,28.621,21.52,0.7518954613745152,False,Local
1376,EGY,1978,Egypt,38.537,38.71,36.372,0.9396021699819168,False,Local
1377,EGY,1982,Egypt,81.621,83.872,55.164,0.6577165204120565,False,Local
1378,EGY,1985,Egypt,138.56,138.56,116.91,0.84375,False,Local
1379,EGY,1986,Egypt,147.22,151.55,121.24,0.7999999999999999,False,Local
1380,EGY,1987,Egypt,164.54,168.87,134.23,0.7948717948717948,False,Local
1381,EGY,1988,Egypt,186.19,194.85,155.88,0.8,False,Local
1382,EGY,1989,Egypt,212.17,216.5,181.86,0.8400000000000001,False,Local
1383,EGY,1990,Egypt,238.15,246.81,199.18,0.8070175438596492,False,Local
1384,EGY,1990,Egypt,463.746,480.61,387.861,0.8070181644160546,False,PPP
1385,EGY,1990,Egypt,153.645,159.232,128.503,0.8070174336816719,False,USD
1386,EGY,1991,Egypt,255.47,264.13,216.5,0.819672131147541,False,Local
1387,EGY,1991,Egypt,433.025,447.704,366.97,0.8196710326465702,False,PPP
1388,EGY,1991,Egypt,81.412,84.171,68.993,0.8196766107091514,False,USD
1389,EGY,1992,Egypt,277.12,285.78,242.48,0.8484848484848485,False,Local
1390,EGY,1992,Egypt,425.871,439.18,372.637,0.8484835375017077,False,PPP
1391,EGY,1992,Egypt,83.426,86.033,72.998,0.8484883707414597,False,USD
1392,EGY,1993,Egypt,329.08,333.41,285.78,0.857142857142857,False,Local
1393,EGY,1993,Egypt,464.493,470.605,403.376,0.8571434642640855,False,PPP
1394,EGY,1993,Egypt,98.159,99.451,85.243,0.8571356748549537,False,USD
1395,EGY,1994,Egypt,355.06,359.39,298.77,0.8313253012048193,False,Local
1396,EGY,1994,Egypt,475.461,481.259,400.083,0.8313257518300957,False,PPP
1397,EGY,1994,Egypt,104.888,106.167,88.259,0.8313223506362617,False,USD
1398,EGY,1996,Egypt,428.67,441.66,359.39,0.8137254901960783,False,Local
1399,EGY,1996,Egypt,489.626,504.464,410.495,0.8137250626407434,False,PPP
1400,EGY,1996,Egypt,126.396,130.226,105.968,0.8137238339502096,False,USD
1401,EGY,1997,Egypt,463.31,471.97,407.02,0.8623853211009174,False,Local
1402,EGY,1997,Egypt,517.62,527.295,454.732,0.8623863302326024,False,PPP
1403,EGY,1997,Egypt,136.72,139.275,120.109,0.8623873631304971,False,USD
1404,EGY,1998,Egypt,489.29,497.95,424.34,0.8521739130434782,False,Local
1405,EGY,1998,Egypt,534.434,543.894,463.492,0.8521734014348384,False,PPP
1406,EGY,1998,Egypt,144.418,146.975,125.248,0.8521721381187277,False,USD
1407,EGY,1999,Egypt,619.19,640.84,502.28,0.7837837837837837,False,Local
1408,EGY,1999,Egypt,670.471,693.914,543.878,0.7837830048103944,False,PPP
1409,EGY,1999,Egypt,182.369,188.746,147.936,0.7837834973986204,False,USD
1410,EGY,2000,Egypt,701.46,731.77,541.25,0.7396449704142012,False,Local
1411,EGY,2000,Egypt,764.681,797.722,590.031,0.7396448888209175,False,PPP
1412,EGY,2000,Egypt,202.03,210.76,155.888,0.7396469918390587,False,USD
1413,EGY,2001,Egypt,666.82,679.81,575.89,0.8471337579617835,False,Local
1414,EGY,2001,Egypt,730.874,745.111,631.209,0.847134185376407,False,PPP
1415,EGY,2001,Egypt,167.838,171.107,144.951,0.8471365870478706,False,USD
1416,EGY,2002,Egypt,705.79,723.11,601.87,0.8323353293413174,False,Local
1417,EGY,2002,Egypt,764.919,783.69,652.293,0.832335489798262,False,PPP
1418,EGY,2002,Egypt,156.854,160.703,133.759,0.8323366707528794,False,USD
1419,EGY,2003,Egypt,753.42,775.07,645.17,0.8324022346368714,False,Local
1420,EGY,2003,Egypt,799.056,822.017,684.249,0.8324024928924827,False,PPP
1421,EGY,2003,Egypt,128.77,132.471,110.269,0.8324010538155521,False,USD
1422,EGY,2004,Egypt,822.7,835.69,731.77,0.8756476683937823,False,Local
1423,EGY,2004,Egypt,805.147,817.86,716.157,0.8756474213190522,False,PPP
1424,EGY,2004,Egypt,132.774,134.87,118.099,0.8756506265292504,False,USD
1425,EGY,2005,Egypt,896.31,930.95,723.11,0.7767441860465116,False,Local
1426,EGY,2005,Egypt,864.835,898.258,697.717,0.7767445433271954,False,PPP
1427,EGY,2005,Egypt,155.102,161.096,125.131,0.776748026021751,False,USD
1428,EGY,2006,Egypt,991.57,1021.88,814.04,0.7966101694915254,False,Local
1429,EGY,2006,Egypt,917.477,945.522,753.212,0.7966097034230827,False,PPP
1430,EGY,2006,Egypt,172.953,178.24,141.988,0.7966113105924596,False,USD
1431,EGY,2007,Egypt,1091.16,1130.13,878.99,0.7777777777777777,False,Local
1432,EGY,2007,Egypt,949.905,983.83,765.201,0.7777776648404704,False,PPP
1433,EGY,2007,Egypt,193.625,200.54,155.976,0.7777799940161564,False,USD
1434,EGY,2010,Egypt,760.359,800.762,600.5,0.7499107100486787,False,Local
1435,EGY,2010,Egypt,473.133,498.274,373.661,0.7499106917077752,False,PPP
1436,EGY,2010,Egypt,135.248,142.435,106.814,0.7499139958577596,False,USD
1437,EGY,2013,Egypt,1398.949,1437.857,1264.304,0.8792974544756538,False,Local
1438,EGY,2013,Egypt,729.309,749.593,659.116,0.8792984993189638,False,PPP
1439,EGY,2013,Egypt,203.622,209.285,184.024,0.879298564158922,False,USD
1440,EGY,2015,Egypt,1816.641,1855.046,1683.266,0.9073985227320509,False,Local
1441,EGY,2015,Egypt,774.111,790.476,717.277,0.9073988331081526,False,PPP
1442,EGY,2015,Egypt,236.196,241.189,218.854,0.9073962742911161,False,USD
1443,EGY,2016,Egypt,1961.061,2024.731,1742.14,0.8604303485253103,True,Local
1444,EGY,2016,Egypt,739.303,763.307,656.772,0.8604296829453942,True,PPP
1445,EGY,2016,Egypt,195.609,201.96,173.773,0.8604327589621706,True,USD
1446,EGY,2017,Egypt,2153.413,2229.71,1892.742,0.8488736203362769,False,Local
1447,EGY,2017,Egypt,629.311,651.608,553.133,0.8488738628132253,False,PPP
1448,EGY,2017,Egypt,121.097,125.388,106.438,0.8488691102816857,False,USD
1449,EGY,2018,Egypt,2245.307,2325.148,1950.08,0.8386906983985535,False,Local
1450,EGY,2018,Egypt,612.203,633.973,531.707,0.8386902912269135,False,PPP
1451,EGY,2018,Egypt,126.373,130.867,109.757,0.8386911902924344,False,USD
1452,EGY,2019,Egypt,2592.565,2665.639,2157.66,0.8094344357956946,False,Local
1453,EGY,2019,Egypt,651.951,670.327,542.586,0.8094347982402619,False,PPP
1454,EGY,2019,Egypt,154.59,158.947,128.657,0.8094333331236199,False,USD
1455,EGY,2020,Egypt,2705.454,2783.753,2350.276,0.8442832392098005,False,Local
1456,EGY,2020,Egypt,664.189,683.412,576.993,0.844282804516163,False,PPP
1457,EGY,2020,Egypt,171.675,176.643,149.137,0.8442848004166595,False,USD
1458,EGY,2021,Egypt,2912.839,2980.197,2621.784,0.8797351316037161,False,Local
1459,EGY,2021,Egypt,707.953,724.324,637.214,0.8797361401803614,False,PPP
1460,EGY,2021,Egypt,186.189,190.495,167.585,0.8797343762303472,False,USD
1461,EGY,2022,Egypt,3241.331,3306.615,2946.025,0.8909489009152866,False,Local
1462,EGY,2022,Egypt,747.032,762.078,678.973,0.8909494828613344,False,PPP
1463,EGY,2022,Egypt,169.168,172.575,153.756,0.8909517601043025,False,USD
1464,EGY,2023,Egypt,3889.176,3976.351,3385.253,0.8513466240782064,False,Local
1465,EGY,2023,Egypt,697.046,712.67,606.729,0.8513463454333704,False,PPP
1466,EGY,2023,Egypt,126.988,129.834,110.534,0.8513486451930927,False,USD
1467,ESP,2006,Spain,1572.821,1745.746,1324.208,0.7585341739290825,False,Local
1468,ESP,2006,Spain,1989.147,2207.845,1674.727,0.7585346797442757,False,PPP
1469,ESP,2006,Spain,1974.832,2191.956,1662.674,0.7585343866391479,False,USD
1470,ESP,2007,Spain,1976.1,2196.898,1669.911,0.7601222268853629,False,Local
1471,ESP,2007,Spain,2445.339,2718.566,2066.443,0.7601224321940319,False,PPP
1472,ESP,2007,Spain,2708.202,3010.8,2288.577,0.7601225587883619,False,USD
1473,ESP,2008,Spain,2191.699,2457.322,1851.946,0.7536440075822378,False,Local
1474,ESP,2008,Spain,2732.23,3063.363,2308.685,0.7536439527408276,False,PPP
1475,ESP,2008,Spain,3223.454,3614.12,2723.76,0.7536440405963278,False,USD
1476,ESP,2009,Spain,1815.18,2023.93,1570.78,0.7761039166374331,False,Local
1477,ESP,2009,Spain,2265.153,2525.651,1960.167,0.7761036659459284,False,PPP
1478,ESP,2009,Spain,2531.781,2822.942,2190.896,0.7761037952604057,False,USD
1479,ESP,2010,Spain,1838.82,2049.81,1595.78,0.7785014220830223,False,Local
1480,ESP,2010,Spain,2296.484,2559.987,1992.954,0.7785016095784861,False,PPP
1481,ESP,2010,Spain,2437.754,2717.467,2115.552,0.778501450063607,False,USD
1482,ESP,2011,Spain,1841.75,2058.04,1601.05,0.7779489222755631,False,Local
1483,ESP,2011,Spain,2326.485,2599.701,2022.434,0.7779486948691408,False,PPP
1484,ESP,2011,Spain,2563.634,2864.7,2228.59,0.777948825356931,False,USD
1485,ESP,2012,Spain,1850.26,2083.74,1595.48,0.7656809390806916,False,Local
1486,ESP,2012,Spain,2354.56,2651.676,2030.338,0.7656810258870239,False,PPP
1487,ESP,2012,Spain,2377.193,2677.166,2049.855,0.7656809476887125,False,USD
1488,ESP,2013,Spain,1869.11,2102.1,1621.61,0.7714238142809571,False,Local
1489,ESP,2013,Spain,2464.359,2771.548,2138.038,0.7714237675118742,False,PPP
1490,ESP,2013,Spain,2482.399,2791.837,2153.69,0.7714239763997683,False,USD
1491,ESP,2014,Spain,1881.32,2125.86,1618.1,0.7611507813308496,False,Local
1492,ESP,2014,Spain,2527.881,2856.463,2174.199,0.761150765824728,False,PPP
1493,ESP,2014,Spain,2499.335,2824.207,2149.647,0.761150652200777,False,USD
1494,ESP,2015,Spain,1893.7,2122.47,1643.79,0.7744703105344246,False,Local
1495,ESP,2015,Spain,2565.37,2875.282,2226.821,0.774470469331356,False,PPP
1496,ESP,2015,Spain,2101.085,2354.908,1823.806,0.7744701703845756,False,USD
1497,ESP,2016,Spain,1878.09,2075.65,1661.0,0.8002312528605496,False,Local
1498,ESP,2016,Spain,2614.304,2889.308,2312.115,0.800231404890029,False,PPP
1499,ESP,2016,Spain,2078.864,2297.543,1838.566,0.8002313776064256,False,USD
1500,ESP,2017,Spain,1888.95,2090.65,1668.68,0.7981632506636692,False,Local
1501,ESP,2017,Spain,2658.138,2941.971,2348.173,0.7981632041920195,False,PPP
1502,ESP,2017,Spain,2133.911,2361.768,1885.076,0.7981630710552433,False,USD
1503,ESP,2018,Spain,1944.42,2161.31,1708.39,0.7904419079169578,False,Local
1504,ESP,2018,Spain,2734.072,3039.044,2402.187,0.7904416652078746,False,PPP
1505,ESP,2018,Spain,2296.272,2552.409,2017.531,0.7904418923456232,False,USD
1506,ESP,2019,Spain,2435.809,2717.101,2120.385,0.7803850500956718,False,Local
1507,ESP,2019,Spain,3566.51,3978.379,3104.667,0.7803849256192031,False,PPP
1508,ESP,2019,Spain,2726.826,3041.726,2373.717,0.7803848867386477,False,USD
1509,ESP,2020,Spain,2626.703,2873.061,2349.408,0.8177369015137513,False,Local
1510,ESP,2020,Spain,3826.18,4185.036,3422.258,0.8177368127777156,False,PPP
1511,ESP,2020,Spain,3000.21,3281.599,2683.484,0.817736719203047,False,USD
1512,ESP,2021,Spain,2593.193,2821.374,2339.935,0.8293600919268413,False,Local
1513,ESP,2021,Spain,3961.959,4310.58,3575.023,0.8293600861137017,False,PPP
1514,ESP,2021,Spain,3067.074,3336.952,2767.535,0.829360146624824,False,USD
1515,ESP,2022,Spain,2708.794,2989.707,2400.771,0.8030121346339291,False,Local
1516,ESP,2022,Spain,4291.58,4736.635,3803.576,0.8030122650362546,False,PPP
1517,ESP,2022,Spain,2852.492,3148.307,2528.129,0.8030122221244624,False,USD
1518,ESP,2023,Spain,2944.235,3240.36,2624.343,0.8098924193608117,False,Local
1519,ESP,2023,Spain,4701.756,5174.649,4190.908,0.8098922265065708,False,PPP
1520,ESP,2023,Spain,3183.509,3503.7,2837.619,0.8098921140508606,False,USD
1521,EST,2002,Estonia,395.33,451.22,329.82,0.7309516422144408,False,Local
1522,EST,2002,Estonia,13179.429,15042.679,10995.471,0.730951647642019,False,PPP
1523,EST,2002,Estonia,373.814,426.662,311.869,0.7309509635261636,False,USD
1524,EST,2004,Estonia,414.186,495.586,338.393,0.6828138809409466,False,Local
1525,EST,2004,Estonia,769.027,920.162,628.301,0.6828156346382485,False,PPP
1526,EST,2004,Estonia,32.883,39.346,26.866,0.6828140090479338,False,USD
1527,EST,2005,Estonia,445.495,535.064,359.666,0.6721924853849259,False,Local
1528,EST,2005,Estonia,803.99,965.636,649.094,0.6721932488018261,False,PPP
1529,EST,2005,Estonia,35.402,42.52,28.582,0.6722013170272813,False,USD
1530,EST,2006,Estonia,512.271,611.912,416.605,0.6808250205911961,False,Local
1531,EST,2006,Estonia,876.031,1046.425,712.432,0.6808247127123301,False,PPP
1532,EST,2006,Estonia,41.095,49.089,33.421,0.6808246246613294,False,USD
1533,EST,2007,Estonia,804.916,962.96,650.047,0.6750508847719532,False,Local
1534,EST,2007,Estonia,1309.905,1567.104,1057.875,0.6750509219554031,False,PPP
1535,EST,2007,Estonia,70.398,84.22,56.853,0.6750534314889575,False,USD
1536,EST,2008,Estonia,948.293,1127.079,779.151,0.6913011421559624,False,Local
1537,EST,2008,Estonia,1516.985,1802.989,1246.409,0.6913014998982246,False,PPP
1538,EST,2008,Estonia,88.672,105.389,72.856,0.6913055442218827,False,USD
1539,EST,2009,Estonia,1017.959,1221.729,841.205,0.6885364921353263,False,Local
1540,EST,2009,Estonia,1698.674,2038.706,1403.724,0.6885367483099574,False,PPP
1541,EST,2009,Estonia,90.426,108.526,74.724,0.6885354661555757,False,USD
1542,EST,2010,Estonia,1040.87,1251.419,862.178,0.688960292276208,False,Local
1543,EST,2010,Estonia,1774.306,2133.216,1469.702,0.6889607053387937,False,PPP
1544,EST,2010,Estonia,88.158,105.991,73.024,0.6889641573341133,False,USD
1545,EST,2011,Estonia,1043.19,1260.796,852.164,0.6758936417945488,False,Local
1546,EST,2012,Estonia,1129.167,1354.624,918.127,0.6777725774827553,False,Local
1547,EST,2012,Estonia,1888.049,2265.03,1535.175,0.6777724798347041,False,PPP
1548,EST,2012,Estonia,1450.74,1740.406,1179.599,0.6777723128971056,False,USD
1549,EST,2013,Estonia,1218.527,1490.048,970.231,0.6511407686195344,False,Local
1550,EST,2013,Estonia,2037.092,2491.011,1621.999,0.6511408420115367,False,PPP
1551,EST,2013,Estonia,1618.348,1978.96,1288.581,0.6511404980393741,False,USD
1552,EST,2014,Estonia,1400.531,1689.055,1133.255,0.6709402594942142,False,Local
1553,EST,2014,Estonia,2338.197,2819.891,1891.978,0.6709401178981741,False,PPP
1554,EST,2014,Estonia,1860.606,2243.911,1505.53,0.6709401576087465,False,USD
1555,EST,2015,Estonia,1429.967,1653.322,1217.125,0.7361693608383606,False,Local
1556,EST,2015,Estonia,2370.607,2740.887,2017.757,0.7361693495572783,False,PPP
1557,EST,2015,Estonia,1586.566,1834.382,1350.416,0.7361694565254129,False,USD
1558,EST,2016,Estonia,1471.64,1714.109,1239.163,0.7229196042958762,False,Local
1559,EST,2016,Estonia,2478.915,2887.344,2087.317,0.7229194027452219,False,PPP
1560,EST,2016,Estonia,1628.963,1897.353,1371.633,0.7229192459178656,False,USD
1561,EST,2017,Estonia,1482.831,1674.764,1299.89,0.7761630892472015,False,Local
1562,EST,2017,Estonia,2444.802,2761.249,2143.18,0.7761632507607971,False,PPP
1563,EST,2017,Estonia,1675.127,1891.949,1468.462,0.7761636280893407,False,USD
1564,EST,2018,Estonia,1637.51,1842.367,1440.261,0.7817448966465422,False,Local
1565,EST,2018,Estonia,2673.813,3008.314,2351.735,0.781745190162995,False,PPP
1566,EST,2018,Estonia,1933.825,2175.751,1700.883,0.7817452456646004,False,USD
1567,EST,2019,Estonia,1693.642,1886.108,1510.551,0.800882558156797,False,Local
1568,EST,2019,Estonia,2802.994,3121.527,2499.976,0.8008823886514517,False,PPP
1569,EST,2019,Estonia,1895.989,2111.45,1691.023,0.8008823320466978,False,USD
1570,EST,2020,Estonia,1920.384,2149.896,1699.39,0.7904521893152041,False,Local
1571,EST,2020,Estonia,3183.385,3563.844,2817.048,0.7904521073312972,False,PPP
1572,EST,2020,Estonia,2193.455,2455.603,1941.036,0.7904518767895299,False,USD
1573,EST,2021,Estonia,2044.395,2248.34,1843.801,0.8200721421137371,False,Local
1574,EST,2021,Estonia,3240.816,3564.116,2922.831,0.8200717933984192,False,PPP
1575,EST,2021,Estonia,2417.988,2659.203,2180.737,0.8200716530479245,False,USD
1576,EST,2022,Estonia,2132.681,2361.554,1916.774,0.8116579167785279,False,Local
1577,EST,2022,Estonia,3187.121,3529.153,2864.464,0.8116576413660729,False,PPP
1578,EST,2022,Estonia,2245.817,2486.831,2018.456,0.8116578890966052,False,USD
1579,EST,2023,Estonia,2418.598,2716.815,2142.428,0.788580746204655,False,Local
1580,EST,2023,Estonia,3484.47,3914.11,3086.592,0.7885808012549469,False,PPP
1581,EST,2023,Estonia,2615.154,2937.607,2316.54,0.7885806372329587,False,USD
1582,ETH,2013,Ethiopia,1345.499,1516.786,1039.51,0.6853372855498402,False,Local
1583,ETH,2013,Ethiopia,187.774,211.678,145.071,0.6853381078808378,False,PPP
1584,ETH,2013,Ethiopia,72.235,81.431,55.808,0.6853409635151233,False,USD
1585,ETH,2021,Ethiopia,4195.965,4617.399,3439.449,0.7448888432643572,False,Local
1586,ETH,2021,Ethiopia,312.275,343.639,255.973,0.7448892587861099,False,PPP
1587,ETH,2021,Ethiopia,95.943,105.58,78.645,0.7448853949611669,False,USD
1588,FIN,2004,Finland,2227.584,2571.503,1887.637,0.7340598086022065,False,Local
1589,FIN,2004,Finland,2094.562,2417.944,1774.915,0.7340595977408906,False,PPP
1590,FIN,2004,Finland,2770.896,3198.699,2348.036,0.7340596911431804,False,USD
1591,FIN,2005,Finland,2265.635,2616.847,1925.481,0.7358019020599981,False,Local
1592,FIN,2005,Finland,2121.361,2450.209,1802.868,0.7358017214041741,False,PPP
1593,FIN,2005,Finland,2818.655,3255.594,2395.472,0.7358018229545822,False,USD
1594,FIN,2006,Finland,2336.174,2692.855,1984.211,0.7368428675142182,False,Local
1595,FIN,2006,Finland,2236.876,2578.397,1899.873,0.7368426972262224,False,PPP
1596,FIN,2006,Finland,2933.297,3381.145,2491.373,0.7368429925365519,False,USD
1597,FIN,2007,Finland,3052.066,3495.271,2606.696,0.745777938248565,False,Local
1598,FIN,2007,Finland,3019.041,3457.45,2578.49,0.7457779577434236,False,PPP
1599,FIN,2007,Finland,4182.79,4790.193,3572.42,0.745777884106131,False,USD
1600,FIN,2008,Finland,3156.464,3669.396,2647.005,0.7213734903510005,False,Local
1601,FIN,2008,Finland,3181.108,3698.045,2667.672,0.72137359064046,False,PPP
1602,FIN,2008,Finland,4642.387,5396.784,3893.097,0.7213735068885471,False,USD
1603,FIN,2009,Finland,3396.454,3933.499,2868.588,0.7292713179792344,False,Local
1604,FIN,2009,Finland,3447.245,3992.322,2911.486,0.7292713363300856,False,PPP
1605,FIN,2009,Finland,4737.314,5486.375,4001.056,0.7292713312524208,False,USD
1606,FIN,2010,Finland,3452.691,3908.195,3008.14,0.7697005906818876,False,Local
1607,FIN,2010,Finland,3527.66,3993.055,3073.457,0.769700642740959,False,PPP
1608,FIN,2010,Finland,4577.29,5181.159,3987.941,0.7697005631365492,False,USD
1609,FIN,2011,Finland,3541.288,3951.765,3137.946,0.7940618938626158,False,Local
1610,FIN,2011,Finland,3636.192,4057.671,3222.041,0.794061667394917,False,PPP
1611,FIN,2011,Finland,4929.314,5500.681,4367.88,0.794061680726441,False,USD
1612,FIN,2012,Finland,3691.604,4165.486,3232.304,0.7759728396638472,False,Local
1613,FIN,2012,Finland,3727.462,4205.947,3263.701,0.7759729259546067,False,PPP
1614,FIN,2012,Finland,4742.931,5351.769,4152.828,0.7759729539896061,False,USD
1615,FIN,2013,Finland,3809.484,4308.903,3326.753,0.7720649548156456,False,Local
1616,FIN,2013,Finland,3876.438,4384.635,3385.222,0.7720647214648426,False,PPP
1617,FIN,2013,Finland,5059.444,5722.732,4418.32,0.7720648110028566,False,USD
1618,FIN,2014,Finland,3965.993,4432.131,3532.456,0.7970107381753834,False,Local
1619,FIN,2014,Finland,4053.322,4529.724,3610.239,0.7970108112547254,False,PPP
1620,FIN,2014,Finland,5268.825,5888.09,4692.871,0.7970107454199918,False,USD
1621,FIN,2015,Finland,4081.802,4530.029,3634.316,0.8022721267347294,False,Local
1622,FIN,2015,Finland,4167.911,4625.593,3710.985,0.8022722708201955,False,PPP
1623,FIN,2015,Finland,4528.812,5026.125,4032.32,0.8022721281305181,False,USD
1624,FIN,2016,Finland,4128.517,4584.065,3680.155,0.8028147506634397,False,Local
1625,FIN,2016,Finland,4345.597,4825.098,3873.66,0.8028147822075323,False,PPP
1626,FIN,2016,Finland,4569.869,5074.115,4073.575,0.8028148751062993,False,USD
1627,FIN,2017,Finland,4135.847,4566.444,3707.211,0.811837613688025,False,Local
1628,FIN,2017,Finland,4407.175,4866.021,3950.418,0.8118374335005953,False,PPP
1629,FIN,2017,Finland,4672.188,5158.626,4187.966,0.8118374931619389,False,USD
1630,FIN,2018,Finland,4115.657,4576.121,3647.848,0.7971485019736148,False,Local
1631,FIN,2018,Finland,4436.409,4932.76,3932.142,0.7971484523877098,False,PPP
1632,FIN,2018,Finland,4860.404,5404.191,4307.943,0.7971485463781721,False,USD
1633,FIN,2019,Finland,4129.216,4621.77,3646.56,0.7889964234481593,False,Local
1634,FIN,2019,Finland,4593.693,5141.653,4056.746,0.7889964569759959,False,PPP
1635,FIN,2019,Finland,4622.552,5173.954,4082.231,0.7889963845832415,False,USD
1636,FIN,2020,Finland,4229.336,4674.024,3756.05,0.8036009228878584,False,Local
1637,FIN,2020,Finland,4768.496,5269.873,4234.874,0.8036007698857259,False,PPP
1638,FIN,2020,Finland,4830.732,5338.652,4290.145,0.8036007966055851,False,USD
1639,FIN,2021,Finland,4336.414,4779.46,3865.457,0.8087643792394956,False,Local
1640,FIN,2021,Finland,4973.648,5481.799,4433.484,0.8087644220446609,False,PPP
1641,FIN,2021,Finland,5128.852,5652.86,4571.832,0.8087644130581689,False,USD
1642,FIN,2022,Finland,4620.305,5090.332,4150.138,0.8152980984344439,False,Local
1643,FIN,2022,Finland,5438.532,5991.798,4885.102,0.8152981792777394,False,PPP
1644,FIN,2022,Finland,4865.406,5360.367,4370.297,0.8152980943282427,False,USD
1645,FIN,2023,Finland,4759.639,5240.5,4283.923,0.8174645549088827,False,Local
1646,FIN,2023,Finland,5564.298,6126.452,5008.158,0.8174646598063611,False,PPP
1647,FIN,2023,Finland,5146.449,5666.388,4632.072,0.8174646706155668,False,USD
1648,FLK,2012,"Falkland Islands, Malvinas",139.583,173.083,122.833,0.7096768602346851,False,Local
1649,FLK,2016,"Falkland Islands, Malvinas",2154.167,2363.083,1891.667,0.8005080650997023,False,Local
1650,FRA,1999,France,1366.9,1558.4,1146.7,0.7358187885010267,False,Local
1651,FRA,1999,France,1414.88,1613.102,1186.951,0.735818937674121,False,PPP
1652,FRA,1999,France,1456.81,1660.906,1222.126,0.7358188843920126,False,USD
1653,FRA,2000,France,1396.3,1592.4,1171.1,0.735430796282341,False,Local
1654,FRA,2000,France,1492.718,1702.359,1251.967,0.7354306582806566,False,PPP
1655,FRA,2000,France,1289.64,1470.761,1081.643,0.7354308415847307,False,USD
1656,FRA,2001,France,1434.7,1629.9,1208.9,0.7417019449045954,False,Local
1657,FRA,2001,France,1574.26,1788.448,1326.495,0.7417017436347044,False,PPP
1658,FRA,2001,France,1284.96,1459.787,1082.726,0.7417013578008299,False,USD
1659,FRA,2002,France,2203.8,2350.07,1937.07,0.8242605539409463,False,Local
1660,FRA,2002,France,2433.667,2595.194,2139.116,0.824260536977197,False,PPP
1661,FRA,2002,France,2083.855,2222.164,1831.642,0.8242604956249853,False,USD
1662,FRA,2004,France,1992.726,2261.96,1694.399,0.7490844223593697,False,Local
1663,FRA,2004,France,2112.792,2398.247,1796.49,0.749084643908655,False,PPP
1664,FRA,2004,France,2478.757,2813.657,2107.667,0.7490845543717659,False,USD
1665,FRA,2005,France,1557.414,1772.226,1325.897,0.7481534522120767,True,Local
1666,FRA,2005,France,1676.206,1907.403,1427.031,0.7481539035012528,True,PPP
1667,FRA,2005,France,1937.563,2204.809,1649.536,0.7481536949459113,True,USD
1668,FRA,2006,France,1592.678,1801.633,1371.114,0.7610395679919273,False,Local
1669,FRA,2006,France,1716.938,1942.196,1478.087,0.7610390506416449,False,PPP
1670,FRA,2006,France,1999.764,2262.128,1721.569,0.7610396051859134,False,USD
1671,FRA,2007,France,1633.953,1847.072,1410.484,0.7636323868262851,False,Local
1672,FRA,2007,France,1764.374,1994.504,1523.068,0.7636324620055914,False,PPP
1673,FRA,2007,France,2239.297,2531.372,1933.038,0.7636325281309899,False,USD
1674,FRA,2008,France,1676.993,1898.871,1443.25,0.7600568969666712,False,Local
1675,FRA,2008,France,1812.578,2052.395,1559.936,0.7600564218875996,False,PPP
1676,FRA,2008,France,2466.447,2792.776,2122.668,0.7600566604697263,False,USD
1677,FRA,2009,France,1717.239,1951.293,1476.967,0.7569170801104704,False,Local
1678,FRA,2009,France,1889.622,2147.171,1625.231,0.7569173577698284,False,PPP
1679,FRA,2009,France,2395.175,2721.629,2060.048,0.7569172727068971,False,USD
1680,FRA,2010,France,1738.951,1969.879,1503.324,0.7631555034598573,False,Local
1681,FRA,2010,France,1937.948,2195.301,1675.357,0.7631559408026508,False,PPP
1682,FRA,2010,France,2305.357,2611.501,1992.982,0.7631557483608086,False,USD
1683,FRA,2011,France,1784.44,2023.092,1541.476,0.7619406334462299,False,Local
1684,FRA,2011,France,2021.646,2292.022,1746.385,0.7619407667116633,False,PPP
1685,FRA,2011,France,2483.861,2816.053,2145.666,0.7619409151745369,False,USD
1686,FRA,2012,France,1819.133,2067.191,1566.588,0.7578341817471148,False,Local
1687,FRA,2012,France,2052.076,2331.898,1767.192,0.7578341762804376,False,PPP
1688,FRA,2012,France,2337.201,2655.903,2012.734,0.7578341528286237,False,USD
1689,FRA,2013,France,1826.341,2075.444,1575.89,0.7593025877836261,False,Local
1690,FRA,2013,France,2120.959,2410.247,1830.106,0.7593022623822372,False,PPP
1691,FRA,2013,France,2425.596,2756.435,2092.967,0.7593021420784456,False,USD
1692,FRA,2014,France,1843.536,2084.425,1601.748,0.7684363793372272,False,Local
1693,FRA,2014,France,2144.964,2425.24,1863.642,0.7684361135392787,False,PPP
1694,FRA,2014,France,2449.14,2769.161,2127.923,0.7684359992069799,False,USD
1695,FRA,2015,France,1851.132,2093.43,1609.714,0.768936147853045,False,Local
1696,FRA,2015,France,2123.006,2400.89,1846.131,0.7689361028618554,False,PPP
1697,FRA,2015,France,2053.855,2322.687,1785.998,0.7689361502432313,False,USD
1698,FRA,2016,France,1866.954,2107.755,1625.982,0.7714283680978101,False,Local
1699,FRA,2016,France,2203.814,2488.063,1919.362,0.7714282154430977,False,PPP
1700,FRA,2016,France,2066.538,2333.08,1799.804,0.7714283265040205,False,USD
1701,FRA,2017,France,1889.213,2118.576,1659.395,0.7832596045645754,False,Local
1702,FRA,2017,France,2228.277,2498.804,1957.212,0.7832595113502299,False,PPP
1703,FRA,2017,France,2134.209,2393.316,1874.587,0.7832592937998994,False,USD
1704,FRA,2018,France,1931.652,2175.934,1687.112,0.775350722953913,False,Local
1705,FRA,2018,France,2297.633,2588.197,2006.761,0.775350948942449,False,PPP
1706,FRA,2018,France,2281.193,2569.679,1992.403,0.7753509290460014,False,USD
1707,FRA,2019,France,1986.284,2235.438,1739.648,0.7782134865739957,False,Local
1708,FRA,2019,France,2460.105,2768.694,2154.635,0.7782134826022667,False,PPP
1709,FRA,2019,France,2223.595,2502.516,1947.492,0.7782136058270955,False,USD
1710,FRA,2020,France,2015.55,2252.553,1780.588,0.7904755182231007,False,Local
1711,FRA,2020,France,2542.694,2841.682,2246.28,0.7904755000735482,False,PPP
1712,FRA,2020,France,2302.154,2572.857,2033.781,0.7904757240686132,False,USD
1713,FRA,2021,France,3856.986,4496.244,3220.355,0.716232259637155,False,Local
1714,FRA,2021,France,4868.745,5675.693,4065.115,0.7162323614050301,False,PPP
1715,FRA,2021,France,4561.813,5317.889,3808.844,0.716232324518244,False,USD
1716,FRA,2022,France,3958.107,4539.734,3385.675,0.7457870879659468,False,Local
1717,FRA,2022,France,5223.148,5990.668,4467.762,0.7457869472986985,False,PPP
1718,FRA,2022,France,4168.079,4780.561,3565.28,0.7457869484355498,False,USD
1719,FRA,2023,France,4107.888,4642.333,3571.583,0.7693508845660146,False,Local
1720,FRA,2023,France,5322.974,6015.504,4628.034,0.7693509970236907,False,PPP
1721,FRA,2023,France,4441.731,5019.608,3861.841,0.7693511126765277,False,USD
1722,GBR,1998,United Kingdom of Great Britain and Northern Ireland,,1615.467,1365.867,0.8454935941124144,False,Local
1723,GBR,1998,United Kingdom of Great Britain and Northern Ireland,,1997.567,1688.93,0.8454935428949317,False,PPP
1724,GBR,1998,United Kingdom of Great Britain and Northern Ireland,,2675.395,2262.029,0.8454934691886619,False,USD
1725,GBR,2000,United Kingdom of Great Britain and Northern Ireland,1959.533,2044.467,1494.567,0.7310301413522449,False,Local
1726,GBR,2000,United Kingdom of Great Britain and Northern Ireland,2520.109,2629.34,1922.126,0.731029840188032,False,PPP
1727,GBR,2000,United Kingdom of Great Britain and Northern Ireland,2964.808,3093.314,2261.306,0.731030215490571,False,USD
1728,GBR,2001,United Kingdom of Great Britain and Northern Ireland,1949.133,2037.1,1590.767,0.7808978449757008,False,Local
1729,GBR,2001,United Kingdom of Great Britain and Northern Ireland,2578.045,2694.395,2104.047,0.7808977525566965,False,PPP
1730,GBR,2001,United Kingdom of Great Britain and Northern Ireland,2805.901,2932.535,2290.01,0.7808977556960106,False,USD
1731,GBR,2002,United Kingdom of Great Britain and Northern Ireland,2046.2,2268.067,1676.133,0.7390138827468501,False,Local
1732,GBR,2002,United Kingdom of Great Britain and Northern Ireland,2678.349,2968.759,2193.955,0.7390141806727997,False,PPP
1733,GBR,2002,United Kingdom of Great Britain and Northern Ireland,3066.739,3399.262,2512.102,0.7390139389079158,False,USD
1734,GBR,2003,United Kingdom of Great Britain and Northern Ireland,2112.933,2336.967,1736.367,0.7430002220827251,False,Local
1735,GBR,2003,United Kingdom of Great Britain and Northern Ireland,2780.435,3075.243,2284.906,0.7430001466550773,False,PPP
1736,GBR,2003,United Kingdom of Great Britain and Northern Ireland,3449.842,3815.627,2835.012,0.7430002985092621,False,USD
1737,GBR,2004,United Kingdom of Great Britain and Northern Ireland,2193.1,2415.4,1829.1,0.7572658772874058,False,Local
1738,GBR,2004,United Kingdom of Great Britain and Northern Ireland,2953.173,3252.516,2463.02,0.7572660672537813,False,PPP
1739,GBR,2004,United Kingdom of Great Britain and Northern Ireland,4015.343,4422.352,3348.896,0.7572658169227597,False,USD
1740,GBR,2012,United Kingdom of Great Britain and Northern Ireland,2014.78,2456.823,1576.496,0.6416807397195484,False,Local
1741,GBR,2012,United Kingdom of Great Britain and Northern Ireland,1261.081,1537.762,986.752,0.6416805721561594,False,PPP
1742,GBR,2012,United Kingdom of Great Britain and Northern Ireland,2588.567,3156.498,2025.464,0.6416807487284959,False,USD
1743,GBR,2013,United Kingdom of Great Britain and Northern Ireland,2057.561,2504.403,1617.156,0.6457251488678141,False,Local
1744,GBR,2013,United Kingdom of Great Britain and Northern Ireland,1249.843,1521.272,982.324,0.6457254192544134,False,PPP
1745,GBR,2013,United Kingdom of Great Britain and Northern Ireland,2732.684,3326.142,2147.774,0.6457252877357611,False,USD
1746,GBR,2014,United Kingdom of Great Britain and Northern Ireland,2086.503,2536.357,1639.382,0.6463530173394361,False,Local
1747,GBR,2014,United Kingdom of Great Britain and Northern Ireland,1195.318,1453.031,939.171,0.6463530372029228,False,PPP
1748,GBR,2014,United Kingdom of Great Britain and Northern Ireland,2771.921,3369.553,2177.921,0.6463530919383075,False,USD
1749,GBR,2015,United Kingdom of Great Britain and Northern Ireland,2131.64,2581.271,1680.853,0.6511726199999922,False,Local
1750,GBR,2015,United Kingdom of Great Britain and Northern Ireland,1560.611,1889.793,1230.582,0.6511729062389374,False,PPP
1751,GBR,2015,United Kingdom of Great Britain and Northern Ireland,2365.082,2863.953,1864.929,0.6511730464850506,False,USD
1752,GBR,2016,United Kingdom of Great Britain and Northern Ireland,2173.03,2640.146,1715.012,0.6495898332895226,False,Local
1753,GBR,2016,United Kingdom of Great Britain and Northern Ireland,1843.752,2240.088,1455.138,0.649589658977683,False,PPP
1754,GBR,2016,United Kingdom of Great Britain and Northern Ireland,2405.333,2922.386,1898.352,0.6495897530305716,False,USD
1755,GBR,2017,United Kingdom of Great Britain and Northern Ireland,2243.247,2723.063,1764.867,0.6481183138252768,False,Local
1756,GBR,2017,United Kingdom of Great Britain and Northern Ireland,1960.982,2380.424,1542.796,0.6481181503799324,False,PPP
1757,GBR,2017,United Kingdom of Great Britain and Northern Ireland,2534.154,3076.193,1993.737,0.6481183072713578,False,USD
1758,GBR,2018,United Kingdom of Great Britain and Northern Ireland,2315.906,2786.275,1849.892,0.6639301576477555,False,Local
1759,GBR,2018,United Kingdom of Great Britain and Northern Ireland,1881.789,2263.988,1503.13,0.6639301975098809,False,PPP
1760,GBR,2018,United Kingdom of Great Britain and Northern Ireland,2734.98,3290.464,2184.638,0.6639300718682836,False,USD
1761,GBR,2019,United Kingdom of Great Britain and Northern Ireland,2482.0,2968.0,1997.0,0.6728436657681941,False,Local
1762,GBR,2019,United Kingdom of Great Britain and Northern Ireland,3285.181,3928.451,2643.234,0.6728438257216394,False,PPP
1763,GBR,2019,United Kingdom of Great Britain and Northern Ireland,3168.059,3788.396,2548.998,0.6728435992435848,False,USD
1764,GBR,2020,United Kingdom of Great Britain and Northern Ireland,2543.343,3023.062,2082.927,0.6890123325290716,False,Local
1765,GBR,2020,United Kingdom of Great Britain and Northern Ireland,2311.844,2747.898,1893.336,0.6890124742621451,False,PPP
1766,GBR,2020,United Kingdom of Great Britain and Northern Ireland,2904.997,3452.93,2379.112,0.6890125198020233,False,USD
1767,GBR,2021,United Kingdom of Great Britain and Northern Ireland,2553.992,3019.46,2099.43,0.695299821822445,False,Local
1768,GBR,2021,United Kingdom of Great Britain and Northern Ireland,2134.513,2523.53,1754.61,0.6952998379254456,False,PPP
1769,GBR,2021,United Kingdom of Great Britain and Northern Ireland,3020.709,3571.237,2483.08,0.6952996958756867,False,USD
1770,GBR,2022,United Kingdom of Great Britain and Northern Ireland,2744.647,3219.269,2271.927,0.7057276046208006,False,Local
1771,GBR,2022,United Kingdom of Great Britain and Northern Ireland,3020.247,3542.527,2500.059,0.7057275780819737,False,PPP
1772,GBR,2022,United Kingdom of Great Britain and Northern Ireland,2890.247,3390.046,2392.449,0.7057275918969832,False,USD
1773,GBR,2023,United Kingdom of Great Britain and Northern Ireland,2913.212,3388.911,2437.933,0.719385371879049,False,Local
1774,GBR,2023,United Kingdom of Great Britain and Northern Ireland,3050.3,3548.385,2552.656,0.7193852978185851,False,PPP
1775,GBR,2023,United Kingdom of Great Britain and Northern Ireland,3149.964,3664.324,2636.061,0.7193853491121418,False,USD
1776,GEO,2015,Georgia,900.416,1074.322,692.531,0.6446214449671513,False,Local
1777,GEO,2015,Georgia,1056.055,1260.022,812.237,0.6446212843902726,False,PPP
1778,GEO,2015,Georgia,396.774,473.407,305.168,0.6446208019737774,False,USD
1779,GEO,2016,Georgia,940.01,1116.591,731.224,0.6548718375842185,False,Local
1780,GEO,2016,Georgia,1080.752,1283.771,840.705,0.6548714685095707,False,PPP
1781,GEO,2016,Georgia,397.178,471.788,308.96,0.6548704078950714,False,USD
1782,GEO,2017,Georgia,546.466,634.781,461.697,0.7273327336514483,False,Local
1783,GEO,2017,Georgia,582.791,676.976,492.387,0.7273330221455413,False,PPP
1784,GEO,2017,Georgia,217.755,252.947,183.976,0.7273302312342111,False,USD
1785,GEO,2018,Georgia,556.574,646.709,471.008,0.7283152082312138,False,Local
1786,GEO,2018,Georgia,593.154,689.213,501.965,0.7283162099380017,False,PPP
1787,GEO,2018,Georgia,219.633,255.201,185.867,0.7283161116139827,False,USD
1788,GEO,2019,Georgia,599.346,686.685,515.48,0.7506789867260827,False,Local
1789,GEO,2019,Georgia,625.664,716.838,538.115,0.7506786749586378,False,PPP
1790,GEO,2019,Georgia,212.674,243.666,182.915,0.7506792084246469,False,USD
1791,GEO,2020,Georgia,613.599,684.379,544.624,0.7957929743606978,False,Local
1792,GEO,2020,Georgia,610.776,681.231,542.118,0.795791735842908,False,PPP
1793,GEO,2020,Georgia,197.361,220.127,175.176,0.7957951546152902,False,USD
1794,GEO,2021,Georgia,663.756,753.966,575.975,0.7639270205818299,False,Local
1795,GEO,2021,Georgia,618.324,702.359,536.551,0.7639269945996279,False,PPP
1796,GEO,2021,Georgia,206.036,234.038,178.788,0.763927225493296,False,USD
1797,GEO,2022,Georgia,745.602,848.333,648.808,0.7648034439306263,False,Local
1798,GEO,2022,Georgia,670.388,762.756,583.359,0.7648042099963817,False,PPP
1799,GEO,2022,Georgia,255.676,290.904,222.484,0.7648021340373456,False,USD
1800,GEO,2023,Georgia,866.97,992.328,751.361,0.7571700083037061,False,Local
1801,GEO,2023,Georgia,791.899,906.403,686.302,0.7571709272806908,False,PPP
1802,GEO,2023,Georgia,329.902,377.604,285.911,0.7571715341998496,False,USD
1803,GGY,2013,Guernsey,2470.0,2730.0,2166.667,0.7936509157509157,False,Local
1804,GHA,1991,Ghana,31533.845,32976.372,27343.181,0.8291749316753219,False,Local
1805,GHA,2006,Ghana,1159860.505,1236036.92,941622.688,0.761807898100649,True,Local
1806,GHA,2013,Ghana,625.753,679.554,500.584,0.7366360877869897,True,Local
1807,GHA,2013,Ghana,665.672,722.905,532.517,0.7366348275361218,True,PPP
1808,GHA,2013,Ghana,315.822,342.975,252.648,0.7366367811064946,True,USD
1809,GHA,2015,Ghana,895.608,1008.882,710.52,0.7042647207502959,True,Local
1810,GHA,2015,Ghana,679.624,765.581,539.172,0.7042651267468759,True,PPP
1811,GHA,2015,Ghana,241.102,271.596,191.275,0.7042629493806978,True,USD
1812,GHA,2017,Ghana,849.39,954.579,621.538,0.6511121656772253,True,Local
1813,GHA,2017,Ghana,496.944,558.486,363.637,0.6511121138220116,True,PPP
1814,GHA,2017,Ghana,195.238,219.417,142.865,0.6511118099326852,True,USD
1815,GIB,1980,Gibraltar,398.187,422.175,278.289,0.65917925031089,False,Local
1816,GIB,1981,Gibraltar,,433.13,294.224,0.6792972086902316,False,Local
1817,GIB,1985,Gibraltar,538.479,580.177,373.419,0.6436294441179157,False,Local
1818,GIB,1989,Gibraltar,750.172,807.328,538.003,0.6663995303024298,False,Local
1819,GIB,1990,Gibraltar,796.33,856.344,574.374,0.6707281186065412,False,Local
1820,GIB,1991,Gibraltar,905.143,972.258,630.664,0.648659100773663,False,Local
1821,GIB,1992,Gibraltar,892.759,946.495,666.95,0.7046524281691927,False,Local
1822,GIB,1993,Gibraltar,887.044,955.977,676.0,0.7071299832527351,False,Local
1823,GIB,1994,Gibraltar,939.653,940.303,668.595,0.7110420789894322,False,Local
1824,GIB,1995,Gibraltar,934.847,1010.276,706.05,0.6988684280335274,False,Local
1825,GIB,1996,Gibraltar,992.912,1079.512,743.591,0.6888214304241176,False,Local
1826,GIB,1997,Gibraltar,930.95,1009.02,715.576,0.7091792035836753,False,Local
1827,GIB,1998,Gibraltar,1009.15,1076.048,804.254,0.7474146134744919,False,Local
1828,GIB,1999,Gibraltar,1067.302,1137.707,859.072,0.755090721952137,False,Local
1829,GIB,2000,Gibraltar,1056.13,1118.829,867.948,0.7757646610876193,False,Local
1830,GIB,2001,Gibraltar,1143.64,1233.963,863.272,0.6995930996310262,False,Local
1831,GIB,2002,Gibraltar,1139.31,1235.003,852.794,0.6905197801138945,False,Local
1832,GIB,2003,Gibraltar,1194.214,1300.905,882.454,0.6783385412462862,False,Local
1833,GIB,2004,Gibraltar,1176.591,1266.785,911.465,0.7195104141586772,False,Local
1834,GIB,2005,Gibraltar,1258.298,1370.185,936.969,0.6838266365490792,False,Local
1835,GIB,2006,Gibraltar,,1503.722,1013.913,0.6742689140678929,False,Local
1836,GIB,2007,Gibraltar,,1478.565,995.9,0.6735584840707036,False,Local
1837,GIB,2009,Gibraltar,,1635.528,1094.884,0.6694376372645409,False,Local
1838,GIB,2010,Gibraltar,,1651.592,1118.136,0.6770049745942096,False,Local
1839,GIB,2011,Gibraltar,,1749.623,1130.433,0.6461009028802205,False,Local
1840,GIB,2012,Gibraltar,1201.099,1733.992,1201.099,0.6926785129343157,False,Local
1841,GIB,2018,Gibraltar,,1886.494,1331.735,0.705931214199462,False,Local
1842,GIN,2019,Guinea,1765988.126,1846063.233,1495499.588,0.810102038362843,False,Local
1843,GIN,2019,Guinea,586.523,613.118,496.688,0.8101018074824095,False,PPP
1844,GIN,2019,Guinea,192.292,201.011,162.84,0.810104919631264,False,USD
1845,GMB,2012,Gambia,3603.209,3923.574,2779.67,0.7084535680988813,True,Local
1846,GMB,2012,Gambia,326.845,355.905,252.142,0.7084530984391902,True,PPP
1847,GMB,2012,Gambia,112.33,122.317,86.656,0.7084542622857004,True,USD
1848,GMB,2018,Gambia,3988.236,4087.448,3750.876,0.9176571787579928,True,Local
1849,GMB,2018,Gambia,267.582,274.239,251.657,0.9176557674145546,True,PPP
1850,GMB,2018,Gambia,82.826,84.887,77.897,0.9176552357840424,True,USD
1851,GNB,2022,Guinea-Bissau,87940.423,92822.954,74487.455,0.8024680511676024,False,Local
1852,GNB,2022,Guinea-Bissau,398.295,420.409,337.364,0.8024661698488852,False,PPP
1853,GNB,2022,Guinea-Bissau,140.984,148.812,119.417,0.8024688869177217,False,USD
1854,GRC,2002,Greece,1263.72,1419.37,1015.29,0.7153103137307397,False,Local
1855,GRC,2002,Greece,1775.506,1994.192,1426.466,0.7153102609979379,False,PPP
1856,GRC,2002,Greece,1194.94,1342.119,960.032,0.7153106393695343,False,USD
1857,GRC,2006,Greece,1651.0,1837.0,1400.0,0.7621121393576483,False,Local
1858,GRC,2006,Greece,2181.903,2427.714,1850.19,0.762112011546665,False,PPP
1859,GRC,2006,Greece,2072.994,2306.535,1757.838,0.7621119991675825,False,USD
1860,GRC,2007,Greece,973.424,1037.536,885.525,0.8534884572679887,False,Local
1861,GRC,2007,Greece,1248.658,1330.898,1135.906,0.8534883965563101,False,PPP
1862,GRC,2007,Greece,1334.056,1421.92,1213.593,0.8534889445257117,False,USD
1863,GRC,2008,Greece,1010.075,1077.279,919.2,0.853260854430468,False,Local
1864,GRC,2008,Greece,1315.291,1402.802,1196.956,0.8532608308228816,False,PPP
1865,GRC,2008,Greece,1485.573,1584.414,1351.918,0.85326057457205,False,USD
1866,GRC,2009,Greece,1054.278,1112.32,979.151,0.8802781573647871,False,Local
1867,GRC,2009,Greece,1367.419,1442.702,1269.978,0.880277423889341,False,PPP
1868,GRC,2009,Greece,1470.488,1551.445,1365.702,0.8802774187934475,False,USD
1869,GRC,2010,Greece,1065.925,1131.781,983.038,0.8685761644699814,False,Local
1870,GRC,2010,Greece,1359.974,1443.997,1254.222,0.8685765967657827,False,PPP
1871,GRC,2010,Greece,1413.114,1500.42,1303.23,0.868576798496421,False,USD
1872,GRC,2011,Greece,1051.049,1118.131,968.021,0.865749183235238,False,Local
1873,GRC,2011,Greece,1359.998,1446.799,1252.565,0.8657491469098334,False,PPP
1874,GRC,2011,Greece,1463.013,1556.388,1347.442,0.8657494146703779,False,USD
1875,GRC,2012,Greece,954.143,1017.944,876.781,0.861325377427442,False,Local
1876,GRC,2012,Greece,1252.0,1335.718,1150.487,0.8613247706476966,False,PPP
1877,GRC,2012,Greece,1225.872,1307.843,1126.478,0.8613250978901902,False,USD
1878,GRC,2013,Greece,903.227,965.47,826.833,0.8564046526562192,False,Local
1879,GRC,2013,Greece,1254.724,1341.19,1148.601,0.8564043871487261,False,PPP
1880,GRC,2013,Greece,1199.592,1282.258,1098.132,0.8564048732782327,False,USD
1881,GRC,2014,Greece,880.729,932.446,820.697,0.8801549902085483,False,Local
1882,GRC,2014,Greece,1283.951,1359.346,1196.435,0.8801548685912196,False,PPP
1883,GRC,2014,Greece,1170.049,1238.755,1090.297,0.8801554786862615,False,USD
1884,GRC,2015,Greece,864.998,921.626,799.306,0.8672780498814053,False,Local
1885,GRC,2015,Greece,1260.169,1342.667,1164.467,0.8672790796228701,False,PPP
1886,GRC,2015,Greece,959.726,1022.556,886.841,0.8672786624889003,False,USD
1887,GRC,2016,Greece,873.344,930.032,805.462,0.866058372185043,False,Local
1888,GRC,2016,Greece,1322.081,1407.896,1219.32,0.866058288396302,False,PPP
1889,GRC,2016,Greece,966.707,1029.456,891.568,0.8660574128471737,False,USD
1890,GRC,2017,Greece,877.024,930.607,812.381,0.8729581875055743,False,Local
1891,GRC,2017,Greece,1345.308,1427.501,1246.15,0.8729591082598191,False,PPP
1892,GRC,2017,Greece,990.758,1051.289,917.732,0.8729588153210012,False,USD
1893,GRC,2018,Greece,886.053,936.551,824.894,0.8807785160658629,False,Local
1894,GRC,2018,Greece,1382.812,1461.62,1287.364,0.8807788618108675,False,PPP
1895,GRC,2018,Greece,1046.389,1106.024,974.162,0.8807783556233862,False,USD
1896,GRC,2019,Greece,885.524,946.448,815.188,0.8613130356871165,False,Local
1897,GRC,2019,Greece,1431.766,1530.271,1318.043,0.8613134536301086,False,PPP
1898,GRC,2019,Greece,991.322,1059.525,912.583,0.8613133243670512,False,USD
1899,GRC,2020,Greece,905.562,964.115,839.109,0.8703411937372617,False,Local
1900,GRC,2020,Greece,1459.996,1554.398,1352.856,0.870340800747299,False,PPP
1901,GRC,2020,Greece,1034.33,1101.209,958.427,0.8703406891879742,False,USD
1902,GRC,2021,Greece,1933.513,2073.609,1761.84,0.8496490900647132,False,Local
1903,GRC,2021,Greece,3198.167,3429.897,2914.208,0.8496488378513991,False,PPP
1904,GRC,2021,Greece,2286.844,2452.541,2083.799,0.8496489966936331,False,USD
1905,GRC,2022,Greece,1863.911,1995.069,1703.43,0.8538200934403773,False,Local
1906,GRC,2022,Greece,3164.181,3386.834,2891.747,0.853820116368266,False,PPP
1907,GRC,2022,Greece,1962.789,2100.904,1793.794,0.8538200698366037,False,USD
1908,GRC,2023,Greece,1893.231,2025.562,1732.967,0.8555487316606454,False,Local
1909,GRC,2023,Greece,3211.059,3435.502,2939.24,0.8555489125024522,False,PPP
1910,GRC,2023,Greece,2047.091,2190.176,1873.803,0.855549051765703,False,USD
1911,GTM,2002,Guatemala,1678.841,1733.579,1554.248,0.8965544691069747,True,Local
1912,GTM,2002,Guatemala,608.917,628.771,563.727,0.8965537532742446,True,PPP
1913,GTM,2002,Guatemala,214.64,221.639,198.711,0.8965525020416082,True,USD
1914,GTM,2003,Guatemala,1746.948,1833.144,1552.8,0.8470692973383432,True,Local
1915,GTM,2003,Guatemala,613.619,643.896,545.425,0.8470700237305403,True,PPP
1916,GTM,2003,Guatemala,219.995,230.85,195.546,0.8470695256660169,True,USD
1917,GTM,2004,Guatemala,1684.397,1748.068,1534.71,0.8779463956779714,True,Local
1918,GTM,2004,Guatemala,564.692,586.038,514.51,0.8779464812861965,True,PPP
1919,GTM,2004,Guatemala,211.967,219.98,193.131,0.8779479952722975,True,USD
1920,GTM,2006,Guatemala,2131.916,2227.444,1928.79,0.8659207593995629,True,Local
1921,GTM,2006,Guatemala,656.084,685.482,593.573,0.8659206222774631,True,PPP
1922,GTM,2006,Guatemala,280.418,292.983,253.7,0.8659205482911977,True,USD
1923,GTM,2010,Guatemala,2166.921,2229.345,2020.495,0.9063177749518356,True,Local
1924,GTM,2010,Guatemala,573.204,589.716,534.47,0.9063176172937482,True,PPP
1925,GTM,2010,Guatemala,268.923,276.67,250.751,0.9063179961687208,True,USD
1926,GTM,2011,Guatemala,2173.883,2277.189,1943.404,0.8534223553688342,False,Local
1927,GTM,2011,Guatemala,558.493,585.034,499.281,0.8534221942656325,False,PPP
1928,GTM,2011,Guatemala,279.225,292.494,249.621,0.8534226343104473,False,USD
1929,GTM,2022,Guatemala,2982.123,3126.857,2704.136,0.864809615534065,False,Local
1930,GTM,2022,Guatemala,875.198,917.674,793.614,0.8648103792850185,False,PPP
1931,GTM,2022,Guatemala,384.877,403.557,349.0,0.8648096799212998,False,USD
1932,GTM,2023,Guatemala,2792.624,2880.545,2612.324,0.9068853289915624,False,Local
1933,GTM,2023,Guatemala,803.453,828.748,751.58,0.9068860498004219,False,PPP
1934,GTM,2023,Guatemala,356.567,367.793,333.546,0.9068851228816208,False,USD
1935,GUY,2018,Guyana,76729.473,82316.024,68469.065,0.8317829466593284,True,Local
1936,GUY,2018,Guyana,678.084,727.454,605.084,0.8317831780428728,True,PPP
1937,GUY,2018,Guyana,369.395,396.29,329.627,0.831782280653057,True,USD
1938,GUY,2019,Guyana,81867.118,86863.156,74712.503,0.8601172976031403,False,Local
1939,GUY,2019,Guyana,748.834,794.533,683.391,0.8601165716213172,False,PPP
1940,GUY,2019,Guyana,392.648,416.61,358.333,0.8601161757999088,False,USD
1941,HKG,2005,"Hong Kong, China",,11000.0,8000.0,0.7272727272727273,False,Local
1942,HKG,2005,"Hong Kong, China",,1989.053,1446.584,0.7272727272727273,False,PPP
1943,HKG,2005,"Hong Kong, China",,1414.367,1028.63,0.7272723416199616,False,USD
1944,HKG,2007,"Hong Kong, China",10000.1,12000.0,8000.0,0.6666666666666666,False,Local
1945,HKG,2007,"Hong Kong, China",1844.642,2213.548,1475.699,0.6666668172544712,False,PPP
1946,HKG,2007,"Hong Kong, China",1281.831,1538.182,1025.455,0.6666668833727087,False,USD
1947,HKG,2010,"Hong Kong, China",11000.0,12000.0,9000.0,0.75,False,Local
1948,HKG,2010,"Hong Kong, China",1988.507,2169.28,1626.96,0.75,False,PPP
1949,HKG,2010,"Hong Kong, China",1415.853,1544.567,1158.425,0.7499998381423402,False,USD
1950,HKG,2011,"Hong Kong, China",11000.0,13000.0,9000.0,0.6923076923076923,False,Local
1951,HKG,2011,"Hong Kong, China",1947.938,2302.109,1593.768,0.6923077925502225,False,PPP
1952,HKG,2011,"Hong Kong, China",1413.155,1670.092,1156.218,0.6923079686628042,False,USD
1953,HKG,2012,"Hong Kong, China",12000.0,14000.0,10000.0,0.7142857142857143,False,Local
1954,HKG,2012,"Hong Kong, China",2088.934,2437.089,1740.778,0.7142857729036568,False,PPP
1955,HKG,2012,"Hong Kong, China",1547.106,1804.957,1289.255,0.7142857142857143,False,USD
1956,HKG,2013,"Hong Kong, China",12600.0,15000.0,10500.0,0.7,False,Local
1957,HKG,2013,"Hong Kong, China",2066.963,2460.671,1722.469,0.6999997155247493,False,PPP
1958,HKG,2013,"Hong Kong, China",1624.549,1933.987,1353.791,0.7000000517066557,False,USD
1959,HKG,2014,"Hong Kong, China",13000.0,15000.0,11000.0,0.7333333333333333,False,Local
1960,HKG,2014,"Hong Kong, China",2059.038,2375.813,1742.263,0.733333389454473,False,PPP
1961,HKG,2014,"Hong Kong, China",1676.536,1934.465,1418.607,0.7333329887074721,False,USD
1962,HKG,2015,"Hong Kong, China",14200.0,16500.0,11800.0,0.7151515151515152,False,Local
1963,HKG,2015,"Hong Kong, China",2244.407,2607.938,1865.071,0.7151515871926403,False,PPP
1964,HKG,2015,"Hong Kong, China",1831.844,2128.552,1522.237,0.7151514268855071,False,USD
1965,HKG,2016,"Hong Kong, China",15000.0,18000.0,12000.0,0.6666666666666666,False,Local
1966,HKG,2016,"Hong Kong, China",2323.573,2788.287,1858.858,0.6666666666666667,False,PPP
1967,HKG,2016,"Hong Kong, China",1932.429,2318.915,1545.944,0.66666695415744,False,USD
1968,HRV,2003,Croatia,5599.0,5868.0,5251.0,0.8948534423994546,True,Local
1969,HRV,2003,Croatia,9538.012,9996.259,8945.187,0.8948534646811372,True,PPP
1970,HRV,2003,Croatia,835.052,875.172,783.15,0.8948526689610727,True,USD
1971,HRV,2004,Croatia,5916.0,6206.0,5540.0,0.8926844988720593,False,Local
1972,HRV,2004,Croatia,9957.887,10446.019,9324.999,0.8926844762583717,False,PPP
1973,HRV,2004,Croatia,980.389,1028.447,918.079,0.8926847956190256,False,USD
1974,HRV,2005,Croatia,6191.67,6492.36,5806.025,0.8942857450911533,False,Local
1975,HRV,2005,Croatia,10064.383,10553.146,9437.528,0.8942857419010407,False,PPP
1976,HRV,2005,Croatia,1040.75,1091.293,975.928,0.8942859525352037,False,USD
1977,HRV,2006,Croatia,6575.0,6909.0,6149.0,0.8899985526125344,False,Local
1978,HRV,2006,Croatia,10833.127,11383.433,10131.239,0.8899985619452409,False,PPP
1979,HRV,2006,Croatia,1126.282,1183.495,1053.309,0.8899986903197733,False,USD
1980,HRV,2007,Croatia,6995.0,7344.0,6549.0,0.891748366013072,False,Local
1981,HRV,2007,Croatia,11568.867,12146.07,10831.238,0.8917483597575182,False,PPP
1982,HRV,2007,Croatia,1303.934,1368.991,1220.795,0.8917480100307453,False,USD
1983,HRV,2008,Croatia,7507.0,7892.0,7016.0,0.8890015205271161,False,Local
1984,HRV,2008,Croatia,12624.919,13272.394,11799.179,0.8890015621899109,False,PPP
1985,HRV,2008,Croatia,1521.163,1599.177,1421.67,0.8890010299047574,False,USD
1986,HRV,2009,Croatia,7655.0,8033.0,7181.0,0.8939375077804058,False,Local
1987,HRV,2009,Croatia,12967.679,13608.017,12164.717,0.8939375222708791,False,PPP
1988,HRV,2009,Croatia,1448.728,1520.265,1359.022,0.8939375700946873,False,USD
1989,HRV,2010,Croatia,1262.145,1350.473,1165.939,0.8633560241485762,False,Local
1990,HRV,2010,Croatia,9007.228,9637.574,8320.657,0.8633559648932396,False,PPP
1991,HRV,2010,Croatia,1673.247,1790.344,1545.704,0.8633558690396929,False,USD
1992,HRV,2011,Croatia,1248.844,1336.908,1153.725,0.8629801003509591,False,Local
1993,HRV,2011,Croatia,8418.854,9012.521,7777.63,0.8629805134434638,False,PPP
1994,HRV,2011,Croatia,1738.334,1860.915,1605.934,0.862980845444311,False,USD
1995,HRV,2012,Croatia,1239.342,1319.585,1147.991,0.8699636628182345,False,Local
1996,HRV,2012,Croatia,10041.929,10692.11,9301.747,0.8699636460904348,False,PPP
1997,HRV,2012,Croatia,1592.293,1695.388,1474.926,0.8699636897276611,False,USD
1998,HRV,2013,Croatia,1190.134,1261.463,1109.55,0.8795739550030401,False,Local
1999,HRV,2013,Croatia,9318.894,9877.405,8687.908,0.8795739366766877,False,PPP
2000,HRV,2013,Croatia,1580.639,1675.372,1473.613,0.8795736111144271,False,USD
2001,HRV,2014,Croatia,1166.84,1246.168,1072.853,0.8609216413838264,False,Local
2002,HRV,2014,Croatia,9412.668,10052.591,8654.496,0.8609219255015944,False,PPP
2003,HRV,2014,Croatia,1550.148,1655.535,1425.286,0.860921696007635,False,USD
2004,HRV,2015,Croatia,1274.332,1357.66,1178.047,0.8677039906898634,False,Local
2005,HRV,2015,Croatia,14772.239,15738.189,13656.085,0.8677037110178305,False,PPP
2006,HRV,2015,Croatia,1413.888,1506.342,1307.058,0.8677033502352055,False,USD
2007,HRV,2016,Croatia,1255.883,1349.652,1150.663,0.8525627346901276,False,Local
2008,HRV,2016,Croatia,14955.54,16072.178,13702.546,0.8525631062572852,False,PPP
2009,HRV,2016,Croatia,1390.141,1493.934,1273.673,0.8525630985036823,False,USD
2010,HRV,2017,Croatia,1339.598,1454.196,1211.194,0.8328959782587767,False,Local
2011,HRV,2017,Croatia,15268.397,16574.555,13804.878,0.8328958454691544,False,PPP
2012,HRV,2017,Croatia,1513.319,1642.778,1368.263,0.8328958629833123,False,USD
2013,HRV,2018,Croatia,1359.636,1486.021,1217.037,0.8189904449533352,False,Local
2014,HRV,2018,Croatia,14087.392,15396.885,12609.905,0.8189906594743028,False,PPP
2015,HRV,2018,Croatia,1605.668,1754.923,1437.266,0.8189909186898798,False,USD
2016,HRV,2019,Croatia,1456.336,1591.588,1306.257,0.8207255897883121,False,Local
2017,HRV,2019,Croatia,17251.726,18853.914,15473.886,0.8207253942072718,False,PPP
2018,HRV,2019,Croatia,1630.331,1781.742,1462.321,0.8207254473431057,False,USD
2019,HRV,2020,Croatia,1541.129,1724.823,1331.197,0.7717875979158441,False,Local
2020,HRV,2020,Croatia,17980.763,20123.968,15531.435,0.7717878998813752,False,PPP
2021,HRV,2020,Croatia,1760.272,1970.086,1520.488,0.7717876275451935,False,USD
2022,HRV,2021,Croatia,1618.889,1766.881,1448.363,0.8197286631074758,False,Local
2023,HRV,2021,Croatia,18114.186,19770.117,16206.13,0.8197285832956882,False,PPP
2024,HRV,2021,Croatia,1914.725,2089.762,1713.037,0.8197282752772803,False,USD
2025,HRV,2022,Croatia,1682.082,1868.198,1486.15,0.7954991922697702,False,Local
2026,HRV,2022,Croatia,23378.764,25965.53,20655.566,0.7954994949072867,False,PPP
2027,HRV,2022,Croatia,1771.314,1967.303,1564.989,0.7954997272916271,False,USD
2028,HRV,2023,Croatia,1430.873,1605.844,1245.609,0.7756724812621898,False,Local
2029,HRV,2023,Croatia,2381.465,2672.677,2073.122,0.7756724811864658,False,PPP
2030,HRV,2023,Croatia,1547.158,1736.349,1346.838,0.7756724022647521,False,USD
2031,HUN,1992,Hungary,22294.0,24505.0,19799.0,0.8079575596816976,False,Local
2032,HUN,1992,Hungary,591.066,649.685,524.918,0.8079577025789422,False,PPP
2033,HUN,1992,Hungary,282.244,310.236,250.657,0.8079558787503708,False,USD
2034,HUN,1993,Hungary,27173.0,30106.0,23964.0,0.7959875107951904,False,Local
2035,HUN,1993,Hungary,617.512,684.165,544.586,0.7959863483224077,False,PPP
2036,HUN,1993,Hungary,295.573,327.477,260.668,0.7959887259257903,False,USD
2037,HUN,1994,Hungary,33939.0,37509.0,30126.0,0.803167239862433,False,Local
2038,HUN,1994,Hungary,661.184,730.733,586.901,0.8031675044099554,False,PPP
2039,HUN,1994,Hungary,322.735,356.683,286.476,0.8031669577748309,False,USD
2040,HUN,1995,Hungary,39854.0,44087.0,35310.0,0.8009163699049606,False,Local
2041,HUN,1995,Hungary,615.188,680.529,545.047,0.8009166398492937,False,PPP
2042,HUN,1995,Hungary,317.103,350.784,280.948,0.8009145228972815,False,USD
2043,HUN,1996,Hungary,47491.0,52879.0,41738.0,0.7893114468881787,False,Local
2044,HUN,1996,Hungary,608.594,677.641,534.87,0.7893117447143843,False,PPP
2045,HUN,1996,Hungary,311.117,346.414,273.429,0.789312787589416,False,USD
2046,HUN,1997,Hungary,58259.0,65186.0,50910.0,0.7809959193691897,False,Local
2047,HUN,1997,Hungary,644.46,721.087,563.166,0.7809959131145063,False,PPP
2048,HUN,1997,Hungary,311.897,348.982,272.553,0.7809944352430783,False,USD
2049,HUN,1998,Hungary,68718.0,76487.0,60521.0,0.7912586452599788,False,Local
2050,HUN,1998,Hungary,678.232,754.911,597.33,0.7912588371344438,False,PPP
2051,HUN,1998,Hungary,320.511,356.746,282.279,0.791260448610496,False,USD
2052,HUN,1999,Hungary,76973.0,84649.0,68431.0,0.8084088412148992,True,Local
2053,HUN,1999,Hungary,708.498,779.152,629.873,0.8084083721789843,True,PPP
2054,HUN,1999,Hungary,324.581,356.949,288.561,0.8084096047334492,True,USD
2055,HUN,2000,Hungary,87566.0,96563.0,77761.0,0.8052877396104098,False,Local
2056,HUN,2000,Hungary,764.577,843.134,678.965,0.8052871785505032,False,PPP
2057,HUN,2000,Hungary,310.321,342.205,275.573,0.8052863049926213,False,USD
2058,HUN,2001,Hungary,103280.0,113311.0,92217.0,0.8138397860754913,False,Local
2059,HUN,2001,Hungary,854.124,937.08,762.633,0.8138398002305033,False,PPP
2060,HUN,2001,Hungary,360.501,395.515,321.886,0.813840183052476,False,USD
2061,HUN,2002,Hungary,122266.0,131413.0,111725.0,0.8501822498535152,False,Local
2062,HUN,2002,Hungary,979.948,1053.26,895.463,0.8501822911721701,False,PPP
2063,HUN,2002,Hungary,474.108,509.577,433.233,0.8501816212270177,False,USD
2064,HUN,2003,Hungary,138003.0,146496.0,128488.0,0.8770751419833989,False,Local
2065,HUN,2003,Hungary,1071.176,1137.098,997.32,0.8770747991817769,False,PPP
2066,HUN,2003,Hungary,615.242,653.106,572.823,0.8770750842895334,False,USD
2067,HUN,2004,Hungary,145187.0,155183.0,133846.0,0.8625042691531933,False,Local
2068,HUN,2004,Hungary,1075.815,1149.884,991.78,0.8625043917473414,False,PPP
2069,HUN,2004,Hungary,716.104,765.407,660.166,0.8625032172425913,False,USD
2070,HUN,2005,Hungary,459.119,503.244,414.874,0.8243992973587365,False,Local
2071,HUN,2005,Hungary,535.41,586.867,483.813,0.8243997362264364,False,PPP
2072,HUN,2005,Hungary,571.186,626.081,516.141,0.8243997182473194,False,USD
2073,HUN,2006,Hungary,506.616,546.532,463.492,0.8480601318861475,False,Local
2074,HUN,2006,Hungary,607.412,655.27,555.707,0.8480580524058785,False,PPP
2075,HUN,2006,Hungary,636.106,686.225,581.96,0.8480600386170717,False,USD
2076,HUN,2007,Hungary,633.315,666.16,597.694,0.8972228893959409,False,Local
2077,HUN,2007,Hungary,577.172,607.106,544.709,0.8972222313731044,False,PPP
2078,HUN,2007,Hungary,867.944,912.958,819.126,0.8972219970688684,False,USD
2079,HUN,2008,Hungary,743.632,792.506,688.211,0.8683984726929512,False,Local
2080,HUN,2008,Hungary,595.585,634.73,551.198,0.8683975863753092,False,PPP
2081,HUN,2008,Hungary,1093.701,1165.583,1012.19,0.8683980462995771,False,USD
2082,HUN,2009,Hungary,798.765,851.18,740.5,0.8699687492657253,False,Local
2083,HUN,2009,Hungary,803.143,855.845,744.558,0.8699682769660394,False,PPP
2084,HUN,2009,Hungary,1114.103,1187.211,1032.836,0.8699683544037243,False,USD
2085,HUN,2010,Hungary,720.388,764.583,672.845,0.8800156425136317,False,Local
2086,HUN,2010,Hungary,790.149,838.624,738.002,0.8800153584920059,False,PPP
2087,HUN,2010,Hungary,955.03,1013.621,892.001,0.8800143248807987,False,USD
2088,HUN,2011,Hungary,760.199,813.923,702.568,0.8631873039587282,False,Local
2089,HUN,2011,Hungary,786.729,842.327,727.086,0.8631873369843304,False,PPP
2090,HUN,2011,Hungary,1058.163,1132.944,977.943,0.8631874126170402,False,USD
2091,HUN,2012,Hungary,774.353,824.028,719.728,0.8734266311338934,False,Local
2092,HUN,2012,Hungary,945.81,1006.484,879.091,0.8734276948267433,False,PPP
2093,HUN,2012,Hungary,994.88,1058.701,924.699,0.8734279083518387,False,USD
2094,HUN,2013,Hungary,760.44,819.942,694.844,0.8474306719255753,False,Local
2095,HUN,2013,Hungary,906.896,977.856,828.666,0.8474315236599255,False,PPP
2096,HUN,2013,Hungary,1009.955,1088.979,922.836,0.847432319631508,False,USD
2097,HUN,2014,Hungary,782.144,844.109,713.274,0.8450022449707324,False,Local
2098,HUN,2014,Hungary,952.004,1027.425,868.176,0.8450018249507264,False,PPP
2099,HUN,2014,Hungary,1039.079,1121.4,947.585,0.8450017834849295,False,USD
2100,HUN,2015,Hungary,753.44,796.299,704.708,0.8849791347220076,False,Local
2101,HUN,2015,Hungary,1281.29,1354.176,1198.417,0.8849787619925327,False,PPP
2102,HUN,2015,Hungary,835.951,883.504,781.883,0.8849795813035368,False,USD
2103,HUN,2016,Hungary,779.873,841.486,709.892,0.8436171249432552,False,Local
2104,HUN,2016,Hungary,1354.511,1461.524,1232.966,0.8436166631543512,False,PPP
2105,HUN,2016,Hungary,863.244,931.444,785.782,0.8436170075710403,False,USD
2106,HUN,2017,Hungary,837.408,893.318,774.36,0.866835774046868,False,Local
2107,HUN,2017,Hungary,1330.69,1419.533,1230.503,0.8668364877745005,False,PPP
2108,HUN,2017,Hungary,946.005,1009.164,874.78,0.8668363120364975,False,USD
2109,HUN,2018,Hungary,847.867,935.181,752.638,0.8048046314029049,False,Local
2110,HUN,2018,Hungary,1249.96,1378.681,1109.569,0.804804737281503,False,PPP
2111,HUN,2018,Hungary,1001.293,1104.406,888.831,0.8048045736803314,False,USD
2112,HUN,2019,Hungary,901.438,977.466,818.168,0.8370296255828847,False,Local
2113,HUN,2019,Hungary,1500.112,1626.632,1361.539,0.837029518661873,False,PPP
2114,HUN,2019,Hungary,1009.137,1094.248,915.918,0.8370296313084419,False,USD
2115,HUN,2020,Hungary,967.429,1036.499,889.642,0.8583143833230905,False,Local
2116,HUN,2020,Hungary,1597.224,1711.258,1468.798,0.8583147602523991,False,PPP
2117,HUN,2020,Hungary,1104.994,1183.885,1016.146,0.8583147856421866,False,USD
2118,HUN,2021,Hungary,829.992,899.209,749.279,0.8332645691935913,False,Local
2119,HUN,2021,Hungary,1256.196,1360.957,1134.038,0.8332651215284538,False,PPP
2120,HUN,2021,Hungary,981.664,1063.531,886.203,0.8332648507659861,False,USD
2121,HUN,2022,Hungary,987.405,1071.28,891.799,0.8324611679486222,False,Local
2122,HUN,2022,Hungary,1967.542,2134.675,1777.033,0.8324606790260811,False,PPP
2123,HUN,2022,Hungary,1039.785,1128.11,939.108,0.8324613734476248,False,USD
2124,HUN,2023,Hungary,1045.717,1139.164,942.742,0.8275735539395557,False,Local
2125,HUN,2023,Hungary,1759.178,1916.382,1585.948,0.8275740431709336,False,PPP
2126,HUN,2023,Hungary,1130.701,1231.742,1019.358,0.8275742809776723,False,USD
2127,IDN,1996,Indonesia,404770.879,450500.961,300633.805,0.6673322168562477,False,Local
2128,IDN,1996,Indonesia,364.96,406.192,271.065,0.6673321975814394,False,PPP
2129,IDN,1996,Indonesia,172.809,192.333,128.35,0.6673321790852323,False,USD
2130,IDN,1997,Indonesia,464434.204,514341.206,353267.131,0.6868342004859708,False,Local
2131,IDN,1997,Indonesia,403.426,446.777,306.862,0.6868348191603418,False,PPP
2132,IDN,1997,Indonesia,159.633,176.787,121.424,0.6868378330985876,False,USD
2133,IDN,1998,Indonesia,553069.117,616929.912,420141.547,0.6810199000368781,False,Local
2134,IDN,1998,Indonesia,307.903,343.455,233.9,0.6810208033075658,False,PPP
2135,IDN,1998,Indonesia,55.232,61.609,41.957,0.6810206301027447,False,USD
2136,IDN,1999,Indonesia,677691.823,750401.068,525819.84,0.7007184056939535,False,Local
2137,IDN,1999,Indonesia,320.007,354.34,248.293,0.7007196477959023,False,PPP
2138,IDN,1999,Indonesia,86.274,95.53,66.94,0.700722286192819,False,USD
2139,IDN,2000,Indonesia,430196.73,481307.615,326035.028,0.6773942855651681,False,Local
2140,IDN,2000,Indonesia,202.529,226.591,153.491,0.6773923059609606,False,PPP
2141,IDN,2000,Indonesia,51.081,57.15,38.713,0.677392825896763,False,USD
2142,IDN,2001,Indonesia,590866.355,642106.357,479151.411,0.7462181393728206,False,Local
2143,IDN,2001,Indonesia,256.529,278.776,208.027,0.7462155996212012,False,PPP
2144,IDN,2001,Indonesia,57.584,62.578,46.697,0.746220716545751,False,USD
2145,IDN,2002,Indonesia,691766.912,751114.126,561151.927,0.7470927620392004,False,Local
2146,IDN,2002,Indonesia,272.654,296.045,221.173,0.7470925028289618,False,PPP
2147,IDN,2002,Indonesia,74.294,80.668,60.266,0.7470868250111568,False,USD
2148,IDN,2003,Indonesia,786859.657,852098.624,642182.877,0.7536485318863747,False,Local
2149,IDN,2003,Indonesia,297.098,321.73,242.472,0.7536505765704161,False,PPP
2150,IDN,2003,Indonesia,91.739,99.345,74.872,0.7536564497458352,False,USD
2151,IDN,2004,Indonesia,840021.08,912644.785,676516.438,0.7412702610249396,False,Local
2152,IDN,2004,Indonesia,307.042,333.588,247.279,0.7412706692087244,False,PPP
2153,IDN,2004,Indonesia,93.974,102.099,75.683,0.7412707274312188,False,USD
2154,IDN,2005,Indonesia,850790.049,929171.431,684004.726,0.7361448094286059,False,Local
2155,IDN,2005,Indonesia,291.1,317.918,234.034,0.7361457986021552,False,PPP
2156,IDN,2005,Indonesia,87.668,95.744,70.482,0.7361505681818181,False,USD
2157,IDN,2006,Indonesia,995447.946,1080356.21,824098.171,0.7628022714841431,False,Local
2158,IDN,2006,Indonesia,310.836,337.349,257.331,0.7628035061612752,False,PPP
2159,IDN,2006,Indonesia,108.682,117.952,89.974,0.7628018176885513,False,USD
2160,IDN,2007,Indonesia,1075350.928,1163855.841,892041.457,0.7664535637279154,False,Local
2161,IDN,2007,Indonesia,324.572,351.285,269.243,0.766451741463484,False,PPP
2162,IDN,2007,Indonesia,117.64,127.323,97.587,0.7664522513607126,False,USD
2163,IDN,2008,Indonesia,1139076.349,1235559.88,950420.206,0.7692222945924726,True,Local
2164,IDN,2008,Indonesia,323.882,351.316,270.24,0.7692220109531022,True,PPP
2165,IDN,2008,Indonesia,117.443,127.391,97.992,0.7692223155481941,True,USD
2166,IDN,2009,Indonesia,1305004.134,1422047.951,1082934.459,0.7615316053431732,False,Local
2167,IDN,2009,Indonesia,354.206,385.974,293.931,0.7615305694165928,False,PPP
2168,IDN,2009,Indonesia,125.603,136.868,104.229,0.7615293567524914,False,USD
2169,IDN,2010,Indonesia,1373249.226,1492223.425,1154074.91,0.7733928382742014,False,Local
2170,IDN,2010,Indonesia,360.341,391.56,302.83,0.7733936050669118,False,PPP
2171,IDN,2010,Indonesia,151.065,164.153,126.955,0.773394333335364,False,USD
2172,IDN,2011,Indonesia,1331778.138,1428567.257,1130844.123,0.7915931976312963,False,Local
2173,IDN,2011,Indonesia,342.164,367.032,290.54,0.7915931035985964,False,PPP
2174,IDN,2011,Indonesia,151.849,162.885,128.938,0.7915891579949044,False,USD
2175,IDN,2012,Indonesia,1416851.816,1514927.804,1214266.183,0.8015340267660702,False,Local
2176,IDN,2012,Indonesia,368.272,393.764,315.615,0.8015334057963653,False,PPP
2177,IDN,2012,Indonesia,150.944,161.392,129.361,0.8015329136512342,False,USD
2178,IDN,2013,Indonesia,1575305.674,1688280.351,1341639.695,0.7946782619399212,True,Local
2179,IDN,2013,Indonesia,375.586,402.522,319.875,0.794677061129578,True,PPP
2180,IDN,2013,Indonesia,150.585,161.384,128.249,0.7946822485500422,True,USD
2181,IDN,2014,Indonesia,1703837.072,1833700.772,1432955.804,0.7814556365361011,False,Local
2182,IDN,2014,Indonesia,381.91,411.019,321.193,0.781455358511407,False,PPP
2183,IDN,2014,Indonesia,143.599,154.544,120.769,0.7814538254477689,False,USD
2184,IDN,2015,Indonesia,1818033.31,1923907.864,1597587.138,0.8303865106504913,False,Local
2185,IDN,2015,Indonesia,379.533,401.635,333.512,0.8303857980504687,False,PPP
2186,IDN,2015,Indonesia,135.781,143.689,119.317,0.8303836758554934,False,USD
2187,IDN,2016,Indonesia,2125593.661,2271850.423,1830763.079,0.805846661587192,False,Local
2188,IDN,2016,Indonesia,427.902,457.345,368.55,0.8058467896227137,False,PPP
2189,IDN,2016,Indonesia,159.719,170.709,137.565,0.8058450345324499,False,USD
2190,IDN,2017,Indonesia,2433700.752,2620257.918,2061855.943,0.7868904541175018,False,Local
2191,IDN,2017,Indonesia,467.813,503.674,396.336,0.7868899327739769,False,PPP
2192,IDN,2017,Indonesia,181.88,195.822,154.09,0.7868880922470407,False,USD
2193,IDN,2018,Indonesia,2465848.915,2658234.116,2083532.238,0.7838031366233508,False,Local
2194,IDN,2018,Indonesia,463.911,500.105,391.984,0.7838034012857299,False,PPP
2195,IDN,2018,Indonesia,173.201,186.714,146.347,0.7838030356588152,False,USD
2196,IDN,2019,Indonesia,2589312.729,2796506.274,2181905.693,0.7802255669103497,False,Local
2197,IDN,2019,Indonesia,480.231,518.659,404.671,0.7802255431796228,False,PPP
2198,IDN,2019,Indonesia,183.02,197.666,154.224,0.7802252284156102,False,USD
2199,IDN,2020,Indonesia,2561509.932,2752550.31,2186555.669,0.7943744610430028,False,Local
2200,IDN,2020,Indonesia,475.549,511.016,405.938,0.7943743444432267,False,PPP
2201,IDN,2020,Indonesia,175.66,188.761,149.947,0.7943748973569753,False,USD
2202,IDN,2021,Indonesia,2511508.115,2679556.797,2177332.312,0.8125718083071483,True,Local
2203,IDN,2021,Indonesia,469.129,500.519,406.707,0.8125705517672656,True,PPP
2204,IDN,2021,Indonesia,175.53,187.275,152.174,0.8125697503671072,True,USD
2205,IDN,2022,Indonesia,2690034.686,2895368.449,2269099.996,0.783699911071318,False,Local
2206,IDN,2022,Indonesia,520.767,560.517,439.277,0.7836996915347794,False,PPP
2207,IDN,2022,Indonesia,181.149,194.976,152.803,0.7837015837846709,False,USD
2208,IDN,2023,Indonesia,2776803.875,3007410.446,2307995.085,0.767436013953381,False,Local
2209,IDN,2023,Indonesia,539.878,584.713,448.73,0.7674363320124574,False,PPP
2210,IDN,2023,Indonesia,182.242,197.377,151.474,0.7674349088292961,False,USD
2211,IMN,1993,Isle of Man,1147.45,1290.34,900.64,0.697986577181208,False,Local
2212,IMN,1994,Isle of Man,1134.373,1348.622,925.711,0.6864125010566341,False,Local
2213,IMN,1997,Isle of Man,306.84,370.77,243.7,0.6572807940232489,False,Local
2214,IMN,1998,Isle of Man,1396.382,1701.733,1126.016,0.6616878205923021,False,Local
2215,IMN,1999,Isle of Man,1492.075,1788.723,1181.917,0.6607602183233513,False,Local
2216,IMN,2000,Isle of Man,1513.638,1834.621,1206.598,0.6576824314122643,False,Local
2217,IMN,2001,Isle of Man,1596.558,1930.444,1251.024,0.6480498786807594,False,Local
2218,IMN,2002,Isle of Man,1656.355,1957.42,1351.739,0.6905717730481961,False,Local
2219,IMN,2003,Isle of Man,1798.855,2143.177,1438.816,0.6713472568994534,False,Local
2220,IMN,2004,Isle of Man,1821.891,2180.068,1473.672,0.6759752448088775,False,Local
2221,IMN,2005,Isle of Man,1857.57,2212.63,1489.52,0.6731898238747553,False,Local
2222,IMN,2006,Isle of Man,2011.285,2404.016,1645.833,0.6846181556195966,False,Local
2223,IMN,2007,Isle of Man,2080.132,2383.665,1767.073,0.7413260672116259,False,Local
2224,IMN,2008,Isle of Man,2154.392,2534.262,1811.326,0.7147350984231307,False,Local
2225,IMN,2013,Isle of Man,2689.203,2855.478,2437.735,0.853704703730864,False,Local
2226,IMN,2014,Isle of Man,2895.298,3092.746,2632.337,0.851132618068215,False,Local
2227,IMN,2016,Isle of Man,2966.464,3356.498,2449.697,0.7298371695737641,False,Local
2228,IND,2005,India,5121.703,5436.252,3787.866,0.6967789572668817,False,Local
2229,IND,2005,India,479.811,509.278,354.854,0.6967785767301945,False,PPP
2230,IND,2005,India,116.138,123.271,85.893,0.6967818870618394,False,USD
2231,IND,2010,India,9585.423,10027.428,7604.418,0.758361765349998,False,Local
2232,IND,2010,India,662.19,692.725,525.336,0.758361543180916,False,PPP
2233,IND,2010,India,209.628,219.295,166.305,0.7583620237579517,False,USD
2234,IND,2012,India,11910.637,12562.921,9220.648,0.7339573336487588,False,Local
2235,IND,2012,India,766.785,808.777,593.608,0.7339575680317317,False,PPP
2236,IND,2012,India,222.89,235.097,172.551,0.7339566221602146,False,USD
2237,IND,2018,India,15678.987,16813.444,11861.509,0.7054776522882522,False,Local
2238,IND,2018,India,791.023,848.258,598.427,0.7054775787555201,False,PPP
2239,IND,2018,India,229.26,245.848,173.441,0.70548062217305,False,USD
2240,IND,2019,India,15799.338,17017.66,12150.884,0.7140161455805323,False,Local
2241,IND,2019,India,809.056,871.444,622.225,0.7140160469290052,False,PPP
2242,IND,2019,India,224.358,241.658,172.548,0.714017330276672,False,USD
2243,IND,2020,India,17037.051,18428.805,12780.065,0.6934831097295783,False,Local
2244,IND,2020,India,861.556,931.936,646.282,0.6934832434845312,False,PPP
2245,IND,2020,India,229.921,248.703,172.471,0.6934817834927605,False,USD
2246,IND,2021,India,17583.076,19036.947,13228.623,0.694892043351279,False,Local
2247,IND,2021,India,903.134,977.811,679.473,0.6948919576482571,False,PPP
2248,IND,2021,India,237.873,257.541,178.964,0.6948951817380533,False,USD
2249,IND,2022,India,18799.404,20268.842,14360.507,0.7085016006341162,False,Local
2250,IND,2022,India,977.408,1053.807,746.624,0.7085016516307066,False,PPP
2251,IND,2022,India,239.165,257.859,182.693,0.7084996063740262,False,USD
2252,IND,2023,India,19783.492,21513.812,15058.111,0.6999276092958329,False,Local
2253,IND,2023,India,1013.65,1102.306,771.535,0.6999281506224224,False,PPP
2254,IND,2023,India,239.512,260.46,182.303,0.6999270521385242,False,USD
2255,IRL,2002,Ireland,2641.09,3027.36,2298.92,0.75938111093494,False,Local
2256,IRL,2002,Ireland,2461.061,2821.001,2142.215,0.7593811558379454,False,PPP
2257,IRL,2002,Ireland,2497.345,2862.592,2173.798,0.7593810085405114,False,USD
2258,IRL,2004,Ireland,2336.965,2801.441,1823.497,0.6509139403614069,False,Local
2259,IRL,2004,Ireland,2190.347,2625.683,1709.094,0.6509140669303949,False,PPP
2260,IRL,2004,Ireland,2906.956,3484.719,2268.253,0.6509141770111163,False,USD
2261,IRL,2005,Ireland,2372.294,2807.203,1906.654,0.6792006135644626,False,Local
2262,IRL,2005,Ireland,2221.43,2628.682,1785.402,0.6792004510245059,False,PPP
2263,IRL,2005,Ireland,2951.347,3492.414,2372.049,0.6792004040758054,False,USD
2264,IRL,2006,Ireland,2521.797,2985.882,2019.329,0.6762922982220998,False,Local
2265,IRL,2006,Ireland,2372.003,2808.521,1899.382,0.6762926109507459,False,PPP
2266,IRL,2006,Ireland,3166.366,3749.07,2535.468,0.6762925205450951,False,USD
2267,IRL,2007,Ireland,3224.751,3927.23,2516.194,0.6407045169241424,False,Local
2268,IRL,2007,Ireland,3025.475,3684.544,2360.704,0.6407045213736083,False,PPP
2269,IRL,2007,Ireland,4419.451,5382.183,3448.389,0.6407045245395782,False,USD
2270,IRL,2008,Ireland,3361.282,4009.65,2707.209,0.675173394186525,False,Local
2271,IRL,2008,Ireland,3134.489,3739.111,2524.548,0.6751733232845989,False,PPP
2272,IRL,2008,Ireland,4943.624,5897.215,3981.643,0.6751734505185922,False,USD
2273,IRL,2009,Ireland,3227.006,3845.12,2597.654,0.6755716336551265,False,Local
2274,IRL,2009,Ireland,3170.181,3777.41,2551.911,0.6755716218255365,False,PPP
2275,IRL,2009,Ireland,4500.972,5363.106,3623.163,0.6755717675541002,False,USD
2276,IRL,2010,Ireland,3350.99,3963.397,2774.141,0.6999402280417532,False,Local
2277,IRL,2010,Ireland,3469.946,4104.093,2872.621,0.6999405227902974,False,PPP
2278,IRL,2010,Ireland,4442.463,5254.341,3677.726,0.699940487303736,False,USD
2279,IRL,2011,Ireland,3423.298,4100.542,2864.219,0.6984976620163871,False,Local
2280,IRL,2011,Ireland,3568.072,4273.957,2985.35,0.6984979025292017,False,PPP
2281,IRL,2011,Ireland,4765.077,5707.77,3986.865,0.6984978371588203,False,USD
2282,IRL,2012,Ireland,3418.78,3986.797,2906.058,0.7289204842885153,False,Local
2283,IRL,2012,Ireland,3541.713,4130.154,3010.555,0.7289207617924173,False,PPP
2284,IRL,2012,Ireland,4392.41,5122.191,3733.671,0.7289206903842516,False,USD
2285,IRL,2013,Ireland,3626.69,4296.427,3016.881,0.7021836982218015,False,Local
2286,IRL,2013,Ireland,3753.168,4446.261,3122.092,0.7021836999672308,False,PPP
2287,IRL,2013,Ireland,4816.672,5706.162,4006.774,0.7021837094705687,False,USD
2288,IRL,2014,Ireland,3595.739,4293.584,2951.622,0.6874494594725525,False,Local
2289,IRL,2014,Ireland,3633.855,4339.097,2982.91,0.6874494854574581,False,PPP
2290,IRL,2014,Ireland,4776.942,5704.029,3921.233,0.6874496956449555,False,USD
2291,IRL,2015,Ireland,3560.568,4213.507,2944.473,0.6988176357604248,False,Local
2292,IRL,2015,Ireland,3564.014,4217.586,2947.323,0.6988175226302439,False,PPP
2293,IRL,2015,Ireland,3950.496,4674.941,3266.93,0.6988173754492303,False,USD
2294,IRL,2016,Ireland,3678.744,4288.114,3071.79,0.7163498918172418,False,Local
2295,IRL,2016,Ireland,3774.604,4399.853,3151.834,0.7163498416878927,False,PPP
2296,IRL,2016,Ireland,4072.014,4746.527,3400.174,0.7163498701260943,False,USD
2297,IRL,2017,Ireland,3721.719,4277.941,3167.67,0.7404660326077429,False,Local
2298,IRL,2017,Ireland,3771.873,4335.592,3210.358,0.7404658925470848,False,PPP
2299,IRL,2017,Ireland,4204.355,4832.71,3578.457,0.7404659083619749,False,USD
2300,IRL,2018,Ireland,3887.973,4531.751,3228.284,0.7123701191879254,False,Local
2301,IRL,2018,Ireland,3927.737,4578.1,3261.302,0.7123701972433979,False,PPP
2302,IRL,2018,Ireland,4591.519,5351.792,3812.457,0.7123701743266554,False,USD
2303,IRL,2019,Ireland,3985.112,4566.786,3395.02,0.7434156100154463,False,Local
2304,IRL,2019,Ireland,4106.213,4705.563,3498.189,0.743415612542006,False,PPP
2305,IRL,2019,Ireland,4461.232,5112.401,3800.639,0.7434156671200088,False,USD
2306,IRL,2020,Ireland,4021.022,4630.093,3390.305,0.7322325923043015,False,Local
2307,IRL,2020,Ireland,4043.471,4655.943,3409.233,0.7322325466613315,False,PPP
2308,IRL,2020,Ireland,4592.795,5288.474,3872.393,0.7322325873210306,False,USD
2309,IRL,2021,Ireland,4278.008,4920.787,3596.217,0.7308215129002739,False,Local
2310,IRL,2021,Ireland,4463.437,5134.077,3752.094,0.7308215283876731,False,PPP
2311,IRL,2021,Ireland,5059.773,5820.013,4253.391,0.7308215634569888,False,USD
2312,IRL,2022,Ireland,4387.157,5094.519,3642.007,0.7148873132085679,False,Local
2313,IRL,2022,Ireland,4706.679,5465.56,3907.259,0.7148872210715828,False,PPP
2314,IRL,2022,Ireland,4619.89,5364.776,3835.211,0.7148874435763953,False,USD
2315,IRL,2023,Ireland,4504.735,5172.459,3818.318,0.7382016947838543,False,Local
2316,IRL,2023,Ireland,4775.941,5483.866,4048.199,0.7382016628415063,False,PPP
2317,IRL,2023,Ireland,4870.828,5592.817,4128.628,0.7382018757273838,False,USD
2318,ISL,2007,Iceland,4219.754,5092.995,3275.733,0.6431840204044968,False,Local
2319,ISL,2007,Iceland,1835.178,2214.952,1424.621,0.6431836897594169,False,PPP
2320,ISL,2007,Iceland,5783.08,6979.838,4489.32,0.6431839822070369,False,USD
2321,ISL,2010,Iceland,2541.736,3036.211,2031.996,0.6692538825529584,False,Local
2322,ISL,2010,Iceland,1658.401,1981.03,1325.812,0.6692538729852652,False,PPP
2323,ISL,2010,Iceland,3369.621,4025.155,2693.851,0.6692539790393165,False,USD
2324,ISL,2011,Iceland,2730.881,3308.389,2156.217,0.6517422830265728,False,Local
2325,ISL,2011,Iceland,1609.176,1949.473,1270.554,0.651742291378234,False,PPP
2326,ISL,2011,Iceland,3801.265,4605.129,3001.357,0.6517422204676568,False,USD
2327,ISL,2012,Iceland,2921.164,3504.932,2320.387,0.662034812658277,False,Local
2328,ISL,2012,Iceland,1959.269,2350.811,1556.319,0.6620349317746088,False,PPP
2329,ISL,2012,Iceland,3753.079,4503.096,2981.206,0.6620347423195065,False,USD
2330,ISL,2014,Iceland,3364.105,4023.486,2691.951,0.6690593679212504,False,Local
2331,ISL,2014,Iceland,1969.937,2356.054,1576.34,0.6690593679092244,False,PPP
2332,ISL,2014,Iceland,4469.216,5345.205,3576.259,0.6690592783625698,False,USD
2333,ISL,2015,Iceland,3351.985,3943.053,2719.717,0.6897490345678844,False,Local
2334,ISL,2015,Iceland,2571.31,3024.718,2086.296,0.6897489286604569,False,PPP
2335,ISL,2015,Iceland,3719.071,4374.868,3017.561,0.6897490392852995,False,USD
2336,ISL,2016,Iceland,25153.079,29381.792,20651.205,0.7028572321252564,False,Local
2337,ISL,2016,Iceland,17173.361,20060.531,14099.689,0.7028572174884105,False,PPP
2338,ISL,2016,Iceland,27842.021,32522.797,22858.883,0.7028572296534029,False,USD
2339,ISL,2017,Iceland,5232.809,5862.352,4518.56,0.7707759615935721,False,Local
2340,ISL,2017,Iceland,3142.059,3520.07,2713.185,0.7707758652526796,False,PPP
2341,ISL,2017,Iceland,5911.406,6622.588,5104.532,0.7707760168683301,False,USD
2342,ISL,2018,Iceland,6122.922,6879.357,5283.199,0.7679786061400796,False,Local
2343,ISL,2018,Iceland,3531.993,3968.341,3047.601,0.7679786086931542,False,PPP
2344,ISL,2018,Iceland,7230.892,8124.207,6239.218,0.76797870856811,False,USD
2345,ISL,2019,Iceland,6056.891,6896.771,5226.14,0.7577662068234541,False,Local
2346,ISL,2019,Iceland,4195.359,4777.11,3619.932,0.7577660970754284,False,PPP
2347,ISL,2019,Iceland,6780.534,7720.76,5850.53,0.757766074842373,False,USD
2348,ISR,2009,Israel,7947.0,9526.0,6280.0,0.6592483728742389,False,Local
2349,ISR,2009,Israel,1835.699,2200.436,1450.634,0.659248439854647,False,PPP
2350,ISR,2009,Israel,2020.936,2422.479,1597.015,0.6592482329052183,False,USD
2351,ISR,2010,Israel,8100.0,9720.0,6386.0,0.6569958847736626,False,Local
2352,ISR,2010,Israel,1858.013,2229.615,1464.848,0.6569959387607278,False,PPP
2353,ISR,2010,Israel,2166.369,2599.643,1707.955,0.6569959798326155,False,USD
2354,ISR,2011,Israel,8325.0,9976.0,6600.0,0.6615878107457899,False,Local
2355,ISR,2011,Israel,1949.542,2336.172,1545.583,0.6615878454154916,False,PPP
2356,ISR,2011,Israel,2326.635,2788.049,1844.539,0.6615877267580305,False,USD
2357,ISR,2012,Israel,9149.0,10953.0,7244.0,0.6613713137953072,False,Local
2358,ISR,2012,Israel,2135.642,2556.748,1690.96,0.6613713983544721,False,PPP
2359,ISR,2012,Israel,2372.714,2840.566,1878.669,0.6613713604964645,False,USD
2360,ISR,2013,Israel,9030.0,10683.0,7280.0,0.681456519704203,False,Local
2361,ISR,2013,Israel,2039.782,2413.178,1644.476,0.6814565688896551,False,PPP
2362,ISR,2013,Israel,2500.86,2958.658,2016.197,0.6814565928201232,False,USD
2363,ISR,2014,Israel,9317.0,11114.0,7439.0,0.6693359726471118,False,Local
2364,ISR,2014,Israel,2036.226,2428.96,1625.79,0.66933584744088,False,PPP
2365,ISR,2014,Israel,2604.023,3106.27,2079.138,0.6693358915998932,False,USD
2366,ISR,2015,Israel,9503.0,11219.0,7666.0,0.6833051074070773,False,Local
2367,ISR,2015,Israel,2086.993,2463.85,1683.562,0.6833053960265438,False,PPP
2368,ISR,2015,Israel,2444.921,2886.411,1972.3,0.6833053227693492,False,USD
2369,ISR,2016,Israel,9724.0,11664.0,7633.0,0.6544067215363512,False,Local
2370,ISR,2016,Israel,2264.2,2715.923,1777.318,0.6544066234572925,False,PPP
2371,ISR,2016,Israel,2531.918,3037.052,1987.467,0.6544066417038629,False,USD
2372,ISR,2018,Israel,10584.0,12498.0,8546.0,0.6837894063050088,False,Local
2373,ISR,2018,Israel,2530.73,2988.385,2043.426,0.6837894046449837,False,PPP
2374,ISR,2018,Israel,2947.731,3480.796,2380.131,0.6837892826813177,False,USD
2375,ISR,2021,Israel,10928.0,13126.0,8670.0,0.6605211031540454,False,Local
2376,ISR,2021,Israel,2699.581,3242.56,2141.779,0.6605210080923715,False,PPP
2377,ISR,2021,Israel,3383.074,4063.528,2684.046,0.660521103828988,False,USD
2378,ITA,2002,Italy,1880.12,2008.9,1612.32,0.8025884812584001,False,Local
2379,ITA,2002,Italy,2141.899,2288.609,1836.811,0.8025883844728392,False,PPP
2380,ITA,2002,Italy,1777.792,1899.563,1524.567,0.8025882795148147,False,USD
2381,ITA,2006,Italy,2099.0,2271.0,1865.0,0.8212241303390577,False,Local
2382,ITA,2006,Italy,2383.924,2579.272,2118.16,0.8212239732761802,False,PPP
2383,ITA,2006,Italy,2635.502,2851.465,2341.692,0.8212241777472281,False,USD
2384,ITA,2007,Italy,2725.037,3023.628,2322.827,0.7682251255776174,False,Local
2385,ITA,2007,Italy,3110.837,3451.701,2651.684,0.7682252895021904,False,PPP
2386,ITA,2007,Italy,3734.604,4143.815,3183.383,0.7682251741450813,False,USD
2387,ITA,2008,Italy,1210.181,1327.267,1055.891,0.7955377478683641,True,Local
2388,ITA,2008,Italy,1428.724,1566.955,1246.572,0.7955378425034542,True,PPP
2389,ITA,2008,Italy,1779.88,1952.085,1552.958,0.795538104129687,True,USD
2390,ITA,2009,Italy,1226.329,1342.1,1076.051,0.8017666343789583,False,Local
2391,ITA,2009,Italy,1467.134,1605.638,1287.347,0.8017666497678805,False,PPP
2392,ITA,2009,Italy,1710.462,1871.937,1500.857,0.8017668329649983,False,USD
2393,ITA,2010,Italy,1247.144,1365.152,1096.278,0.8030446426478517,False,Local
2394,ITA,2010,Italy,1523.521,1667.681,1339.223,0.8030450667723623,False,PPP
2395,ITA,2010,Italy,1653.359,1809.804,1453.355,0.8030455231616241,False,USD
2396,ITA,2011,Italy,1258.837,1381.381,1104.727,0.7997265055766657,False,Local
2397,ITA,2011,Italy,1536.097,1685.63,1348.043,0.7997265117493162,False,PPP
2398,ITA,2011,Italy,1752.245,1922.82,1537.73,0.7997264434528454,False,USD
2399,ITA,2012,Italy,1258.506,1385.247,1102.635,0.7959843984502403,False,Local
2400,ITA,2012,Italy,1517.819,1670.675,1329.831,0.795984257859847,False,PPP
2401,ITA,2012,Italy,1616.914,1779.749,1416.652,0.7959841528215496,False,USD
2402,ITA,2013,Italy,1264.564,1392.136,1109.764,0.7971663688030479,False,Local
2403,ITA,2013,Italy,1542.981,1698.64,1354.099,0.7971665567748315,False,PPP
2404,ITA,2013,Italy,1679.491,1848.92,1473.898,0.7971669947861454,False,USD
2405,ITA,2014,Italy,1286.271,1414.914,1130.777,0.7991842613756031,False,Local
2406,ITA,2014,Italy,1558.455,1714.321,1370.058,0.7991840501283015,False,PPP
2407,ITA,2014,Italy,1708.812,1879.715,1502.238,0.7991839188387602,False,USD
2408,ITA,2015,Italy,1307.589,1435.25,1152.079,0.8027026650409336,False,Local
2409,ITA,2015,Italy,1578.12,1732.193,1390.436,0.8027027011424246,False,PPP
2410,ITA,2015,Italy,1450.787,1592.428,1278.247,0.8027031677413359,False,USD
2411,ITA,2016,Italy,1319.238,1444.427,1166.404,0.8075202138979679,False,Local
2412,ITA,2016,Italy,1677.874,1837.095,1483.492,0.8075205691594609,False,PPP
2413,ITA,2016,Italy,1460.269,1598.841,1291.096,0.8075199472617978,False,USD
2414,ITA,2017,Italy,1325.863,1450.359,1176.081,0.8108895797523233,False,Local
2415,ITA,2017,Italy,1704.964,1865.056,1512.355,0.8108898606797865,False,PPP
2416,ITA,2017,Italy,1497.803,1638.443,1328.597,0.8108899729804454,False,USD
2417,ITA,2018,Italy,1338.435,1466.293,1184.322,0.8076980521628351,False,Local
2418,ITA,2018,Italy,1755.819,1923.55,1553.648,0.8076982662265082,False,PPP
2419,ITA,2018,Italy,1580.631,1731.625,1398.631,0.8076985490507472,False,USD
2420,ITA,2019,Italy,1354.972,1482.538,1201.049,0.8101303305547648,False,Local
2421,ITA,2019,Italy,1873.179,2049.533,1660.389,0.8101304053167233,False,PPP
2422,ITA,2019,Italy,1516.856,1659.664,1344.544,0.8101302432299551,False,USD
2423,ITA,2020,Italy,1365.486,1487.645,1217.168,0.8181844458859472,False,Local
2424,ITA,2020,Italy,1912.95,2084.085,1705.166,0.8181844790399624,False,PPP
2425,ITA,2020,Italy,1559.653,1699.182,1390.244,0.8181842792590788,False,USD
2426,ITA,2021,Italy,3077.83,3421.677,2643.117,0.7724624504300085,False,Local
2427,ITA,2021,Italy,4397.403,4888.669,3776.314,0.7724626068977057,False,PPP
2428,ITA,2021,Italy,3640.274,4046.956,3126.122,0.7724625619848596,False,USD
2429,ITA,2022,Italy,3116.198,3482.43,2655.792,0.7626260972941309,False,Local
2430,ITA,2022,Italy,4631.514,5175.834,3947.226,0.7626260811301135,False,PPP
2431,ITA,2022,Italy,3281.508,3667.169,2796.679,0.762626156580185,False,USD
2432,ITA,2023,Italy,3203.698,3533.506,2804.042,0.793558012919746,False,Local
2433,ITA,2023,Italy,4763.069,5253.409,4168.885,0.7935580496397674,False,PPP
2434,ITA,2023,Italy,3464.058,3820.669,3031.923,0.7935581438748031,False,USD
2435,JAM,2008,Jamaica,30578.195,33007.278,28111.792,0.851684649670294,False,Local
2436,JAM,2008,Jamaica,617.875,666.958,568.038,0.8516848137363973,False,PPP
2437,JAM,2008,Jamaica,420.283,453.67,386.383,0.8516829413450304,False,USD
2438,JAM,2009,Jamaica,28534.069,30762.205,26407.878,0.8584520517953768,False,Local
2439,JAM,2009,Jamaica,524.235,565.17,485.172,0.8584532087690431,False,PPP
2440,JAM,2009,Jamaica,324.641,349.992,300.451,0.8584510503097214,False,USD
2441,JAM,2010,Jamaica,29228.216,31000.854,27559.628,0.8889957676649811,False,Local
2442,JAM,2010,Jamaica,484.674,514.069,457.005,0.8889954461366082,False,PPP
2443,JAM,2010,Jamaica,335.201,355.53,316.065,0.8889967091384694,False,USD
2444,JAM,2011,Jamaica,31509.509,33069.946,30020.721,0.9077946785882263,False,Local
2445,JAM,2011,Jamaica,501.134,525.951,477.455,0.9077936918077919,False,PPP
2446,JAM,2011,Jamaica,366.844,385.011,349.511,0.9077948422252871,False,USD
2447,JAM,2012,Jamaica,30639.538,31830.334,29551.991,0.9284222716607373,False,Local
2448,JAM,2012,Jamaica,497.579,516.917,479.918,0.9284237121239967,False,PPP
2449,JAM,2012,Jamaica,345.235,358.652,332.981,0.9284236530118333,False,USD
2450,JOR,1980,Jordan,74.043,76.121,63.651,0.8361818683411937,False,Local
2451,JOR,1981,Jordan,79.759,87.812,73.264,0.8343278822939917,False,Local
2452,JOR,1982,Jordan,97.945,102.101,80.278,0.7862606634606909,False,Local
2453,JOR,1983,Jordan,102.621,107.038,85.214,0.7961097927838712,False,Local
2454,JOR,1984,Jordan,90.41,92.229,80.278,0.8704203666959417,False,Local
2455,JOR,1985,Jordan,111.194,129.9,103.92,0.7999999999999999,False,Local
2456,JOR,1986,Jordan,116.91,123.145,95.606,0.7763693207194771,False,Local
2457,JOR,1987,Jordan,127.302,135.096,103.92,0.7692307692307693,False,Local
2458,JOR,1988,Jordan,129.9,135.096,106.518,0.7884615384615384,False,Local
2459,JOR,1989,Jordan,132.498,140.292,107.297,0.764811963618738,False,Local
2460,JOR,1990,Jordan,135.096,142.89,111.714,0.7818181818181819,False,Local
2461,JOR,1990,Jordan,527.633,558.074,436.312,0.7818174650673567,False,PPP
2462,JOR,1990,Jordan,203.546,215.289,168.317,0.7818188574427863,False,USD
2463,JOR,1991,Jordan,135.096,150.684,119.508,0.7931034482758621,False,Local
2464,JOR,1991,Jordan,508.507,567.181,449.833,0.7931030834953922,False,PPP
2465,JOR,1991,Jordan,198.418,221.312,175.524,0.7931065644881434,False,USD
2466,JOR,1992,Jordan,145.488,152.762,122.885,0.8044212565952266,False,Local
2467,JOR,1992,Jordan,542.531,569.657,458.245,0.8044226613558685,False,PPP
2468,JOR,1992,Jordan,214.01,224.711,180.762,0.804419899337371,False,USD
2469,JOR,1993,Jordan,152.762,159.257,131.199,0.8238193611583793,False,Local
2470,JOR,1993,Jordan,567.645,591.779,487.518,0.8238176751794166,False,PPP
2471,JOR,1993,Jordan,220.484,229.858,189.361,0.8238173132977751,False,USD
2472,JOR,2016,Jordan,493.0,507.0,458.0,0.903353057199211,False,Local
2473,JOR,2016,Jordan,1353.381,1391.814,1257.3,0.9033534653337298,False,PPP
2474,JOR,2016,Jordan,694.366,714.085,645.07,0.9033518418675648,False,USD
2475,JOR,2017,Jordan,353.086,360.468,324.388,0.8999078975110133,True,Local
2476,JOR,2017,Jordan,1047.541,1069.443,962.4,0.8999077089662563,True,PPP
2477,JOR,2017,Jordan,497.304,507.702,456.885,0.8999078199416193,True,USD
2478,JPN,2009,Japan,294500.0,326800.0,228000.0,0.6976744186046512,False,Local
2479,JPN,2009,Japan,2355.112,2613.414,1823.312,0.6976743830101162,False,PPP
2480,JPN,2009,Japan,3147.373,3492.569,2436.676,0.69767440528734,False,USD
2481,JPN,2010,Japan,296200.0,328300.0,227600.0,0.6932683521169661,False,Local
2482,JPN,2010,Japan,2447.292,2712.511,1880.498,0.6932683406629503,False,PPP
2483,JPN,2010,Japan,3374.35,3740.037,2592.849,0.6932682751534277,False,USD
2484,JPN,2011,Japan,296800.0,328300.0,231900.0,0.7063661285409686,False,Local
2485,JPN,2011,Japan,2556.346,2827.656,1997.36,0.7063659794543607,False,PPP
2486,JPN,2011,Japan,3718.971,4113.673,2905.759,0.7063660626403704,False,USD
2487,JPN,2012,Japan,297700.0,329000.0,233100.0,0.7085106382978723,False,Local
2488,JPN,2012,Japan,2642.359,2920.175,2068.975,0.7085106200827005,False,PPP
2489,JPN,2012,Japan,3731.023,4123.3,2921.402,0.7085106589382291,False,USD
2490,JPN,2013,Japan,295700.0,326000.0,232600.0,0.7134969325153374,False,Local
2491,JPN,2013,Japan,2774.171,3058.437,2182.185,0.713496795912422,False,PPP
2492,JPN,2013,Japan,3029.848,3340.312,2383.303,0.713497122424492,False,USD
2493,JPN,2014,Japan,299600.0,329600.0,238000.0,0.7220873786407767,False,Local
2494,JPN,2014,Japan,2744.051,3018.822,2179.853,0.7220872910029144,False,PPP
2495,JPN,2014,Japan,2827.888,3111.055,2246.453,0.722087201929892,False,USD
2496,JPN,2015,Japan,303500.0,334000.0,241700.0,0.7236526946107784,False,Local
2497,JPN,2015,Japan,2785.354,3065.266,2218.188,0.7236526944154276,False,PPP
2498,JPN,2015,Japan,2507.352,2759.327,1996.794,0.7236525428120697,False,USD
2499,JPN,2016,Japan,303600.0,334600.0,243900.0,0.7289300657501494,False,Local
2500,JPN,2016,Japan,2641.632,2911.364,2122.18,0.7289298074716868,False,PPP
2501,JPN,2016,Japan,2790.623,3075.568,2241.874,0.7289300708031816,False,USD
2502,JPN,2017,Japan,303800.0,334400.0,246300.0,0.7365430622009569,False,Local
2503,JPN,2017,Japan,2619.34,2883.171,2123.58,0.7365432019120615,False,PPP
2504,JPN,2017,Japan,2708.482,2981.292,2195.85,0.7365430826634896,False,USD
2505,JPN,2018,Japan,305300.0,336100.0,246900.0,0.7346027967866706,False,Local
2506,JPN,2018,Japan,2670.603,2940.025,2159.751,0.734602937049855,False,PPP
2507,JPN,2018,Japan,2764.818,3043.745,2235.944,0.7346029315859246,False,USD
2508,JPN,2019,Japan,306000.0,336100.0,249800.0,0.7432311811960726,False,Local
2509,JPN,2019,Japan,2636.61,2895.963,2152.37,0.7432311807851135,False,PPP
2510,JPN,2019,Japan,2807.09,3083.213,2291.54,0.7432311682650533,False,USD
2511,JPN,2020,Japan,307700.0,338800.0,251800.0,0.7432113341204251,False,Local
2512,JPN,2020,Japan,2723.276,2998.524,2228.537,0.7432113266393732,False,PPP
2513,JPN,2020,Japan,2881.772,3173.04,2358.239,0.743211242215667,False,USD
2514,JPN,2021,Japan,307400.0,337200.0,253600.0,0.7520759193357058,False,Local
2515,JPN,2021,Japan,2808.732,3081.016,2317.158,0.7520759385864922,False,PPP
2516,JPN,2021,Japan,2800.801,3072.316,2310.615,0.7520759583324111,False,USD
2517,KAZ,1998,Kazakhstan,9683.0,10904.0,8260.0,0.7575201760821717,False,Local
2518,KAZ,1998,Kazakhstan,268.887,302.793,229.371,0.7575175119636187,False,PPP
2519,KAZ,1998,Kazakhstan,123.66,139.253,105.487,0.7575204842983635,False,USD
2520,KAZ,1999,Kazakhstan,11864.0,14034.0,9485.0,0.6758586290437509,False,Local
2521,KAZ,1999,Kazakhstan,310.869,367.729,248.533,0.6758591245183273,False,PPP
2522,KAZ,1999,Kazakhstan,99.261,117.416,79.357,0.6758618927573755,False,USD
2523,KAZ,2009,Kazakhstan,67333.0,80491.0,53276.0,0.6618876644593805,False,Local
2524,KAZ,2009,Kazakhstan,944.209,1128.724,747.088,0.6618872284101339,False,PPP
2525,KAZ,2009,Kazakhstan,456.505,545.714,361.201,0.6618869957523538,False,USD
2526,KAZ,2010,Kazakhstan,77611.0,92853.0,61273.0,0.6598925182815849,False,Local
2527,KAZ,2010,Kazakhstan,1029.965,1232.239,813.145,0.6598922773909931,False,PPP
2528,KAZ,2010,Kazakhstan,526.694,630.131,415.819,0.6598929428960011,False,USD
2529,KAZ,2011,Kazakhstan,90028.0,106533.0,72430.0,0.6798832286709282,False,Local
2530,KAZ,2011,Kazakhstan,1136.406,1344.745,914.27,0.6798835466947265,False,PPP
2531,KAZ,2011,Kazakhstan,614.019,726.588,493.995,0.6798832350658145,False,USD
2532,KAZ,2012,Kazakhstan,101263.0,118799.0,82625.0,0.695502487394675,False,Local
2533,KAZ,2012,Kazakhstan,1259.663,1477.803,1027.815,0.6955020391757223,False,PPP
2534,KAZ,2012,Kazakhstan,679.105,796.707,554.112,0.695502863662551,False,USD
2535,KAZ,2015,Kazakhstan,126021.0,151694.0,99911.0,0.6586351470723958,False,Local
2536,KAZ,2015,Kazakhstan,1203.3,1448.436,953.991,0.6586352451886035,False,PPP
2537,KAZ,2015,Kazakhstan,568.358,684.144,450.601,0.6586347318693141,False,USD
2538,KAZ,2016,Kazakhstan,142898.0,169352.0,116108.0,0.6856015872266049,False,Local
2539,KAZ,2016,Kazakhstan,1230.203,1457.944,999.569,0.6856017789434985,False,PPP
2540,KAZ,2016,Kazakhstan,417.635,494.95,339.338,0.6856005657137085,False,USD
2541,KAZ,2017,Kazakhstan,150827.0,179575.0,121793.0,0.6782291521648336,False,Local
2542,KAZ,2017,Kazakhstan,1201.609,1430.638,970.301,0.6782295730995542,False,PPP
2543,KAZ,2017,Kazakhstan,462.658,550.842,373.597,0.6782289658377538,False,USD
2544,KAZ,2019,Kazakhstan,186815.0,222514.0,150779.0,0.6776157904671167,False,Local
2545,KAZ,2019,Kazakhstan,1415.322,1685.78,1142.311,0.6776157031166581,False,PPP
2546,KAZ,2019,Kazakhstan,488.09,581.36,393.939,0.6776162790697675,False,USD
2547,KAZ,2020,Kazakhstan,213003.0,243524.0,182679.0,0.7501478293720537,False,Local
2548,KAZ,2020,Kazakhstan,1557.964,1781.203,1336.166,0.7501480740825162,False,PPP
2549,KAZ,2020,Kazakhstan,515.804,589.713,442.372,0.7501479533264487,False,USD
2550,KAZ,2022,Kazakhstan,309867.0,355296.0,265762.0,0.7480016662163379,False,Local
2551,KAZ,2022,Kazakhstan,2043.695,2343.317,1752.805,0.7480016574795472,False,PPP
2552,KAZ,2022,Kazakhstan,673.382,772.106,577.536,0.7480009221531758,False,USD
2553,KEN,1977,Kenya,986.5,996.8,932.4,0.9353932584269663,False,Local
2554,KEN,1978,Kenya,1066.7,1093.5,930.2,0.8506630086877001,False,Local
2555,KEN,1979,Kenya,1162.5,1197.1,989.9,0.8269150446913375,False,Local
2556,KEN,1980,Kenya,1299.5,1346.4,1071.1,0.795528817587641,False,Local
2557,KEN,1981,Kenya,1522.2,1561.5,1345.7,0.8617995517130964,False,Local
2558,KEN,1982,Kenya,1608.2,1657.6,1387.4,0.8369932432432433,False,Local
2559,KEN,1983,Kenya,1707.8,1753.2,1508.0,0.8601414556240018,False,Local
2560,KEN,1984,Kenya,1870.4,1932.3,1614.4,0.8354810329658956,False,Local
2561,KEN,1985,Kenya,2015.6,2077.3,1770.2,0.8521638665575506,False,Local
2562,KEN,1986,Kenya,2204.1,2304.1,1817.9,0.7889848530879737,False,Local
2563,KEN,1987,Kenya,2344.6,2468.9,1884.8,0.763416906314553,False,Local
2564,KEN,1988,Kenya,2683.7,2768.1,2218.3,0.8013800079476898,False,Local
2565,KEN,1989,Kenya,2849.7,2952.8,2452.9,0.8307030615009482,False,Local
2566,KEN,1990,Kenya,3106.1,3484.8,2727.3,0.7826274104683195,False,Local
2567,KEN,1990,Kenya,666.19,747.412,584.946,0.7826285903892365,False,PPP
2568,KEN,1990,Kenya,135.55,152.077,119.019,0.7826232763665775,False,USD
2569,KEN,1991,Kenya,3394.1,3513.5,2976.6,0.8471894122669702,False,Local
2570,KEN,1991,Kenya,631.878,654.107,554.153,0.847190138616465,False,PPP
2571,KEN,1991,Kenya,123.386,127.727,108.209,0.8471897093018704,False,USD
2572,KEN,2005,Kenya,7896.366,8257.07,7095.794,0.8593597971193172,True,Local
2573,KEN,2005,Kenya,395.205,413.258,355.137,0.8593590444710084,True,PPP
2574,KEN,2005,Kenya,104.513,109.287,93.917,0.8593611316991041,True,USD
2575,KEN,2016,Kenya,14493.296,16522.039,11291.57,0.6834247274201446,False,Local
2576,KEN,2016,Kenya,348.798,397.622,271.744,0.6834229494343875,False,PPP
2577,KEN,2016,Kenya,142.785,162.772,111.242,0.683422210208144,False,USD
2578,KEN,2019,Kenya,13932.869,14662.588,12667.807,0.8639543714929452,False,Local
2579,KEN,2019,Kenya,322.059,338.926,292.817,0.8639555537196911,False,PPP
2580,KEN,2019,Kenya,136.608,143.763,124.205,0.8639566508767902,False,USD
2581,KEN,2021,Kenya,122416.983,132830.31,103189.375,0.7768511192964919,False,Local
2582,KEN,2021,Kenya,2885.29,3130.725,2432.108,0.7768513682932868,False,PPP
2583,KEN,2021,Kenya,1116.559,1211.538,941.185,0.7768514070545042,False,USD
2584,KGZ,2013,Kyrgyzstan,10601.0,12440.0,9113.0,0.7325562700964631,False,Local
2585,KGZ,2013,Kyrgyzstan,574.263,673.882,493.657,0.7325570352079445,False,PPP
2586,KGZ,2013,Kyrgyzstan,218.857,256.823,188.137,0.7325551060457981,False,USD
2587,KGZ,2014,Kyrgyzstan,11516.0,13695.0,9732.0,0.7106243154435925,False,Local
2588,KGZ,2014,Kyrgyzstan,592.934,705.126,501.079,0.7106233495857478,False,PPP
2589,KGZ,2014,Kyrgyzstan,214.634,255.246,181.384,0.7106242605173048,False,USD
2590,KGZ,2015,Kyrgyzstan,12715.6,14742.8,11125.3,0.7546259869224299,False,Local
2591,KGZ,2015,Kyrgyzstan,626.17,725.998,547.857,0.7546260458017789,False,PPP
2592,KGZ,2015,Kyrgyzstan,197.257,228.705,172.587,0.7546271397651996,False,USD
2593,KGZ,2016,Kyrgyzstan,13428.0,15592.0,11743.0,0.7531426372498717,False,Local
2594,KGZ,2016,Kyrgyzstan,688.46,799.409,602.069,0.7531426341209568,False,PPP
2595,KGZ,2016,Kyrgyzstan,192.064,223.017,167.963,0.7531398951649426,False,USD
2596,KGZ,2017,Kyrgyzstan,14217.0,16802.0,12183.0,0.7250922509225092,False,Local
2597,KGZ,2017,Kyrgyzstan,734.966,868.601,629.816,0.7250924187285072,False,PPP
2598,KGZ,2017,Kyrgyzstan,206.442,243.979,176.907,0.725091093905623,False,USD
2599,KGZ,2018,Kyrgyzstan,14760.0,17556.0,12574.0,0.716222374117111,False,Local
2600,KGZ,2018,Kyrgyzstan,719.638,855.96,613.058,0.7162227206878826,False,PPP
2601,KGZ,2018,Kyrgyzstan,214.409,255.025,182.655,0.7162238996176845,False,USD
2602,KGZ,2019,Kyrgyzstan,16287.0,18724.0,14421.0,0.7701879940183721,False,Local
2603,KGZ,2019,Kyrgyzstan,771.958,887.465,683.515,0.7701881200948769,False,PPP
2604,KGZ,2019,Kyrgyzstan,233.374,268.293,206.636,0.7701878170507617,False,USD
2605,KGZ,2020,Kyrgyzstan,17198.0,19992.0,15078.0,0.7542016806722689,False,Local
2606,KGZ,2020,Kyrgyzstan,798.801,928.574,700.332,0.754201603749405,False,PPP
2607,KGZ,2020,Kyrgyzstan,222.351,258.474,194.942,0.7542035175684982,False,USD
2608,KGZ,2022,Kyrgyzstan,27684.0,31353.0,24954.0,0.795904698115013,False,Local
2609,KGZ,2022,Kyrgyzstan,1079.341,1222.387,972.904,0.7959050611631178,False,PPP
2610,KGZ,2022,Kyrgyzstan,329.116,372.734,296.661,0.7959053909758702,False,USD
2611,KHM,1996,Cambodia,85534.384,90022.31,73343.571,0.8147266049938066,False,Local
2612,KHM,1996,Cambodia,88.336,92.971,75.746,0.8147271729894268,False,PPP
2613,KHM,1996,Cambodia,32.596,34.306,27.95,0.8147262869468898,False,USD
2614,KHM,1997,Cambodia,100896.964,106336.654,86151.738,0.8101791316473057,False,Local
2615,KHM,1997,Cambodia,98.775,104.1,84.34,0.8101825168107589,False,PPP
2616,KHM,1997,Cambodia,34.246,36.092,29.241,0.8101795411725591,False,USD
2617,KHM,1999,Cambodia,148625.025,153197.88,140578.905,0.9176295716363698,False,Local
2618,KHM,1999,Cambodia,126.449,130.34,119.604,0.9176308117231855,False,PPP
2619,KHM,1999,Cambodia,39.031,40.232,36.918,0.9176277589978127,False,USD
2620,KHM,2001,Cambodia,156499.312,160149.425,151676.003,0.9470905249893967,False,Local
2621,KHM,2001,Cambodia,143.527,146.875,139.103,0.947084255319149,False,PPP
2622,KHM,2001,Cambodia,39.961,40.893,38.729,0.9470814075758687,False,USD
2623,KHM,2003,Cambodia,189725.83,195676.083,180946.511,0.9247247196786946,False,Local
2624,KHM,2003,Cambodia,178.707,184.312,170.438,0.9247254655149962,False,PPP
2625,KHM,2003,Cambodia,47.75,49.247,45.54,0.9247263792718338,False,USD
2626,KHM,2007,Cambodia,295074.854,319615.962,258002.972,0.8072280570267639,True,Local
2627,KHM,2007,Cambodia,244.871,265.237,214.107,0.8072290065111579,True,PPP
2628,KHM,2007,Cambodia,72.747,78.798,63.608,0.8072286098631944,True,USD
2629,KHM,2008,Cambodia,331752.151,360939.22,289856.29,0.8030612190052386,False,Local
2630,KHM,2008,Cambodia,230.367,250.634,201.274,0.8030594412569724,False,PPP
2631,KHM,2008,Cambodia,81.83,89.029,71.496,0.8030641701018769,False,USD
2632,KHM,2009,Cambodia,331703.379,369435.857,280092.189,0.7581618938521173,False,Local
2633,KHM,2009,Cambodia,232.4,258.836,196.239,0.758159606855306,False,PPP
2634,KHM,2009,Cambodia,80.134,89.25,67.666,0.7581624649859944,False,USD
2635,KHM,2010,Cambodia,373571.416,411132.609,319696.003,0.7775982639217023,False,Local
2636,KHM,2010,Cambodia,255.803,281.523,218.912,0.7775989883597432,False,PPP
2637,KHM,2010,Cambodia,89.266,98.242,76.392,0.7775900327762056,False,USD
2638,KHM,2011,Cambodia,404130.953,459394.196,332202.537,0.7231317676464507,False,Local
2639,KHM,2011,Cambodia,270.638,307.646,222.469,0.72313308152877,False,PPP
2640,KHM,2011,Cambodia,99.576,113.193,81.854,0.7231365897184455,False,USD
2641,KHM,2012,Cambodia,474675.536,512990.284,419432.673,0.8176230351372503,True,Local
2642,KHM,2012,Cambodia,329.67,356.28,291.302,0.817620972269002,True,PPP
2643,KHM,2012,Cambodia,117.698,127.198,104.0,0.8176229185993491,True,USD
2644,KHM,2013,Cambodia,497094.711,542595.928,434135.032,0.8001074272713673,False,Local
2645,KHM,2013,Cambodia,334.514,365.133,292.146,0.8001084536319644,False,PPP
2646,KHM,2013,Cambodia,123.433,134.731,107.799,0.8001053951948699,False,USD
2647,KHM,2014,Cambodia,610121.425,656486.238,547601.338,0.8341398589988416,False,Local
2648,KHM,2014,Cambodia,401.272,431.766,360.153,0.8341393254679618,False,PPP
2649,KHM,2014,Cambodia,151.114,162.597,135.629,0.8341420813422141,False,USD
2650,KHM,2015,Cambodia,655840.741,702116.48,593957.912,0.8459535261157807,False,Local
2651,KHM,2015,Cambodia,431.059,461.474,390.386,0.8459544849764018,False,PPP
2652,KHM,2015,Cambodia,161.229,172.606,146.016,0.8459497352351598,False,USD
2653,KHM,2016,Cambodia,736010.77,776808.275,677219.075,0.8717969372815962,False,Local
2654,KHM,2016,Cambodia,480.626,507.267,442.234,0.8717972980698527,False,PPP
2655,KHM,2016,Cambodia,181.342,191.394,166.856,0.871793264156661,False,USD
2656,KHM,2019,Cambodia,1069006.114,1129400.327,989757.638,0.8763567836296544,True,Local
2657,KHM,2019,Cambodia,678.794,717.143,628.473,0.8763565983353389,True,PPP
2658,KHM,2019,Cambodia,263.228,278.099,243.714,0.8763569807874174,True,USD
2659,KHM,2020,Cambodia,1076082.625,1168823.995,959838.046,0.8211998128939848,False,Local
2660,KHM,2020,Cambodia,681.023,739.717,607.455,0.8211991883382429,False,PPP
2661,KHM,2020,Cambodia,262.922,285.582,234.52,0.8212002156998691,False,USD
2662,KHM,2021,Cambodia,1081316.447,1149011.394,990326.807,0.8618946793490195,False,Local
2663,KHM,2021,Cambodia,685.499,728.414,627.817,0.8618958449453196,False,PPP
2664,KHM,2021,Cambodia,263.818,280.334,241.618,0.8618933129766635,False,USD
2665,KIR,2019,Kiribati,499.046,547.884,419.056,0.7648626351563469,False,Local
2666,KIR,2019,Kiribati,537.325,589.909,451.199,0.7648620380431559,False,PPP
2667,KIR,2019,Kiribati,346.92,380.87,291.313,0.7648620264132118,False,USD
2668,KOR,2012,Republic of Korea,2997420.0,3404000.0,2204000.0,0.6474735605170387,False,Local
2669,KOR,2012,Republic of Korea,3276.107,3720.489,2408.918,0.647473490715871,False,PPP
2670,KOR,2012,Republic of Korea,2660.101,3020.926,1955.97,0.6474736554288321,False,USD
2671,KOR,2013,Republic of Korea,3116400.0,3547000.0,2291000.0,0.6458979419227516,False,Local
2672,KOR,2013,Republic of Korea,3191.95,3632.989,2346.54,0.6458979094073778,False,PPP
2673,KOR,2013,Republic of Korea,2846.073,3239.321,2092.271,0.645898013812154,False,USD
2674,KOR,2018,Republic of Korea,3593000.0,4144000.0,2703000.0,0.6522683397683398,False,Local
2675,KOR,2018,Republic of Korea,3664.979,4227.017,2757.15,0.6522684909949499,False,PPP
2676,KOR,2018,Republic of Korea,3265.879,3766.713,2456.908,0.652268436697991,False,USD
2677,KOR,2019,Republic of Korea,3720000.0,4277000.0,2827000.0,0.6609773205517886,False,Local
2678,KOR,2019,Republic of Korea,3780.113,4346.113,2872.682,0.6609772916626879,False,PPP
2679,KOR,2019,Republic of Korea,3192.154,3670.118,2425.865,0.6609773854682601,False,USD
2680,KOR,2020,Republic of Korea,3757000.0,4316000.0,2863000.0,0.6633456904541242,False,Local
2681,KOR,2020,Republic of Korea,3867.298,4442.709,2947.052,0.6633457199199858,False,PPP
2682,KOR,2020,Republic of Korea,3183.181,3656.803,2425.725,0.6633458242076481,False,USD
2683,KOR,2021,Republic of Korea,3858000.0,4442000.0,2934000.0,0.6605132823052678,False,Local
2684,KOR,2021,Republic of Korea,4014.617,4622.325,3053.107,0.6605132698371491,False,PPP
2685,KOR,2021,Republic of Korea,3372.52,3883.031,2564.794,0.6605133979100347,False,USD
2686,KOR,2022,Republic of Korea,4091000.0,4726000.0,3129000.0,0.662082099026661,False,Local
2687,KOR,2022,Republic of Korea,4384.212,5064.724,3353.263,0.6620820798922112,False,PPP
2688,KOR,2022,Republic of Korea,3167.765,3659.462,2422.864,0.6620820218928356,False,USD
2689,KOS,2000,Kosovo,455.077,464.754,414.351,0.8915490775765244,False,Local
2690,LAO,2010,Lao People's Democratic Republic,1111897.615,1192081.663,961765.971,0.8067953738837103,True,Local
2691,LAO,2010,Lao People's Democratic Republic,371.135,397.9,321.024,0.8067956773058558,True,PPP
2692,LAO,2010,Lao People's Democratic Republic,134.708,144.422,116.519,0.8067953635872651,True,USD
2693,LAO,2017,Lao People's Democratic Republic,1977052.518,2073605.571,1822339.493,0.8788264839205527,True,Local
2694,LAO,2017,Lao People's Democratic Republic,620.403,650.701,571.854,0.8788276028467761,True,PPP
2695,LAO,2017,Lao People's Democratic Republic,239.793,251.503,221.028,0.8788284831592467,True,USD
2696,LAO,2022,Lao People's Democratic Republic,2503995.654,2727132.538,2115601.114,0.7757602846657099,True,Local
2697,LAO,2022,Lao People's Democratic Republic,674.632,734.75,569.99,0.7757604627424294,True,PPP
2698,LAO,2022,Lao People's Democratic Republic,178.408,194.306,150.735,0.7757609131987689,True,USD
2699,LBR,2014,Liberia,7995.283,8270.237,6763.374,0.8177968781305784,True,Local
2700,LBR,2014,Liberia,15716.957,16257.455,13295.296,0.8177968814922139,True,PPP
2701,LBR,2014,Liberia,95.304,98.581,80.62,0.817804647954474,True,USD
2702,LBR,2016,Liberia,11477.563,12428.132,8342.195,0.6712348243485022,False,Local
2703,LBR,2016,Liberia,24834.218,26890.983,18050.164,0.6712348150307484,False,PPP
2704,LBR,2016,Liberia,121.549,131.616,88.345,0.6712329807926087,False,USD
2705,LIE,2005,Liechtenstein,5819.0,6381.0,5092.0,0.797994044820561,False,Local
2706,LIE,2006,Liechtenstein,5885.0,6468.0,5176.0,0.8002473716759431,False,Local
2707,LIE,2012,Liechtenstein,6380.0,6875.0,5694.0,0.8282181818181819,False,Local
2708,LIE,2014,Liechtenstein,6522.0,7036.0,5873.0,0.8347072200113701,False,Local
2709,LIE,2016,Liechtenstein,6603.0,7050.0,5976.0,0.8476595744680852,False,Local
2710,LKA,1979,Sri Lanka,598.926,619.19,515.616,0.8327266267220077,False,Local
2711,LKA,1980,Sri Lanka,608.798,617.025,567.663,0.92,False,Local
2712,LKA,1981,Sri Lanka,685.17,689.769,643.784,0.9333327534290465,False,Local
2713,LKA,1982,Sri Lanka,737.572,772.282,618.259,0.8005611939680065,False,Local
2714,LKA,1983,Sri Lanka,871.437,899.829,642.111,0.7135922491940135,False,Local
2715,LKA,1984,Sri Lanka,957.752,1029.097,732.908,0.7121855374177556,False,Local
2716,LKA,1985,Sri Lanka,1103.388,1361.539,968.067,0.7110093798267989,False,Local
2717,LKA,1986,Sri Lanka,1204.641,1271.326,940.05,0.7394248210136503,False,Local
2718,LKA,1987,Sri Lanka,1414.821,1487.406,1065.874,0.7165992338339364,False,Local
2719,LKA,1988,Sri Lanka,1476.569,1518.136,1160.418,0.7643702540483855,False,Local
2720,LKA,1989,Sri Lanka,1761.941,1856.746,1435.421,0.7730842021471973,False,Local
2721,LKA,1990,Sri Lanka,2103.006,2168.668,1932.214,0.8909680965458981,False,Local
2722,LKA,1990,Sri Lanka,209.321,215.857,192.321,0.8909648517305438,False,PPP
2723,LKA,1990,Sri Lanka,52.493,54.132,48.23,0.8909702209414024,False,USD
2724,LKA,1991,Sri Lanka,2505.654,2547.75,2084.598,0.8182113629673241,False,Local
2725,LKA,1991,Sri Lanka,231.723,235.616,192.784,0.8182126850468558,False,PPP
2726,LKA,1991,Sri Lanka,60.565,61.582,50.387,0.8182098665194375,False,USD
2727,LKA,1992,Sri Lanka,2715.152,2801.625,2449.674,0.8743761210012047,False,Local
2728,LKA,1992,Sri Lanka,232.263,239.66,209.553,0.8743761996161229,False,PPP
2729,LKA,1992,Sri Lanka,61.948,63.921,55.891,0.8743761831010153,False,USD
2730,LKA,1994,Sri Lanka,3444.753,3530.43,3138.584,0.8890089875737517,False,Local
2731,LKA,1994,Sri Lanka,256.86,263.249,234.031,0.8890100247294386,False,PPP
2732,LKA,1994,Sri Lanka,69.71,71.444,63.515,0.8890179721180225,False,USD
2733,LKA,1995,Sri Lanka,3910.579,4050.234,2937.106,0.7251694593448181,False,Local
2734,LKA,1995,Sri Lanka,278.408,288.351,209.103,0.7251682844866153,False,PPP
2735,LKA,1995,Sri Lanka,76.302,79.026,57.308,0.7251790549945588,False,USD
2736,LKA,1997,Sri Lanka,3087.07,3299.734,3035.763,0.920002339582524,False,Local
2737,LKA,1997,Sri Lanka,182.241,194.795,179.212,0.9200030801611951,False,PPP
2738,LKA,1997,Sri Lanka,52.328,55.933,51.458,0.9199935637280318,False,USD
2739,LKA,1998,Sri Lanka,3447.646,3961.425,3255.18,0.8217194570135746,False,Local
2740,LKA,1998,Sri Lanka,188.989,217.153,178.439,0.8217201696499703,False,PPP
2741,LKA,1998,Sri Lanka,53.493,61.465,50.507,0.8217196778654519,False,USD
2742,LKA,1999,Sri Lanka,4001.684,4094.287,3358.468,0.8202815288718158,False,Local
2743,LKA,1999,Sri Lanka,214.114,219.068,179.698,0.8202841126956013,False,PPP
2744,LKA,1999,Sri Lanka,56.653,57.964,47.547,0.8202850044855428,False,USD
2745,LKA,2000,Sri Lanka,4445.278,4703.32,3842.637,0.8170052218432937,False,Local
2746,LKA,2000,Sri Lanka,231.577,245.02,200.183,0.8170067749571462,False,PPP
2747,LKA,2000,Sri Lanka,57.727,61.078,49.901,0.8170044860669963,False,USD
2748,LKA,2001,Sri Lanka,4864.662,4945.743,4185.773,0.8463385582307855,False,Local
2749,LKA,2001,Sri Lanka,228.268,232.073,196.412,0.846337143915923,False,PPP
2750,LKA,2001,Sri Lanka,54.425,55.332,46.83,0.8463456950769898,False,USD
2751,LKA,2002,Sri Lanka,5220.876,5321.431,4468.612,0.8397387845487427,False,Local
2752,LKA,2002,Sri Lanka,227.172,231.547,194.439,0.8397388003299546,False,PPP
2753,LKA,2002,Sri Lanka,54.576,55.627,46.712,0.8397360993762022,False,USD
2754,LKA,2003,Sri Lanka,5633.832,5772.236,4879.746,0.8453822747372076,False,Local
2755,LKA,2003,Sri Lanka,235.814,241.607,204.251,0.8453852744332739,False,PPP
2756,LKA,2003,Sri Lanka,58.369,59.803,50.556,0.8453756500510008,False,USD
2757,LKA,2004,Sri Lanka,6015.756,6165.197,5293.793,0.8586575579012317,False,Local
2758,LKA,2004,Sri Lanka,240.334,246.304,211.491,0.8586584058724179,False,PPP
2759,LKA,2004,Sri Lanka,59.447,60.924,52.313,0.8586599697984374,False,USD
2760,LKA,2005,Sri Lanka,6411.141,6433.371,6043.572,0.9394098366159825,False,Local
2761,LKA,2005,Sri Lanka,237.209,238.032,223.61,0.9394115076964442,False,PPP
2762,LKA,2005,Sri Lanka,63.794,64.015,60.136,0.9394048269936734,False,USD
2763,LKA,2006,Sri Lanka,7162.478,7592.053,6516.858,0.8583788864487643,False,Local
2764,LKA,2006,Sri Lanka,248.643,263.556,226.231,0.8583792438798585,False,PPP
2765,LKA,2006,Sri Lanka,68.927,73.061,62.714,0.8583786151298229,False,USD
2766,LKA,2008,Sri Lanka,9362.504,10284.456,8464.042,0.8229936517789564,False,Local
2767,LKA,2008,Sri Lanka,244.484,268.559,221.022,0.8229923406029959,False,PPP
2768,LKA,2008,Sri Lanka,86.423,94.933,78.129,0.8229909515131725,False,USD
2769,LKA,2009,Sri Lanka,12687.0,13506.0,11021.0,0.8160077002813564,False,Local
2770,LKA,2009,Sri Lanka,319.064,339.661,277.166,0.8160077253496869,False,PPP
2771,LKA,2009,Sri Lanka,110.375,117.5,95.881,0.8160085106382978,False,USD
2772,LKA,2010,Sri Lanka,13749.943,14658.657,11876.08,0.8101751749836291,True,Local
2773,LKA,2010,Sri Lanka,330.893,352.761,285.798,0.8101745941303035,True,PPP
2774,LKA,2010,Sri Lanka,121.612,129.649,105.038,0.810172080000617,True,USD
2775,LKA,2011,Sri Lanka,15227.925,16101.667,13392.288,0.831733012488707,True,Local
2776,LKA,2011,Sri Lanka,354.236,374.561,311.535,0.8317336828981129,True,PPP
2777,LKA,2011,Sri Lanka,137.728,145.631,121.126,0.8317322548083856,True,USD
2778,LKA,2012,Sri Lanka,14497.0,16385.0,11221.0,0.6848336893500152,False,Local
2779,LKA,2012,Sri Lanka,337.392,381.332,261.149,0.6848336882296792,False,PPP
2780,LKA,2012,Sri Lanka,113.61,128.406,87.937,0.684835599582574,False,USD
2781,LKA,2013,Sri Lanka,19209.289,20432.546,16796.851,0.8220635353029426,False,Local
2782,LKA,2013,Sri Lanka,424.496,451.528,371.184,0.8220619762229585,False,PPP
2783,LKA,2013,Sri Lanka,148.83,158.307,130.138,0.8220609322392567,False,USD
2784,LKA,2014,Sri Lanka,20709.87,21796.725,18529.496,0.8501045914007724,False,Local
2785,LKA,2014,Sri Lanka,444.324,467.643,397.545,0.8501036046727953,False,PPP
2786,LKA,2014,Sri Lanka,158.618,166.942,141.918,0.8501036288052138,False,USD
2787,LKA,2015,Sri Lanka,23924.724,25263.566,21354.722,0.8452774244142732,False,Local
2788,LKA,2015,Sri Lanka,500.798,528.822,447.002,0.8452787516404385,False,PPP
2789,LKA,2015,Sri Lanka,176.102,185.957,157.185,0.8452760584436187,False,USD
2790,LKA,2016,Sri Lanka,27007.9,28887.14,23354.651,0.8084791710082757,False,Local
2791,LKA,2016,Sri Lanka,555.717,594.384,480.547,0.8084790303911277,False,PPP
2792,LKA,2016,Sri Lanka,185.517,198.426,160.423,0.8084777196536744,False,USD
2793,LKA,2017,Sri Lanka,29562.582,31744.161,25628.441,0.8073434670394974,False,Local
2794,LKA,2017,Sri Lanka,574.713,617.124,498.231,0.8073434188266864,False,PPP
2795,LKA,2017,Sri Lanka,193.921,208.232,168.114,0.8073398901225556,False,USD
2796,LKA,2018,Sri Lanka,31083.061,32970.947,27398.711,0.8309955731632458,False,Local
2797,LKA,2018,Sri Lanka,596.969,633.227,526.209,0.8309958356166114,False,PPP
2798,LKA,2018,Sri Lanka,191.322,202.942,168.644,0.8309960481319786,False,USD
2799,LKA,2019,Sri Lanka,36468.978,39713.374,31574.491,0.795059392334683,False,Local
2800,LKA,2019,Sri Lanka,675.631,735.737,584.955,0.7950599195092812,False,PPP
2801,LKA,2019,Sri Lanka,204.028,222.179,176.646,0.7950616394888805,False,USD
2802,LKA,2020,Sri Lanka,37032.148,40220.001,32352.327,0.8043840426557922,False,Local
2803,LKA,2020,Sri Lanka,604.151,656.158,527.803,0.8043840050719491,False,PPP
2804,LKA,2020,Sri Lanka,199.535,216.711,174.319,0.8043846412964731,False,USD
2805,LKA,2021,Sri Lanka,39797.378,42566.272,35749.565,0.8398566122962331,False,Local
2806,LKA,2021,Sri Lanka,682.676,730.174,613.241,0.8398559795336454,False,PPP
2807,LKA,2021,Sri Lanka,200.224,214.155,179.859,0.8398543111297893,False,USD
2808,LKA,2022,Sri Lanka,44294.45,47039.725,40597.401,0.8630450326824827,False,Local
2809,LKA,2022,Sri Lanka,548.102,582.073,502.355,0.8630446696548372,False,PPP
2810,LKA,2022,Sri Lanka,137.291,145.8,125.832,0.8630452674897118,False,USD
2811,LSO,2019,Lesotho,3350.693,3619.483,3062.682,0.8461655987885561,False,Local
2812,LSO,2019,Lesotho,604.407,652.892,552.455,0.8461659815099588,False,PPP
2813,LSO,2019,Lesotho,231.907,250.511,211.973,0.8461624439645365,False,USD
2814,LTU,1994,Lithuania,374.0,450.0,313.0,0.6955555555555556,False,Local
2815,LTU,1995,Lithuania,518.0,620.0,436.0,0.7032258064516129,False,Local
2816,LTU,1996,Lithuania,612.0,709.0,534.0,0.7531734837799718,False,Local
2817,LTU,2005,Lithuania,341.947,378.023,305.642,0.8085275234575673,False,Local
2818,LTU,2006,Lithuania,390.874,427.611,353.212,0.8260124271826497,False,Local
2819,LTU,2007,Lithuania,491.214,554.592,428.279,0.7722415757890485,False,Local
2820,LTU,2008,Lithuania,567.794,661.593,476.993,0.7209764915892399,False,Local
2821,LTU,2009,Lithuania,650.87,749.278,558.565,0.7454709733903838,False,Local
2822,LTU,2010,Lithuania,720.787,779.164,673.017,0.8637680899014842,False,Local
2823,LTU,2012,Lithuania,717.823,753.807,684.501,0.9080586940689062,False,Local
2824,LTU,2013,Lithuania,735.697,795.192,678.923,0.8537849978370003,False,Local
2825,LTU,2014,Lithuania,819.99,904.603,736.013,0.8136309519203453,False,Local
2826,LTU,2015,Lithuania,856.993,909.099,804.366,0.8847947253269445,False,Local
2827,LTU,2015,Lithuania,1716.757,1821.138,1611.333,0.8847945625207975,False,PPP
2828,LTU,2015,Lithuania,950.845,1008.657,892.455,0.8847953268554127,False,USD
2829,LTU,2016,Lithuania,953.298,1022.624,886.118,0.8665139875457647,False,Local
2830,LTU,2016,Lithuania,1943.007,2084.308,1806.082,0.8665139701042265,False,PPP
2831,LTU,2016,Lithuania,1055.208,1131.946,980.847,0.8665139503121174,False,USD
2832,LTU,2017,Lithuania,1016.515,1095.443,943.099,0.8609293226575916,False,Local
2833,LTU,2017,Lithuania,2051.606,2210.904,1903.432,0.8609292850345379,False,PPP
2834,LTU,2017,Lithuania,1148.338,1237.502,1065.402,0.8609295176896684,False,USD
2835,LTU,2018,Lithuania,1096.164,1207.946,991.902,0.8211476340829806,False,Local
2836,LTU,2018,Lithuania,2200.46,2424.855,1991.163,0.8211472438558182,False,PPP
2837,LTU,2018,Lithuania,1294.52,1426.53,1171.391,0.8211471192333846,False,USD
2838,LTU,2019,Lithuania,1184.715,1328.743,1049.576,0.7899014331590082,False,Local
2839,LTU,2019,Lithuania,2448.037,2745.648,2168.791,0.7899013274826198,False,PPP
2840,LTU,2019,Lithuania,1326.259,1487.494,1174.973,0.7899010012813498,False,USD
2841,LTU,2020,Lithuania,1308.616,1439.451,1182.688,0.8216243553966062,False,Local
2842,LTU,2020,Lithuania,2665.896,2932.43,2409.357,0.8216247276149815,False,PPP
2843,LTU,2020,Lithuania,1494.696,1644.135,1350.862,0.8216247449266636,False,USD
2844,LTU,2021,Lithuania,1477.096,1628.229,1337.431,0.8214022720391296,False,Local
2845,LTU,2021,Lithuania,2977.921,3282.615,2696.347,0.8214021443270078,False,PPP
2846,LTU,2021,Lithuania,1747.021,1925.773,1581.834,0.8214021071019274,False,USD
2847,LTU,2022,Lithuania,1577.433,1739.712,1427.01,0.820256456241033,False,Local
2848,LTU,2022,Lithuania,2964.001,3268.925,2681.356,0.8202562004328641,False,PPP
2849,LTU,2022,Lithuania,1661.113,1832.001,1502.71,0.8202561024802935,False,USD
2850,LTU,2023,Lithuania,1801.334,1994.607,1627.419,0.8159096002370393,False,Local
2851,LTU,2023,Lithuania,3190.388,3532.698,2882.362,0.8159095399606761,False,PPP
2852,LTU,2023,Lithuania,1947.726,2156.706,1759.677,0.8159095398260123,False,USD
2853,LUX,2002,Luxembourg,2808.82,3018.83,2384.35,0.7898258596873623,False,Local
2854,LUX,2002,Luxembourg,2972.095,3194.313,2522.951,0.7898258561387065,False,PPP
2855,LUX,2002,Luxembourg,2655.946,2854.526,2254.579,0.7898260516807345,False,USD
2856,LUX,2004,Luxembourg,3534.375,4113.92,2659.75,0.6465244827317984,False,Local
2857,LUX,2004,Luxembourg,3659.577,4259.651,2753.969,0.6465245626930469,False,PPP
2858,LUX,2004,Luxembourg,4396.418,5117.314,3308.469,0.646524524389162,False,USD
2859,LUX,2006,Luxembourg,3708.261,4351.054,2824.436,0.6491383467086366,False,Local
2860,LUX,2006,Luxembourg,3915.0,4593.63,2981.902,0.6491384808963717,False,PPP
2861,LUX,2006,Luxembourg,4656.088,5463.179,3546.359,0.6491383496678399,False,USD
2862,LUX,2009,Luxembourg,4656.283,5387.903,3624.555,0.67272090830143,False,Local
2863,LUX,2009,Luxembourg,4812.403,5568.552,3746.081,0.6727208437669254,False,PPP
2864,LUX,2009,Luxembourg,6494.502,7514.952,5055.465,0.6727208636861552,False,USD
2865,LUX,2010,Luxembourg,4508.324,5231.004,3592.112,0.6866964735641571,False,Local
2866,LUX,2010,Luxembourg,4611.356,5350.551,3674.204,0.6866963794943736,False,PPP
2867,LUX,2010,Luxembourg,5976.76,6934.829,4762.122,0.6866963842944074,False,USD
2868,LUX,2011,Luxembourg,4547.447,5305.085,3586.788,0.6761037759055698,False,Local
2869,LUX,2011,Luxembourg,4692.207,5473.962,3700.967,0.6761038896506771,False,PPP
2870,LUX,2011,Luxembourg,6329.843,7384.44,4992.649,0.6761039428853103,False,USD
2871,LUX,2012,Luxembourg,4573.975,5226.652,3748.473,0.7171843466907688,False,Local
2872,LUX,2012,Luxembourg,4693.505,5363.238,3846.43,0.7171842830767532,False,PPP
2873,LUX,2012,Luxembourg,5876.591,6715.144,4815.996,0.7171843224806497,False,USD
2874,LUX,2013,Luxembourg,4771.52,5374.041,4001.998,0.7446906341056944,False,Local
2875,LUX,2013,Luxembourg,4946.062,5570.623,4148.39,0.7446904951205638,False,PPP
2876,LUX,2013,Luxembourg,6337.142,7137.361,5315.125,0.7446905095594857,False,USD
2877,LUX,2014,Luxembourg,4821.604,5366.377,4148.755,0.7731016661706771,False,Local
2878,LUX,2014,Luxembourg,4954.58,5514.377,4263.174,0.773101657721262,False,PPP
2879,LUX,2014,Luxembourg,6405.504,7129.236,5511.624,0.7731016338917662,False,USD
2880,LUX,2015,Luxembourg,4736.131,5322.387,4052.668,0.7614380540159895,False,Local
2881,LUX,2015,Luxembourg,4847.547,5447.594,4148.006,0.7614381688503219,False,PPP
2882,LUX,2015,Luxembourg,5254.798,5905.257,4496.488,0.7614381558668828,False,USD
2883,LUX,2016,Luxembourg,5195.178,5793.9,4432.61,0.7650477226048085,False,Local
2884,LUX,2016,Luxembourg,5391.443,6012.784,4600.066,0.7650476052357776,False,PPP
2885,LUX,2016,Luxembourg,5750.559,6413.286,4906.47,0.7650477461943846,False,USD
2886,LUX,2017,Luxembourg,5526.18,6228.456,4678.91,0.7512150683893407,False,Local
2887,LUX,2017,Luxembourg,5720.736,6447.737,4843.637,0.7512150387027262,False,PPP
2888,LUX,2017,Luxembourg,6242.821,7036.169,5285.676,0.7512150432998412,False,USD
2889,LUX,2018,Luxembourg,3596.301,3959.256,3183.312,0.8040177245421867,False,Local
2890,LUX,2018,Luxembourg,3839.507,4227.007,3398.589,0.8040178310563479,False,PPP
2891,LUX,2018,Luxembourg,4247.068,4675.701,3759.347,0.8040178360421251,False,USD
2892,LUX,2019,Luxembourg,6190.946,6916.779,5363.567,0.775442875939798,False,Local
2893,LUX,2019,Luxembourg,6588.44,7360.875,5707.938,0.7754428651485048,False,PPP
2894,LUX,2019,Luxembourg,6930.606,7743.157,6004.376,0.7754428846012034,False,USD
2895,LUX,2020,Luxembourg,6305.456,6982.256,5532.861,0.7924173791393497,False,Local
2896,LUX,2020,Luxembourg,6541.289,7243.402,5739.798,0.7924174303731865,False,PPP
2897,LUX,2020,Luxembourg,7202.067,7975.105,6319.612,0.7924174039087887,False,USD
2898,LUX,2021,Luxembourg,6645.866,7404.023,5728.68,0.7737253112260727,False,Local
2899,LUX,2021,Luxembourg,6917.473,7706.616,5962.803,0.7737251992314136,False,PPP
2900,LUX,2021,Luxembourg,7860.333,8757.037,6775.54,0.7737251766779105,False,USD
2901,LUX,2022,Luxembourg,7043.999,7622.175,6330.64,0.8305555828880864,False,Local
2902,LUX,2022,Luxembourg,7621.313,8246.875,6849.489,0.8305556953391435,False,PPP
2903,LUX,2022,Luxembourg,7417.673,8026.521,6666.472,0.8305556043521222,False,USD
2904,LUX,2023,Luxembourg,7522.332,8402.144,6484.001,0.7717079116949198,False,Local
2905,LUX,2023,Luxembourg,8164.928,9119.899,7037.897,0.771707778781322,False,PPP
2906,LUX,2023,Luxembourg,8133.662,9084.975,7010.946,0.7717077922613986,False,USD
2907,LVA,1992,Latvia,21.5,22.97,18.69,0.8136700043535047,False,Local
2908,LVA,1992,Latvia,198.681,212.265,172.714,0.8136715897580855,False,PPP
2909,LVA,1992,Latvia,29.193,31.189,25.378,0.813684311776588,False,USD
2910,LVA,1994,Latvia,61.37,69.72,53.65,0.7695065978198509,False,Local
2911,LVA,1994,Latvia,210.893,239.588,184.364,0.7695043157420238,False,PPP
2912,LVA,1994,Latvia,109.638,124.556,95.846,0.7695012685057324,False,USD
2913,LVA,1995,Latvia,82.35,92.82,72.64,0.7825899590605474,False,Local
2914,LVA,1995,Latvia,244.206,275.255,215.411,0.7825870556393163,False,PPP
2915,LVA,1995,Latvia,156.089,175.934,137.684,0.7825889253924767,False,USD
2916,LVA,1996,Latvia,89.41,100.73,79.07,0.7849697210364339,False,Local
2917,LVA,1996,Latvia,237.5,267.57,210.034,0.7849684194790149,False,PPP
2918,LVA,1996,Latvia,162.342,182.896,143.568,0.784970693727583,False,USD
2919,LVA,1997,Latvia,109.81,122.83,97.91,0.7971179679231458,False,Local
2920,LVA,1997,Latvia,275.891,308.603,245.993,0.7971179800585217,False,PPP
2921,LVA,1997,Latvia,189.029,211.442,168.544,0.7971169398700353,False,USD
2922,LVA,1998,Latvia,123.07,137.71,109.26,0.7934064338101808,False,Local
2923,LVA,1998,Latvia,298.456,333.959,264.965,0.7934057773559029,False,PPP
2924,LVA,1998,Latvia,208.652,233.473,185.239,0.7934065180984524,False,USD
2925,LVA,1999,Latvia,132.61,148.1,118.48,0.8,False,Local
2926,LVA,1999,Latvia,317.66,354.765,283.812,0.8,False,PPP
2927,LVA,1999,Latvia,226.619,253.09,202.472,0.8,False,USD
2928,LVA,2000,Latvia,141.75,160.45,126.16,0.7862885634153942,False,Local
2929,LVA,2000,Latvia,343.452,388.761,305.679,0.7862902914644214,False,PPP
2930,LVA,2000,Latvia,233.718,264.551,208.013,0.7862869541222676,False,USD
2931,LVA,2001,Latvia,149.14,166.41,133.39,0.8015744246139054,False,Local
2932,LVA,2001,Latvia,370.173,413.038,331.08,0.8015727366489281,False,PPP
2933,LVA,2001,Latvia,237.516,265.019,212.433,0.8015764907421732,False,USD
2934,LVA,2002,Latvia,281.43,312.52,246.4,0.7884295405094075,False,Local
2935,LVA,2002,Latvia,446.268,495.567,390.72,0.7884302223513673,False,PPP
2936,LVA,2002,Latvia,266.113,295.511,232.989,0.7884275035447073,False,USD
2937,LVA,2003,Latvia,177.21,194.46,161.69,0.8314820528643422,False,Local
2938,LVA,2003,Latvia,409.883,449.782,373.986,0.831482807226612,False,PPP
2939,LVA,2003,Latvia,310.092,340.277,282.934,0.8314814107330205,False,USD
2940,LVA,2004,Latvia,194.89,211.71,179.2,0.8464408861178025,False,Local
2941,LVA,2004,Latvia,427.842,464.767,393.397,0.8464391835048529,False,PPP
2942,LVA,2004,Latvia,360.752,391.886,331.708,0.846440036132957,False,USD
2943,LVA,2005,Latvia,225.64,249.13,204.06,0.8190904347128005,False,Local
2944,LVA,2005,Latvia,458.185,505.884,414.365,0.8190909378434582,False,PPP
2945,LVA,2005,Latvia,399.563,441.159,361.349,0.8190901693040378,False,USD
2946,LVA,2006,Latvia,465.0,511.0,428.0,0.837573385518591,False,Local
2947,LVA,2006,Latvia,381.348,419.073,351.004,0.8375724515776488,False,PPP
2948,LVA,2006,Latvia,583.854,641.611,537.396,0.837572921910628,False,USD
2949,LVA,2007,Latvia,556.238,627.842,484.802,0.772171979574479,False,Local
2950,LVA,2007,Latvia,927.542,1046.943,808.42,0.7721719329514596,False,PPP
2951,LVA,2007,Latvia,1082.614,1221.978,943.578,0.7721726577728895,False,USD
2952,LVA,2008,Latvia,799.756,889.678,712.323,0.8006525956582045,False,Local
2953,LVA,2008,Latvia,1247.678,1387.962,1111.275,0.8006523233345005,False,PPP
2954,LVA,2008,Latvia,1663.329,1850.348,1481.486,0.8006526339910115,False,USD
2955,LVA,2009,Latvia,947.843,1055.789,857.885,0.8125534552832052,False,Local
2956,LVA,2009,Latvia,1552.23,1729.008,1404.911,0.812553209701748,False,PPP
2957,LVA,2009,Latvia,1874.874,2088.397,1696.934,0.8125533603045781,False,USD
2958,LVA,2010,Latvia,833.628,911.828,765.803,0.8398546655728931,False,Local
2959,LVA,2010,Latvia,1472.883,1611.05,1353.047,0.8398541323981255,False,PPP
2960,LVA,2010,Latvia,1571.475,1718.891,1443.617,0.8398537196366727,False,USD
2961,LVA,2011,Latvia,774.536,853.274,705.523,0.8268422570006821,False,Local
2962,LVA,2011,Latvia,1340.409,1476.671,1220.975,0.8268429460590747,False,PPP
2963,LVA,2011,Latvia,1545.261,1702.349,1407.574,0.8268422045068315,False,USD
2964,LVA,2012,Latvia,829.881,908.766,760.45,0.8367940702006899,False,Local
2965,LVA,2012,Latvia,1429.592,1565.482,1309.987,0.836794674100373,False,PPP
2966,LVA,2012,Latvia,1517.497,1661.743,1390.537,0.8367942575957895,False,USD
2967,LVA,2013,Latvia,852.819,957.453,760.486,0.7942802414322165,False,Local
2968,LVA,2013,Latvia,1511.424,1696.863,1347.785,0.794280386807892,False,PPP
2969,LVA,2013,Latvia,1610.942,1808.592,1436.529,0.7942803020250007,False,USD
2970,LVA,2014,Latvia,922.808,1030.35,824.411,0.8001271412626777,False,Local
2971,LVA,2014,Latvia,1619.797,1808.565,1447.081,0.8001266197233717,False,PPP
2972,LVA,2014,Latvia,1225.951,1368.821,1095.23,0.8001265322492861,False,USD
2973,LVA,2015,Latvia,1012.796,1111.64,917.451,0.8253130509877298,False,Local
2974,LVA,2015,Latvia,1778.97,1952.589,1611.497,0.8253129562852193,False,PPP
2975,LVA,2015,Latvia,1123.71,1233.379,1017.924,0.8253132248887001,False,USD
2976,LVA,2016,Latvia,1060.314,1182.274,945.408,0.7996521956839109,False,Local
2977,LVA,2016,Latvia,1889.8,2107.169,1685.004,0.7996529941357338,False,PPP
2978,LVA,2016,Latvia,1173.664,1308.662,1046.476,0.7996533864359171,False,USD
2979,LVA,2017,Latvia,1111.082,1224.892,1004.47,0.8200478082965682,False,Local
2980,LVA,2017,Latvia,1976.881,2179.376,1787.193,0.8200480320972607,False,PPP
2981,LVA,2017,Latvia,1255.168,1383.737,1134.731,0.8200481738943166,False,USD
2982,LVA,2018,Latvia,1247.526,1397.901,1111.815,0.7953460223578065,False,Local
2983,LVA,2018,Latvia,2204.405,2470.122,1964.6,0.7953453311212969,False,PPP
2984,LVA,2018,Latvia,1473.271,1650.858,1313.003,0.7953458141160535,False,USD
2985,LVA,2019,Latvia,1378.653,1546.835,1217.525,0.787107222166553,False,Local
2986,LVA,2019,Latvia,2486.313,2789.619,2195.728,0.7871067697775216,False,PPP
2987,LVA,2019,Latvia,1543.367,1731.643,1362.988,0.7871068112769203,False,USD
2988,LVA,2020,Latvia,1463.113,1635.674,1301.799,0.7958792522226311,False,Local
2989,LVA,2020,Latvia,2656.058,2969.315,2363.216,0.7958791842563014,False,PPP
2990,LVA,2020,Latvia,1671.162,1868.261,1486.909,0.7958786272367727,False,USD
2991,LVA,2021,Latvia,1573.225,1750.738,1407.712,0.8040677702774487,False,Local
2992,LVA,2021,Latvia,3021.214,3362.111,2703.365,0.8040677419633081,False,PPP
2993,LVA,2021,Latvia,1860.716,2070.669,1664.958,0.8040676708831784,False,USD
2994,LVA,2022,Latvia,1619.13,1820.282,1433.242,0.7873736047491543,False,Local
2995,LVA,2022,Latvia,2979.502,3349.66,2637.434,0.787373643892216,False,PPP
2996,LVA,2022,Latvia,1705.023,1916.845,1509.274,0.7873740443280494,False,USD
2997,LVA,2023,Latvia,1815.548,2062.13,1599.777,0.7757886263232676,False,Local
2998,LVA,2023,Latvia,3217.573,3654.573,2835.177,0.7757888541287861,False,PPP
2999,LVA,2023,Latvia,1963.095,2229.716,1729.789,0.7757889345548941,False,USD
3000,MAC,1994,"Macao, China",4476.0,5109.0,3529.0,0.6907418281464083,False,Local
3001,MAC,1994,"Macao, China",843.232,962.483,664.827,0.6907415507598577,False,PPP
3002,MAC,1994,"Macao, China",562.292,641.811,443.326,0.6907422901757683,False,USD
3003,MAC,1995,"Macao, China",4832.0,5591.0,3806.0,0.6807368985870148,False,Local
3004,MAC,1995,"Macao, China",862.056,997.466,679.012,0.6807369875263918,False,PPP
3005,MAC,1995,"Macao, China",606.444,701.703,477.675,0.6807367219464646,False,USD
3006,MAC,1996,"Macao, China",4914.0,5716.0,3924.0,0.6864940517844647,False,Local
3007,MAC,1996,"Macao, China",860.867,1001.367,687.433,0.6864945619338365,False,PPP
3008,MAC,1996,"Macao, China",616.841,717.514,492.569,0.6864939220698133,False,USD
3009,MAC,1997,"Macao, China",5221.0,6094.0,4032.0,0.6616343944863801,False,Local
3010,MAC,1997,"Macao, China",904.458,1055.691,698.482,0.6616348912702675,False,PPP
3011,MAC,1997,"Macao, China",654.647,764.11,505.561,0.661633796181178,False,USD
3012,MAC,2009,"Macao, China",8500.0,10000.0,7100.0,0.71,False,Local
3013,MAC,2009,"Macao, China",1707.779,2009.151,1426.497,0.7099998954782393,False,PPP
3014,MAC,2009,"Macao, China",1064.592,1252.461,889.247,0.709999752487303,False,USD
3015,MAC,2010,"Macao, China",8900.0,10000.0,7500.0,0.75,False,Local
3016,MAC,2010,"Macao, China",1767.805,1986.298,1489.723,0.749999748275435,False,PPP
3017,MAC,2010,"Macao, China",1112.192,1249.654,937.24,0.7499995998892494,False,USD
3018,MAC,2011,"Macao, China",10000.0,11000.0,8300.0,0.7545454545454545,False,Local
3019,MAC,2011,"Macao, China",1936.561,2130.217,1607.345,0.7545451942219971,False,PPP
3020,MAC,2011,"Macao, China",1247.161,1371.878,1035.144,0.754545229240501,False,USD
3021,MAC,2012,"Macao, China",11000.0,12000.0,10000.0,0.8333333333333334,False,Local
3022,MAC,2012,"Macao, China",2140.594,2335.193,1945.994,0.833333261961645,False,PPP
3023,MAC,2012,"Macao, China",1376.744,1501.903,1251.586,0.8333334443036601,False,USD
3024,MAC,2013,"Macao, China",12000.0,13000.0,11000.0,0.8461538461538461,False,Local
3025,MAC,2013,"Macao, China",2224.779,2410.177,2039.381,0.846154037649517,False,PPP
3026,MAC,2013,"Macao, China",1502.017,1627.185,1376.849,0.8461539407012725,False,USD
3027,MAC,2014,"Macao, China",13000.0,15000.0,12000.0,0.8,False,Local
3028,MAC,2014,"Macao, China",2308.468,2663.617,2130.894,0.80000015017174,False,PPP
3029,MAC,2014,"Macao, China",1627.619,1878.022,1502.417,0.7999996805149248,False,USD
3030,MAC,2015,"Macao, China",15000.0,15000.0,13500.0,0.9,False,Local
3031,MAC,2015,"Macao, China",2582.092,2582.092,2323.883,0.9000000774565738,False,PPP
3032,MAC,2015,"Macao, China",1878.532,1878.532,1690.678,0.8999995741355485,False,USD
3033,MAC,2016,"Macao, China",15000.0,15000.0,13500.0,0.9,False,Local
3034,MAC,2016,"Macao, China",2551.493,2551.493,2296.344,0.900000117578218,False,PPP
3035,MAC,2016,"Macao, China",1876.158,1876.158,1688.542,0.89999989339917,False,USD
3036,MAC,2017,"Macao, China",15000.0,16000.0,15000.0,0.9375,False,Local
3037,MAC,2017,"Macao, China",2525.128,2693.47,2525.128,0.9374999535914639,False,PPP
3038,MAC,2017,"Macao, China",1868.926,1993.521,1868.926,0.9375000313515633,False,USD
3039,MAC,2018,"Macao, China",15800.0,17000.0,15000.0,0.8823529411764706,False,Local
3040,MAC,2018,"Macao, China",2645.292,2846.201,2511.354,0.882353003178623,False,PPP
3041,MAC,2018,"Macao, China",1957.261,2105.913,1858.159,0.8823531646369057,False,USD
3042,MDA,2007,Republic of Moldova,1359.036,1538.594,1199.308,0.7794830865062518,False,Local
3043,MDA,2007,Republic of Moldova,302.087,341.999,266.583,0.7794847353354835,False,PPP
3044,MDA,2007,Republic of Moldova,111.948,126.738,98.79,0.7794820811437769,False,USD
3045,MDA,2008,Republic of Moldova,1660.551,1880.097,1463.505,0.7784199432263336,False,Local
3046,MDA,2008,Republic of Moldova,339.837,384.768,299.511,0.7784197230538923,False,PPP
3047,MDA,2008,Republic of Moldova,159.791,180.917,140.829,0.7784177274661862,False,USD
3048,MDA,2009,Republic of Moldova,1769.551,1959.052,1604.111,0.8188200211122524,False,Local
3049,MDA,2009,Republic of Moldova,361.083,399.751,327.324,0.8188197152727573,False,PPP
3050,MDA,2009,Republic of Moldova,159.282,176.339,144.39,0.8188205672029443,False,USD
3051,MDA,2010,Republic of Moldova,1876.597,2033.29,1745.003,0.8582164865808616,False,Local
3052,MDA,2010,Republic of Moldova,362.107,392.342,336.715,0.8582180852419572,False,PPP
3053,MDA,2010,Republic of Moldova,151.714,164.382,141.076,0.8582204864279543,False,USD
3054,MDA,2011,Republic of Moldova,2007.839,2159.155,1879.084,0.8702867556984097,False,Local
3055,MDA,2011,Republic of Moldova,371.132,399.102,347.333,0.8702862927271726,False,PPP
3056,MDA,2011,Republic of Moldova,171.046,183.936,160.077,0.8702864039665971,False,USD
3057,MDA,2012,Republic of Moldova,2201.769,2377.034,2057.02,0.8653725609309753,False,Local
3058,MDA,2012,Republic of Moldova,409.673,442.284,382.74,0.8653715712076404,False,PPP
3059,MDA,2012,Republic of Moldova,181.793,196.264,169.841,0.8653701137243712,False,USD
3060,MDA,2013,Republic of Moldova,2335.221,2532.414,2167.762,0.856006166448298,False,Local
3061,MDA,2013,Republic of Moldova,392.775,425.942,364.609,0.8560062168088612,False,PPP
3062,MDA,2013,Republic of Moldova,185.53,201.197,172.226,0.8560067993061526,False,USD
3063,MDA,2014,Republic of Moldova,2389.648,2625.532,2194.674,0.8358968772804901,False,Local
3064,MDA,2014,Republic of Moldova,390.066,428.57,358.24,0.8358961196537322,False,PPP
3065,MDA,2014,Republic of Moldova,170.256,187.062,156.364,0.835893981674525,False,USD
3066,MDA,2015,Republic of Moldova,2636.726,2889.909,2431.278,0.8412991550945029,False,Local
3067,MDA,2015,Republic of Moldova,411.629,451.154,379.555,0.8412980933339835,False,PPP
3068,MDA,2015,Republic of Moldova,140.114,153.568,129.196,0.8412950614711397,False,USD
3069,MDA,2016,Republic of Moldova,2815.201,3039.857,2630.146,0.8652203047709153,False,Local
3070,MDA,2016,Republic of Moldova,443.793,479.208,414.62,0.8652192784761523,False,PPP
3071,MDA,2016,Republic of Moldova,141.298,152.574,132.01,0.8652195000458792,False,USD
3072,MDA,2017,Republic of Moldova,2969.106,3198.661,2774.766,0.8674773600578493,False,Local
3073,MDA,2017,Republic of Moldova,465.546,501.54,435.074,0.8674761733859712,False,PPP
3074,MDA,2017,Republic of Moldova,160.501,172.91,149.995,0.8674744086518998,False,USD
3075,MDA,2018,Republic of Moldova,3396.982,3743.914,3102.778,0.8287524766861631,False,Local
3076,MDA,2018,Republic of Moldova,534.096,588.644,487.84,0.8287521829832631,False,PPP
3077,MDA,2018,Republic of Moldova,202.177,222.825,184.667,0.828753506114664,False,USD
3078,MDA,2019,Republic of Moldova,4134.908,4447.796,3862.841,0.8684843009886244,False,Local
3079,MDA,2019,Republic of Moldova,647.391,696.379,604.794,0.8684839720899108,False,PPP
3080,MDA,2019,Republic of Moldova,235.293,253.097,219.811,0.8684852052770282,False,USD
3081,MDA,2020,Republic of Moldova,4435.534,4758.774,4140.923,0.8701659292918721,False,Local
3082,MDA,2020,Republic of Moldova,704.922,756.294,658.101,0.8701655705320946,False,PPP
3083,MDA,2020,Republic of Moldova,256.066,274.727,239.058,0.8701656553596844,False,USD
3084,MDA,2021,Republic of Moldova,4936.973,5233.074,4669.623,0.8923288682713066,False,Local
3085,MDA,2021,Republic of Moldova,779.587,826.344,737.37,0.8923281345299294,False,PPP
3086,MDA,2021,Republic of Moldova,279.233,295.98,264.112,0.89233056287587,False,USD
3087,MDA,2022,Republic of Moldova,5460.064,5817.304,5153.377,0.8858703275606707,False,Local
3088,MDA,2022,Republic of Moldova,723.323,770.648,682.694,0.885870072977546,False,PPP
3089,MDA,2022,Republic of Moldova,288.935,307.84,272.706,0.8858692827442829,False,USD
3090,MDA,2023,Republic of Moldova,6284.122,6620.26,6010.117,0.9078370033805319,False,Local
3091,MDA,2023,Republic of Moldova,764.222,805.101,730.9,0.9078364081028343,False,PPP
3092,MDA,2023,Republic of Moldova,345.967,364.473,330.882,0.9078367944950655,False,USD
3093,MDG,2005,Madagascar,338727.24,398351.34,255773.1,0.6420791756342529,False,Local
3094,MDG,2005,Madagascar,730.749,859.378,551.789,0.6420795040133678,False,PPP
3095,MDG,2005,Madagascar,169.108,198.875,127.693,0.6420766813324953,False,USD
3096,MDG,2012,Madagascar,148474.229,167640.082,116293.083,0.6937069083514288,True,Local
3097,MDG,2012,Madagascar,210.173,237.303,164.619,0.6937080441460917,True,PPP
3098,MDG,2012,Madagascar,67.643,76.375,52.982,0.693708674304419,True,USD
3099,MDG,2015,Madagascar,209429.056,219208.96,192285.158,0.8771774566149121,False,Local
3100,MDG,2015,Madagascar,248.475,260.078,228.135,0.8771791539461239,False,PPP
3101,MDG,2015,Madagascar,71.392,74.726,65.548,0.877177956802184,False,USD
3102,MDV,2016,Maldives,10765.814,11659.523,9220.362,0.7908009615830768,True,Local
3103,MDV,2016,Maldives,1096.865,1187.92,939.408,0.7908007273217051,True,PPP
3104,MDV,2016,Maldives,700.516,758.668,599.956,0.7908017736348443,True,USD
3105,MDV,2019,Maldives,11551.156,12682.154,9804.345,0.7730820016852026,False,Local
3106,MDV,2019,Maldives,1140.515,1252.186,968.042,0.7730816348369971,False,PPP
3107,MDV,2019,Maldives,750.951,824.478,637.389,0.7730818772605212,False,USD
3108,MEX,1991,Mexico,809.7,898.8,654.4,0.7280818869603917,False,Local
3109,MEX,1991,Mexico,464.0,515.058,375.005,0.7280830508408762,False,PPP
3110,MEX,1991,Mexico,268.252,297.771,216.801,0.728079631663258,False,USD
3111,MEX,1993,Mexico,1043.5,1139.8,866.4,0.7601333567292508,False,Local
3112,MEX,1993,Mexico,429.67,469.323,356.748,0.760133213160233,False,PPP
3113,MEX,1993,Mexico,334.926,365.834,278.083,0.7601343778872386,False,USD
3114,MEX,1995,Mexico,1274.1,1370.9,1076.8,0.785469399664454,False,Local
3115,MEX,1995,Mexico,377.52,406.202,319.059,0.7854688061604818,False,PPP
3116,MEX,1995,Mexico,198.476,213.555,167.741,0.7854697853012105,False,USD
3117,MEX,1996,Mexico,1437.6,1497.1,1316.7,0.8795003673769288,False,Local
3118,MEX,1996,Mexico,334.683,348.535,306.536,0.8794984721763954,False,PPP
3119,MEX,1996,Mexico,189.172,197.001,173.263,0.8795031497302044,False,USD
3120,MEX,1997,Mexico,1745.0,1851.6,1531.6,0.8271764960034564,False,Local
3121,MEX,1997,Mexico,352.425,373.954,309.326,0.8271766046091231,False,PPP
3122,MEX,1997,Mexico,220.371,233.833,193.421,0.8271758049548181,False,USD
3123,MEX,1998,Mexico,2048.5,2163.8,1820.0,0.8411128570108143,False,Local
3124,MEX,1998,Mexico,366.933,387.586,326.004,0.8411139721248961,False,PPP
3125,MEX,1998,Mexico,224.222,236.842,199.211,0.8411134849393267,False,USD
3126,MEX,1999,Mexico,2384.862,2533.222,2091.666,0.8256939186537935,False,Local
3127,MEX,1999,Mexico,383.132,406.967,336.03,0.8256934837468394,False,PPP
3128,MEX,1999,Mexico,249.452,264.97,218.784,0.8256934747329885,False,USD
3129,MEX,2000,Mexico,2938.493,3134.851,2563.661,0.8177935729640738,False,Local
3130,MEX,2000,Mexico,433.705,462.687,378.382,0.8177925898069321,False,PPP
3131,MEX,2000,Mexico,310.769,331.535,271.127,0.8177929931983048,False,USD
3132,MEX,2001,Mexico,3320.05,3543.762,2894.592,0.8168133187273863,False,Local
3133,MEX,2001,Mexico,483.153,515.709,421.238,0.8168133579208431,False,PPP
3134,MEX,2001,Mexico,355.377,379.323,309.836,0.8168131117807252,False,USD
3135,MEX,2002,Mexico,3632.084,3867.204,3181.091,0.8225816377930928,True,Local
3136,MEX,2002,Mexico,501.837,534.322,439.524,0.8225826374358532,True,PPP
3137,MEX,2002,Mexico,376.15,400.499,329.443,0.8225813297910856,True,USD
3138,MEX,2003,Mexico,3859.539,4088.679,3418.338,0.8360494917796188,False,Local
3139,MEX,2003,Mexico,538.875,570.867,477.274,0.8360511292472678,False,PPP
3140,MEX,2003,Mexico,357.728,378.967,316.835,0.8360490491256495,False,USD
3141,MEX,2004,Mexico,4013.575,4263.338,3544.441,0.8313769633090315,False,Local
3142,MEX,2004,Mexico,530.315,563.316,468.328,0.8313770601225599,False,PPP
3143,MEX,2004,Mexico,355.625,377.756,314.057,0.8313752792808057,False,USD
3144,MEX,2005,Mexico,4233.036,4499.455,3773.775,0.8387182447651994,True,Local
3145,MEX,2005,Mexico,553.459,588.292,493.412,0.8387195474356272,True,PPP
3146,MEX,2005,Mexico,388.427,412.874,346.285,0.8387183499082045,True,USD
3147,MEX,2006,Mexico,4512.283,4784.467,4048.423,0.8461596662700359,False,Local
3148,MEX,2006,Mexico,595.134,631.033,533.955,0.8461601849665549,False,PPP
3149,MEX,2006,Mexico,414.0,438.973,371.441,0.8461591031794665,False,USD
3150,MEX,2007,Mexico,4726.691,5039.519,4195.474,0.8325147697627492,True,Local
3151,MEX,2007,Mexico,596.909,636.414,529.824,0.8325146838378791,True,PPP
3152,MEX,2007,Mexico,432.523,461.148,383.913,0.8325158083738843,True,USD
3153,MEX,2008,Mexico,4849.117,5171.872,4292.359,0.8299430070968501,False,Local
3154,MEX,2008,Mexico,594.357,633.917,526.115,0.8299430367066982,False,PPP
3155,MEX,2008,Mexico,435.691,464.69,385.666,0.8299425423400547,False,USD
3156,MEX,2009,Mexico,4859.461,5123.432,4409.291,0.8606127689408194,False,Local
3157,MEX,2009,Mexico,572.31,603.399,519.293,0.8606129609097795,False,PPP
3158,MEX,2009,Mexico,359.601,379.135,326.288,0.8606116554789192,False,USD
3159,MEX,2010,Mexico,4918.187,5194.036,4444.104,0.8556167111664225,False,Local
3160,MEX,2010,Mexico,551.73,582.676,498.547,0.8556161571782602,False,PPP
3161,MEX,2010,Mexico,389.22,411.05,351.702,0.8556185378907675,False,USD
3162,MEX,2011,Mexico,5003.336,5266.743,4551.406,0.8641784875396425,False,Local
3163,MEX,2011,Mexico,559.644,589.107,509.094,0.8641791728837037,False,PPP
3164,MEX,2011,Mexico,402.737,423.94,366.36,0.8641788932396094,False,USD
3165,MEX,2012,Mexico,5154.991,5436.319,4679.074,0.8607062977724448,False,Local
3166,MEX,2012,Mexico,558.899,589.401,507.301,0.8607060388428253,False,PPP
3167,MEX,2012,Mexico,391.435,412.798,355.297,0.8607042669780377,False,USD
3168,MEX,2013,Mexico,5315.2,5604.205,4831.1,0.8620491220431802,False,Local
3169,MEX,2013,Mexico,578.942,610.421,526.212,0.862047668740099,False,PPP
3170,MEX,2013,Mexico,416.161,438.789,378.257,0.8620475900717658,False,USD
3171,MEX,2014,Mexico,5353.102,5642.258,4857.145,0.8608512762089221,False,Local
3172,MEX,2014,Mexico,572.302,603.216,519.279,0.8608508395002785,False,PPP
3173,MEX,2014,Mexico,402.717,424.471,365.406,0.8608503289977407,False,USD
3174,MEX,2015,Mexico,5548.15,5861.225,5015.797,0.8557591629736103,False,Local
3175,MEX,2015,Mexico,588.127,621.314,531.696,0.8557605333213159,False,PPP
3176,MEX,2015,Mexico,350.079,369.834,316.489,0.8557596110687496,False,USD
3177,MEX,2016,Mexico,5796.809,6130.542,5229.588,0.8530384426042591,False,Local
3178,MEX,2016,Mexico,612.775,648.053,552.814,0.853038254587202,False,PPP
3179,MEX,2016,Mexico,310.587,328.468,280.196,0.8530389566106896,False,USD
3180,MEX,2017,Mexico,6016.1,6366.233,5429.877,0.8529183584703859,False,Local
3181,MEX,2017,Mexico,593.574,628.12,535.735,0.8529182321849328,False,PPP
3182,MEX,2017,Mexico,317.866,336.366,286.893,0.8529191416492748,False,USD
3183,MEX,2018,Mexico,6320.605,6701.921,5689.689,0.8489639015440499,False,Local
3184,MEX,2018,Mexico,610.599,647.435,549.649,0.8489639886629546,False,PPP
3185,MEX,2018,Mexico,328.44,348.254,295.655,0.8489636874235471,False,USD
3186,MEX,2019,Mexico,6621.173,7038.78,5945.536,0.8446827433163133,False,Local
3187,MEX,2019,Mexico,614.555,653.315,551.844,0.8446828865095705,False,PPP
3188,MEX,2019,Mexico,343.714,365.392,308.64,0.8446818759031396,False,USD
3189,MEX,2020,Mexico,7048.628,7382.123,6531.387,0.8847572710451993,True,Local
3190,MEX,2020,Mexico,631.29,661.159,584.965,0.8847569192887037,True,PPP
3191,MEX,2020,Mexico,328.063,343.585,303.989,0.8847563193969469,True,USD
3192,MEX,2021,Mexico,7499.104,7912.056,6842.96,0.8648775994507623,False,Local
3193,MEX,2021,Mexico,669.065,705.908,610.524,0.8648775761147345,False,PPP
3194,MEX,2021,Mexico,369.917,390.287,337.55,0.8648763602169686,False,USD
3195,MEX,2022,Mexico,8060.331,8540.64,7322.495,0.8573707591000207,False,Local
3196,MEX,2022,Mexico,746.186,790.651,677.881,0.8573706983232805,False,PPP
3197,MEX,2022,Mexico,400.467,424.33,363.808,0.857370442815733,False,USD
3198,MEX,2023,Mexico,8921.288,9557.041,7985.893,0.8356030909567094,False,Local
3199,MEX,2023,Mexico,833.561,892.962,746.162,0.8356033067476556,False,PPP
3200,MEX,2023,Mexico,502.361,538.161,449.689,0.8356031001874905,False,USD
3201,MKD,2014,North Macedonia,30416.0,31766.0,28760.0,0.9053705219416986,False,Local
3202,MKD,2014,North Macedonia,1320.349,1378.952,1248.463,0.9053708903573148,False,PPP
3203,MKD,2014,North Macedonia,654.993,684.065,619.332,0.9053701037182138,False,USD
3204,MLI,2016,Mali,70076.466,76606.821,49174.695,0.6419101374797944,False,Local
3205,MLI,2016,Mali,355.049,388.136,249.148,0.6419090215800647,False,PPP
3206,MLI,2016,Mali,118.251,129.271,82.981,0.6419150466848713,False,USD
3207,MLI,2020,Mali,81011.207,86919.141,61707.624,0.7099428651739667,False,Local
3208,MLI,2020,Mali,424.068,454.995,323.02,0.7099418674930493,False,PPP
3209,MLI,2020,Mali,140.746,151.01,107.208,0.7099397390901265,False,USD
3210,MLI,2022,Mali,92314.674,100274.837,65033.383,0.6485513708688452,False,Local
3211,MLI,2022,Mali,471.59,512.254,332.223,0.6485513046262206,False,PPP
3212,MLI,2022,Mali,147.997,160.759,104.26,0.6485484482983846,False,USD
3213,MLT,2000,Malta,401.858,436.913,335.298,0.7674250937829727,False,Local
3214,MLT,2001,Malta,356.967,384.286,299.566,0.7795391973686264,False,Local
3215,MLT,2002,Malta,414.647,442.982,363.328,0.8201868247468294,False,Local
3216,MLT,2003,Malta,410.822,433.749,362.398,0.8355016380441223,False,Local
3217,MLT,2004,Malta,443.923,458.236,412.991,0.9012626681447987,False,Local
3218,MLT,2005,Malta,432.46,456.241,383.039,0.839554095313661,False,Local
3219,MLT,2006,Malta,452.325,473.094,408.848,0.8642003491906471,False,Local
3220,MLT,2007,Malta,471.942,517.05,403.264,0.7799323082873998,False,Local
3221,MLT,2008,Malta,1172.766,1247.899,1037.634,0.8315047932565056,True,Local
3222,MLT,2008,Malta,1786.693,1901.157,1580.821,0.8315047100265786,True,PPP
3223,MLT,2008,Malta,1724.851,1835.354,1526.105,0.8315044400153867,True,USD
3224,MLT,2009,Malta,1569.428,1695.08,1347.046,0.7946798971140006,False,Local
3225,MLT,2009,Malta,2405.576,2598.173,2064.715,0.7946795690664172,False,PPP
3226,MLT,2009,Malta,2189.01,2364.268,1878.836,0.794679790954325,False,USD
3227,MLT,2010,Malta,1595.928,1697.153,1429.846,0.8424968167277788,False,Local
3228,MLT,2010,Malta,2498.787,2657.278,2238.749,0.8424970966530412,False,PPP
3229,MLT,2010,Malta,2115.748,2249.944,1895.571,0.842496968813446,False,USD
3230,MLT,2011,Malta,1661.787,1780.659,1473.645,0.8275840573630324,False,Local
3231,MLT,2011,Malta,2601.006,2787.063,2306.528,0.8275837324093498,False,PPP
3232,MLT,2011,Malta,2313.133,2478.598,2051.247,0.8275835774901779,False,USD
3233,MLT,2012,Malta,1664.365,1802.975,1447.106,0.8026212232560075,False,Local
3234,MLT,2012,Malta,2581.664,2796.668,2244.664,0.8026208330770761,False,PPP
3235,MLT,2012,Malta,2138.357,2316.442,1859.225,0.8026210023821014,False,USD
3236,MLT,2013,Malta,1745.733,1921.404,1484.019,0.7723617729535277,False,Local
3237,MLT,2013,Malta,2677.084,2946.476,2275.745,0.7723616279243407,False,PPP
3238,MLT,2013,Malta,2318.54,2551.851,1970.952,0.772361709206376,False,USD
3239,MLT,2014,Malta,1867.239,2078.315,1563.148,0.7521227532881204,False,Local
3240,MLT,2014,Malta,2876.383,3201.534,2407.947,0.7521228885902821,False,PPP
3241,MLT,2014,Malta,2480.628,2761.043,2076.643,0.7521226579955473,False,USD
3242,MLT,2015,Malta,1951.813,2139.419,1687.734,0.7888749235189554,False,Local
3243,MLT,2015,Malta,2988.204,3275.428,2583.903,0.7888749195524981,False,PPP
3244,MLT,2015,Malta,2165.561,2373.713,1872.563,0.7888750661937648,False,USD
3245,MLT,2016,Malta,1955.805,2124.568,1725.517,0.8121731100157773,False,Local
3246,MLT,2016,Malta,3069.637,3334.511,2708.2,0.8121730592581641,False,PPP
3247,MLT,2016,Malta,2164.886,2351.691,1909.98,0.812173027834014,False,USD
3248,MLT,2017,Malta,2042.337,2207.503,1821.405,0.8250974064361407,False,Local
3249,MLT,2017,Malta,3155.206,3410.371,2813.888,0.8250973281206062,False,PPP
3250,MLT,2017,Malta,2307.19,2493.775,2057.607,0.8250972922577217,False,USD
3251,MLT,2018,Malta,2017.595,2176.153,1798.863,0.8266252418832685,False,Local
3252,MLT,2018,Malta,3159.306,3407.589,2816.799,0.8266252180060447,False,PPP
3253,MLT,2018,Malta,2382.688,2569.938,2124.375,0.8266250002918358,False,USD
3254,MLT,2019,Malta,2082.988,2236.045,1878.295,0.8400076921528861,False,Local
3255,MLT,2019,Malta,3384.6,3633.299,3051.999,0.8400076624577277,False,PPP
3256,MLT,2019,Malta,2331.852,2503.195,2102.703,0.8400076701974876,False,USD
3257,MLT,2020,Malta,2252.467,2434.878,1998.75,0.820883017547491,False,Local
3258,MLT,2020,Malta,3583.248,3873.429,3179.632,0.8208829954027813,False,PPP
3259,MLT,2020,Malta,2572.759,2781.108,2282.964,0.8208828999089571,False,USD
3260,MLT,2021,Malta,2401.398,2602.446,2131.603,0.8190767454925098,False,Local
3261,MLT,2021,Malta,3782.856,4099.562,3357.856,0.8190767696646618,False,PPP
3262,MLT,2021,Malta,2840.23,3078.017,2521.132,0.81907669775703,False,USD
3263,MMR,2015,Myanmar,116877.588,131281.973,97061.366,0.7393350646855376,True,Local
3264,MMR,2015,Myanmar,330.205,370.901,274.22,0.7393347550963735,True,PPP
3265,MMR,2015,Myanmar,100.53,112.92,83.485,0.7393287283032235,True,USD
3266,MMR,2017,Myanmar,173499.773,183736.82,163297.811,0.8887593188997175,True,Local
3267,MMR,2017,Myanmar,427.685,452.919,402.536,0.8887593587374343,True,PPP
3268,MMR,2017,Myanmar,127.54,135.065,120.04,0.8887572650205458,True,USD
3269,MMR,2018,Myanmar,192257.84,202352.481,181509.597,0.89699714133972,False,Local
3270,MMR,2018,Myanmar,461.598,485.835,435.792,0.8969958936676031,False,PPP
3271,MMR,2018,Myanmar,134.464,141.524,126.947,0.8969998021536983,False,USD
3272,MMR,2019,Myanmar,208855.024,219039.151,198659.363,0.9069582405384689,False,Local
3273,MMR,2019,Myanmar,488.764,512.597,464.904,0.9069580976868769,False,PPP
3274,MMR,2019,Myanmar,137.562,144.27,130.847,0.9069591737714009,False,USD
3275,MMR,2020,Myanmar,187872.518,197567.656,173165.369,0.8764864275152408,False,Local
3276,MMR,2020,Myanmar,431.386,453.648,397.616,0.8764857334320882,False,PPP
3277,MMR,2020,Myanmar,135.98,142.997,125.335,0.8764869193059993,False,USD
3278,MNE,2014,Montenegro,724.0,761.0,692.0,0.9093298291721419,False,Local
3279,MNE,2014,Montenegro,1648.254,1732.488,1575.403,0.9093298193118797,False,PPP
3280,MNE,2014,Montenegro,961.835,1010.989,919.322,0.9093293794492323,False,USD
3281,MNG,2000,Mongolia,62300.0,64700.0,59800.0,0.9242658423493045,False,Local
3282,MNG,2000,Mongolia,213.882,222.122,205.299,0.9242623423163847,False,PPP
3283,MNG,2000,Mongolia,57.864,60.093,55.542,0.9242673855523937,False,USD
3284,MNG,2001,Mongolia,65200.0,69200.0,61000.0,0.8815028901734104,False,Local
3285,MNG,2001,Mongolia,216.57,229.856,202.619,0.8815040721147153,False,PPP
3286,MNG,2001,Mongolia,59.397,63.041,55.571,0.8815056867752733,False,USD
3287,MNG,2002,Mongolia,71300.0,75600.0,71300.0,0.9431216931216931,False,Local
3288,MNG,2002,Mongolia,238.401,252.779,238.401,0.9431202750228461,False,PPP
3289,MNG,2002,Mongolia,64.216,68.089,64.216,0.9431185654070408,False,USD
3290,MNG,2003,Mongolia,81500.0,86900.0,76000.0,0.8745684695051784,False,Local
3291,MNG,2003,Mongolia,265.096,282.66,247.206,0.8745701549564847,False,PPP
3292,MNG,2003,Mongolia,71.083,75.793,66.286,0.8745662528201812,False,USD
3293,MNG,2004,Mongolia,93100.0,98300.0,88000.0,0.8952187182095626,False,Local
3294,MNG,2004,Mongolia,287.261,303.306,271.525,0.8952180306357276,False,PPP
3295,MNG,2004,Mongolia,78.546,82.933,74.243,0.8952166206455813,False,USD
3296,MNG,2005,Mongolia,101200.0,110000.0,92300.0,0.8390909090909091,False,Local
3297,MNG,2005,Mongolia,286.424,311.331,261.235,0.8390908711307258,False,PPP
3298,MNG,2005,Mongolia,83.966,91.268,76.582,0.8390892755401673,False,USD
3299,MNG,2006,Mongolia,127700.0,131800.0,117300.0,0.8899848254931715,False,Local
3300,MNG,2006,Mongolia,354.998,366.396,326.087,0.8899851526763392,False,PPP
3301,MNG,2006,Mongolia,108.248,111.723,99.432,0.8899868424585806,False,USD
3302,MNG,2007,Mongolia,173010.0,186700.0,159300.0,0.8532404927691484,False,Local
3303,MNG,2007,Mongolia,451.221,486.925,415.464,0.8532402320685937,False,PPP
3304,MNG,2007,Mongolia,147.821,159.518,136.107,0.8532391328878246,False,USD
3305,MNG,2008,Mongolia,274200.0,291300.0,258100.0,0.8860281496738758,False,Local
3306,MNG,2008,Mongolia,580.345,616.538,546.27,0.8860281118114374,False,PPP
3307,MNG,2008,Mongolia,235.202,249.87,221.392,0.8860287349421699,False,USD
3308,MNG,2009,Mongolia,238700.194,253445.646,224396.208,0.8853819804819216,False,Local
3309,MNG,2009,Mongolia,467.772,496.668,439.741,0.8853821868934579,False,PPP
3310,MNG,2009,Mongolia,166.018,176.274,156.07,0.885382983310074,False,USD
3311,MNG,2010,Mongolia,261584.125,281486.616,242010.924,0.8597599681258026,False,Local
3312,MNG,2010,Mongolia,473.459,509.482,438.032,0.8597595204541082,False,PPP
3313,MNG,2010,Mongolia,192.757,207.423,178.334,0.8597600073280205,False,USD
3314,MNG,2011,Mongolia,326790.425,351476.988,300583.999,0.855202500483474,False,Local
3315,MNG,2011,Mongolia,562.813,605.329,517.679,0.8552027079489005,False,PPP
3316,MNG,2011,Mongolia,258.227,277.734,237.519,0.8552031800211715,False,USD
3317,MNG,2012,Mongolia,400689.865,436555.099,363707.775,0.8331314325113404,False,Local
3318,MNG,2012,Mongolia,627.711,683.897,569.776,0.8331313048602347,False,PPP
3319,MNG,2012,Mongolia,295.15,321.569,267.909,0.8331306811290888,False,USD
3320,MNG,2013,Mongolia,462373.872,499765.737,423388.94,0.8471748034219481,False,Local
3321,MNG,2013,Mongolia,635.084,686.442,581.537,0.847175726426996,False,PPP
3322,MNG,2013,Mongolia,303.409,327.946,277.828,0.8471760594732058,False,USD
3323,MNG,2014,Mongolia,541133.448,587324.961,492366.455,0.8383203297909895,False,Local
3324,MNG,2014,Mongolia,668.523,725.588,608.275,0.8383200934965849,False,PPP
3325,MNG,2014,Mongolia,297.663,323.072,270.838,0.8383208696513471,False,USD
3326,MNG,2015,Mongolia,536763.45,577788.904,492140.786,0.8517657272282959,False,Local
3327,MNG,2015,Mongolia,653.569,703.522,599.236,0.8517658296400112,False,PPP
3328,MNG,2015,Mongolia,272.426,293.248,249.779,0.8517671049759931,False,USD
3329,MNG,2016,Mongolia,540260.936,580116.788,499341.954,0.8607610817841046,False,Local
3330,MNG,2016,Mongolia,647.667,695.446,598.613,0.8607612956289921,False,PPP
3331,MNG,2016,Mongolia,252.424,271.046,233.306,0.8607616419353173,False,USD
3332,MNG,2017,Mongolia,545034.005,585030.782,502303.207,0.8585927825589184,False,Local
3333,MNG,2017,Mongolia,608.226,652.86,560.541,0.8585929602058635,False,PPP
3334,MNG,2017,Mongolia,223.395,239.789,205.881,0.8585923457706568,False,USD
3335,MNG,2018,Mongolia,585427.262,643518.227,524116.864,0.8144553518606087,False,Local
3336,MNG,2018,Mongolia,631.951,694.658,565.768,0.8144554586573537,False,PPP
3337,MNG,2018,Mongolia,236.777,260.272,211.98,0.8144556464006885,False,USD
3338,MNG,2019,Mongolia,787549.528,865773.976,702313.819,0.8111976548946304,True,Local
3339,MNG,2019,Mongolia,822.726,904.445,733.683,0.8111969218692126,True,PPP
3340,MNG,2019,Mongolia,295.678,325.046,263.677,0.8111990302910973,True,USD
3341,MNG,2020,Mongolia,850568.978,928076.893,770694.98,0.8304214724156481,False,Local
3342,MNG,2020,Mongolia,912.019,995.126,826.374,0.8304214742655704,False,PPP
3343,MNG,2020,Mongolia,302.34,329.89,273.948,0.8304222619661099,False,USD
3344,MNG,2021,Mongolia,901897.734,996508.495,802919.396,0.805732615455526,False,Local
3345,MNG,2021,Mongolia,941.596,1040.371,838.261,0.8057327626394813,False,PPP
3346,MNG,2021,Mongolia,316.534,349.739,281.796,0.805732274639088,False,USD
3347,MNG,2022,Mongolia,1068709.455,1219296.962,908982.709,0.7454973950800347,False,Local
3348,MNG,2022,Mongolia,1046.516,1193.976,890.106,0.7454973969326015,False,PPP
3349,MNG,2022,Mongolia,340.28,388.227,289.422,0.7454968356142155,False,USD
3350,MNG,2023,Mongolia,1268986.008,1455669.529,1063998.79,0.7309343012290257,False,Local
3351,MNG,2023,Mongolia,1172.463,1344.946,983.068,0.730934922294278,False,PPP
3352,MNG,2023,Mongolia,366.152,420.017,307.005,0.7309347002621323,False,USD
3353,MRT,2019,Mauritania,60522.504,65659.564,46472.266,0.7077760370141966,False,Local
3354,MUS,2001,Mauritius,7000.31,7964.876,5123.292,0.6432356260160234,True,Local
3355,MUS,2001,Mauritius,527.599,600.297,386.132,0.6432349320419726,True,PPP
3356,MUS,2001,Mauritius,240.319,273.432,175.881,0.643234881067322,True,USD
3357,MUS,2002,Mauritius,7375.737,8317.57,5575.579,0.6703374903968347,False,Local
3358,MUS,2002,Mauritius,530.647,598.407,401.135,0.6703380809382242,False,PPP
3359,MUS,2002,Mauritius,246.17,277.604,186.088,0.6703361623031369,False,USD
3360,MUS,2003,Mauritius,7926.851,8942.468,5996.116,0.6705213817930351,True,Local
3361,MUS,2003,Mauritius,561.237,633.145,424.537,0.6705209707097111,True,PPP
3362,MUS,2003,Mauritius,284.102,320.502,214.903,0.6705199967550904,True,USD
3363,MUS,2004,Mauritius,8313.252,9359.686,6339.139,0.6772811609278346,False,Local
3364,MUS,2004,Mauritius,577.166,649.817,440.109,0.677281450008233,False,PPP
3365,MUS,2004,Mauritius,302.316,340.371,230.527,0.6772815545390177,False,USD
3366,MUS,2005,Mauritius,9474.654,10554.909,7407.451,0.7018015029783772,False,Local
3367,MUS,2005,Mauritius,648.118,722.013,506.71,0.7018017681122084,False,PPP
3368,MUS,2005,Mauritius,321.216,357.839,251.132,0.7018016482272754,False,USD
3369,MUS,2006,Mauritius,9708.755,10939.62,7388.76,0.6754128571193515,False,Local
3370,MUS,2006,Mauritius,629.45,709.251,479.037,0.6754125126365701,False,PPP
3371,MUS,2006,Mauritius,306.192,345.011,233.025,0.6754132476935518,False,USD
3372,MUS,2007,Mauritius,10237.751,11460.761,7963.074,0.6948119762727797,False,Local
3373,MUS,2007,Mauritius,627.307,702.246,487.929,0.6948120744012781,False,PPP
3374,MUS,2007,Mauritius,326.942,365.999,254.3,0.69481064155913,False,USD
3375,MUS,2008,Mauritius,11625.665,13149.241,8914.696,0.6779627812738392,False,Local
3376,MUS,2008,Mauritius,674.093,762.435,516.902,0.6779620557818045,False,PPP
3377,MUS,2008,Mauritius,408.594,462.142,313.315,0.6779626175504498,False,USD
3378,MUS,2009,Mauritius,13253.402,15040.261,10155.645,0.6752306359577138,False,Local
3379,MUS,2009,Mauritius,746.948,847.654,572.362,0.6752306955432287,False,PPP
3380,MUS,2009,Mauritius,414.69,470.599,317.763,0.6752309290924969,False,USD
3381,MUS,2010,Mauritius,14188.838,16081.684,10967.19,0.6819677590978657,False,Local
3382,MUS,2010,Mauritius,789.629,894.968,610.34,0.6819685173101162,False,PPP
3383,MUS,2010,Mauritius,460.91,522.397,356.258,0.6819679286060217,False,USD
3384,MUS,2011,Mauritius,14763.001,16765.538,11412.56,0.6807154056135866,False,Local
3385,MUS,2011,Mauritius,795.623,903.546,615.058,0.6807157576924694,False,PPP
3386,MUS,2011,Mauritius,514.284,584.044,397.568,0.6807158364780735,False,USD
3387,MUS,2012,Mauritius,15508.836,17547.891,12125.016,0.6909671367345511,False,Local
3388,MUS,2012,Mauritius,855.675,968.176,668.978,0.6909673447802878,False,PPP
3389,MUS,2012,Mauritius,516.102,583.957,403.495,0.6909669718832038,False,USD
3390,MUS,2013,Mauritius,16746.821,18665.505,13805.664,0.7396351719388251,False,Local
3391,MUS,2013,Mauritius,904.066,1007.645,745.29,0.7396354867041468,False,PPP
3392,MUS,2013,Mauritius,545.475,607.97,449.676,0.739635179367403,False,USD
3393,MUS,2014,Mauritius,18927.411,21052.542,15648.078,0.7432868676856219,False,Local
3394,MUS,2014,Mauritius,1013.795,1127.622,838.147,0.743287200852768,False,PPP
3395,MUS,2014,Mauritius,618.106,687.506,511.014,0.7432866040441829,False,USD
3396,MUS,2015,Mauritius,20151.44,22572.119,16554.027,0.7333838263035916,False,Local
3397,MUS,2015,Mauritius,1087.188,1217.786,893.105,0.7333841906541871,False,PPP
3398,MUS,2015,Mauritius,574.824,643.875,472.207,0.7333830324208891,False,USD
3399,MUS,2016,Mauritius,20197.576,22804.566,16298.148,0.7146879269704146,False,Local
3400,MUS,2016,Mauritius,1119.234,1263.698,903.15,0.7146881612537171,False,PPP
3401,MUS,2016,Mauritius,568.275,641.625,458.562,0.7146884862653419,False,USD
3402,MUS,2017,Mauritius,21207.072,23707.126,17535.386,0.7396673050963664,False,Local
3403,MUS,2017,Mauritius,1158.996,1295.628,958.334,0.7396675588980788,False,PPP
3404,MUS,2017,Mauritius,615.029,687.534,508.546,0.7396666928471901,False,USD
3405,MUS,2018,Mauritius,21977.675,24336.47,18590.888,0.763910624671532,False,Local
3406,MUS,2018,Mauritius,1175.882,1302.085,994.677,0.7639109581939735,False,PPP
3407,MUS,2018,Mauritius,647.651,717.161,547.847,0.7639107536522483,False,USD
3408,MUS,2019,Mauritius,20525.542,22655.605,17509.553,0.7728574452105782,False,Local
3409,MUS,2019,Mauritius,1111.976,1227.373,948.584,0.7728571510046253,False,PPP
3410,MUS,2019,Mauritius,578.616,638.662,493.595,0.7728579436384191,False,USD
3411,MUS,2020,Mauritius,19745.578,21309.956,17537.547,0.822974341195261,True,Local
3412,MUS,2020,Mauritius,1060.054,1144.038,941.514,0.8229744116891222,True,PPP
3413,MUS,2020,Mauritius,501.833,541.591,445.716,0.8229752710070883,True,USD
3414,MUS,2021,Mauritius,22664.117,24759.711,19902.393,0.8038217005036933,False,Local
3415,MUS,2021,Mauritius,1207.718,1319.387,1060.552,0.803821774809059,False,PPP
3416,MUS,2021,Mauritius,543.607,593.87,477.366,0.8038223853705356,False,USD
3417,MUS,2022,Mauritius,23230.734,25663.164,20061.952,0.7817411757957826,False,Local
3418,MUS,2022,Mauritius,1206.946,1333.322,1042.313,0.781741394801856,False,PPP
3419,MUS,2022,Mauritius,525.787,580.841,454.067,0.7817406140406755,False,USD
3420,MWI,2013,Malawi,21062.003,24067.889,16273.427,0.6761468361433776,True,Local
3421,MWI,2013,Malawi,177.121,202.399,136.852,0.6761495857192971,True,PPP
3422,MWI,2013,Malawi,57.798,66.047,44.657,0.6761397186851787,True,USD
3423,MYS,1987,Malaysia,648.0,768.0,522.0,0.6796875,False,Local
3424,MYS,2011,Malaysia,1809.0,1842.0,1751.0,0.9505971769815418,False,Local
3425,MYS,2011,Malaysia,1140.35,1161.153,1103.789,0.95059738036245,False,PPP
3426,MYS,2011,Malaysia,591.176,601.96,572.222,0.9505980463818193,False,USD
3427,MYS,2014,Malaysia,2193.0,2232.0,2125.0,0.9520609318996416,False,Local
3428,MYS,2014,Malaysia,670.056,681.972,649.279,0.9520610816866382,False,USD
3429,MYS,2016,Malaysia,2657.0,2741.0,2532.0,0.9237504560379424,False,Local
3430,MYS,2016,Malaysia,1658.748,1711.189,1580.711,0.9237500942327235,False,PPP
3431,MYS,2016,Malaysia,640.503,660.753,610.37,0.9237491165382525,False,USD
3432,MYS,2017,Malaysia,2879.0,2953.0,2772.0,0.9387064002709109,False,Local
3433,MYS,2017,Malaysia,1728.915,1773.354,1664.659,0.9387065413899313,False,PPP
3434,MYS,2017,Malaysia,669.466,686.674,644.585,0.9387059944020016,False,USD
3435,MYS,2018,Malaysia,3087.0,3174.0,2959.0,0.9322621298046628,False,Local
3436,MYS,2018,Malaysia,1891.088,1944.384,1812.675,0.9322618371679668,False,PPP
3437,MYS,2018,Malaysia,765.031,786.592,733.31,0.9322622147186851,False,USD
3438,MYS,2019,Malaysia,3224.0,3304.0,3108.0,0.940677966101695,False,Local
3439,MYS,2019,Malaysia,1998.193,2047.776,1926.298,0.9406780819777163,False,PPP
3440,MYS,2019,Malaysia,778.28,797.592,750.277,0.9406776898464378,False,USD
3441,NAM,2012,Namibia,5624.347,6080.545,4996.821,0.8217718970914614,True,Local
3442,NAM,2012,Namibia,1042.844,1127.43,926.49,0.8217716399244298,True,PPP
3443,NAM,2012,Namibia,686.417,742.094,609.832,0.8217719049069254,True,USD
3444,NAM,2013,Namibia,6843.447,7353.964,6172.478,0.8393402524135283,False,Local
3445,NAM,2013,Namibia,1197.755,1287.107,1080.321,0.8393404744127722,False,PPP
3446,NAM,2013,Namibia,701.887,754.247,633.07,0.8393404282681934,False,USD
3447,NAM,2014,Namibia,6638.015,6949.783,6217.501,0.8946323935581874,False,Local
3448,NAM,2014,Namibia,1107.864,1159.897,1037.681,0.894632023360695,False,PPP
3449,NAM,2014,Namibia,612.2,640.953,573.418,0.8946334598636718,False,USD
3450,NAM,2018,Namibia,7233.303,7593.122,6820.226,0.8982110388849276,False,Local
3451,NAM,2018,Namibia,1008.173,1058.325,950.599,0.8982108520539532,False,PPP
3452,NAM,2018,Namibia,546.572,573.761,515.359,0.8982119732780723,False,USD
3453,NCL,1999,New Caledonia,255118.0,275779.0,224335.0,0.813459327940126,False,Local
3454,NCL,2017,New Caledonia,220065.411,232445.013,205187.319,0.8827348728707721,False,Local
3455,NCL,2017,New Caledonia,1743.729,1841.821,1625.84,0.8827350757755504,False,PPP
3456,NCL,2017,New Caledonia,2083.3,2200.495,1942.453,0.8827345665407101,False,USD
3457,NER,2012,Niger,75505.819,79544.087,59482.768,0.7477962252555617,True,Local
3458,NER,2012,Niger,333.516,351.354,262.741,0.7477956704634072,True,PPP
3459,NER,2012,Niger,147.889,155.799,116.506,0.7477968408012888,True,USD
3460,NER,2014,Niger,118006.745,121172.345,104964.54,0.866241715467337,False,Local
3461,NER,2014,Niger,499.221,512.613,444.047,0.8662421748960717,False,PPP
3462,NER,2014,Niger,238.998,245.409,212.583,0.8662396244636505,False,USD
3463,NER,2019,Niger,84228.541,87304.92,72892.229,0.8349154778447768,False,Local
3464,NER,2019,Niger,375.191,388.894,324.694,0.8349164553837293,False,PPP
3465,NER,2019,Niger,143.756,149.007,124.408,0.8349137959961612,False,USD
3466,NER,2022,Niger,75078.919,76692.731,68605.921,0.8945557174121235,False,Local
3467,NER,2022,Niger,369.316,377.255,337.475,0.8945540814568396,False,PPP
3468,NER,2022,Niger,120.365,122.952,109.988,0.8945604788860694,False,USD
3469,NGA,2011,Nigeria,47816.395,50061.374,43271.63,0.8643716011470239,True,Local
3470,NGA,2011,Nigeria,572.08,598.94,517.706,0.8643703876849099,True,PPP
3471,NGA,2011,Nigeria,310.774,325.364,281.236,0.8643734402085049,True,USD
3472,NGA,2013,Nigeria,58714.022,65418.37,45661.934,0.6979986508376775,False,Local
3473,NGA,2013,Nigeria,639.488,712.509,497.33,0.697998200724482,False,PPP
3474,NGA,2013,Nigeria,373.234,415.852,290.264,0.6979983263276358,False,USD
3475,NIC,2012,Nicaragua,4449.921,4594.308,4213.675,0.9171511792417922,True,Local
3476,NIC,2012,Nicaragua,478.633,494.163,453.222,0.9171508186570018,True,PPP
3477,NIC,2012,Nicaragua,188.983,195.115,178.95,0.9171514235194628,True,USD
3478,NLD,1969,Netherlands,943.94,1060.85,718.78,0.6775510204081633,False,Local
3479,NLD,1970,Netherlands,1052.19,1177.76,805.38,0.6838235294117647,False,Local
3480,NLD,1971,Netherlands,1199.41,1342.3,917.96,0.6838709677419356,False,Local
3481,NLD,1972,Netherlands,1333.64,1493.85,1030.54,0.6898550724637681,False,Local
3482,NLD,1973,Netherlands,1511.17,1684.37,1186.42,0.7043701799485862,False,Local
3483,NLD,1974,Netherlands,1753.65,1926.85,1394.26,0.7235955056179776,False,Local
3484,NLD,1975,Netherlands,1974.48,2156.34,1580.45,0.7329317269076305,False,Local
3485,NLD,1976,Netherlands,2139.02,2325.21,1719.01,0.739292364990689,False,Local
3486,NLD,1977,Netherlands,2528.72,2771.2,2190.98,0.790625,True,Local
3487,NLD,1978,Netherlands,2688.93,2944.4,2312.22,0.7852941176470587,False,Local
3488,NLD,1979,Netherlands,2844.81,3134.92,2420.47,0.7720994475138121,False,Local
3489,NLD,1980,Netherlands,2970.38,3251.83,2528.72,0.77762982689747,False,Local
3490,NLD,1981,Netherlands,3104.61,3394.72,2606.66,0.7678571428571429,False,Local
3491,NLD,1982,Netherlands,3282.14,3572.25,2727.9,0.7636363636363637,False,Local
3492,NLD,1983,Netherlands,3299.46,3572.25,2710.58,0.7587878787878788,False,Local
3493,NLD,1984,Netherlands,3308.12,3576.58,2688.93,0.7518159806295399,False,Local
3494,NLD,1985,Netherlands,3338.43,3602.56,2688.93,0.7463942307692307,False,Local
3495,NLD,1986,Netherlands,3394.72,3663.18,2753.88,0.7517730496453902,False,Local
3496,NLD,1987,Netherlands,3446.68,3710.81,2792.85,0.7526254375729288,False,Local
3497,NLD,1988,Netherlands,3494.31,3767.1,2840.48,0.7540229885057471,False,Local
3498,NLD,1989,Netherlands,3567.92,3840.71,2905.43,0.7564825253664036,False,Local
3499,NLD,1990,Netherlands,3710.81,3992.26,3026.67,0.7581344902386117,False,Local
3500,NLD,1990,Netherlands,4102.641,4413.81,3346.261,0.75813435557942,False,PPP
3501,NLD,1990,Netherlands,2037.852,2192.415,1662.146,0.7581347509481553,False,USD
3502,NLD,1991,Netherlands,3875.35,4161.13,3165.23,0.7606659729448491,False,Local
3503,NLD,1991,Netherlands,4274.64,4589.865,3491.354,0.7606659455125586,False,PPP
3504,NLD,1991,Netherlands,2072.749,2225.6,1692.938,0.7606658878504674,False,USD
3505,NLD,1992,Netherlands,4035.56,4325.67,3299.46,0.7627627627627628,False,Local
3506,NLD,1992,Netherlands,4432.786,4751.452,3624.231,0.7627628354448283,False,PPP
3507,NLD,1992,Netherlands,2294.932,2459.911,1876.328,0.7627625552306567,False,USD
3508,NLD,1993,Netherlands,4165.46,4442.58,3412.04,0.7680311890838206,False,Local
3509,NLD,1993,Netherlands,4589.29,4894.607,3759.211,0.768031222935774,False,PPP
3510,NLD,1993,Netherlands,2242.744,2391.949,1837.092,0.7680314254191875,False,USD
3511,NLD,1994,Netherlands,4147.0,4351.0,3376.0,0.7759135830843484,False,Local
3512,NLD,1994,Netherlands,4548.062,4771.791,3702.497,0.7759134882479136,False,PPP
3513,NLD,1994,Netherlands,2278.578,2390.666,1854.95,0.7759134902156972,False,USD
3514,NLD,1995,Netherlands,4382.0,4609.0,3496.0,0.7585159470600998,False,Local
3515,NLD,1995,Netherlands,4805.141,5054.061,3833.586,0.7585159735903465,False,PPP
3516,NLD,1995,Netherlands,2729.07,2870.443,2177.277,0.7585160200010939,False,USD
3517,NLD,1996,Netherlands,4532.0,4750.0,3649.0,0.7682105263157895,False,Local
3518,NLD,1996,Netherlands,5010.691,5251.718,4034.425,0.7682105170155747,False,PPP
3519,NLD,1996,Netherlands,2688.184,2817.492,2164.427,0.7682105219819613,False,USD
3520,NLD,1997,Netherlands,4676.0,4901.0,3785.0,0.7722913691083453,False,Local
3521,NLD,1997,Netherlands,5145.428,5393.016,4164.979,0.7722912374077883,False,PPP
3522,NLD,1997,Netherlands,2396.388,2511.698,1939.762,0.7722910955059088,False,USD
3523,NLD,1998,Netherlands,4860.0,5096.0,3954.0,0.7759026687598116,False,Local
3524,NLD,1998,Netherlands,5349.889,5609.678,4352.564,0.7759026453924807,False,PPP
3525,NLD,1998,Netherlands,2449.926,2568.894,1993.212,0.7759027815083067,False,USD
3526,NLD,1999,Netherlands,5028.0,5276.0,4102.0,0.7774829416224412,False,Local
3527,NLD,2000,Netherlands,5220.0,5481.0,4287.0,0.7821565407772304,False,Local
3528,NLD,2001,Netherlands,2517.0,2634.0,2094.0,0.7949886104783599,True,Local
3529,NLD,2001,Netherlands,2782.974,2912.338,2315.276,0.7949887684739888,True,PPP
3530,NLD,2001,Netherlands,2254.3,2359.088,1875.448,0.7949885718548863,True,USD
3531,NLD,2002,Netherlands,2623.0,2737.0,2201.0,0.804165144318597,False,Local
3532,NLD,2002,Netherlands,2909.45,3035.9,2441.365,0.8041651569551038,False,PPP
3533,NLD,2002,Netherlands,2480.24,2588.035,2081.208,0.8041653223391493,False,USD
3534,NLD,2003,Netherlands,2712.0,2926.0,2290.0,0.7826384142173616,False,Local
3535,NLD,2003,Netherlands,2908.28,3137.768,2455.738,0.7826384869754551,False,PPP
3536,NLD,2003,Netherlands,3067.707,3309.775,2590.357,0.7826383968698778,False,USD
3537,NLD,2004,Netherlands,2792.0,2904.0,2373.0,0.8171487603305785,False,Local
3538,NLD,2004,Netherlands,3065.504,3188.476,2605.459,0.8171486942351142,False,PPP
3539,NLD,2004,Netherlands,3472.975,3612.292,2951.78,0.8171487797774931,False,USD
3540,NLD,2010,Netherlands,3789.356,4536.439,2923.202,0.6443825211801592,False,Local
3541,NLD,2010,Netherlands,4301.365,5149.392,3318.178,0.6443824824367614,False,PPP
3542,NLD,2010,Netherlands,5023.613,6014.033,3875.337,0.644382396970552,False,USD
3543,NLD,2011,Netherlands,3750.284,4465.047,2955.225,0.6618575347583128,False,Local
3544,NLD,2011,Netherlands,4267.821,5081.221,3363.044,0.6618574551274192,False,PPP
3545,NLD,2011,Netherlands,5220.227,6215.146,4113.54,0.6618573401171911,False,USD
3546,NLD,2013,Netherlands,3940.746,4696.008,3065.623,0.6528146885610076,False,Local
3547,NLD,2013,Netherlands,4515.202,5380.561,3512.509,0.6528146414472394,False,PPP
3548,NLD,2013,Netherlands,5233.776,6236.853,4071.509,0.6528146486697698,False,USD
3549,NLD,2014,Netherlands,4127.249,4840.745,3266.821,0.6748591384177436,False,Local
3550,NLD,2014,Netherlands,4681.109,5490.353,3705.215,0.6748591575077231,False,PPP
3551,NLD,2014,Netherlands,5483.054,6430.934,4339.974,0.6748590484679209,False,USD
3552,NLD,2015,Netherlands,4105.642,4822.913,3324.545,0.6893230294637287,False,Local
3553,NLD,2015,Netherlands,4621.258,5428.61,3742.066,0.6893230495467533,False,PPP
3554,NLD,2015,Netherlands,4555.262,5351.084,3688.625,0.6893229483969977,False,USD
3555,NLD,2016,Netherlands,4071.095,4809.802,3252.54,0.6762315787635333,False,Local
3556,NLD,2016,Netherlands,4663.494,5509.693,3725.829,0.6762316884080474,False,PPP
3557,NLD,2016,Netherlands,4506.308,5323.985,3600.247,0.6762316197359685,False,USD
3558,NLD,2017,Netherlands,4204.289,5030.806,3316.381,0.6592146467186372,False,Local
3559,NLD,2017,Netherlands,4883.166,5843.143,3851.885,0.6592145699668825,False,PPP
3560,NLD,2017,Netherlands,4749.506,5683.207,3746.453,0.6592145948581496,False,USD
3561,NLD,2018,Netherlands,4249.662,5104.572,3351.494,0.6565670931862652,False,Local
3562,NLD,2018,Netherlands,5035.945,6049.032,3971.594,0.6565668688808391,False,PPP
3563,NLD,2018,Netherlands,5018.658,6028.268,3957.961,0.6565668613273331,False,USD
3564,NLD,2019,Netherlands,4350.85,5187.978,3450.209,0.6650392503591958,False,Local
3565,NLD,2019,Netherlands,5220.928,6225.464,4140.178,0.665039264543173,False,PPP
3566,NLD,2019,Netherlands,4870.665,5807.809,3862.421,0.6650392600720857,False,USD
3567,NLD,2020,Netherlands,4552.732,5364.716,3649.923,0.6803571708176164,False,Local
3568,NLD,2020,Netherlands,5584.996,6581.085,4477.489,0.6803572663170282,False,PPP
3569,NLD,2020,Netherlands,5200.113,6127.558,4168.928,0.6803571667538684,False,USD
3570,NLD,2021,Netherlands,4668.565,5471.032,3836.887,0.7013095518359242,False,Local
3571,NLD,2021,Netherlands,5834.962,6837.918,4795.498,0.7013096676502993,False,PPP
3572,NLD,2021,Netherlands,5521.699,6470.81,4538.041,0.7013095732991697,False,USD
3573,NLD,2022,Netherlands,4887.956,5710.45,4040.604,0.7075806635203881,False,Local
3574,NLD,2022,Netherlands,6318.936,7382.22,5223.516,0.7075806464721993,False,PPP
3575,NLD,2022,Netherlands,5147.256,6013.381,4254.953,0.7075808101964602,False,USD
3576,NLD,2023,Netherlands,5086.429,5928.114,4248.751,0.7167120942680928,False,Local
3577,NLD,2023,Netherlands,6323.652,7370.068,5282.217,0.7167121117471371,False,PPP
3578,NLD,2023,Netherlands,5499.796,6409.884,4594.041,0.7167120341023332,False,USD
3579,NOR,2002,Norway,3610.77,3896.2,3070.57,0.7880935270263334,False,Local
3580,NOR,2002,Norway,3079.506,3322.94,2618.788,0.7880936760820237,False,PPP
3581,NOR,2002,Norway,3414.249,3684.144,2903.45,0.7880935164314967,False,USD
3582,NOR,2004,Norway,3181.547,3745.42,2575.318,0.6875912447736169,False,Local
3583,NOR,2004,Norway,1731.6,2038.495,1401.652,0.6875915810438584,False,PPP
3584,NOR,2004,Norway,3957.534,4658.936,3203.444,0.687591329865875,False,USD
3585,NOR,2005,Norway,3056.226,3608.573,2442.592,0.6768858493371203,False,Local
3586,NOR,2005,Norway,1590.251,1877.655,1270.958,0.676885796378994,False,PPP
3587,NOR,2005,Norway,3802.22,4489.391,3038.805,0.6768857958685265,False,USD
3588,NOR,2006,Norway,3307.001,3930.878,2630.946,0.669302379773679,False,Local
3589,NOR,2006,Norway,1724.333,2049.635,1371.825,0.6693020952511056,False,PPP
3590,NOR,2006,Norway,4152.266,4935.606,3303.413,0.6693024119024088,False,USD
3591,NOR,2007,Norway,3975.118,4718.913,3159.649,0.6695713610316614,False,Local
3592,NOR,2007,Norway,1788.605,2123.276,1421.685,0.6695714546766413,False,PPP
3593,NOR,2007,Norway,5447.811,6467.166,4330.229,0.6695713392852449,False,USD
3594,NOR,2008,Norway,4249.632,5086.119,3332.434,0.6552017363337351,False,Local
3595,NOR,2008,Norway,1693.424,2026.753,1327.932,0.6552016945330783,False,PPP
3596,NOR,2008,Norway,6250.17,7480.437,4901.196,0.6552018284493272,False,USD
3597,NOR,2009,Norway,4464.753,5307.986,3559.465,0.6705867347803857,False,Local
3598,NOR,2009,Norway,2080.476,2473.404,1658.632,0.670586770297129,False,PPP
3599,NOR,2009,Norway,6227.359,7403.486,4964.68,0.6705868019470829,False,USD
3600,NOR,2010,Norway,4401.39,5305.445,3463.418,0.652804430165613,False,Local
3601,NOR,2010,Norway,2055.533,2477.744,1617.482,0.652804325224882,False,PPP
3602,NOR,2010,Norway,5834.996,7033.517,4591.511,0.6528044220267045,False,USD
3603,NOR,2011,Norway,4934.277,5867.767,3942.223,0.6718438206561371,False,Local
3604,NOR,2011,Norway,2031.364,2415.667,1622.951,0.6718438427150762,False,PPP
3605,NOR,2011,Norway,6868.292,8167.669,5487.399,0.6718439496017775,False,USD
3606,NOR,2012,Norway,5337.993,6339.478,4300.054,0.6782978030683283,False,Local
3607,NOR,2012,Norway,2466.389,2929.119,1986.816,0.6782981503994887,False,PPP
3608,NOR,2012,Norway,6858.193,8144.889,5524.661,0.6782978871780818,False,USD
3609,NOR,2013,Norway,5654.392,6608.073,4662.172,0.7055267095263625,False,Local
3610,NOR,2013,Norway,2561.24,2993.224,2111.799,0.7055265492993508,False,PPP
3611,NOR,2013,Norway,7509.7,8776.301,6191.914,0.7055266222067816,False,USD
3612,NOR,2014,Norway,6050.181,7157.25,4919.816,0.687389150861015,False,Local
3613,NOR,2014,Norway,2913.325,3446.408,2369.023,0.6873890148815811,False,PPP
3614,NOR,2014,Norway,8037.671,9508.413,6535.979,0.687389052200404,False,USD
3615,NOR,2015,Norway,5680.127,6653.998,4687.836,0.7045141883120495,False,Local
3616,NOR,2015,Norway,3895.115,4562.941,3214.657,0.7045142595532137,False,PPP
3617,NOR,2015,Norway,6302.174,7382.696,5201.215,0.704514312928502,False,USD
3618,NOR,2016,Norway,5470.695,6374.665,4530.177,0.7106533441365154,False,Local
3619,NOR,2016,Norway,3884.892,4526.826,3217.004,0.7106533363553182,False,PPP
3620,NOR,2016,Norway,6055.53,7056.137,5014.467,0.7106532937214796,False,USD
3621,NOR,2017,Norway,5325.052,6061.542,4535.049,0.7481675454859505,False,Local
3622,NOR,2017,Norway,3754.993,4274.333,3197.918,0.748167725818274,False,PPP
3623,NOR,2017,Norway,6015.611,6847.609,5123.16,0.7481677181042317,False,USD
3624,NOR,2018,Norway,5433.003,6175.255,4614.588,0.7472708414470333,False,Local
3625,NOR,2018,Norway,3628.087,4123.754,3081.561,0.7472708119834501,False,PPP
3626,NOR,2018,Norway,6416.129,7292.695,5449.619,0.7472709334477857,False,USD
3627,NOR,2019,Norway,5462.48,6226.834,4615.374,0.7412071688437495,False,Local
3628,NOR,2019,Norway,4233.042,4825.363,3576.593,0.7412070345795746,False,PPP
3629,NOR,2019,Norway,6115.108,6970.782,5166.793,0.7412070840832491,False,USD
3630,NOR,2020,Norway,5630.716,6437.947,4733.515,0.7352522473390974,False,Local
3631,NOR,2020,Norway,4542.818,5194.086,3818.963,0.7352521694866045,False,PPP
3632,NOR,2020,Norway,6431.382,7353.398,5406.602,0.7352521922517997,False,USD
3633,NOR,2021,Norway,5151.511,5695.657,4426.427,0.7771582804231364,False,Local
3634,NOR,2021,Norway,3757.511,4154.411,3228.635,0.7771583023441831,False,PPP
3635,NOR,2021,Norway,6092.9,6736.483,5235.313,0.7771581996124683,False,USD
3636,NOR,2022,Norway,5617.962,6193.117,4879.831,0.7879442613469114,False,Local
3637,NOR,2022,Norway,5308.231,5851.676,4610.795,0.7879443427831616,False,PPP
3638,NOR,2022,Norway,5915.987,6521.653,5138.699,0.787944252783765,False,USD
3639,NOR,2023,Norway,5912.514,6519.098,5132.92,0.7873665958081931,False,Local
3640,NOR,2023,Norway,5919.683,6527.002,5139.144,0.7873666960727146,False,PPP
3641,NOR,2023,Norway,6393.016,7048.896,5550.065,0.7873665606642515,False,USD
3642,NPL,2008,Nepal,6286.505,6732.059,4813.119,0.7149549640013553,True,Local
3643,NPL,2008,Nepal,310.083,332.06,237.408,0.7149551285912185,True,PPP
3644,NPL,2008,Nepal,90.114,96.501,68.994,0.7149563216961482,True,USD
3645,NPL,2017,Nepal,17801.374,19454.035,13629.275,0.700588592546482,True,Local
3646,NPL,2017,Nepal,586.489,640.938,449.034,0.7005888245040862,True,PPP
3647,NPL,2017,Nepal,170.329,186.142,130.409,0.7005887977995293,True,USD
3648,NZL,1975,New Zealand,442.898,503.077,335.939,0.6677685523289676,False,Local
3649,NZL,1976,New Zealand,499.422,560.025,391.415,0.6989241551716442,False,Local
3650,NZL,1977,New Zealand,568.105,637.757,446.587,0.7002463320669158,False,Local
3651,NZL,1978,New Zealand,623.52,689.063,503.059,0.7300624180952976,False,Local
3652,NZL,1979,New Zealand,744.717,834.105,592.738,0.7106275588804767,False,Local
3653,NZL,1980,New Zealand,880.926,987.972,699.52,0.708036260136927,True,Local
3654,NZL,1981,New Zealand,1064.669,1200.276,851.863,0.7097225971359921,False,Local
3655,NZL,1982,New Zealand,1239.87,1392.537,988.426,0.7098023248215308,True,Local
3656,NZL,1983,New Zealand,1271.699,1420.318,1026.946,0.7230394883399351,False,Local
3657,NZL,1984,New Zealand,1334.108,1490.767,1074.035,0.7204579924294005,False,Local
3658,NZL,1985,New Zealand,1407.752,1583.247,1123.635,0.7097029080111947,False,Local
3659,NZL,1986,New Zealand,1738.27,1953.371,1427.133,0.7306000754592957,False,Local
3660,NZL,1987,New Zealand,1925.326,2174.084,1584.988,0.7290371485186405,False,Local
3661,NZL,1988,New Zealand,2113.07,2378.772,1754.377,0.7375137255693274,False,Local
3662,NZL,2009,New Zealand,3830.0,4520.0,3120.0,0.6902654867256637,False,Local
3663,NZL,2009,New Zealand,2388.186,2818.433,1945.467,0.6902654773060066,False,PPP
3664,NZL,2009,New Zealand,2392.438,2823.452,1948.931,0.69026532060754,False,USD
3665,NZL,2010,New Zealand,3940.0,4640.0,3210.0,0.6918103448275862,False,Local
3666,NZL,2010,New Zealand,2469.681,2908.456,2012.1,0.69181036261164,False,PPP
3667,NZL,2010,New Zealand,2838.957,3343.34,2312.957,0.6918102855228603,False,USD
3668,NZL,2014,New Zealand,4420.0,5200.0,3590.0,0.6903846153846154,False,Local
3669,NZL,2014,New Zealand,2761.069,3248.317,2242.588,0.6903845899276456,False,PPP
3670,NZL,2014,New Zealand,3666.731,4313.801,2978.182,0.6903846514941231,False,USD
3671,NZL,2015,New Zealand,4522.0,5305.0,3691.0,0.6957587181903865,False,Local
3672,NZL,2015,New Zealand,2772.417,3252.47,2262.934,0.6957586080732491,False,PPP
3673,NZL,2015,New Zealand,3153.472,3699.507,2573.964,0.695758651085131,False,USD
3674,NZL,2016,New Zealand,4640.0,5430.0,3810.0,0.7016574585635359,False,Local
3675,NZL,2016,New Zealand,2926.029,3424.211,2402.623,0.7016574037055544,False,PPP
3676,NZL,2016,New Zealand,3230.017,3779.955,2652.234,0.7016575594153899,False,USD
3677,NZL,2017,New Zealand,4760.0,5560.0,3910.0,0.7032374100719424,False,Local
3678,NZL,2017,New Zealand,3011.593,3517.743,2473.808,0.703237274582026,False,PPP
3679,NZL,2017,New Zealand,3382.103,3950.524,2778.156,0.7032373426917543,False,USD
3680,NZL,2019,New Zealand,5120.0,5940.0,4260.0,0.7171717171717171,False,Local
3681,NZL,2019,New Zealand,3268.208,3791.631,2719.251,0.7171718450450479,False,PPP
3682,NZL,2019,New Zealand,3373.137,3913.366,2806.555,0.7171716113443005,False,USD
3683,NZL,2020,New Zealand,5270.0,6050.0,4450.0,0.7355371900826446,False,Local
3684,NZL,2020,New Zealand,3411.602,3916.545,2880.764,0.7355370613640339,False,PPP
3685,NZL,2020,New Zealand,3417.51,3923.328,2885.753,0.7355370236697009,False,USD
3686,NZL,2021,New Zealand,5610.0,6430.0,4760.0,0.7402799377916018,False,Local
3687,NZL,2021,New Zealand,3602.308,4128.848,3056.504,0.7402800974993509,False,PPP
3688,NZL,2021,New Zealand,3968.029,4548.027,3366.813,0.740279905990004,False,USD
3689,NZL,2022,New Zealand,5990.0,6840.0,5100.0,0.7456140350877193,False,Local
3690,NZL,2022,New Zealand,4060.995,4637.263,3457.608,0.7456139537481484,False,PPP
3691,NZL,2022,New Zealand,3797.91,4336.845,3233.613,0.7456141503789044,False,USD
3692,PAK,2006,Pakistan,5196.045,5443.278,3546.985,0.6516266485011422,True,Local
3693,PAK,2006,Pakistan,339.575,355.732,231.804,0.651625380904726,True,PPP
3694,PAK,2006,Pakistan,86.211,90.313,58.85,0.651622689978187,True,USD
3695,PAK,2009,Pakistan,7922.301,8278.717,5443.397,0.65751697998615,False,Local
3696,PAK,2009,Pakistan,374.593,391.446,257.382,0.657515979215524,False,PPP
3697,PAK,2009,Pakistan,96.953,101.315,66.616,0.6575136949119084,False,USD
3698,PAK,2010,Pakistan,8939.575,9334.499,6081.35,0.6514918476074614,False,Local
3699,PAK,2010,Pakistan,380.406,397.211,258.78,0.6514925316771186,False,PPP
3700,PAK,2010,Pakistan,104.932,109.568,71.382,0.6514858352803738,False,USD
3701,PAK,2019,Pakistan,21544.745,22363.697,15798.355,0.7064285927322302,False,Local
3702,PAK,2019,Pakistan,577.549,599.502,423.506,0.7064296699593996,False,PPP
3703,PAK,2019,Pakistan,143.597,149.055,105.297,0.7064305122270302,False,USD
3704,PAK,2021,Pakistan,24068.182,24698.793,20020.482,0.8105854403492511,False,Local
3705,PAK,2021,Pakistan,565.942,580.77,470.764,0.8105859462437799,False,PPP
3706,PAK,2021,Pakistan,147.743,151.613,122.896,0.8105901208999229,False,USD
3707,PAN,1997,Panama,442.173,462.769,407.52,0.8806121412627034,True,Local
3708,PAN,1997,Panama,806.952,844.539,743.71,0.8806106053124841,True,PPP
3709,PAN,1997,Panama,442.173,462.769,407.52,0.8806121412627034,True,USD
3710,PAN,2003,Panama,387.5,401.482,366.453,0.9127507584399798,False,Local
3711,PAN,2003,Panama,771.054,798.877,729.175,0.9127500228445681,False,PPP
3712,PAN,2003,Panama,387.5,401.482,366.453,0.9127507584399798,False,USD
3713,PAN,2006,Panama,416.234,429.722,395.194,0.9196503786168733,True,Local
3714,PAN,2006,Panama,857.18,884.956,813.851,0.9196513724976156,True,PPP
3715,PAN,2006,Panama,416.234,429.722,395.194,0.9196503786168733,True,USD
3716,PAN,2007,Panama,423.037,431.44,410.247,0.9508784535508994,False,Local
3717,PAN,2007,Panama,860.184,877.27,834.177,0.9508782928858847,False,PPP
3718,PAN,2007,Panama,423.037,431.44,410.247,0.9508784535508994,False,USD
3719,PAN,2008,Panama,486.108,497.216,467.971,0.9411825041832925,False,Local
3720,PAN,2008,Panama,943.719,965.285,908.51,0.9411831738812889,False,PPP
3721,PAN,2008,Panama,486.108,497.216,467.971,0.9411825041832925,False,USD
3722,PAN,2009,Panama,546.177,561.736,521.831,0.9289612914251535,False,Local
3723,PAN,2009,Panama,1031.713,1061.103,985.724,0.9289616559372653,False,PPP
3724,PAN,2009,Panama,546.177,561.736,521.831,0.9289612914251535,False,USD
3725,PAN,2011,Panama,586.166,599.858,566.978,0.9451870275965312,False,Local
3726,PAN,2011,Panama,1059.517,1084.266,1024.835,0.9451878044686451,False,PPP
3727,PAN,2011,Panama,586.166,599.858,566.978,0.9451870275965312,False,USD
3728,PAN,2013,Panama,688.745,711.554,655.433,0.9211289656161022,False,Local
3729,PAN,2013,Panama,1260.102,1301.832,1199.156,0.9211296081214779,False,PPP
3730,PAN,2013,Panama,688.745,711.554,655.433,0.9211289656161022,False,USD
3731,PAN,2014,Panama,699.21,713.566,679.288,0.9519623973115311,False,Local
3732,PAN,2014,Panama,1299.551,1326.232,1262.524,0.9519631557676183,False,PPP
3733,PAN,2014,Panama,699.21,713.566,679.288,0.9519623973115311,False,USD
3734,PER,1997,Peru,652.978,701.4,567.717,0.8094054747647562,False,Local
3735,PER,1997,Peru,443.628,476.525,385.702,0.8094055925712188,False,PPP
3736,PER,1997,Peru,245.097,263.272,213.094,0.8094062414537057,False,USD
3737,PER,1998,Peru,740.65,798.835,642.542,0.8043488329880388,False,Local
3738,PER,1998,Peru,476.468,513.9,413.355,0.8043490951546994,False,PPP
3739,PER,1998,Peru,252.781,272.64,219.298,0.8043500586854461,False,USD
3740,PER,2000,Peru,706.449,749.717,631.008,0.8416615869721509,False,Local
3741,PER,2000,Peru,447.191,474.581,399.436,0.8416603277417342,False,PPP
3742,PER,2000,Peru,202.421,214.819,180.805,0.8416620503772945,False,USD
3743,PER,2001,Peru,710.278,760.08,618.657,0.8139366908746448,False,Local
3744,PER,2001,Peru,453.359,485.146,394.879,0.8139384844974503,False,PPP
3745,PER,2001,Peru,202.541,216.742,176.415,0.8139400762196528,False,USD
3746,PER,2002,Peru,822.496,878.126,728.762,0.8299059588259543,True,Local
3747,PER,2002,Peru,532.285,568.286,471.623,0.8299043087459484,True,PPP
3748,PER,2002,Peru,233.896,249.716,207.241,0.8299067740953724,True,USD
3749,PER,2003,Peru,842.628,921.926,710.648,0.7708297629093875,False,Local
3750,PER,2003,Peru,545.37,596.694,459.949,0.770828934093522,False,PPP
3751,PER,2003,Peru,242.241,265.038,204.299,0.7708290886589847,False,USD
3752,PER,2004,Peru,750.341,828.067,616.009,0.7439120264423048,False,Local
3753,PER,2004,Peru,481.024,530.852,394.907,0.7439116740635808,False,PPP
3754,PER,2004,Peru,219.836,242.609,180.48,0.7439130452703733,False,USD
3755,PER,2005,Peru,767.266,840.955,640.492,0.7616245815768976,False,Local
3756,PER,2005,Peru,500.473,548.539,417.78,0.761623148035053,False,PPP
3757,PER,2005,Peru,232.798,255.156,194.333,0.7616242612362633,False,USD
3758,PER,2006,Peru,811.478,880.601,693.399,0.7874156400004089,False,Local
3759,PER,2006,Peru,535.661,581.29,457.717,0.7874159197646614,False,PPP
3760,PER,2006,Peru,247.853,268.965,211.787,0.7874147193872809,False,USD
3761,PER,2007,Peru,874.889,941.677,765.57,0.8129857690057207,False,Local
3762,PER,2007,Peru,583.606,628.158,510.684,0.8129865416025904,False,PPP
3763,PER,2007,Peru,279.692,301.043,244.744,0.8129868490547861,False,USD
3764,PER,2008,Peru,937.622,1049.478,756.192,0.7205410689885828,False,Local
3765,PER,2008,Peru,613.943,687.185,495.145,0.7205410478983097,False,PPP
3766,PER,2008,Peru,320.62,358.868,258.58,0.7205434867416431,False,USD
3767,PER,2009,Peru,1023.49,1128.966,851.712,0.7544177592593577,False,Local
3768,PER,2009,Peru,648.737,715.593,539.856,0.7544176647899016,False,PPP
3769,PER,2009,Peru,339.86,374.884,282.819,0.7544173664386851,False,USD
3770,PER,2010,Peru,1038.095,1152.929,856.386,0.7427916202992552,False,Local
3771,PER,2010,Peru,658.719,731.586,543.416,0.7427916881952361,False,PPP
3772,PER,2010,Peru,367.451,408.098,303.132,0.7427921724683777,False,USD
3773,PER,2011,Peru,1099.145,1212.21,927.163,0.7648534494848253,False,Local
3774,PER,2011,Peru,696.024,767.622,587.118,0.7648530135926277,False,PPP
3775,PER,2011,Peru,399.094,440.148,336.648,0.7648518225687724,False,USD
3776,PER,2012,Peru,1188.566,1300.249,1015.828,0.7812565131755532,False,Local
3777,PER,2012,Peru,754.604,825.51,644.935,0.7812564354156823,False,PPP
3778,PER,2012,Peru,450.626,492.969,385.135,0.7812560221839507,False,USD
3779,PER,2013,Peru,1263.449,1387.592,1067.182,0.7690891847171214,False,Local
3780,PER,2013,Peru,766.172,841.454,647.153,0.7690889816912155,False,PPP
3781,PER,2013,Peru,467.615,513.562,394.975,0.7690892238911757,False,USD
3782,PER,2014,Peru,1325.708,1446.738,1137.872,0.7865086836732014,False,Local
3783,PER,2014,Peru,776.381,847.26,666.377,0.7865082737294337,False,PPP
3784,PER,2014,Peru,466.956,509.586,400.794,0.7865090485217411,False,USD
3785,PER,2015,Peru,1370.425,1495.905,1174.637,0.7852350249514508,False,Local
3786,PER,2015,Peru,768.788,839.181,658.954,0.7852346514041666,False,PPP
3787,PER,2015,Peru,430.35,469.754,368.868,0.7852365280551097,False,USD
3788,PER,2016,Peru,1465.353,1598.581,1262.745,0.7899161819138348,False,Local
3789,PER,2016,Peru,793.734,865.899,683.988,0.7899166069021908,False,PPP
3790,PER,2016,Peru,434.171,473.645,374.14,0.7899164986434988,False,USD
3791,PER,2017,Peru,1477.662,1611.938,1277.488,0.7925168337740037,False,Local
3792,PER,2017,Peru,772.094,842.255,667.501,0.7925165181566153,False,PPP
3793,PER,2017,Peru,453.203,494.385,391.809,0.7925179768803666,False,USD
3794,PER,2018,Peru,1528.417,1668.831,1320.718,0.7914030839551759,False,Local
3795,PER,2018,Peru,797.222,870.462,688.887,0.7914038751835232,False,PPP
3796,PER,2018,Peru,465.045,507.768,401.849,0.7914027666178255,False,USD
3797,PER,2019,Peru,1585.081,1704.991,1404.612,0.8238237034682295,False,Local
3798,PER,2019,Peru,827.858,890.484,733.602,0.823823898015012,False,PPP
3799,PER,2019,Peru,474.964,510.894,420.887,0.8238245115425118,False,USD
3800,PER,2020,Peru,1495.503,1565.036,1379.345,0.8813503331552757,True,Local
3801,PER,2020,Peru,789.528,826.237,728.205,0.881351234573131,True,PPP
3802,PER,2020,Peru,427.905,447.8,394.669,0.8813510495757034,True,USD
3803,PER,2021,Peru,1638.272,1730.906,1489.581,0.8605787951512098,False,Local
3804,PER,2021,Peru,854.124,902.419,776.603,0.8605791766352436,False,PPP
3805,PER,2021,Peru,422.175,446.046,383.858,0.8605794021244446,False,USD
3806,PER,2022,Peru,1624.76,1756.146,1425.591,0.8117724836089938,True,Local
3807,PER,2022,Peru,844.492,912.782,740.971,0.8117721427460226,True,PPP
3808,PER,2022,Peru,423.646,457.904,371.714,0.8117727733324016,True,USD
3809,PER,2023,Peru,1770.391,1904.674,1578.771,0.8288930284132613,False,Local
3810,PER,2023,Peru,899.965,968.227,802.557,0.8288934309826105,False,PPP
3811,PER,2023,Peru,472.883,508.751,421.7,0.8288927196211899,False,USD
3812,PHL,1993,Philippines,5873.0,6039.0,5606.0,0.9282993873157808,False,Local
3813,PHL,1993,Philippines,532.289,547.334,508.09,0.9282997219248211,False,PPP
3814,PHL,1993,Philippines,216.557,222.678,206.712,0.9283000565839463,False,USD
3815,PHL,1994,Philippines,6461.0,6756.0,6144.0,0.9094138543516874,False,Local
3816,PHL,1994,Philippines,544.315,569.167,517.609,0.9094149871654541,False,PPP
3817,PHL,1994,Philippines,244.576,255.743,232.576,0.9094129653597557,False,USD
3818,PHL,1995,Philippines,6959.0,7164.0,6633.0,0.9258793969849246,False,Local
3819,PHL,1995,Philippines,564.172,580.792,537.743,0.9258787999834709,False,PPP
3820,PHL,1995,Philippines,270.626,278.598,257.948,0.9258788648877593,False,USD
3821,PHL,1996,Philippines,7194.0,7406.0,6858.0,0.9260059411288145,False,Local
3822,PHL,1996,Philippines,558.561,575.021,532.473,0.9260061806438373,False,PPP
3823,PHL,1996,Philippines,274.412,282.498,261.595,0.9260065557986252,False,USD
3824,PHL,1997,Philippines,7887.0,8125.0,7518.0,0.9252923076923077,False,Local
3825,PHL,1997,Philippines,593.504,611.414,565.737,0.9252928457640812,False,PPP
3826,PHL,1997,Philippines,267.622,275.698,255.101,0.9252914420851802,False,USD
3827,PHL,1999,Philippines,9086.0,9338.0,8723.0,0.9341400728207325,True,Local
3828,PHL,1999,Philippines,613.136,630.141,588.64,0.9341401368899976,True,PPP
3829,PHL,1999,Philippines,232.444,238.891,223.158,0.9341415122377988,True,USD
3830,PLW,2000,Palau,781.718,839.072,709.445,0.845511469814271,False,Local
3831,PLW,2000,Palau,945.341,1014.699,857.94,0.8455118217323562,False,PPP
3832,POL,2005,Poland,448.599,476.908,415.568,0.8713798049099616,False,Local
3833,POL,2005,Poland,550.96,585.729,510.392,0.8713790848668923,False,PPP
3834,POL,2005,Poland,558.097,593.317,517.004,0.8713790435804132,False,USD
3835,POL,2006,Poland,537.291,572.631,495.124,0.8646475653605901,False,Local
3836,POL,2006,Poland,635.581,677.386,585.701,0.8646488117557789,False,PPP
3837,POL,2006,Poland,674.622,718.995,621.678,0.8646485719650345,False,USD
3838,POL,2007,Poland,641.847,693.643,577.943,0.8331994988776646,False,Local
3839,POL,2007,Poland,640.722,692.428,576.931,0.8331999861357426,False,PPP
3840,POL,2007,Poland,879.637,950.622,792.058,0.8331997365935145,False,USD
3841,POL,2008,Poland,740.103,799.922,665.828,0.8323661557001807,False,Local
3842,POL,2008,Poland,604.406,653.257,543.749,0.8323661284915432,False,PPP
3843,POL,2008,Poland,1088.511,1176.49,979.27,0.8323657659648616,False,USD
3844,POL,2009,Poland,861.583,929.775,785.074,0.8443698744319862,False,Local
3845,POL,2009,Poland,950.655,1025.897,866.237,0.844370341272077,False,PPP
3846,POL,2009,Poland,1201.72,1296.833,1095.008,0.8443708634804944,False,USD
3847,POL,2010,Poland,727.052,779.575,669.111,0.8583022800885097,False,Local
3848,POL,2010,Poland,848.271,909.552,780.67,0.8583016693932837,False,PPP
3849,POL,2010,Poland,963.865,1033.496,887.052,0.8583023059595779,False,USD
3850,POL,2011,Poland,809.492,862.396,751.423,0.8713201359932097,False,Local
3851,POL,2011,Poland,897.323,955.967,832.954,0.871320871954785,False,PPP
3852,POL,2011,Poland,1126.776,1200.416,1045.948,0.8713212752912325,False,USD
3853,POL,2012,Poland,826.694,886.47,759.909,0.8572303631256557,False,Local
3854,POL,2012,Poland,1098.253,1177.666,1009.53,0.8572294691364105,False,PPP
3855,POL,2012,Poland,1062.127,1138.927,976.322,0.8572296556320116,False,USD
3856,POL,2013,Poland,841.062,901.587,774.736,0.8593025409638781,False,Local
3857,POL,2013,Poland,1068.834,1145.75,984.546,0.859302640192014,False,PPP
3858,POL,2013,Poland,1117.029,1197.414,1028.941,0.8593026305020653,False,USD
3859,POL,2014,Poland,875.513,946.084,798.188,0.8436756144274716,False,Local
3860,POL,2014,Poland,1106.207,1195.373,1008.508,0.8436764089535232,False,PPP
3861,POL,2014,Poland,1163.119,1256.873,1060.393,0.8436755344414273,False,USD
3862,POL,2015,Poland,876.793,964.459,782.372,0.8112029645635532,False,Local
3863,POL,2015,Poland,1587.655,1746.397,1416.682,0.8112027219469571,False,PPP
3864,POL,2015,Poland,972.813,1070.079,868.052,0.8112036587952852,False,USD
3865,POL,2016,Poland,913.182,999.202,820.791,0.8214465143184262,False,Local
3866,POL,2016,Poland,1769.103,1935.749,1590.114,0.8214463755373244,False,PPP
3867,POL,2016,Poland,1010.804,1106.02,908.536,0.8214462667944521,False,USD
3868,POL,2017,Poland,910.845,1000.754,815.113,0.8144988678536385,False,Local
3869,POL,2017,Poland,1623.846,1784.135,1453.176,0.8144989028296625,False,PPP
3870,POL,2017,Poland,1028.964,1130.533,920.818,0.8144990017982668,False,USD
3871,POL,2018,Poland,974.301,1058.895,886.711,0.8373927537668986,False,Local
3872,POL,2018,Poland,1588.708,1726.649,1445.883,0.8373925447499753,False,PPP
3873,POL,2018,Poland,1150.605,1250.506,1047.166,0.8373938229804574,False,USD
3874,POL,2019,Poland,1066.971,1175.466,956.374,0.8136126438365722,False,Local
3875,POL,2019,Poland,1998.163,2201.347,1791.043,0.8136123019224137,False,PPP
3876,POL,2019,Poland,1194.447,1315.905,1070.636,0.8136119248729962,False,USD
3877,POL,2020,Poland,1159.714,1265.572,1047.785,0.8279141763566199,False,Local
3878,POL,2020,Poland,2149.584,2345.796,1942.117,0.8279138509913053,False,PPP
3879,POL,2020,Poland,1324.621,1445.531,1196.775,0.8279137562598105,False,USD
3880,POL,2021,Poland,1164.874,1252.297,1072.007,0.856032554577708,False,Local
3881,POL,2021,Poland,1988.519,2137.755,1829.988,0.856032613653108,False,PPP
3882,POL,2021,Poland,1377.743,1481.142,1267.906,0.8560327098954725,False,USD
3883,POL,2022,Poland,1279.565,1359.4,1193.833,0.8782058260997498,False,Local
3884,POL,2022,Poland,2781.261,2954.79,2594.914,0.8782058961889001,False,PPP
3885,POL,2022,Poland,1347.444,1431.514,1257.164,0.87820587154579,False,USD
3886,POL,2023,Poland,1401.922,1534.864,1264.518,0.8238632217577584,False,Local
3887,POL,2023,Poland,2586.886,2832.196,2333.343,0.8238635320436862,False,PPP
3888,POL,2023,Poland,1515.855,1659.6,1367.284,0.8238635815859244,False,USD
3889,PRT,1997,Portugal,132800.0,150900.0,106600.0,0.7064280980781975,False,Local
3890,PRT,1997,Portugal,194291.232,220772.191,155959.679,0.706428098093206,False,PPP
3891,PRT,1997,Portugal,757.505,860.749,608.057,0.7064277739503618,False,USD
3892,PRT,1998,Portugal,100671.312,109685.627,90133.618,0.8217450222534627,True,Local
3893,PRT,1998,Portugal,142391.634,155141.671,127486.896,0.821745022973228,True,PPP
3894,PRT,1998,Portugal,558.961,609.011,500.452,0.8217454200334642,True,USD
3895,PRT,1999,Portugal,104717.603,114413.812,93593.003,0.8180218923218815,False,Local
3896,PRT,2000,Portugal,109793.424,119927.588,98480.431,0.8211657771354494,False,Local
3897,PRT,2001,Portugal,116026.331,126705.417,104448.398,0.8243404305279229,False,Local
3898,PRT,2002,Portugal,610.432,662.336,554.481,0.8371596893419654,False,Local
3899,PRT,2003,Portugal,638.885,692.83,581.173,0.8388392534965287,False,Local
3900,PRT,2003,Portugal,894.962,970.529,814.119,0.8388404674151931,False,PPP
3901,PRT,2003,Portugal,722.681,783.701,657.4,0.8388403230313601,False,USD
3902,PRT,2004,Portugal,668.381,723.962,612.278,0.8457322345647976,False,Local
3903,PRT,2004,Portugal,934.599,1012.318,856.149,0.8457312820674926,False,PPP
3904,PRT,2004,Portugal,831.401,900.538,761.614,0.8457322178519951,False,USD
3905,PRT,2005,Portugal,685.535,742.558,627.129,0.8445522100630524,False,Local
3906,PRT,2005,Portugal,973.45,1054.421,890.514,0.8445526028028653,False,PPP
3907,PRT,2005,Portugal,852.868,923.809,780.205,0.8445522829935626,False,USD
3908,PRT,2006,Portugal,710.558,773.973,645.056,0.8334347580600358,False,Local
3909,PRT,2006,Portugal,1018.508,1109.406,924.619,0.8334360910252875,False,PPP
3910,PRT,2006,Portugal,892.176,971.799,809.932,0.8334357207611862,False,USD
3911,PRT,2007,Portugal,720.728,785.695,654.158,0.832585163454012,False,Local
3912,PRT,2007,Portugal,1004.345,1094.877,911.578,0.8325848474303507,False,PPP
3913,PRT,2007,Portugal,987.742,1076.777,896.509,0.8325855771436426,False,USD
3914,PRT,2008,Portugal,752.502,826.05,676.868,0.819403183826645,False,Local
3915,PRT,2008,Portugal,1052.816,1155.717,946.998,0.8194030199434637,False,PPP
3916,PRT,2008,Portugal,1106.746,1214.917,995.507,0.8194033008016186,False,USD
3917,PRT,2009,Portugal,763.768,831.585,698.061,0.8394343332311189,False,Local
3918,PRT,2009,Portugal,1081.463,1177.489,988.424,0.8394337441793511,False,PPP
3919,PRT,2009,Portugal,1065.291,1159.88,973.643,0.8394342518191537,False,USD
3920,PRT,2010,Portugal,773.823,831.496,718.429,0.8640197908348326,False,Local
3921,PRT,2010,Portugal,1105.534,1187.929,1026.395,0.86402049280723,False,PPP
3922,PRT,2010,Portugal,1025.87,1102.328,952.434,0.8640205093220893,False,USD
3923,PRT,2011,Portugal,798.203,869.454,730.048,0.839662592845625,False,Local
3924,PRT,2011,Portugal,1150.278,1252.956,1052.061,0.8396631645484758,False,PPP
3925,PRT,2011,Portugal,1111.063,1210.241,1016.195,0.839663339781085,False,USD
3926,PRT,2012,Portugal,807.076,878.283,740.994,0.8436847804181568,False,Local
3927,PRT,2012,Portugal,1170.544,1273.819,1074.702,0.8436850133339195,False,PPP
3928,PRT,2012,Portugal,1036.922,1128.408,952.021,0.8436850855364372,False,USD
3929,PRT,2013,Portugal,801.549,878.319,731.088,0.8323718375669887,False,Local
3930,PRT,2013,Portugal,1205.68,1321.157,1099.693,0.8323711716321376,False,PPP
3931,PRT,2013,Portugal,1064.552,1166.512,970.972,0.8323720630392144,False,USD
3932,PRT,2014,Portugal,811.931,888.999,742.181,0.8348502079304926,False,Local
3933,PRT,2014,Portugal,1216.76,1332.255,1112.233,0.834849934884838,False,PPP
3934,PRT,2014,Portugal,1078.65,1181.036,985.988,0.8348500807765386,False,USD
3935,PRT,2015,Portugal,825.463,899.769,757.726,0.842133925485319,False,Local
3936,PRT,2015,Portugal,1226.479,1336.883,1125.834,0.8421335300097316,False,PPP
3937,PRT,2015,Portugal,915.862,998.305,840.706,0.842133416140358,False,USD
3938,PRT,2016,Portugal,830.914,901.6,766.495,0.8501497338065661,False,Local
3939,PRT,2016,Portugal,1262.754,1370.177,1164.856,0.8501500171145773,False,PPP
3940,PRT,2016,Portugal,919.741,997.983,848.436,0.8501507540709612,False,USD
3941,PRT,2017,Portugal,852.152,926.343,784.114,0.8464618397289125,False,Local
3942,PRT,2017,Portugal,1277.341,1388.551,1175.356,0.8464622473355319,False,PPP
3943,PRT,2017,Portugal,962.66,1046.472,885.799,0.8464622082578416,False,USD
3944,PRT,2018,Portugal,875.271,947.049,810.094,0.8553876304182784,False,Local
3945,PRT,2018,Portugal,1345.333,1455.659,1245.153,0.8553878346508351,False,PPP
3946,PRT,2018,Portugal,1033.655,1118.422,956.684,0.8553873224954445,False,USD
3947,PRT,2019,Portugal,895.558,972.146,825.562,0.8492160642537232,False,Local
3948,PRT,2019,Portugal,1431.99,1554.454,1320.068,0.8492165094624865,False,PPP
3949,PRT,2019,Portugal,1002.554,1088.293,924.196,0.8492161577810389,False,USD
3950,PRT,2020,Portugal,943.504,1016.962,876.554,0.86193387756868,False,Local
3951,PRT,2020,Portugal,1489.379,1605.337,1383.695,0.8619342854490988,False,PPP
3952,PRT,2020,Portugal,1077.666,1161.57,1001.197,0.8619342786056803,False,USD
3953,PRT,2021,Portugal,1005.916,1086.111,932.061,0.8581636683543394,False,Local
3954,PRT,2021,Portugal,1642.366,1773.301,1521.782,0.8581633913249922,False,PPP
3955,PRT,2021,Portugal,1189.738,1284.588,1102.386,0.8581630841950882,False,USD
3956,PRT,2022,Portugal,1037.934,1115.26,967.161,0.8672067499955167,False,Local
3957,PRT,2022,Portugal,1763.608,1894.995,1643.353,0.8672070374855871,False,PPP
3958,PRT,2022,Portugal,1092.995,1174.423,1018.467,0.867206279168579,False,USD
3959,PRT,2023,Portugal,1058.826,1133.818,988.449,0.8717880647511329,False,Local
3960,PRT,2023,Portugal,1774.931,1900.641,1656.956,0.8717879915249643,False,PPP
3961,PRT,2023,Portugal,1144.876,1225.962,1068.779,0.8717880325817603,False,USD
3962,PRT,2024,Portugal,1171.414,1260.453,1088.037,0.8632110836342173,False,Local
3963,PRT,2024,Portugal,1921.97,2068.059,1785.171,0.8632108658408681,False,PPP
3964,PRY,1983,Paraguay,38900.0,40646.0,33022.0,0.8124292673325788,False,Local
3965,PRY,1984,Paraguay,48569.0,50375.0,42786.0,0.8493498759305211,False,Local
3966,PRY,1985,Paraguay,65174.0,67144.0,59123.0,0.8805403312284046,False,Local
3967,PRY,1986,Paraguay,85609.0,88641.0,75400.0,0.850622172583793,False,Local
3968,PRY,1988,Paraguay,154932.0,160915.0,134113.0,0.8334400149147065,False,Local
3969,PRY,1990,Paraguay,245183.0,259052.0,196800.0,0.7596930346030912,False,Local
3970,PRY,1990,Paraguay,512.632,541.63,411.473,0.7596938869708104,False,PPP
3971,PRY,1990,Paraguay,199.367,210.644,160.025,0.7596940810087162,False,USD
3972,PRY,1991,Paraguay,339252.0,361236.0,268860.0,0.7442779789389762,False,Local
3973,PRY,1991,Paraguay,595.17,633.738,471.677,0.7442776036784917,False,PPP
3974,PRY,1991,Paraguay,256.004,272.593,202.885,0.744278099584362,False,USD
3975,PRY,1992,Paraguay,370520.0,403197.0,281293.0,0.6976564805789726,False,Local
3976,PRY,1992,Paraguay,581.385,632.659,441.379,0.6976570316710898,False,PPP
3977,PRY,1992,Paraguay,246.971,268.752,187.496,0.6976543430374472,False,USD
3978,PRY,1993,Paraguay,466505.0,498260.0,376062.0,0.754750531850841,False,Local
3979,PRY,1993,Paraguay,637.519,680.914,513.92,0.7547502327753578,False,PPP
3980,PRY,1993,Paraguay,267.438,285.643,215.589,0.7547498100776144,False,USD
3981,PRY,1994,Paraguay,617861.0,662351.0,491975.0,0.7427708269482495,False,Local
3982,PRY,1994,Paraguay,718.589,770.332,572.18,0.7427706495381212,False,PPP
3983,PRY,1994,Paraguay,324.377,347.735,258.287,0.7427696377988985,False,USD
3984,PRY,1995,Paraguay,710049.0,747442.0,603788.0,0.8078058230605184,False,Local
3985,PRY,1995,Paraguay,748.486,787.903,636.473,0.8078062908759073,False,PPP
3986,PRY,1995,Paraguay,361.713,380.761,307.581,0.8078059465123791,False,USD
3987,PRY,1996,Paraguay,787852.0,825610.0,682925.0,0.8271762696672763,False,Local
3988,PRY,1996,Paraguay,778.549,815.861,674.861,0.8271764430460581,False,PPP
3989,PRY,1996,Paraguay,383.045,401.403,332.031,0.8271761795502276,False,USD
3990,PRY,1997,Paraguay,900601.0,948077.0,773147.0,0.8154896701428259,False,Local
3991,PRY,1997,Paraguay,851.59,896.482,731.072,0.8154898815592505,False,PPP
3992,PRY,1997,Paraguay,413.525,435.324,355.003,0.8154914500464021,False,USD
3993,PRY,1998,Paraguay,704482.77,758698.75,609802.698,0.8037481253264224,True,Local
3994,PRY,1998,Paraguay,606.423,653.093,524.922,0.8037477051507214,True,PPP
3995,PRY,1998,Paraguay,258.384,278.269,223.659,0.8037510466491057,True,USD
3996,PRY,1999,Paraguay,777157.115,826197.732,695111.627,0.8413380962900053,True,Local
3997,PRY,1999,Paraguay,640.379,680.789,572.773,0.8413370368792681,True,PPP
3998,PRY,1999,Paraguay,249.163,264.886,222.858,0.8413355179209169,True,USD
3999,PRY,2000,Paraguay,787514.0,899758.0,606598.0,0.6741790570353362,False,Local
4000,PRY,2000,Paraguay,615.538,703.27,474.13,0.6741791914911769,False,PPP
4001,PRY,2000,Paraguay,225.885,258.08,173.992,0.6741785492870428,False,USD
4002,PRY,2001,Paraguay,835030.998,884497.612,757906.772,0.8568782568968655,True,Local
4003,PRY,2001,Paraguay,625.651,662.714,567.865,0.8568779292424786,True,PPP
4004,PRY,2001,Paraguay,203.372,215.42,184.589,0.8568795840683316,True,USD
4005,PRY,2002,Paraguay,737552.677,824220.254,599929.181,0.7278748345342166,True,Local
4006,PRY,2002,Paraguay,507.989,567.681,413.201,0.7278753384383131,True,PPP
4007,PRY,2002,Paraguay,129.027,144.189,104.951,0.7278710581250997,True,USD
4008,PRY,2003,Paraguay,833219.657,927338.879,683218.142,0.7367513187161433,False,Local
4009,PRY,2003,Paraguay,513.763,571.797,421.272,0.7367509798057702,False,PPP
4010,PRY,2003,Paraguay,129.697,144.348,106.348,0.7367473051237287,False,USD
4011,PRY,2004,Paraguay,804576.105,884462.721,679616.45,0.7683946805938924,False,Local
4012,PRY,2004,Paraguay,488.274,536.755,412.44,0.7683952641335432,False,PPP
4013,PRY,2004,Paraguay,134.667,148.038,113.751,0.7683905483727151,False,USD
4014,PRY,2005,Paraguay,918977.298,1024539.58,765672.161,0.7473329249027159,False,Local
4015,PRY,2005,Paraguay,539.871,601.886,449.809,0.7473325513469329,False,PPP
4016,PRY,2005,Paraguay,148.751,165.839,123.937,0.7473332569540337,False,USD
4017,PRY,2006,Paraguay,1047254.39,1156150.564,873955.48,0.7559183961095226,False,Local
4018,PRY,2006,Paraguay,579.506,639.765,483.61,0.755918188709917,False,PPP
4019,PRY,2006,Paraguay,185.845,205.17,155.092,0.7559194814056637,False,USD
4020,PRY,2007,Paraguay,1061324.364,1181841.552,865948.1,0.7327108261971145,False,Local
4021,PRY,2007,Paraguay,558.626,622.061,455.79,0.7327094931204496,False,PPP
4022,PRY,2007,Paraguay,210.885,234.832,172.064,0.732711044491381,False,USD
4023,PRY,2008,Paraguay,1216062.833,1338597.349,1010714.079,0.7550545948376893,False,Local
4024,PRY,2008,Paraguay,603.374,664.172,501.486,0.7550544136157501,False,PPP
4025,PRY,2008,Paraguay,278.703,306.786,231.64,0.7550540115911416,False,USD
4026,PRY,2009,Paraguay,1262973.16,1386143.966,1069208.271,0.7713544171644866,False,Local
4027,PRY,2009,Paraguay,608.646,668.004,515.268,0.7713546625469309,False,PPP
4028,PRY,2009,Paraguay,254.289,279.088,215.276,0.7713552714555982,False,USD
4029,PRY,2010,Paraguay,1393409.774,1528108.718,1167335.104,0.763908411914446,False,Local
4030,PRY,2010,Paraguay,652.184,715.23,546.37,0.7639081134739873,False,PPP
4031,PRY,2010,Paraguay,292.83,321.137,245.319,0.7639076157527783,False,USD
4032,PRY,2011,Paraguay,1633673.763,1782085.647,1405119.544,0.7884691436494129,False,Local
4033,PRY,2011,Paraguay,728.637,794.83,626.699,0.7884692324144784,False,PPP
4034,PRY,2011,Paraguay,389.545,424.933,335.047,0.78847018235816,False,USD
4035,PRY,2012,Paraguay,1680374.219,1823791.061,1458619.588,0.7997734056225863,False,Local
4036,PRY,2012,Paraguay,759.897,824.753,659.616,0.7997739929409168,False,PPP
4037,PRY,2012,Paraguay,380.033,412.468,329.881,0.7997735581911808,False,USD
4038,PRY,2013,Paraguay,1903658.703,2082879.73,1655693.221,0.7949058206063583,False,Local
4039,PRY,2013,Paraguay,835.394,914.043,726.578,0.7949057101252348,False,PPP
4040,PRY,2013,Paraguay,442.312,483.954,384.698,0.7949061274418643,False,USD
4041,PRY,2014,Paraguay,2035461.723,2250058.002,1710404.014,0.7601599658674044,False,Local
4042,PRY,2014,Paraguay,864.474,955.615,726.42,0.7601596877403556,False,PPP
4043,PRY,2014,Paraguay,456.158,504.25,383.311,0.7601606346058503,False,USD
4044,PRY,2015,Paraguay,2093259.272,2256790.413,1861511.52,0.8248490906718505,False,Local
4045,PRY,2015,Paraguay,871.896,940.011,775.367,0.8248488581516599,False,PPP
4046,PRY,2015,Paraguay,402.169,433.588,357.644,0.8248475511314889,False,USD
4047,PRY,2016,Paraguay,2075944.677,2224502.525,1847331.033,0.8304468132712055,False,Local
4048,PRY,2016,Paraguay,850.47,911.331,756.812,0.8304468958040493,False,PPP
4049,PRY,2016,Paraguay,366.093,392.291,325.777,0.8304472955025733,False,USD
4050,PRY,2017,Paraguay,2451865.076,2600819.147,2220584.943,0.8538021359775848,False,Local
4051,PRY,2017,Paraguay,978.915,1038.385,886.576,0.8538027802789909,False,PPP
4052,PRY,2017,Paraguay,436.358,462.867,395.197,0.8538024961814085,False,USD
4053,PRY,2018,Paraguay,2590061.358,2787709.961,2299073.266,0.8247175273482475,False,Local
4054,PRY,2018,Paraguay,993.459,1069.271,881.846,0.8247170268341703,False,PPP
4055,PRY,2018,Paraguay,451.852,486.333,401.087,0.824716809264434,False,USD
4056,PRY,2019,Paraguay,2646762.073,2820604.192,2400176.73,0.8509441830964989,False,Local
4057,PRY,2019,Paraguay,998.065,1063.619,905.08,0.8509438060057221,False,PPP
4058,PRY,2019,Paraguay,424.111,451.968,384.599,0.850942987114132,False,USD
4059,PRY,2020,Paraguay,2505151.0,2621320.0,2325361.0,0.8870954328353654,False,Local
4060,PRY,2020,Paraguay,936.929,980.377,869.688,0.8870954744960358,False,PPP
4061,PRY,2020,Paraguay,369.977,387.134,343.425,0.8870959409403463,False,USD
4062,PRY,2021,Paraguay,2590196.53,2704082.225,2421507.498,0.8955006898874904,False,Local
4063,PRY,2021,Paraguay,940.348,981.693,879.107,0.8955009356285519,False,PPP
4064,PRY,2021,Paraguay,382.364,399.176,357.462,0.8954997294426519,False,USD
4065,PRY,2022,Paraguay,2803691.163,2961908.289,2575103.364,0.86940685286019,False,Local
4066,PRY,2022,Paraguay,1001.51,1058.026,919.855,0.8694068009670839,False,PPP
4067,PRY,2022,Paraguay,401.517,424.175,368.781,0.8694076737195733,False,USD
4068,PRY,2023,Paraguay,2980586.552,3168094.337,2722461.516,0.8593372628474226,False,Local
4069,PRY,2023,Paraguay,1059.451,1126.101,967.7,0.8593367735220908,False,PPP
4070,PRY,2023,Paraguay,408.923,434.648,373.509,0.8593367506580037,False,USD
4071,PSE,2015,Occupied Palestinian Territory,2255.985,2342.028,1810.676,0.7731231223537891,False,Local
4072,PSE,2016,Occupied Palestinian Territory,2341.693,2431.439,1867.254,0.7679625110891123,False,Local
4073,PSE,2017,Occupied Palestinian Territory,2435.791,2535.59,1889.867,0.745336193943027,False,Local
4074,PSE,2018,Occupied Palestinian Territory,2621.965,2735.796,2045.212,0.747574746070248,False,Local
4075,PSE,2019,Occupied Palestinian Territory,2775.75,2891.029,2211.151,0.7648318297741046,False,Local
4076,PSE,2020,Occupied Palestinian Territory,2893.606,2983.688,2444.932,0.819432862953499,False,Local
4077,PSE,2021,Occupied Palestinian Territory,2928.24,3047.657,2298.93,0.7543270125214221,False,Local
4078,PSE,2022,Occupied Palestinian Territory,3067.468,3214.543,2288.269,0.711848931558856,False,Local
4079,PYF,1995,French Polynesia,,190977.0,166682.0,0.8727857281243291,False,Local
4080,PYF,1996,French Polynesia,,194192.0,170358.0,0.8772657987970668,False,Local
4081,PYF,1997,French Polynesia,,198441.0,173814.0,0.8758976219632032,False,Local
4082,PYF,1998,French Polynesia,,203305.0,177205.0,0.8716214554487101,False,Local
4083,PYF,1999,French Polynesia,,203162.0,180336.0,0.8876463118102795,False,Local
4084,PYF,2000,French Polynesia,,207778.0,183968.0,0.8854065396721501,False,Local
4085,PYF,2001,French Polynesia,,212781.0,189437.0,0.8902909564293805,False,Local
4086,PYF,2002,French Polynesia,,218416.0,194863.0,0.8921644934437037,False,Local
4087,PYF,2003,French Polynesia,,225524.0,201481.0,0.8933905038931554,False,Local
4088,QAT,2009,Qatar,7792.0,8484.0,6106.0,0.7197076850542197,False,Local
4089,QAT,2009,Qatar,2451.099,2668.779,1920.741,0.7197077764775577,False,PPP
4090,QAT,2009,Qatar,2140.659,2330.769,1677.473,0.7197079590469927,False,USD
4091,QAT,2011,Qatar,7401.0,7882.0,6094.0,0.7731540218218727,False,Local
4092,QAT,2011,Qatar,2473.5,2634.256,2036.685,0.7731537861164595,False,PPP
4093,QAT,2011,Qatar,2033.242,2165.385,1674.176,0.7731539656920131,False,USD
4094,QAT,2012,Qatar,8654.0,9089.0,7445.0,0.8191220156232809,False,Local
4095,QAT,2012,Qatar,2865.551,3009.59,2465.222,0.8191222060147728,False,PPP
4096,QAT,2012,Qatar,2377.472,2496.978,2045.33,0.8191221548607956,False,USD
4097,QAT,2013,Qatar,9667.0,10075.0,8510.0,0.8446650124069479,False,Local
4098,QAT,2013,Qatar,3188.736,3323.318,2807.09,0.8446648800987446,False,PPP
4099,QAT,2013,Qatar,2655.769,2767.857,2337.912,0.8446650242407754,False,USD
4100,QAT,2014,Qatar,10483.0,10893.0,9294.0,0.8532084825117048,False,Local
4101,QAT,2014,Qatar,3591.97,3732.455,3184.562,0.853208411086001,False,PPP
4102,QAT,2014,Qatar,2879.945,2992.582,2553.297,0.8532087007139655,False,USD
4103,QAT,2015,Qatar,10568.0,11034.0,9406.0,0.8524560449519667,False,Local
4104,QAT,2015,Qatar,3531.703,3687.435,3143.376,0.8524559754951614,False,PPP
4105,QAT,2015,Qatar,2903.297,3031.319,2584.066,0.8524559770845628,False,USD
4106,QAT,2016,Qatar,10793.0,11166.0,9845.0,0.8816944295181802,False,Local
4107,QAT,2016,Qatar,3609.77,3734.521,3292.706,0.8816943324190706,False,PPP
4108,QAT,2016,Qatar,2965.11,3067.582,2704.67,0.8816944420719642,False,USD
4109,QAT,2017,Qatar,11099.0,11560.0,9960.0,0.8615916955017301,False,Local
4110,QAT,2017,Qatar,3845.018,4004.722,3450.435,0.8615916410677195,False,PPP
4111,QAT,2017,Qatar,3049.176,3175.824,2736.264,0.8615918262472984,False,USD
4112,QAT,2018,Qatar,11121.0,11571.0,10034.0,0.8671679197994987,False,Local
4113,QAT,2018,Qatar,4043.041,4206.638,3647.862,0.867168032999274,False,PPP
4114,QAT,2018,Qatar,3055.22,3178.846,2756.593,0.8671678338617221,False,USD
4115,QAT,2019,Qatar,11308.0,11693.0,10391.0,0.8886513298554691,False,Local
4116,QAT,2019,Qatar,4153.355,4294.763,3816.547,0.888651364464116,False,PPP
4117,QAT,2019,Qatar,3106.593,3212.363,2854.67,0.8886511269118715,False,USD
4118,QAT,2020,Qatar,11554.0,11758.0,11002.0,0.9357033509100187,False,Local
4119,QAT,2020,Qatar,4227.55,4302.193,4025.576,0.9357032564554867,False,PPP
4120,QAT,2020,Qatar,3174.176,3230.22,3022.528,0.9357034505389725,False,USD
4121,REU,2012,Réunion,2714.258,2803.628,2603.608,0.9286567262133207,False,Local
4122,ROU,2003,Romania,6637868.0,7273615.0,5906760.0,0.812080375439173,False,Local
4123,ROU,2004,Romania,8183317.0,8859646.0,7433008.0,0.8389734759154034,False,Local
4124,ROU,2005,Romania,968.0,1037.0,891.0,0.8592092574734812,True,Local
4125,ROU,2005,Romania,589.464,631.482,542.575,0.8592089719105217,True,PPP
4126,ROU,2005,Romania,332.229,355.911,305.802,0.8592091843185516,True,USD
4127,ROU,2006,Romania,1146.0,1222.0,1062.0,0.8690671031096563,False,Local
4128,ROU,2006,Romania,675.926,720.752,626.382,0.8690673074788554,False,PPP
4129,ROU,2006,Romania,407.977,435.033,378.073,0.8690674040819891,False,USD
4130,ROU,2007,Romania,291.743,316.743,259.189,0.818294326946452,False,Local
4131,ROU,2007,Romania,291.858,316.868,259.291,0.8182934218665185,False,PPP
4132,ROU,2007,Romania,399.827,434.09,355.213,0.8182934414522335,False,USD
4133,ROU,2008,Romania,338.295,364.646,302.84,0.8305041053514914,False,Local
4134,ROU,2008,Romania,313.793,338.235,280.906,0.8305054178307981,False,PPP
4135,ROU,2008,Romania,497.549,536.304,445.404,0.8305065783585429,False,USD
4136,ROU,2009,Romania,355.054,380.99,320.814,0.8420535972072758,False,Local
4137,ROU,2009,Romania,412.758,442.908,372.953,0.8420552349472125,False,PPP
4138,ROU,2009,Romania,495.224,531.398,447.466,0.8420543547397619,False,USD
4139,ROU,2010,Romania,325.846,348.159,295.723,0.8493906519722312,False,Local
4140,ROU,2010,Romania,422.097,451.002,383.077,0.8493909117919655,False,PPP
4141,ROU,2010,Romania,431.979,461.561,392.045,0.8493893548198397,False,USD
4142,ROU,2011,Romania,328.304,350.16,299.513,0.8553604066712359,False,Local
4143,ROU,2011,Romania,389.195,415.104,355.064,0.8553615479494296,False,PPP
4144,ROU,2011,Romania,456.985,487.407,416.909,0.8553611253018525,False,USD
4145,ROU,2012,Romania,331.07,354.398,299.65,0.8455183155661148,False,Local
4146,ROU,2012,Romania,477.169,510.792,431.884,0.8455183323153065,False,PPP
4147,ROU,2012,Romania,425.355,455.327,384.987,0.8455176170093143,False,USD
4148,ROU,2013,Romania,328.856,348.826,302.002,0.8657668866426241,False,Local
4149,ROU,2013,Romania,437.388,463.949,401.672,0.8657675735910628,False,PPP
4150,ROU,2013,Romania,436.76,463.282,401.095,0.8657685815550789,False,USD
4151,ROU,2014,Romania,349.127,369.367,322.19,0.8722760831368259,False,Local
4152,ROU,2014,Romania,465.969,492.982,430.016,0.8722752554860015,False,PPP
4153,ROU,2014,Romania,463.816,490.704,428.029,0.8722753431804101,False,USD
4154,ROU,2015,Romania,366.938,390.885,335.101,0.8572879491410518,False,Local
4155,ROU,2015,Romania,694.445,739.765,634.191,0.8572871114475543,False,PPP
4156,ROU,2015,Romania,407.122,433.692,371.798,0.8572858157402027,False,USD
4157,ROU,2016,Romania,401.397,421.924,373.851,0.8860624188242433,False,Local
4158,ROU,2016,Romania,808.936,850.302,753.42,0.8860616580932421,False,PPP
4159,ROU,2016,Romania,444.308,467.029,413.816,0.8860606086559935,False,USD
4160,ROU,2017,Romania,438.849,452.272,421.032,0.9309265220928998,False,Local
4161,ROU,2017,Romania,839.187,864.855,805.117,0.9309271496378005,False,PPP
4162,ROU,2017,Romania,495.759,510.923,475.632,0.9309269694259213,False,USD
4163,ROU,2018,Romania,561.465,580.152,536.136,0.9241302279402638,False,Local
4164,ROU,2018,Romania,978.955,1011.537,934.792,0.9241303086293433,False,PPP
4165,ROU,2018,Romania,663.065,685.134,633.153,0.9241301701564949,False,USD
4166,ROU,2019,Romania,798.701,818.879,771.231,0.9418131372278444,False,Local
4167,ROU,2019,Romania,1613.42,1654.18,1557.929,0.9418134664909502,False,PPP
4168,ROU,2019,Romania,894.126,916.714,863.374,0.9418139136088245,False,USD
4169,ROU,2020,Romania,833.648,860.141,798.438,0.928264086934584,False,Local
4170,ROU,2020,Romania,1647.011,1699.353,1577.448,0.9282638745451945,False,PPP
4171,ROU,2020,Romania,952.19,982.45,911.973,0.9282640337930682,False,USD
4172,ROU,2021,Romania,954.474,988.41,910.275,0.9209487965520381,False,Local
4173,ROU,2021,Romania,1759.163,1821.708,1677.702,0.9209500095514759,False,PPP
4174,ROU,2021,Romania,1128.895,1169.032,1076.619,0.9209491271410877,False,USD
4175,ROU,2022,Romania,1015.684,1073.489,943.104,0.8785409072659338,False,Local
4176,ROU,2022,Romania,2270.331,2399.542,2108.094,0.8785401547461974,False,PPP
4177,ROU,2022,Romania,1069.565,1130.437,993.134,0.8785398920948272,False,USD
4178,ROU,2023,Romania,1231.55,1308.706,1135.142,0.8673773941588104,False,Local
4179,ROU,2023,Romania,2505.909,2662.902,2309.742,0.8673777705675989,False,PPP
4180,ROU,2023,Romania,1331.636,1415.062,1227.393,0.867377542468104,False,USD
4181,RUS,2017,Russian Federation,38609.0,45557.0,32658.0,0.7168601971157013,False,Local
4182,RUS,2017,Russian Federation,1493.529,1762.302,1263.324,0.7168601068375342,False,PPP
4183,RUS,2017,Russian Federation,661.761,780.85,559.761,0.7168611128897995,False,USD
4184,RUS,2019,Russian Federation,44729.0,52533.0,37872.0,0.7209182799383245,False,Local
4185,RUS,2019,Russian Federation,1754.866,2061.042,1485.843,0.7209183510088587,False,PPP
4186,RUS,2019,Russian Federation,690.927,811.475,585.007,0.7209180812717582,False,USD
4187,RUS,2021,Russian Federation,57240.0,67056.0,48594.0,0.7246778811739442,False,Local
4188,RUS,2021,Russian Federation,2222.435,2603.557,1886.74,0.7246778157728062,False,PPP
4189,RUS,2021,Russian Federation,777.144,910.415,659.757,0.724677207647062,False,USD
4190,RWA,2014,Rwanda,60387.79,68202.166,47486.984,0.6962679748323536,True,Local
4191,RWA,2014,Rwanda,225.57,254.759,177.381,0.6962698079361279,True,PPP
4192,RWA,2014,Rwanda,88.488,99.939,69.584,0.696264721480103,True,USD
4193,RWA,2021,Rwanda,40708.075,47886.643,31612.177,0.6601460244352481,False,Local
4194,RWA,2021,Rwanda,139.604,164.222,108.41,0.6601429771894143,False,PPP
4195,RWA,2021,Rwanda,41.176,48.438,31.976,0.6601428630414137,False,USD
4196,SDN,2011,Sudan,452.718,462.656,403.07,0.8712088463134596,False,Local
4197,SDN,2011,Sudan,309.074,315.858,275.178,0.8712079478753111,False,PPP
4198,SDN,2011,Sudan,169.772,173.499,151.154,0.8712096323321749,False,USD
4199,SEN,2011,Senegal,105131.304,110551.034,90938.174,0.8225899904292167,True,Local
4200,SEN,2011,Senegal,421.744,443.486,364.807,0.8225896646117352,True,PPP
4201,SEN,2011,Senegal,223.091,234.592,192.973,0.8225898581366798,True,USD
4202,SGP,1991,Singapore,1668.8,1910.3,1366.5,0.7153326702612155,False,Local
4203,SGP,1991,Singapore,1310.728,1500.41,1073.292,0.7153324757899506,False,PPP
4204,SGP,1991,Singapore,965.992,1105.786,791.005,0.7153328039964333,False,USD
4205,SGP,1992,Singapore,1803.9,2075.8,1468.0,0.7071972251662009,False,Local
4206,SGP,1992,Singapore,1427.449,1642.607,1161.647,0.707197156714905,False,PPP
4207,SGP,1992,Singapore,1107.389,1274.305,901.185,0.707197256543763,False,USD
4208,SGP,1993,Singapore,1917.7,2191.3,1579.1,0.720622461552503,False,Local
4209,SGP,1993,Singapore,1527.327,1745.232,1257.653,0.7206222439194331,False,PPP
4210,SGP,1993,Singapore,1186.849,1356.178,977.292,0.7206222192072131,False,USD
4211,SGP,2007,Singapore,3773.0,4335.0,3148.0,0.7261822376009227,False,Local
4212,SGP,2007,Singapore,3696.019,4246.552,3083.771,0.7261823239183225,False,PPP
4213,SGP,2007,Singapore,2503.481,2876.382,2088.778,0.7261824055358432,False,USD
4214,SGP,2008,Singapore,3977.0,4560.0,3332.0,0.730701754385965,False,Local
4215,SGP,2008,Singapore,3793.966,4350.135,3178.651,0.7307016908670649,False,PPP
4216,SGP,2008,Singapore,2810.877,3222.932,2355.002,0.7307017337008662,False,USD
4217,SGP,2009,Singapore,3872.0,4436.0,3247.0,0.731965734896303,False,Local
4218,SGP,2009,Singapore,3658.833,4191.782,3068.241,0.7319657844802043,False,PPP
4219,SGP,2009,Singapore,2662.056,3049.814,2232.36,0.7319659493988815,False,USD
4220,SGP,2010,Singapore,4089.0,4686.0,3434.0,0.7328211694408877,False,Local
4221,SGP,2010,Singapore,3819.408,4377.048,3207.593,0.7328210702738467,False,PPP
4222,SGP,2010,Singapore,2998.882,3436.723,2518.503,0.732821062389957,False,USD
4223,SGP,2011,Singapore,3249.0,3441.0,3099.0,0.9006102877070619,False,Local
4224,SGP,2011,Singapore,2974.498,3150.277,2837.172,0.900610327282331,False,PPP
4225,SGP,2011,Singapore,2583.131,2735.782,2463.873,0.9006101363339623,False,USD
4226,SGP,2012,Singapore,3480.0,3640.0,3230.0,0.8873626373626373,False,Local
4227,SGP,2012,Singapore,3232.611,3381.237,3000.383,0.8873625244252324,False,PPP
4228,SGP,2012,Singapore,2784.721,2912.754,2584.67,0.8873629561576433,False,USD
4229,SGP,2013,Singapore,3705.0,3915.0,3480.0,0.8888888888888888,False,Local
4230,SGP,2013,Singapore,3337.017,3526.16,3134.364,0.8888887628468363,False,PPP
4231,SGP,2013,Singapore,2960.921,3128.746,2781.108,0.8888890309408306,False,USD
4232,SGP,2014,Singapore,3770.0,4000.0,3518.0,0.8795,False,Local
4233,SGP,2014,Singapore,3386.585,3593.193,3160.214,0.8795002105369791,False,PPP
4234,SGP,2014,Singapore,2975.415,3156.939,2776.528,0.879500047355999,False,USD
4235,SGP,2015,Singapore,3949.0,4118.0,3744.0,0.9091792132102963,False,Local
4236,SGP,2015,Singapore,3565.642,3718.235,3380.542,0.9091792207862063,False,PPP
4237,SGP,2015,Singapore,2872.366,2995.29,2723.256,0.9091794116763318,False,USD
4238,SGP,2016,Singapore,4056.0,4241.0,3803.0,0.896722471115303,False,Local
4239,SGP,2016,Singapore,3678.826,3846.622,3449.353,0.8967226309213643,False,PPP
4240,SGP,2016,Singapore,2935.841,3069.749,2752.712,0.8967221750051878,False,USD
4241,SGP,2017,Singapore,4232.0,4437.0,4027.0,0.9075952219968447,False,Local
4242,SGP,2017,Singapore,3850.843,4037.38,3664.307,0.9075952721814642,False,PPP
4243,SGP,2017,Singapore,3064.613,3213.064,2916.161,0.9075950556851654,False,USD
4244,SGP,2018,Singapore,4437.0,4680.0,4095.0,0.875,False,Local
4245,SGP,2018,Singapore,4097.497,4321.904,3781.666,0.875,False,PPP
4246,SGP,2018,Singapore,3289.489,3469.644,3035.938,0.8749998558929966,False,USD
4247,SGP,2019,Singapore,4563.0,4810.0,4329.0,0.9,False,Local
4248,SGP,2019,Singapore,4265.551,4496.45,4046.805,0.9,False,PPP
4249,SGP,2019,Singapore,3344.92,3525.984,3173.385,0.8999998298347356,False,USD
4250,SGP,2020,Singapore,4534.0,4719.0,4374.0,0.9268912905276542,False,Local
4251,SGP,2020,Singapore,4228.29,4400.816,4079.078,0.9268912856161221,False,PPP
4252,SGP,2020,Singapore,3286.122,3420.206,3170.159,0.9268912457319822,False,USD
4253,SGP,2021,Singapore,4680.0,4875.0,4437.0,0.9101538461538462,False,Local
4254,SGP,2021,Singapore,4419.631,4603.782,4190.15,0.9101538691449768,False,PPP
4255,SGP,2021,Singapore,3483.482,3628.627,3302.609,0.9101538956745898,False,USD
4256,SHN,1994,Saint Helena,218.37,243.07,180.94,0.7443946188340808,False,Local
4257,SHN,1995,Saint Helena,230.11,256.15,190.68,0.7444075736872927,False,Local
4258,SHN,1996,Saint Helena,234.93,256.7,202.25,0.7878846902999611,False,Local
4259,SHN,1997,Saint Helena,232.4,257.61,196.16,0.7614611234035945,False,Local
4260,SHN,1998,Saint Helena,238.48,265.25,201.59,0.76,False,Local
4261,SHN,1999,Saint Helena,224.6,240.6,202.8,0.8428927680798005,False,Local
4262,SHN,2000,Saint Helena,228.3,247.3,202.5,0.8188435099069955,False,Local
4263,SHN,2001,Saint Helena,256.0,271.6,234.7,0.8641384388807068,False,Local
4264,SHN,2002,Saint Helena,265.6,281.0,245.7,0.8743772241992882,False,Local
4265,SLB,2005,Solomon Islands,14206.702,15151.922,11929.336,0.7873150350166797,False,Local
4266,SLB,2005,Solomon Islands,2822.708,3010.512,2370.221,0.7873149152037925,False,PPP
4267,SLB,2005,Solomon Islands,1886.712,2012.241,1584.268,0.7873152370913822,False,USD
4268,SLE,2018,Sierra Leone,2059613.435,2144271.795,1707039.809,0.7960930200082215,False,Local
4269,SLV,1998,El Salvador,1968.13,2183.48,1684.37,0.7714153553043764,False,Local
4270,SLV,1998,El Salvador,4019.472,4459.277,3439.955,0.7714154110632733,False,PPP
4271,SLV,1998,El Salvador,224.801,249.398,192.39,0.771417573517029,False,USD
4272,SLV,1999,El Salvador,1969.35,2178.3,1706.12,0.7832346325115915,False,Local
4273,SLV,1999,El Salvador,4088.914,4522.752,3542.376,0.783234632365427,False,PPP
4274,SLV,1999,El Salvador,224.94,248.806,194.874,0.7832367386638586,False,USD
4275,SLV,2000,El Salvador,2073.25,2287.29,1809.79,0.7912376655343223,False,Local
4276,SLV,2000,El Salvador,4351.173,4800.384,3798.244,0.791237534330587,False,PPP
4277,SLV,2000,El Salvador,236.808,261.255,206.715,0.7912384451972211,False,USD
4278,SLV,2001,El Salvador,2108.02,2349.74,1803.58,0.7675657732344856,False,Local
4279,SLV,2002,El Salvador,243.71,277.58,204.59,0.7370487787304562,True,Local
4280,SLV,2002,El Salvador,505.53,575.787,424.383,0.737048596095431,True,PPP
4281,SLV,2002,El Salvador,243.71,277.58,204.59,0.7370487787304562,True,USD
4282,SLV,2003,El Salvador,232.0,258.31,199.9,0.7738763501219466,False,Local
4283,SLV,2003,El Salvador,481.945,536.6,415.262,0.7738762579202385,False,PPP
4284,SLV,2003,El Salvador,232.0,258.31,199.9,0.7738763501219466,False,USD
4285,SLV,2004,El Salvador,234.01,255.12,206.75,0.8104029476324867,False,Local
4286,SLV,2004,El Salvador,477.861,520.969,422.195,0.8104033061468148,False,PPP
4287,SLV,2004,El Salvador,234.01,255.12,206.75,0.8104029476324867,False,USD
4288,SLV,2005,El Salvador,246.7,270.6,217.3,0.803030303030303,False,Local
4289,SLV,2005,El Salvador,497.528,545.728,438.236,0.8030300809194324,False,PPP
4290,SLV,2005,El Salvador,246.7,270.6,217.3,0.803030303030303,False,USD
4291,SLV,2006,El Salvador,247.4,260.2,230.3,0.8850883935434282,False,Local
4292,SLV,2006,El Salvador,495.05,520.662,460.832,0.8850885987454432,False,PPP
4293,SLV,2006,El Salvador,247.4,260.2,230.3,0.8850883935434282,False,USD
4294,SLV,2021,El Salvador,1498.59,1644.469,1235.89,0.7515435073570861,False,Local
4295,SLV,2021,El Salvador,3032.027,3327.177,2500.52,0.7515440266628436,False,PPP
4296,SLV,2021,El Salvador,1498.59,1644.469,1235.89,0.7515435073570861,False,USD
4297,SLV,2022,El Salvador,1624.254,1777.244,1368.017,0.7697406771383108,False,Local
4298,SLV,2022,El Salvador,3310.931,3622.79,2788.61,0.7697410007204393,False,PPP
4299,SLV,2022,El Salvador,1624.254,1777.244,1368.017,0.7697406771383108,False,USD
4300,SLV,2023,El Salvador,1842.831,1992.19,1606.116,0.806206235349038,False,Local
4301,SLV,2023,El Salvador,3759.04,4063.706,3276.185,0.8062062068466567,False,PPP
4302,SLV,2023,El Salvador,1842.831,1992.19,1606.116,0.806206235349038,False,USD
4303,SRB,2013,Serbia,537.263,558.954,511.953,0.915912579568265,False,Local
4304,SRB,2013,Serbia,722.861,752.046,688.809,0.9159133882767808,False,PPP
4305,SRB,2013,Serbia,713.548,742.357,679.934,0.9159124248845232,False,USD
4306,SRB,2014,Serbia,749.956,777.454,718.065,0.9236109146007353,False,Local
4307,SRB,2014,Serbia,1045.006,1083.322,1000.568,0.9236108931601131,False,PPP
4308,SRB,2014,Serbia,996.317,1032.849,953.95,0.9236103244520739,False,USD
4309,SRB,2015,Serbia,731.397,771.371,687.755,0.8916007990966733,False,Local
4310,SRB,2015,Serbia,1486.278,1567.509,1397.591,0.8915999844339011,False,PPP
4311,SRB,2015,Serbia,811.495,855.846,763.073,0.8916008253821365,False,USD
4312,SRB,2016,Serbia,733.784,780.602,682.5,0.874325200294132,False,Local
4313,SRB,2016,Serbia,1544.847,1643.416,1436.879,0.8743245775871721,False,PPP
4314,SRB,2016,Serbia,812.227,864.051,755.461,0.874324547972284,False,USD
4315,SRB,2017,Serbia,763.622,812.465,709.731,0.8735527068858351,False,Local
4316,SRB,2017,Serbia,1488.425,1583.628,1383.383,0.8735530061352793,False,PPP
4317,SRB,2017,Serbia,862.649,917.826,801.77,0.873553375040585,False,USD
4318,SRB,2018,Serbia,768.782,829.539,698.145,0.8416060004412089,False,Local
4319,SRB,2018,Serbia,1339.245,1445.085,1216.192,0.8416058570949113,False,PPP
4320,SRB,2018,Serbia,907.896,979.648,824.477,0.841605352126478,False,USD
4321,SRB,2019,Serbia,860.217,924.758,785.078,0.8489550779771572,False,Local
4322,SRB,2019,Serbia,1707.253,1835.347,1558.126,0.8489544483958619,False,PPP
4323,SRB,2019,Serbia,962.991,1035.244,878.874,0.8489534834299934,False,USD
4324,SRB,2020,Serbia,688.566,742.553,624.493,0.8410079819218292,False,Local
4325,SRB,2020,Serbia,1285.539,1386.332,1165.917,0.841008503013708,False,PPP
4326,SRB,2020,Serbia,786.477,848.141,713.294,0.8410087473662988,False,USD
4327,SRB,2021,Serbia,748.059,811.086,674.682,0.83182547843262,False,Local
4328,SRB,2021,Serbia,1295.103,1404.22,1168.066,0.8318254974291778,False,PPP
4329,SRB,2021,Serbia,884.76,959.305,797.974,0.8318251233966257,False,USD
4330,SRB,2022,Serbia,775.185,821.056,721.968,0.8793163925481331,False,Local
4331,SRB,2022,Serbia,1648.959,1746.536,1535.756,0.879315399167266,False,PPP
4332,SRB,2022,Serbia,816.307,864.612,760.267,0.8793158087095716,False,USD
4333,SUR,2016,Suriname,2310.033,2403.406,2182.415,0.9080509077534132,False,Local
4334,SUR,2016,Suriname,884.836,920.602,835.954,0.9080514706681063,False,PPP
4335,SUR,2016,Suriname,370.873,385.864,350.384,0.908050504841084,False,USD
4336,SVK,1982,Slovakia,2699.0,3158.0,2184.0,0.6915769474350855,False,Local
4337,SVK,1983,Slovakia,2746.0,3215.0,2224.0,0.6917573872472784,False,Local
4338,SVK,1984,Slovakia,2788.0,3265.0,2258.0,0.6915773353751914,False,Local
4339,SVK,1985,Slovakia,2842.0,3329.0,2302.0,0.6914989486332231,False,Local
4340,SVK,1986,Slovakia,2886.0,3381.0,2350.0,0.6950606329488317,False,Local
4341,SVK,1987,Slovakia,2939.0,3420.0,2428.0,0.7099415204678362,False,Local
4342,SVK,1988,Slovakia,3016.0,3500.0,2480.0,0.7085714285714285,False,Local
4343,SVK,1989,Slovakia,3084.0,3580.0,2535.0,0.7081005586592178,False,Local
4344,SVK,1990,Slovakia,3210.0,3728.0,2638.0,0.7076180257510729,False,Local
4345,SVK,2005,Slovakia,354.367,403.972,304.204,0.7530323883833534,False,Local
4346,SVK,2005,Slovakia,576.731,657.462,495.09,0.7530321144035701,False,PPP
4347,SVK,2005,Slovakia,11.424,13.024,9.807,0.7529944717444719,False,USD
4348,SVK,2006,Slovakia,390.847,440.092,339.576,0.7716023013369933,False,Local
4349,SVK,2006,Slovakia,624.919,703.656,542.943,0.7716028855008698,False,PPP
4350,SVK,2006,Slovakia,13.161,14.819,11.435,0.7716445104258047,False,USD
4351,SVK,2007,Slovakia,610.223,687.042,528.756,0.7696123381103338,False,Local
4352,SVK,2007,Slovakia,976.422,1099.342,846.067,0.7696121861986533,False,PPP
4353,SVK,2007,Slovakia,24.711,27.822,21.412,0.7696067859966933,False,USD
4354,SVK,2008,Slovakia,726.922,821.024,629.813,0.7671066862844448,False,Local
4355,SVK,2008,Slovakia,1194.787,1349.456,1035.177,0.7671068934444695,False,PPP
4356,SVK,2008,Slovakia,34.03,38.435,29.484,0.767113308182646,False,USD
4357,SVK,2009,Slovakia,883.282,987.485,773.231,0.7830306283133415,False,Local
4358,SVK,2010,Slovakia,923.697,1026.107,816.024,0.7952620925498023,False,Local
4359,SVK,2010,Slovakia,1626.448,1806.772,1436.856,0.7952613832846646,False,PPP
4360,SVK,2010,Slovakia,1224.561,1360.328,1081.816,0.7952611429008298,False,USD
4361,SVK,2011,Slovakia,898.328,999.162,792.876,0.7935409873473971,False,Local
4362,SVK,2011,Slovakia,1590.537,1769.07,1403.83,0.7935412391821691,False,PPP
4363,SVK,2011,Slovakia,1250.432,1390.788,1103.648,0.7935415030903343,False,USD
4364,SVK,2012,Slovakia,970.216,1080.408,856.687,0.7929291526904652,False,Local
4365,SVK,2012,Slovakia,1703.727,1897.227,1504.367,0.7929293648045278,False,PPP
4366,SVK,2012,Slovakia,1246.523,1388.096,1100.662,0.7929293074830559,False,USD
4367,SVK,2013,Slovakia,935.266,1045.373,821.515,0.7858582534655094,False,Local
4368,SVK,2013,Slovakia,1700.657,1900.872,1493.815,0.7858577537046155,False,PPP
4369,SVK,2013,Slovakia,1242.144,1388.379,1091.069,0.7858581842566044,False,USD
4370,SVK,2014,Slovakia,1063.539,1185.024,936.199,0.7900253496975589,False,Local
4371,SVK,2014,Slovakia,1951.64,2174.572,1717.966,0.7900248876560536,False,PPP
4372,SVK,2014,Slovakia,1412.912,1574.305,1243.741,0.7900254397972438,False,USD
4373,SVK,2015,Slovakia,1086.339,1196.071,968.984,0.8101391974222267,False,Local
4374,SVK,2015,Slovakia,1975.294,2174.821,1761.908,0.8101393172127729,False,PPP
4375,SVK,2015,Slovakia,1205.307,1327.056,1075.101,0.8101398885955077,False,USD
4376,SVK,2016,Slovakia,1083.932,1202.298,956.13,0.795252092243354,False,Local
4377,SVK,2016,Slovakia,1845.692,2047.241,1628.073,0.7952522443620463,False,PPP
4378,SVK,2016,Slovakia,1199.808,1330.827,1058.343,0.7952521251823115,False,USD
4379,SVK,2017,Slovakia,1079.203,1175.717,975.473,0.8296835037683387,False,Local
4380,SVK,2017,Slovakia,1746.059,1902.212,1578.233,0.8296830216610976,False,PPP
4381,SVK,2017,Slovakia,1219.155,1328.186,1101.973,0.829682740218614,False,USD
4382,SVK,2018,Slovakia,1139.425,1232.636,1039.542,0.8433487258201123,False,Local
4383,SVK,2018,Slovakia,1826.303,1975.705,1666.208,0.843348576837129,False,PPP
4384,SVK,2018,Slovakia,1345.609,1455.688,1227.652,0.8433482999104204,False,USD
4385,SVK,2019,Slovakia,1249.534,1377.932,1109.688,0.8053285648348395,False,Local
4386,SVK,2019,Slovakia,2040.546,2250.226,1812.17,0.8053279981655176,False,PPP
4387,SVK,2019,Slovakia,1398.822,1542.56,1242.267,0.8053281557929676,False,USD
4388,SVK,2020,Slovakia,1351.013,1487.284,1204.126,0.8096140347102503,False,Local
4389,SVK,2020,Slovakia,2314.374,2547.815,2062.746,0.8096137278413071,False,PPP
4390,SVK,2020,Slovakia,1543.122,1698.77,1375.348,0.8096140148460357,False,USD
4391,SVK,2021,Slovakia,1332.586,1455.086,1191.928,0.8191460848362228,False,Local
4392,SVK,2021,Slovakia,2334.377,2548.969,2087.976,0.8191453093387955,False,PPP
4393,SVK,2021,Slovakia,1576.103,1720.989,1409.741,0.819145851600446,False,USD
4394,SVK,2022,Slovakia,1281.814,1400.27,1155.45,0.8251622901297607,False,Local
4395,SVK,2022,Slovakia,2231.202,2437.392,2011.244,0.8251623046272409,False,PPP
4396,SVK,2022,Slovakia,1349.813,1474.552,1216.745,0.8251624900308704,False,USD
4397,SVK,2023,Slovakia,1293.46,1372.153,1210.77,0.8823870224384598,False,Local
4398,SVK,2023,Slovakia,2243.624,2380.124,2100.191,0.8823872201616386,False,PPP
4399,SVK,2023,Slovakia,1398.578,1483.666,1309.168,0.8823872758424065,False,USD
4400,SVN,2005,Slovenia,1217.835,1286.224,1140.885,0.8870033524487182,False,Local
4401,SVN,2005,Slovenia,1838.393,1941.631,1722.234,0.8870037612708078,False,PPP
4402,SVN,2005,Slovenia,6.32,6.675,5.92,0.8868913857677903,False,USD
4403,SVN,2006,Slovenia,1247.506,1293.646,1194.464,0.9233314214244082,False,Local
4404,SVN,2006,Slovenia,1871.533,1940.754,1791.958,0.9233308291519688,False,PPP
4405,SVN,2006,Slovenia,6.53,6.772,6.253,0.9233608978145305,False,USD
4406,SVN,2007,Slovenia,1590.637,1655.874,1515.231,0.9150641896666051,False,Local
4407,SVN,2008,Slovenia,1699.122,1775.479,1612.594,0.9082585600843491,False,Local
4408,SVN,2008,Slovenia,2475.094,2586.322,2349.049,0.9082585231073316,False,PPP
4409,SVN,2008,Slovenia,2498.994,2611.296,2371.732,0.9082585811796136,False,USD
4410,SVN,2009,Slovenia,1801.389,1903.392,1685.048,0.8852868983372841,False,Local
4411,SVN,2009,Slovenia,2538.627,2682.375,2374.671,0.885286732839368,False,PPP
4412,SVN,2009,Slovenia,2512.546,2654.817,2350.275,0.8852870084830706,False,USD
4413,SVN,2010,Slovenia,1863.089,1955.415,1759.852,0.8999890048915449,False,Local
4414,SVN,2010,Slovenia,2667.523,2799.714,2519.711,0.8999887131328413,False,PPP
4415,SVN,2010,Slovenia,2469.928,2592.326,2333.065,0.8999890445877563,False,USD
4416,SVN,2011,Slovenia,1884.161,1955.921,1803.977,0.9223158808561287,False,Local
4417,SVN,2011,Slovenia,2765.23,2870.546,2647.55,0.9223158242369223,False,PPP
4418,SVN,2011,Slovenia,2622.668,2722.555,2511.056,0.9223159862702499,False,USD
4419,SVN,2012,Slovenia,1963.002,2044.12,1873.357,0.9164613623466333,False,Local
4420,SVN,2012,Slovenia,2896.684,3016.385,2764.4,0.9164612607475504,False,PPP
4421,SVN,2012,Slovenia,2522.043,2626.262,2406.867,0.9164611146945735,False,USD
4422,SVN,2013,Slovenia,1976.194,2088.227,1854.476,0.8880624568114482,False,Local
4423,SVN,2013,Slovenia,2968.765,3137.068,2785.912,0.8880623563148773,False,PPP
4424,SVN,2013,Slovenia,2624.619,2773.412,2462.962,0.888062069393224,False,USD
4425,SVN,2014,Slovenia,1989.283,2090.056,1873.761,0.8965123422530306,False,Local
4426,SVN,2014,Slovenia,2986.328,3137.609,2812.906,0.8965125992435641,False,PPP
4427,SVN,2014,Slovenia,2642.764,2776.641,2489.294,0.8965127288691623,False,USD
4428,SVN,2015,Slovenia,2040.241,2156.086,1905.843,0.8839364478040302,False,Local
4429,SVN,2015,Slovenia,3047.915,3220.976,2847.139,0.883936732220296,False,PPP
4430,SVN,2015,Slovenia,2263.674,2392.205,2114.558,0.8839367863540123,False,USD
4431,SVN,2016,Slovenia,2023.05,2151.639,1876.969,0.8723438271940599,False,Local
4432,SVN,2016,Slovenia,3089.075,3285.422,2866.017,0.8723436441346043,False,PPP
4433,SVN,2016,Slovenia,2239.321,2381.656,2077.622,0.8723434450651143,False,USD
4434,SVN,2017,Slovenia,2052.266,2174.759,1914.452,0.8803053579729984,False,Local
4435,SVN,2017,Slovenia,3161.442,3350.139,2949.145,0.8803052649457231,False,PPP
4436,SVN,2017,Slovenia,2318.406,2456.785,2162.721,0.8803053584257475,False,USD
4437,SVN,2018,Slovenia,2093.595,2216.899,1959.395,0.8838449564008104,False,Local
4438,SVN,2018,Slovenia,3257.976,3449.858,3049.139,0.883844784336051,False,PPP
4439,SVN,2018,Slovenia,2472.44,2618.057,2313.956,0.8838447749609731,False,USD
4440,SVN,2019,Slovenia,2187.969,2332.108,2031.514,0.8711063124006263,False,Local
4441,SVN,2019,Slovenia,3538.513,3771.623,3285.486,0.8711066827198795,False,PPP
4442,SVN,2019,Slovenia,2449.375,2610.735,2274.229,0.8711067955958761,False,USD
4443,SVN,2020,Slovenia,2295.388,2471.075,2104.617,0.8517009803425636,False,Local
4444,SVN,2020,Slovenia,3747.811,4034.665,3436.328,0.8517009466709132,False,PPP
4445,SVN,2020,Slovenia,2621.783,2822.452,2403.885,0.8517009323807809,False,USD
4446,SVN,2021,Slovenia,2443.081,2626.851,2243.881,0.8542094698176638,False,Local
4447,SVN,2021,Slovenia,4046.598,4350.986,3716.653,0.8542093677157315,False,PPP
4448,SVN,2021,Slovenia,2889.53,3106.883,2653.928,0.8542091865062186,False,USD
4449,SVN,2022,Slovenia,2633.521,2815.758,2434.51,0.8646020005980629,False,Local
4450,SVN,2022,Slovenia,4420.313,4726.194,4086.278,0.8646022571227502,False,PPP
4451,SVN,2022,Slovenia,2773.226,2965.13,2563.658,0.8646022265465595,False,USD
4452,SVN,2023,Slovenia,2762.815,2976.045,2534.43,0.8516101067020155,False,Local
4453,SVN,2023,Slovenia,4487.355,4833.682,4116.413,0.8516102217729672,False,PPP
4454,SVN,2023,Slovenia,2987.345,3217.904,2740.4,0.8516102407032653,False,USD
4455,SWE,1993,Sweden,95.88,99.35,85.6,0.8616004026170105,False,Local
4456,SWE,1993,Sweden,9.93,10.289,8.865,0.86159976674118,False,PPP
4457,SWE,1993,Sweden,12.318,12.764,10.998,0.8616421184581636,False,USD
4458,SWE,1994,Sweden,15310.121,17173.198,12555.538,0.7311123996823422,False,Local
4459,SWE,1994,Sweden,1577.018,1768.924,1293.282,0.7311122467669611,False,PPP
4460,SWE,1994,Sweden,1984.212,2225.669,1627.215,0.7311127575573906,False,USD
4461,SWE,1995,Sweden,14559.939,16262.251,11991.128,0.7373596681049874,False,Local
4462,SWE,1995,Sweden,1486.696,1660.516,1224.398,0.7373599531711829,False,PPP
4463,SWE,1995,Sweden,2041.131,2279.776,1681.014,0.7373592844209256,False,USD
4464,SWE,1996,Sweden,15673.444,17411.629,13080.325,0.7512407368661485,False,Local
4465,SWE,1996,Sweden,1623.332,1803.359,1354.757,0.7512408788266784,False,PPP
4466,SWE,1996,Sweden,2337.242,2596.442,1950.553,0.7512407363615287,False,USD
4467,SWE,1997,Sweden,14775.878,16410.288,12380.019,0.7544059555810355,True,Local
4468,SWE,1997,Sweden,1526.149,1694.962,1278.689,0.7544057034906978,True,PPP
4469,SWE,1997,Sweden,1935.309,2149.38,1621.505,0.7544059217076552,True,USD
4470,SWE,1998,Sweden,14503.26,15932.682,12235.826,0.76797026388903,False,Local
4471,SWE,1998,Sweden,1496.705,1644.218,1262.71,0.7679699407256215,False,PPP
4472,SWE,1998,Sweden,1824.34,2004.144,1539.123,0.7679702656096569,False,USD
4473,SWE,1999,Sweden,15795.426,17387.997,13354.089,0.7680061711535837,False,Local
4474,SWE,1999,Sweden,1650.749,1817.185,1395.609,0.7680060092945957,False,PPP
4475,SWE,1999,Sweden,1911.717,2104.466,1616.243,0.7680062305592013,False,USD
4476,SWE,2000,Sweden,16502.083,18267.775,13821.609,0.7566115194652879,False,Local
4477,SWE,2000,Sweden,1769.309,1958.622,1481.916,0.756611536069747,False,PPP
4478,SWE,2000,Sweden,1801.096,1993.81,1508.54,0.7566117132525165,False,USD
4479,SWE,2001,Sweden,16119.253,17732.565,13584.482,0.7660754098462349,False,Local
4480,SWE,2001,Sweden,1693.914,1863.451,1427.544,0.7660754159889367,False,PPP
4481,SWE,2001,Sweden,1560.562,1716.752,1315.161,0.7660751232560091,False,USD
4482,SWE,2002,Sweden,2589.97,2738.77,2303.35,0.84101622261088,False,Local
4483,SWE,2002,Sweden,2784.864,2944.861,2476.676,0.8410162652838283,False,PPP
4484,SWE,2002,Sweden,2449.008,2589.709,2177.987,0.841016114165723,False,USD
4485,SWE,2003,Sweden,16921.333,18582.595,14276.227,0.7682579854966435,False,Local
4486,SWE,2003,Sweden,1737.993,1908.621,1466.313,0.7682578154594338,False,PPP
4487,SWE,2003,Sweden,2092.592,2298.033,1765.482,0.768257897079807,False,USD
4488,SWE,2004,Sweden,2210.65,2567.433,1856.543,0.7231125408141127,False,Local
4489,SWE,2004,Sweden,1370.877,1592.127,1151.287,0.7231125406453129,False,PPP
4490,SWE,2004,Sweden,2749.833,3193.636,2309.358,0.723112464914599,False,USD
4491,SWE,2005,Sweden,2285.978,2699.728,1876.996,0.6952537440808852,False,Local
4492,SWE,2005,Sweden,1441.045,1701.867,1183.229,0.6952535068839105,False,PPP
4493,SWE,2005,Sweden,2843.963,3358.706,2335.152,0.6952534696397958,False,USD
4494,SWE,2006,Sweden,2234.02,2602.822,1876.964,0.7211265311266002,False,Local
4495,SWE,2006,Sweden,1415.831,1649.562,1189.543,0.721126577843088,False,PPP
4496,SWE,2006,Sweden,2805.032,3268.1,2356.714,0.7211266485113674,False,USD
4497,SWE,2007,Sweden,2854.046,3308.538,2405.155,0.7269540201744699,False,Local
4498,SWE,2007,Sweden,1555.883,1803.649,1311.17,0.726954080311635,False,PPP
4499,SWE,2007,Sweden,3911.407,4534.279,3296.213,0.7269541640468087,False,USD
4500,SWE,2008,Sweden,2976.379,3448.561,2494.85,0.7234466781941801,False,Local
4501,SWE,2008,Sweden,1494.176,1731.216,1252.443,0.7234469875509468,False,PPP
4502,SWE,2008,Sweden,4377.526,5071.99,3669.315,0.7234468127894574,False,USD
4503,SWE,2009,Sweden,3056.13,3566.969,2537.679,0.7114384789999577,False,Local
4504,SWE,2009,Sweden,1846.391,2155.02,1533.164,0.7114384089242791,False,PPP
4505,SWE,2009,Sweden,4262.636,4975.146,3539.51,0.7114384180886351,False,USD
4506,SWE,2010,Sweden,2804.145,3210.511,2385.734,0.7431010203671627,False,Local
4507,SWE,2010,Sweden,1666.811,1908.358,1418.103,0.7431011372080082,False,PPP
4508,SWE,2010,Sweden,3717.502,4256.228,3162.807,0.7431009335026224,False,USD
4509,SWE,2011,Sweden,3129.247,3576.071,2680.566,0.749584110606305,False,Local
4510,SWE,2011,Sweden,1617.36,1848.302,1385.458,0.7495842129695256,False,PPP
4511,SWE,2011,Sweden,4355.772,4977.731,3731.228,0.749584097654132,False,USD
4512,SWE,2012,Sweden,3496.859,3990.314,3005.019,0.753078329174095,False,Local
4513,SWE,2012,Sweden,2057.762,2348.14,1768.334,0.7530786068973742,False,PPP
4514,SWE,2012,Sweden,4492.724,5126.71,3860.814,0.7530782899754423,False,USD
4515,SWE,2013,Sweden,3719.624,4227.907,3217.014,0.760899896804731,False,Local
4516,SWE,2013,Sweden,2015.464,2290.876,1743.127,0.7608997606155897,False,PPP
4517,SWE,2013,Sweden,4940.099,5615.159,4272.574,0.7608999139650364,False,USD
4518,SWE,2014,Sweden,3729.411,4225.329,3233.555,0.765278869408749,False,Local
4519,SWE,2014,Sweden,2111.212,2391.95,1830.509,0.7652789564999269,False,PPP
4520,SWE,2014,Sweden,4954.526,5613.353,4295.781,0.765278969628313,False,USD
4521,SWE,2015,Sweden,3663.803,4160.947,3165.767,0.7608284844772115,False,Local
4522,SWE,2015,Sweden,2994.553,3400.886,2587.491,0.7608285017492501,False,PPP
4523,SWE,2015,Sweden,4065.037,4616.624,3512.46,0.7608286921352053,False,USD
4524,SWE,2016,Sweden,3807.776,4256.354,3323.845,0.7809136646059044,False,Local
4525,SWE,2016,Sweden,3158.837,3530.966,2757.38,0.7809137782691763,False,PPP
4526,SWE,2016,Sweden,4214.84,4711.371,3679.175,0.7809138783593991,False,USD
4527,SWE,2017,Sweden,3875.71,4251.979,3460.839,0.813936051894894,False,Local
4528,SWE,2017,Sweden,3092.551,3392.788,2761.513,0.81393620821578,False,PPP
4529,SWE,2017,Sweden,4378.316,4803.38,3909.644,0.8139360200525463,False,USD
4530,SWE,2018,Sweden,3943.622,4323.932,3507.463,0.8111744125485786,False,Local
4531,SWE,2018,Sweden,3065.089,3360.675,2726.094,0.8111745408288513,False,PPP
4532,SWE,2018,Sweden,4657.238,5106.366,4142.154,0.8111745221552863,False,USD
4533,SWE,2019,Sweden,3762.35,4035.567,3446.923,0.8541359863434307,False,Local
4534,SWE,2019,Sweden,3424.357,3673.029,3137.267,0.8541361911381586,False,PPP
4535,SWE,2019,Sweden,4211.855,4517.714,3858.743,0.8541361848049699,False,USD
4536,SWE,2020,Sweden,3766.951,4123.983,3366.798,0.8163947329559796,False,Local
4537,SWE,2020,Sweden,3306.633,3620.036,2955.378,0.8163946435891798,False,PPP
4538,SWE,2020,Sweden,4302.597,4710.397,3845.543,0.816394669069295,False,USD
4539,SWE,2021,Sweden,3969.069,4338.179,3574.586,0.8239830583293127,False,Local
4540,SWE,2021,Sweden,3181.537,3477.409,2865.326,0.8239830287435271,False,PPP
4541,SWE,2021,Sweden,4694.378,5130.939,4227.807,0.8239830954918778,False,USD
4542,SWE,2022,Sweden,4249.867,4615.04,3854.146,0.8351273228401055,False,Local
4543,SWE,2022,Sweden,4641.839,5040.692,4209.619,0.835127200789098,False,PPP
4544,SWE,2022,Sweden,4475.317,4859.862,4058.603,0.8351272114311065,False,USD
4545,SWE,2023,Sweden,4197.516,4515.127,3854.717,0.8537339038303905,False,Local
4546,SWE,2023,Sweden,4565.334,4910.777,4192.497,0.8537339406778195,False,PPP
4547,SWE,2023,Sweden,4538.642,4882.065,4167.985,0.8537340244343327,False,USD
4548,SWZ,1974,Eswatini,,187.0,148.0,0.7914438502673797,False,Local
4549,SWZ,1983,Eswatini,,535.0,344.0,0.6429906542056075,False,Local
4550,SWZ,1984,Eswatini,,638.0,414.0,0.6489028213166145,False,Local
4551,SWZ,1985,Eswatini,,730.0,488.0,0.6684931506849315,False,Local
4552,SWZ,1986,Eswatini,,775.0,630.0,0.8129032258064516,False,Local
4553,SWZ,1992,Eswatini,,1276.0,1118.0,0.8761755485893417,False,Local
4554,SWZ,1992,Eswatini,,856.843,750.745,0.8761756821261305,False,PPP
4555,SWZ,1992,Eswatini,,447.403,392.004,0.8761765120037193,False,USD
4556,SWZ,1996,Eswatini,,1727.0,1441.0,0.8343949044585988,False,Local
4557,SWZ,1996,Eswatini,,851.146,710.192,0.8343950391589693,False,PPP
4558,SWZ,1996,Eswatini,,401.689,335.167,0.8343942701941053,False,USD
4559,SWZ,1997,Eswatini,,2289.0,2120.0,0.926168632590651,False,Local
4560,SWZ,1997,Eswatini,,1077.708,998.139,0.9261683127526193,False,PPP
4561,SWZ,1997,Eswatini,,496.749,460.073,0.926167943971704,False,USD
4562,SWZ,2000,Eswatini,,2391.0,2042.0,0.8540359682141363,False,Local
4563,SWZ,2000,Eswatini,,938.397,801.424,0.8540351258582455,False,PPP
4564,SWZ,2000,Eswatini,,344.533,294.244,0.854037203983363,False,USD
4565,SWZ,2016,Eswatini,4573.403,4795.073,4288.234,0.8943000450670928,False,Local
4566,SWZ,2016,Eswatini,793.73,832.202,744.238,0.8942997012744502,False,PPP
4567,SWZ,2016,Eswatini,310.913,325.982,291.526,0.8943009123203122,False,USD
4568,SWZ,2021,Eswatini,5586.983,5823.277,5317.799,0.9131969851339719,False,Local
4569,SWZ,2021,Eswatini,902.724,940.903,859.23,0.9131972158660351,False,PPP
4570,SWZ,2021,Eswatini,377.922,393.906,359.713,0.9131950262245307,False,USD
4571,TCD,2018,Chad,121734.157,125376.298,100983.92,0.805446656273102,False,Local
4572,TCD,2018,Chad,529.902,545.756,439.578,0.8054478558183511,False,PPP
4573,TCD,2018,Chad,219.165,225.722,181.807,0.8054465227137806,False,USD
4574,TGO,2011,Togo,113912.543,128009.278,85255.272,0.66600853728743,True,Local
4575,TGO,2011,Togo,481.483,541.067,360.355,0.6660080914193621,True,PPP
4576,TGO,2011,Togo,241.725,271.639,180.914,0.6660089309708841,True,USD
4577,TGO,2017,Togo,89279.318,92284.011,80587.71,0.8732575570431156,True,Local
4578,TGO,2017,Togo,369.732,382.175,333.737,0.8732570157650291,True,PPP
4579,TGO,2017,Togo,153.756,158.93,138.787,0.8732586673378216,True,USD
4580,TGO,2022,Togo,85868.237,92903.217,65344.862,0.703364900700909,False,Local
4581,TGO,2022,Togo,389.256,421.147,296.22,0.7033648583511222,False,PPP
4582,TGO,2022,Togo,137.662,148.941,104.76,0.7033657622817089,False,USD
4583,THA,2000,Thailand,6860.362,7412.969,6202.262,0.8366771802229309,False,Local
4584,THA,2000,Thailand,552.42,596.918,499.428,0.8366777346302172,False,PPP
4585,THA,2000,Thailand,171.031,184.808,154.624,0.8366737370676595,False,USD
4586,THA,2007,Thailand,9526.116,9980.784,8993.05,0.9010364316069759,False,Local
4587,THA,2007,Thailand,771.403,808.221,728.236,0.9010357315635203,False,PPP
4588,THA,2007,Thailand,275.974,289.146,260.531,0.9010361547453535,False,USD
4589,THA,2011,Thailand,10340.0,10599.0,10028.0,0.9461269931125578,False,Local
4590,THA,2011,Thailand,810.428,830.728,785.974,0.9461267707360292,False,PPP
4591,THA,2011,Thailand,339.108,347.602,328.876,0.9461280429916974,False,USD
4592,TLS,2001,Timor-Leste,1498488.384,1591484.032,1183690.461,0.7437652135990768,False,Local
4593,TLS,2013,Timor-Leste,412.772,420.983,387.409,0.9202485611057929,True,Local
4594,TLS,2013,Timor-Leste,783.063,798.641,734.948,0.9202482717516381,True,PPP
4595,TLS,2013,Timor-Leste,412.772,420.983,387.409,0.9202485611057929,True,USD
4596,TLS,2021,Timor-Leste,257.594,262.842,243.256,0.9254837506943335,False,Local
4597,TLS,2021,Timor-Leste,578.152,589.933,545.972,0.9254813682231711,False,PPP
4598,TLS,2021,Timor-Leste,257.594,262.842,243.256,0.9254837506943335,False,USD
4599,TON,2018,Tonga,1334.408,1401.381,1240.946,0.8855165012227223,True,Local
4600,TON,2018,Tonga,759.005,797.099,705.844,0.8855161027676612,True,PPP
4601,TON,2018,Tonga,596.631,626.576,554.843,0.8855158831490513,True,USD
4602,TON,2021,Tonga,1287.277,1415.524,1096.001,0.7742722836207652,False,Local
4603,TON,2021,Tonga,741.803,815.706,631.579,0.7742728384981843,False,PPP
4604,TON,2021,Tonga,568.344,624.966,483.894,0.7742725204251111,False,USD
4605,TON,2023,Tonga,1566.627,1619.59,1499.15,0.9256355003426794,False,Local
4606,TON,2023,Tonga,860.168,889.248,823.119,0.9256349184929289,False,PPP
4607,TON,2023,Tonga,662.786,685.193,634.239,0.925635550859393,False,USD
4608,TTO,2010,Trinidad and Tobago,4529.413,4783.316,4203.5,0.8787836722474535,True,Local
4609,TTO,2010,Trinidad and Tobago,1020.927,1078.157,947.466,0.878782960181124,True,PPP
4610,TTO,2010,Trinidad and Tobago,710.439,750.264,659.32,0.8787840013648529,True,USD
4611,TTO,2011,Trinidad and Tobago,4837.277,5036.569,4569.466,0.90725769864366,False,Local
4612,TTO,2011,Trinidad and Tobago,1070.088,1114.175,1010.844,0.9072578365158077,False,PPP
4613,TTO,2011,Trinidad and Tobago,754.728,785.822,712.943,0.907257623227652,False,USD
4614,TTO,2012,Trinidad and Tobago,4980.742,5242.984,4637.943,0.8845998767114299,False,Local
4615,TTO,2012,Trinidad and Tobago,1146.414,1206.774,1067.512,0.8845997676449775,False,PPP
4616,TTO,2012,Trinidad and Tobago,774.658,815.444,721.342,0.8846002913750055,False,USD
4617,TTO,2013,Trinidad and Tobago,5138.545,5371.04,4839.618,0.9010578956775598,False,Local
4618,TTO,2013,Trinidad and Tobago,1123.159,1173.977,1057.821,0.9010576868200993,False,PPP
4619,TTO,2013,Trinidad and Tobago,797.585,833.672,751.187,0.901058209943479,False,USD
4620,TTO,2014,Trinidad and Tobago,5434.253,5706.596,5083.942,0.8908887189490898,False,Local
4621,TTO,2014,Trinidad and Tobago,1193.199,1252.997,1116.281,0.8908888050011292,False,PPP
4622,TTO,2014,Trinidad and Tobago,847.897,890.39,793.239,0.8908893855501522,False,USD
4623,TTO,2015,Trinidad and Tobago,5560.678,5822.262,5224.598,0.8973484875809437,False,Local
4624,TTO,2015,Trinidad and Tobago,1218.161,1275.466,1144.537,0.8973481064959788,False,PPP
4625,TTO,2015,Trinidad and Tobago,871.929,912.946,819.231,0.8973488026674086,False,USD
4626,TTO,2016,Trinidad and Tobago,5758.393,6075.56,5369.559,0.8837965553792572,False,Local
4627,TTO,2016,Trinidad and Tobago,1276.482,1346.79,1190.288,0.8837962859837094,False,PPP
4628,TTO,2016,Trinidad and Tobago,863.461,911.02,805.156,0.8837961844964984,False,USD
4629,TUN,2019,Tunisia,739.678,780.544,678.151,0.8688184138242047,False,Local
4630,TUN,2019,Tunisia,901.806,951.63,826.794,0.8688187635950947,False,PPP
4631,TUN,2019,Tunisia,252.068,265.995,231.101,0.8688170830278764,False,USD
4632,TUR,2005,Türkiye,597.153,605.495,566.377,0.9353950073906472,False,Local
4633,TUR,2006,Türkiye,676.075,683.993,647.987,0.9473591104002526,False,Local
4634,TUR,2007,Türkiye,761.017,770.744,726.964,0.9431977414031119,False,Local
4635,TUR,2011,Türkiye,1144.197,1158.88,1097.766,0.9472646003037415,False,Local
4636,TUR,2011,Türkiye,996.454,1009.242,956.019,0.9472643825762305,False,PPP
4637,TUR,2011,Türkiye,683.121,691.888,655.4,0.9472631408551673,False,USD
4638,TUR,2013,Türkiye,1410.372,1433.458,1345.831,0.9388702005918553,False,Local
4639,TUR,2013,Türkiye,1087.118,1104.913,1037.369,0.9388693951469481,False,PPP
4640,TUR,2013,Türkiye,740.832,752.958,706.93,0.9388704283638662,False,USD
4641,TUR,2014,Türkiye,1541.999,1578.465,1443.529,0.9145144174878759,False,Local
4642,TUR,2014,Türkiye,1126.086,1152.716,1054.175,0.9145140693804893,False,PPP
4643,TUR,2014,Türkiye,704.578,721.24,659.585,0.9145152792413067,False,USD
4644,TUR,2015,Türkiye,1683.984,1731.206,1562.526,0.9025650326997481,False,Local
4645,TUR,2015,Türkiye,1164.837,1197.5,1080.822,0.9025653444676408,False,PPP
4646,TUR,2015,Türkiye,619.11,636.471,574.456,0.9025642959380711,False,USD
4647,TUR,2016,Türkiye,1973.197,2015.094,1870.234,0.9281125347006144,False,Local
4648,TUR,2016,Türkiye,1268.812,1295.752,1202.604,0.9281127870147992,False,PPP
4649,TUR,2016,Türkiye,653.348,667.22,619.255,0.9281121669014717,False,USD
4650,TUR,2017,Türkiye,2141.934,2189.012,2028.828,0.9268236080935143,False,Local
4651,TUR,2017,Türkiye,1254.204,1281.77,1187.975,0.9268238451516262,False,PPP
4652,TUR,2017,Türkiye,587.132,600.036,556.128,0.926824390536568,False,USD
4653,TUR,2018,Türkiye,2438.058,2510.959,2271.428,0.9046057701459881,False,Local
4654,TUR,2018,Türkiye,1262.412,1300.16,1176.132,0.9046055870046763,False,PPP
4655,TUR,2018,Türkiye,504.944,520.043,470.434,0.9046059652759484,False,USD
4656,TUR,2019,Türkiye,2951.546,3033.881,2769.98,0.9130153753558561,False,Local
4657,TUR,2019,Türkiye,1378.928,1417.394,1294.102,0.913015012057339,False,PPP
4658,TUR,2019,Türkiye,520.204,534.716,488.204,0.9130155072973317,False,USD
4659,TUR,2020,Türkiye,3426.625,3517.642,3224.123,0.9165580238125427,False,Local
4660,TUR,2020,Türkiye,1351.278,1387.17,1271.422,0.9165581723941549,False,PPP
4661,TUR,2020,Türkiye,488.917,501.903,460.024,0.916559574260365,False,USD
4662,TUR,2021,Türkiye,4025.438,4138.465,3776.37,0.9125049988341087,False,Local
4663,TUR,2021,Türkiye,1308.458,1345.197,1227.5,0.9125057519456259,False,PPP
4664,TUR,2021,Türkiye,454.831,467.602,426.689,0.9125046513915681,False,USD
4665,TUR,2022,Türkiye,6804.076,7024.576,6352.613,0.9043411303401088,False,Local
4666,TUR,2022,Türkiye,1399.208,1444.552,1306.368,0.9043412767418549,False,PPP
4667,TUR,2022,Türkiye,411.151,424.475,383.87,0.9043406561045998,False,USD
4668,TUR,2023,Türkiye,14445.936,15032.96,13288.283,0.8839432154412704,False,Local
4669,TUR,2023,Türkiye,1877.056,1953.331,1726.634,0.8839433767241702,False,PPP
4670,TUR,2023,Türkiye,608.543,633.272,559.776,0.8839424449525637,False,USD
4671,TZA,2001,"Tanzania, United Republic of",55659.06,59370.048,46575.497,0.784494851680093,True,Local
4672,TZA,2001,"Tanzania, United Republic of",154.236,164.519,129.065,0.7844990548204158,True,PPP
4673,TZA,2001,"Tanzania, United Republic of",63.508,67.742,53.143,0.7844911576274689,True,USD
4674,TZA,2006,"Tanzania, United Republic of",111132.724,119709.956,90506.146,0.756045269952317,True,Local
4675,TZA,2006,"Tanzania, United Republic of",267.95,288.63,218.218,0.7560475349062814,True,PPP
4676,TZA,2006,"Tanzania, United Republic of",88.771,95.623,72.295,0.7560419564330757,True,USD
4677,TZA,2011,"Tanzania, United Republic of",368589.0,379775.0,302489.0,0.7964952932657494,False,Local
4678,TZA,2011,"Tanzania, United Republic of",626.016,645.014,513.751,0.7964958900116896,False,PPP
4679,TZA,2011,"Tanzania, United Republic of",236.664,243.847,194.223,0.7964953433915529,False,USD
4680,TZA,2012,"Tanzania, United Republic of",402648.777,424186.243,358104.629,0.844215565472735,False,Local
4681,TZA,2012,"Tanzania, United Republic of",629.394,663.06,559.766,0.844216209694447,False,PPP
4682,TZA,2012,"Tanzania, United Republic of",256.187,269.89,227.846,0.8442180147467487,False,USD
4683,TZA,2014,"Tanzania, United Republic of",304324.0,325319.828,261336.559,0.8033219512214915,False,Local
4684,TZA,2014,"Tanzania, United Republic of",424.072,453.33,364.17,0.8033220832506122,False,PPP
4685,TZA,2014,"Tanzania, United Republic of",184.078,196.778,158.076,0.8033215095183405,False,USD
4686,UGA,2010,Uganda,681218.15,764216.979,497749.344,0.6513193996963,False,Local
4687,UGA,2010,Uganda,815.2,914.523,595.647,0.6513198683904068,False,PPP
4688,UGA,2010,Uganda,312.836,350.952,228.582,0.6513198386104082,False,USD
4689,UGA,2011,Uganda,688634.933,745116.172,569754.186,0.7646514830978598,False,Local
4690,UGA,2011,Uganda,729.289,789.104,603.39,0.7646520610717978,False,PPP
4691,UGA,2011,Uganda,272.964,295.353,225.842,0.7646511123977072,False,USD
4692,UGA,2014,Uganda,858312.551,888954.821,787783.657,0.8861908821348301,False,Local
4693,UGA,2014,Uganda,794.5,822.864,729.215,0.8861913997938906,False,PPP
4694,UGA,2014,Uganda,330.147,341.934,303.018,0.8861885627050833,False,USD
4695,UGA,2017,Uganda,383573.202,427093.579,296209.409,0.6935468561563178,True,Local
4696,UGA,2017,Uganda,314.614,350.31,242.957,0.6935485712654506,True,PPP
4697,UGA,2017,Uganda,106.217,118.268,82.025,0.6935519328981635,True,USD
4698,UGA,2019,Uganda,407686.528,430081.066,359503.822,0.8358978118790283,False,Local
4699,UGA,2019,Uganda,318.593,336.093,280.94,0.8358995873166057,False,PPP
4700,UGA,2019,Uganda,110.065,116.111,97.057,0.8358984075582847,False,USD
4701,UKR,2007,Ukraine,1351.1,1578.1,1150.3,0.7289145174577023,False,Local
4702,UKR,2007,Ukraine,670.672,783.352,570.997,0.7289149705368723,False,PPP
4703,UKR,2007,Ukraine,267.545,312.495,227.782,0.728914062625002,False,USD
4704,UKR,2008,Ukraine,1806.33,2080.44,1564.73,0.7521149372248178,False,Local
4705,UKR,2008,Ukraine,743.506,856.333,644.061,0.7521151234391295,False,PPP
4706,UKR,2008,Ukraine,342.938,394.979,297.069,0.7521134034974012,False,USD
4707,UKR,2009,Ukraine,1906.0,2173.0,1677.0,0.771744132535665,False,Local
4708,UKR,2009,Ukraine,674.607,769.108,593.555,0.7717446704494038,False,PPP
4709,UKR,2009,Ukraine,244.634,278.903,215.242,0.7717450152920549,False,USD
4710,UKR,2010,Ukraine,2239.0,2538.0,1974.0,0.7777777777777778,False,Local
4711,UKR,2010,Ukraine,736.439,834.784,649.277,0.7777784432859279,False,PPP
4712,UKR,2010,Ukraine,282.145,319.823,248.751,0.7777770829490063,False,USD
4713,UKR,2011,Ukraine,2633.0,3035.0,2272.0,0.7485996705107084,False,Local
4714,UKR,2011,Ukraine,827.534,953.88,714.074,0.7485994045372583,False,PPP
4715,UKR,2011,Ukraine,330.465,380.92,285.156,0.7485981308411215,False,USD
4716,UKR,2012,Ukraine,3026.0,3429.0,2661.0,0.7760279965004374,False,Local
4717,UKR,2012,Ukraine,926.845,1050.282,815.048,0.7760277715889637,False,PPP
4718,UKR,2012,Ukraine,378.675,429.106,332.998,0.7760273685289881,False,USD
4719,UKR,2013,Ukraine,3265.0,3711.0,2866.0,0.7722985718135273,False,Local
4720,UKR,2013,Ukraine,983.245,1117.556,863.087,0.7722986588591533,False,PPP
4721,UKR,2013,Ukraine,408.482,464.281,358.564,0.7722995341183465,False,USD
4722,UKR,2014,Ukraine,3480.0,3979.0,3037.0,0.7632570997738125,False,Local
4723,UKR,2014,Ukraine,966.145,1104.682,843.156,0.7632567562429731,False,PPP
4724,UKR,2014,Ukraine,292.765,334.745,255.496,0.7632556124811424,False,USD
4725,UKR,2015,Ukraine,4195.0,4848.0,3631.0,0.7489686468646864,False,Local
4726,UKR,2015,Ukraine,754.698,872.175,653.232,0.7489689569180497,False,PPP
4727,UKR,2015,Ukraine,192.037,221.93,166.219,0.748970396070833,False,USD
4728,UKR,2016,Ukraine,5183.0,6001.0,4480.0,0.7465422429595068,False,Local
4729,UKR,2016,Ukraine,834.21,965.868,721.061,0.7465419705384173,False,PPP
4730,UKR,2016,Ukraine,202.847,234.86,175.333,0.7465426211359959,False,USD
4731,UKR,2017,Ukraine,7104.0,8021.0,6321.0,0.788056352075801,False,Local
4732,UKR,2017,Ukraine,999.715,1128.761,889.527,0.7880561075373795,False,PPP
4733,UKR,2017,Ukraine,267.102,301.58,237.662,0.7880562371510048,False,USD
4734,UKR,2018,Ukraine,8865.0,10083.0,7830.0,0.7765545968461768,False,Local
4735,UKR,2018,Ukraine,1141.705,1298.569,1008.41,0.7765548076382541,False,PPP
4736,UKR,2018,Ukraine,325.913,370.692,287.862,0.7765530413389014,False,USD
4737,UKR,2019,Ukraine,10497.0,11961.0,9237.0,0.7722598444946075,False,Local
4738,UKR,2019,Ukraine,1329.764,1515.224,1170.147,0.7722600750780083,False,PPP
4739,UKR,2019,Ukraine,406.143,462.787,357.392,0.7722602406722747,False,USD
4740,UKR,2020,Ukraine,11591.0,13031.0,10369.0,0.7957179034609777,False,Local
4741,UKR,2020,Ukraine,1493.977,1679.581,1336.472,0.795717503353515,False,PPP
4742,UKR,2020,Ukraine,429.973,483.39,384.642,0.7957177434369763,False,USD
4743,UKR,2021,Ukraine,14014.0,15563.0,12668.0,0.8139818801002378,False,Local
4744,UKR,2021,Ukraine,1617.74,1796.552,1462.361,0.8139820055305943,False,PPP
4745,UKR,2021,Ukraine,513.593,570.362,464.264,0.8139812960891505,False,USD
4746,URY,1998,Uruguay,5957.616,7016.103,4661.841,0.6644487687823284,True,Local
4747,URY,1998,Uruguay,715.488,842.609,559.87,0.6644481604160412,True,PPP
4748,URY,1998,Uruguay,568.914,669.992,445.176,0.6644497247728332,True,USD
4749,URY,1999,Uruguay,6448.421,7548.879,5104.59,0.6762050365358884,False,Local
4750,URY,1999,Uruguay,748.994,876.814,592.906,0.6762049876028439,False,PPP
4751,URY,1999,Uruguay,568.679,665.727,450.168,0.6762051111041013,False,USD
4752,URY,2000,Uruguay,6619.009,7706.037,5315.336,0.68976258484095,False,Local
4753,URY,2000,Uruguay,758.63,883.218,609.211,0.6897628897961772,False,PPP
4754,URY,2000,Uruguay,547.044,636.884,439.299,0.6897629709648853,False,USD
4755,URY,2001,Uruguay,6609.574,7612.617,5436.097,0.7140904369679967,False,Local
4756,URY,2001,Uruguay,746.419,859.692,613.898,0.7140906278062376,False,PPP
4757,URY,2001,Uruguay,496.247,571.556,408.142,0.7140892580954447,False,USD
4758,URY,2002,Uruguay,6672.623,7715.324,5481.924,0.710524146490802,False,Local
4759,URY,2002,Uruguay,671.645,776.6,551.793,0.7105240793201133,False,PPP
4760,URY,2002,Uruguay,313.903,362.955,257.888,0.7105233431141601,False,USD
4761,URY,2003,Uruguay,6861.93,7854.458,5759.798,0.7333157806687616,False,Local
4762,URY,2003,Uruguay,591.708,677.294,496.671,0.733316698509067,False,PPP
4763,URY,2003,Uruguay,243.256,278.441,204.185,0.7333151367794255,False,USD
4764,URY,2004,Uruguay,7445.954,8607.855,6085.536,0.7069747341236581,False,Local
4765,URY,2004,Uruguay,603.951,698.194,493.606,0.706975425168363,False,PPP
4766,URY,2004,Uruguay,259.407,299.886,212.012,0.7069753172872357,False,USD
4767,URY,2005,Uruguay,7884.203,8977.397,6669.684,0.7429418571998097,False,Local
4768,URY,2005,Uruguay,631.518,719.082,534.236,0.7429416951057042,False,PPP
4769,URY,2005,Uruguay,322.086,366.745,272.47,0.7429412807263903,False,USD
4770,URY,2006,Uruguay,9063.285,10409.285,7453.391,0.7160329455865604,False,Local
4771,URY,2006,Uruguay,704.32,808.92,579.213,0.7160324877614597,False,PPP
4772,URY,2006,Uruguay,376.486,432.398,309.612,0.7160347642681049,False,USD
4773,URY,2007,Uruguay,10205.725,11595.824,8556.382,0.7378847764505566,False,Local
4774,URY,2007,Uruguay,754.501,857.27,632.566,0.7378842138416135,False,PPP
4775,URY,2007,Uruguay,434.822,494.048,364.551,0.7378857924736058,False,USD
4776,URY,2008,Uruguay,11447.949,13219.795,9419.153,0.7125037112905306,False,Local
4777,URY,2008,Uruguay,814.658,940.746,670.285,0.712503693876987,False,PPP
4778,URY,2008,Uruguay,546.459,631.037,449.616,0.7125033872815698,False,USD
4779,URY,2009,Uruguay,13211.219,15174.097,10919.219,0.7195959667319907,False,Local
4780,URY,2009,Uruguay,874.998,1005.003,723.196,0.7195958619028998,False,PPP
4781,URY,2009,Uruguay,585.396,672.373,483.837,0.7195961170362284,False,USD
4782,URY,2010,Uruguay,14011.868,15923.54,11779.542,0.7397564863089489,False,Local
4783,URY,2010,Uruguay,884.028,1004.638,743.188,0.7397570070015269,False,PPP
4784,URY,2010,Uruguay,698.523,793.824,587.237,0.739757175394042,False,USD
4785,URY,2011,Uruguay,16207.058,18271.236,13785.008,0.7544649962378024,False,Local
4786,URY,2011,Uruguay,975.833,1100.118,830.0,0.7544645210786479,False,PPP
4787,URY,2011,Uruguay,839.126,946.0,713.724,0.7544651162790699,False,USD
4788,URY,2012,Uruguay,17979.648,20277.057,15374.38,0.7582155536673788,False,Local
4789,URY,2012,Uruguay,1045.991,1179.646,894.426,0.7582156002733024,False,PPP
4790,URY,2012,Uruguay,885.236,998.35,756.964,0.7582150548404868,False,USD
4791,URY,2013,Uruguay,20207.959,22878.401,17097.882,0.7473372811325407,False,Local
4792,URY,2013,Uruguay,1068.344,1209.524,903.922,0.747336968923312,False,PPP
4793,URY,2013,Uruguay,986.639,1117.022,834.792,0.7473371160102488,False,USD
4794,URY,2014,Uruguay,22932.928,26028.022,19350.741,0.7434579930814567,False,Local
4795,URY,2014,Uruguay,1118.117,1269.022,943.464,0.7434575602314224,False,PPP
4796,URY,2014,Uruguay,986.531,1119.676,832.432,0.7434579289008607,False,USD
4797,URY,2015,Uruguay,25231.879,28543.287,21439.278,0.7511145440257108,False,Local
4798,URY,2015,Uruguay,1132.486,1281.112,962.262,0.7511146566420421,False,PPP
4799,URY,2015,Uruguay,923.319,1044.495,784.535,0.7511141747926031,False,USD
4800,URY,2016,Uruguay,25950.029,28816.815,22750.726,0.7894948140521428,False,Local
4801,URY,2016,Uruguay,1073.279,1191.848,940.958,0.7894949691571409,False,PPP
4802,URY,2016,Uruguay,860.338,955.382,754.269,0.7894946733348546,False,USD
4803,URY,2017,Uruguay,30239.285,33889.982,26169.86,0.7722004691533917,False,Local
4804,URY,2017,Uruguay,1179.393,1321.777,1020.677,0.7722006056997511,False,PPP
4805,URY,2017,Uruguay,1054.501,1181.807,912.592,0.7722005369743113,False,USD
4806,URY,2018,Uruguay,32084.575,35596.476,28200.875,0.7922378327562537,False,Local
4807,URY,2018,Uruguay,1215.945,1349.039,1068.76,0.7922380301829672,False,PPP
4808,URY,2018,Uruguay,1044.241,1158.541,917.84,0.7922378232621893,False,USD
4809,URY,2019,Uruguay,34682.006,38530.088,30401.395,0.7890299913148394,True,Local
4810,URY,2019,Uruguay,1270.342,1411.29,1113.551,0.789030603206995,True,PPP
4811,URY,2019,Uruguay,983.737,1092.886,862.319,0.7890292308621393,True,USD
4812,URY,2020,Uruguay,36970.875,40527.977,33062.334,0.815790385984477,True,Local
4813,URY,2020,Uruguay,1331.613,1459.733,1190.836,0.8157902849356697,True,PPP
4814,URY,2020,Uruguay,879.98,964.646,786.949,0.8157904557734132,True,USD
4815,USA,1980,United States of America,1134.46,1355.29,870.33,0.6421725239616614,False,Local
4816,USA,1981,United States of America,1229.72,1472.2,948.27,0.6441176470588235,False,Local
4817,USA,1982,United States of America,1307.66,1576.12,1034.87,0.6565934065934066,False,Local
4818,USA,1983,United States of America,1355.29,1641.07,1091.16,0.6649076517150396,False,Local
4819,USA,1984,United States of America,1411.58,1697.36,1147.45,0.6760204081632654,False,Local
4820,USA,1985,United States of America,1489.52,1762.31,1199.41,0.6805896805896806,False,Local
4821,USA,1986,United States of America,1554.47,1814.27,1260.03,0.6945107398568019,False,Local
4822,USA,1987,United States of America,1619.42,1879.22,1311.99,0.6981566820276498,False,Local
4823,USA,1988,United States of America,1667.05,1944.17,1363.95,0.7015590200445434,False,Local
4824,USA,1989,United States of America,1727.67,2026.44,1420.24,0.7008547008547008,False,Local
4825,USA,1990,United States of America,1783.96,2082.73,1498.18,0.7193347193347194,False,Local
4826,USA,1990,United States of America,1783.96,2082.73,1498.18,0.7193347193347194,False,PPP
4827,USA,1990,United States of America,1783.96,2082.73,1498.18,0.7193347193347194,False,USD
4828,USA,1991,United States of America,1844.58,2134.69,1584.78,0.742393509127789,False,Local
4829,USA,1991,United States of America,1844.58,2134.69,1584.78,0.742393509127789,False,PPP
4830,USA,1991,United States of America,1844.58,2134.69,1584.78,0.742393509127789,False,USD
4831,USA,1992,United States of America,1905.2,2169.33,1645.4,0.7584830339321358,False,Local
4832,USA,1992,United States of America,1905.2,2169.33,1645.4,0.7584830339321358,False,PPP
4833,USA,1992,United States of America,1905.2,2169.33,1645.4,0.7584830339321358,False,USD
4834,USA,1993,United States of America,1987.47,2208.3,1701.69,0.7705882352941176,False,Local
4835,USA,1993,United States of America,1987.47,2208.3,1701.69,0.7705882352941176,False,PPP
4836,USA,1993,United States of America,1987.47,2208.3,1701.69,0.7705882352941176,False,USD
4837,USA,1994,United States of America,2070.286,2435.497,1670.101,0.6857331378359326,True,Local
4838,USA,1994,United States of America,2070.286,2435.497,1670.101,0.6857331378359326,True,PPP
4839,USA,1994,United States of America,2070.286,2435.497,1670.101,0.6857331378359326,True,USD
4840,USA,1995,United States of America,2123.614,2504.044,1705.961,0.6812823576582521,False,Local
4841,USA,1995,United States of America,2123.614,2504.044,1705.961,0.6812823576582521,False,PPP
4842,USA,1995,United States of America,2123.614,2504.044,1705.961,0.6812823576582521,False,USD
4843,USA,1996,United States of America,2184.764,2567.891,1767.721,0.6883940946091559,False,Local
4844,USA,1996,United States of America,2184.764,2567.891,1767.721,0.6883940946091559,False,PPP
4845,USA,1996,United States of America,2184.764,2567.891,1767.721,0.6883940946091559,False,USD
4846,USA,1997,United States of America,2265.625,2653.265,1843.493,0.6948016877319076,False,Local
4847,USA,1997,United States of America,2265.625,2653.265,1843.493,0.6948016877319076,False,PPP
4848,USA,1997,United States of America,2265.625,2653.265,1843.493,0.6948016877319076,False,USD
4849,USA,1998,United States of America,2408.575,2835.096,1943.803,0.6856215803627108,False,Local
4850,USA,1998,United States of America,2408.575,2835.096,1943.803,0.6856215803627108,False,PPP
4851,USA,1998,United States of America,2408.575,2835.096,1943.803,0.6856215803627108,False,USD
4852,USA,1999,United States of America,2509.195,2958.058,2025.381,0.6846995562629266,False,Local
4853,USA,1999,United States of America,2509.195,2958.058,2025.381,0.6846995562629266,False,PPP
4854,USA,1999,United States of America,2509.195,2958.058,2025.381,0.6846995562629266,False,USD
4855,USA,2000,United States of America,2629.435,3084.971,2136.56,0.6925705298364231,False,Local
4856,USA,2000,United States of America,2629.435,3084.971,2136.56,0.6925705298364231,False,PPP
4857,USA,2000,United States of America,2629.435,3084.971,2136.56,0.6925705298364231,False,USD
4858,USA,2001,United States of America,2741.631,3206.419,2237.571,0.697841111844709,False,Local
4859,USA,2001,United States of America,2741.631,3206.419,2237.571,0.697841111844709,False,PPP
4860,USA,2001,United States of America,2741.631,3206.419,2237.571,0.697841111844709,False,USD
4861,USA,2002,United States of America,2806.444,3273.789,2304.232,0.7038425506347538,False,Local
4862,USA,2002,United States of America,2806.444,3273.789,2304.232,0.7038425506347538,False,PPP
4863,USA,2002,United States of America,2806.444,3273.789,2304.232,0.7038425506347538,False,USD
4864,USA,2003,United States of America,2869.141,3343.239,2367.151,0.7080412139245803,False,Local
4865,USA,2003,United States of America,2869.141,3343.239,2367.151,0.7080412139245803,False,PPP
4866,USA,2003,United States of America,2869.141,3343.239,2367.151,0.7080412139245803,False,USD
4867,USA,2004,United States of America,2946.492,3423.804,2432.472,0.7104588930908429,False,Local
4868,USA,2004,United States of America,2946.492,3423.804,2432.472,0.7104588930908429,False,PPP
4869,USA,2004,United States of America,2946.492,3423.804,2432.472,0.7104588930908429,False,USD
4870,USA,2005,United States of America,3029.409,3500.794,2522.853,0.7206516578810408,False,Local
4871,USA,2005,United States of America,3029.409,3500.794,2522.853,0.7206516578810408,False,PPP
4872,USA,2005,United States of America,3029.409,3500.794,2522.853,0.7206516578810408,False,USD
4873,USA,2006,United States of America,3130.431,3607.771,2612.911,0.7242452472731777,False,Local
4874,USA,2006,United States of America,3130.431,3607.771,2612.911,0.7242452472731777,False,PPP
4875,USA,2006,United States of America,3130.431,3607.771,2612.911,0.7242452472731777,False,USD
4876,USA,2007,United States of America,3223.712,3719.68,2690.616,0.7233460942876807,False,Local
4877,USA,2007,United States of America,3223.712,3719.68,2690.616,0.7233460942876807,False,PPP
4878,USA,2007,United States of America,3223.712,3719.68,2690.616,0.7233460942876807,False,USD
4879,USA,2008,United States of America,3339.885,3846.64,2801.012,0.7281710791755923,False,Local
4880,USA,2008,United States of America,3339.885,3846.64,2801.012,0.7281710791755923,False,PPP
4881,USA,2008,United States of America,3339.885,3846.64,2801.012,0.7281710791755923,False,USD
4882,USA,2009,United States of America,3354.7,3864.375,2826.424,0.7314052078279153,False,Local
4883,USA,2009,United States of America,3354.7,3864.375,2826.424,0.7314052078279153,False,PPP
4884,USA,2009,United States of America,3354.7,3864.375,2826.424,0.7314052078279153,False,USD
4885,USA,2010,United States of America,3389.019,3879.561,2877.925,0.7418171798303984,False,Local
4886,USA,2010,United States of America,3389.019,3879.561,2877.925,0.7418171798303984,False,PPP
4887,USA,2010,United States of America,3389.019,3879.561,2877.925,0.7418171798303984,False,USD
4888,USA,2011,United States of America,3433.603,3907.668,2930.882,0.7500335238305813,False,Local
4889,USA,2011,United States of America,3433.603,3907.668,2930.882,0.7500335238305813,False,PPP
4890,USA,2011,United States of America,3433.603,3907.668,2930.882,0.7500335238305813,False,USD
4891,USA,2012,United States of America,3512.329,4020.948,2972.726,0.7393097349182333,False,Local
4892,USA,2012,United States of America,3512.329,4020.948,2972.726,0.7393097349182333,False,PPP
4893,USA,2012,United States of America,3512.329,4020.948,2972.726,0.7393097349182333,False,USD
4894,USA,2013,United States of America,3578.783,4066.922,3057.458,0.7517867320789531,False,Local
4895,USA,2013,United States of America,3578.783,4066.922,3057.458,0.7517867320789531,False,PPP
4896,USA,2013,United States of America,3578.783,4066.922,3057.458,0.7517867320789531,False,USD
4897,USA,2014,United States of America,3623.504,4109.564,3102.754,0.7550080738491965,False,Local
4898,USA,2014,United States of America,3623.504,4109.564,3102.754,0.7550080738491965,False,PPP
4899,USA,2014,United States of America,3623.504,4109.564,3102.754,0.7550080738491965,False,USD
4900,USA,2015,United States of America,3728.372,4233.861,3186.491,0.7526205985505902,False,Local
4901,USA,2015,United States of America,3728.372,4233.861,3186.491,0.7526205985505902,False,PPP
4902,USA,2015,United States of America,3728.372,4233.861,3186.491,0.7526205985505902,False,USD
4903,USA,2016,United States of America,3834.601,4345.897,3284.471,0.7557636547759876,False,Local
4904,USA,2016,United States of America,3834.601,4345.897,3284.471,0.7557636547759876,False,PPP
4905,USA,2016,United States of America,3834.601,4345.897,3284.471,0.7557636547759876,False,USD
4906,USA,2017,United States of America,3955.181,4472.514,3399.849,0.7601650883597011,False,Local
4907,USA,2017,United States of America,3955.181,4472.514,3399.849,0.7601650883597011,False,PPP
4908,USA,2017,United States of America,3955.181,4472.514,3399.849,0.7601650883597011,False,USD
4909,USA,2018,United States of America,4088.47,4617.719,3520.995,0.7624965919320773,False,Local
4910,USA,2018,United States of America,4088.47,4617.719,3520.995,0.7624965919320773,False,PPP
4911,USA,2018,United States of America,4088.47,4617.719,3520.995,0.7624965919320773,False,USD
4912,USA,2019,United States of America,4233.085,4776.756,3653.084,0.7647625292143873,False,Local
4913,USA,2019,United States of America,4233.085,4776.756,3653.084,0.7647625292143873,False,PPP
4914,USA,2019,United States of America,4233.085,4776.756,3653.084,0.7647625292143873,False,USD
4915,USA,2020,United States of America,4502.189,5036.621,3924.999,0.779292108737187,True,Local
4916,USA,2020,United States of America,4502.189,5036.621,3924.999,0.779292108737187,True,PPP
4917,USA,2020,United States of America,4502.189,5036.621,3924.999,0.779292108737187,True,USD
4918,USA,2021,United States of America,4600.127,5119.595,4043.957,0.7898978337153622,False,Local
4919,USA,2021,United States of America,4600.127,5119.595,4043.957,0.7898978337153622,False,PPP
4920,USA,2021,United States of America,4600.127,5119.595,4043.957,0.7898978337153622,False,USD
4921,USA,2022,United States of America,4844.618,5373.68,4276.698,0.7958601926426583,False,Local
4922,USA,2022,United States of America,4844.618,5373.68,4276.698,0.7958601926426583,False,PPP
4923,USA,2022,United States of America,4844.618,5373.68,4276.698,0.7958601926426583,False,USD
4924,USA,2023,United States of America,5334.394,5981.712,4641.108,0.7758828910519262,False,Local
4925,USA,2023,United States of America,5334.394,5981.712,4641.108,0.7758828910519262,False,PPP
4926,USA,2023,United States of America,5334.394,5981.712,4641.108,0.7758828910519262,False,USD
4927,USA,2024,United States of America,5985.292,6819.002,5093.697,0.7469857025998818,False,Local
4928,USA,2024,United States of America,5985.292,6819.002,5093.697,0.7469857025998818,False,PPP
4929,USA,2024,United States of America,5985.292,6819.002,5093.697,0.7469857025998818,False,USD
4930,UZB,2021,Uzbekistan,3214812.9,3931005.2,2530544.3,0.6437397488052164,False,Local
4931,UZB,2021,Uzbekistan,1106.046,1352.45,870.626,0.6437398794779844,False,PPP
4932,UZB,2021,Uzbekistan,303.014,370.519,238.518,0.6437402670308405,False,USD
4933,UZB,2022,Uzbekistan,3882157.089,4681257.369,3090347.185,0.6601532326474401,False,Local
4934,UZB,2022,Uzbekistan,1294.37,1560.803,1030.369,0.6601531391213368,False,PPP
4935,UZB,2022,Uzbekistan,351.322,423.638,279.666,0.6601532440432634,False,USD
4936,VEN,2005,Venezuela (Bolivarian Republic of),497686.743,514031.715,472973.619,0.9201253642491689,True,Local
4937,VEN,2006,Venezuela (Bolivarian Republic of),648131.893,671236.754,613236.796,0.9135923984281707,False,Local
4938,VEN,2007,Venezuela (Bolivarian Republic of),837002.257,863184.829,797267.737,0.9236350202350463,False,Local
4939,VEN,2008,Venezuela (Bolivarian Republic of),1108.846,1146.586,1053.102,0.9184675200987977,False,Local
4940,VEN,2009,Venezuela (Bolivarian Republic of),1406.835,1450.399,1343.953,0.9266091606516552,False,Local
4941,VEN,2010,Venezuela (Bolivarian Republic of),1775.419,1826.494,1703.466,0.9326425381085293,False,Local
4942,VEN,2011,Venezuela (Bolivarian Republic of),2189.308,2259.061,2092.798,0.9264017217773224,False,Local
4943,VEN,2012,Venezuela (Bolivarian Republic of),2796.853,2880.327,2681.73,0.9310505369702814,False,Local
4944,VEN,2016,Venezuela (Bolivarian Republic of),22498.639,24019.358,20602.149,0.857731043435882,False,Local
4945,VEN,2017,Venezuela (Bolivarian Republic of),271673.027,286779.555,253862.255,0.8852174102857507,False,Local
4946,VNM,2007,Viet Nam,1433693.091,1503428.257,1330746.417,0.8851412834659791,True,Local
4947,VNM,2007,Viet Nam,298.913,313.452,277.45,0.8851434988451182,True,PPP
4948,VNM,2007,Viet Nam,89.021,93.351,82.629,0.8851431693286629,True,USD
4949,VNM,2009,Viet Nam,2267609.523,2412767.342,2049465.255,0.8494251473501583,False,Local
4950,VNM,2009,Viet Nam,372.328,396.162,336.51,0.8494252351310828,False,PPP
4951,VNM,2009,Viet Nam,132.88,141.386,120.097,0.8494263929950632,False,USD
4952,VNM,2010,Viet Nam,2506385.597,2662421.597,2275215.157,0.854566068560929,False,Local
4953,VNM,2010,Viet Nam,383.016,406.861,347.69,0.8545670388658535,False,PPP
4954,VNM,2010,Viet Nam,134.658,143.042,122.238,0.8545601991023616,False,USD
4955,VNM,2011,Viet Nam,3112675.586,3281775.783,2859999.769,0.8714793325659689,False,Local
4956,VNM,2011,Viet Nam,413.459,435.92,379.896,0.8714810056891172,False,PPP
4957,VNM,2011,Viet Nam,151.766,160.011,139.446,0.8714775859159682,False,USD
4958,VNM,2012,Viet Nam,3739062.14,3904950.343,3496515.909,0.8954059851920632,False,Local
4959,VNM,2012,Viet Nam,497.521,519.594,465.248,0.8954067983848927,False,PPP
4960,VNM,2012,Viet Nam,179.521,187.486,167.876,0.8954055236124298,False,USD
4961,VNM,2013,Viet Nam,4092625.834,4251682.179,3864594.731,0.9089566360552748,False,Local
4962,VNM,2013,Viet Nam,521.902,542.185,492.823,0.9089572747309498,False,PPP
4963,VNM,2013,Viet Nam,195.507,203.105,184.614,0.9089584205214053,False,USD
4964,VNM,2014,Viet Nam,4461659.196,4630885.978,4226618.71,0.9127019602899841,False,Local
4965,VNM,2014,Viet Nam,568.67,590.239,538.712,0.9127014649997712,False,PPP
4966,VNM,2014,Viet Nam,210.973,218.975,199.859,0.9127023632834799,False,USD
4967,VNM,2015,Viet Nam,5101539.736,5266903.76,4875390.561,0.925665397197233,False,Local
4968,VNM,2015,Viet Nam,673.657,695.494,643.794,0.9256643479311107,False,PPP
4969,VNM,2015,Viet Nam,235.12,242.742,224.698,0.9256659333778251,False,USD
4970,VNM,2016,Viet Nam,5456969.19,5645131.133,5198377.34,0.9208603338922648,False,Local
4971,VNM,2016,Viet Nam,732.529,757.787,697.816,0.9208603473007586,False,PPP
4972,VNM,2016,Viet Nam,248.779,257.357,236.99,0.9208609052794366,False,USD
4973,VNM,2017,Viet Nam,5360535.587,5607129.017,5025872.509,0.896336163081371,False,Local
4974,VNM,2017,Viet Nam,716.202,749.149,671.489,0.8963357089177186,False,PPP
4975,VNM,2017,Viet Nam,239.63,250.653,224.669,0.8963347735714315,False,USD
4976,VNM,2018,Viet Nam,5761241.246,6053932.904,5369908.521,0.8870115685378597,False,Local
4977,VNM,2018,Viet Nam,759.85,798.453,708.237,0.8870115085045707,False,PPP
4978,VNM,2018,Viet Nam,254.899,267.849,237.585,0.8870109651333401,False,USD
4979,VNM,2019,Viet Nam,6645391.302,6985144.509,6199087.026,0.8874672554036348,False,Local
4980,VNM,2019,Viet Nam,877.16,922.005,818.25,0.8874680722989572,False,PPP
4981,VNM,2019,Viet Nam,288.3,303.04,268.938,0.8874670010559661,False,USD
4982,VNM,2020,Viet Nam,6873959.591,7231166.152,6402883.754,0.8854565943321724,False,Local
4983,VNM,2020,Viet Nam,901.283,948.119,839.518,0.885456361490488,False,PPP
4984,VNM,2020,Viet Nam,296.184,311.576,275.887,0.8854565178319254,False,USD
4985,VNM,2021,Viet Nam,6746287.841,7130422.746,6244639.92,0.8757741500674832,False,Local
4986,VNM,2021,Viet Nam,898.209,949.353,831.419,0.8757743431579191,False,PPP
4987,VNM,2021,Viet Nam,291.293,307.88,269.633,0.8757730284526438,False,USD
4988,VNM,2022,Viet Nam,7460916.469,7855421.412,6957712.391,0.8857210868880118,False,Local
4989,VNM,2022,Viet Nam,1040.023,1095.016,969.879,0.8857213045288835,False,PPP
4990,VNM,2022,Viet Nam,320.607,337.56,298.984,0.8857210569972745,False,USD
4991,VNM,2023,Viet Nam,7853534.469,8296433.136,7292601.177,0.8790043935092832,False,Local
4992,VNM,2023,Viet Nam,1103.908,1166.162,1025.062,0.8790048037922689,False,PPP
4993,VNM,2023,Viet Nam,330.156,348.776,306.575,0.8790025689841043,False,USD
4994,VUT,2010,Vanuatu,40547.152,44400.963,34100.786,0.7680190630099621,False,Local
4995,VUT,2010,Vanuatu,342.319,374.854,287.895,0.7680190154033304,False,PPP
4996,VUT,2010,Vanuatu,418.418,458.187,351.896,0.7680182982057544,False,USD
4997,WSM,2012,Samoa,1332.253,1360.752,1282.743,0.9426721401107623,True,Local
4998,WSM,2012,Samoa,701.223,716.223,675.164,0.9426728826077911,True,PPP
4999,WSM,2012,Samoa,581.183,593.616,559.585,0.9426716934853508,True,USD
5000,YEM,2010,Yemen,35890.0,36243.0,30494.0,0.8413762657616644,False,Local
5001,YEM,2010,Yemen,541.792,547.121,460.335,0.8413769531785473,False,PPP
5002,YEM,2010,Yemen,163.441,165.048,138.868,0.8413794774853376,False,USD
5003,YEM,2014,Yemen,61426.083,62063.999,47830.673,0.7706669529947627,True,Local
5004,ZAF,2001,South Africa,2384.23,2433.787,2289.104,0.9405523162051568,False,Local
5005,ZAF,2001,South Africa,618.618,631.476,593.936,0.9405519766388588,False,PPP
5006,ZAF,2001,South Africa,276.94,282.697,265.891,0.9405511908509818,False,USD
5007,ZAF,2004,South Africa,2648.971,2704.145,2541.348,0.9397972372043659,False,Local
5008,ZAF,2004,South Africa,638.029,651.318,612.107,0.9397974568490354,False,PPP
5009,ZAF,2004,South Africa,410.077,418.618,393.416,0.939797142024471,False,USD
5010,ZAF,2006,South Africa,3254.761,3397.68,2992.378,0.8807121329848604,False,Local
5011,ZAF,2006,South Africa,794.016,828.882,730.006,0.880711609131336,False,PPP
5012,ZAF,2006,South Africa,480.652,501.758,441.904,0.8807114186520195,False,USD
5013,ZAF,2011,South Africa,6032.0,6671.0,5230.0,0.7839904062359466,False,Local
5014,ZAF,2011,South Africa,1198.926,1325.934,1039.52,0.7839907567043307,False,PPP
5015,ZAF,2011,South Africa,830.724,918.727,720.273,0.7839902386671993,False,USD
5016,ZAF,2012,South Africa,6744.0,7373.0,5973.0,0.81011799810118,False,Local
5017,ZAF,2012,South Africa,1312.965,1435.423,1162.862,0.8101179930933251,False,PPP
5018,ZAF,2012,South Africa,821.44,898.055,727.53,0.8101174204252524,False,USD
5019,ZAF,2013,South Africa,8193.931,9051.517,7156.605,0.7906525502852173,False,Local
5020,ZAF,2013,South Africa,1493.906,1650.26,1304.782,0.7906523820488892,False,PPP
5021,ZAF,2013,South Africa,848.667,937.49,741.229,0.7906527002954699,False,USD
5022,ZAF,2015,South Africa,3100.0,3500.0,2700.0,0.7714285714285715,False,Local
5023,ZAF,2015,South Africa,511.243,577.21,445.276,0.7714280764366521,False,PPP
5024,ZAF,2015,South Africa,242.967,274.318,211.616,0.7714258634139941,False,USD
5025,ZAF,2016,South Africa,3300.0,3700.0,2900.0,0.7837837837837838,False,Local
5026,ZAF,2016,South Africa,515.578,578.072,453.084,0.7837847188585505,False,PPP
5027,ZAF,2016,South Africa,224.343,251.536,197.15,0.7837844284714713,False,USD
5028,ZAF,2017,South Africa,3500.0,4000.0,3000.0,0.75,False,Local
5029,ZAF,2017,South Africa,525.631,600.721,450.541,0.7500004161665732,False,PPP
5030,ZAF,2017,South Africa,262.688,300.215,225.161,0.7499991672634613,False,USD
5031,ZAF,2018,South Africa,3500.0,4000.0,3033.0,0.75825,False,Local
5032,ZAF,2018,South Africa,499.168,570.477,432.564,0.7582496752717464,False,PPP
5033,ZAF,2018,South Africa,264.472,302.253,229.184,0.7582521926994935,False,USD
5034,ZAF,2019,South Africa,3800.0,4000.0,3466.0,0.8665,False,Local
5035,ZAF,2019,South Africa,524.749,552.367,478.626,0.8664999900428519,False,PPP
5036,ZAF,2019,South Africa,263.004,276.847,239.888,0.8665002691017061,False,USD
5037,ZAF,2020,South Africa,7980.252,9550.564,6145.871,0.6435086974968179,False,Local
5038,ZAF,2020,South Africa,1076.012,1287.744,828.674,0.6435083370607823,False,PPP
5039,ZAF,2020,South Africa,484.853,580.26,373.402,0.6435080825836694,False,USD
5040,ZMB,2018,Zambia,2834.383,2876.858,2726.051,0.9475792687716946,True,Local
5041,ZMB,2018,Zambia,637.934,647.493,613.551,0.9475793560702587,True,PPP
5042,ZMB,2018,Zambia,271.017,275.078,260.658,0.9475785050058531,True,USD
5043,ZMB,2019,Zambia,2947.291,3132.012,2530.794,0.8080409653602859,False,Local
5044,ZMB,2019,Zambia,620.612,659.508,532.91,0.8080417523365903,False,PPP
5045,ZMB,2019,Zambia,228.649,242.98,196.338,0.8080418141410816,False,USD
5046,ZMB,2020,Zambia,2994.624,3094.528,2780.414,0.898493728284249,False,Local
5047,ZMB,2020,Zambia,559.062,577.713,519.072,0.8984945812193945,False,PPP
5048,ZMB,2020,Zambia,163.247,168.693,151.57,0.8984960846033918,False,USD
5049,ZMB,2021,Zambia,3205.514,3328.464,2924.821,0.8787299487090742,False,Local
5050,ZMB,2021,Zambia,517.888,537.752,472.539,0.8787303440991386,False,PPP
5051,ZMB,2021,Zambia,160.128,166.269,146.106,0.8787326561174963,False,USD
5052,ZMB,2022,Zambia,3445.361,3535.564,3245.492,0.9179559470568205,False,Local
5053,ZMB,2022,Zambia,541.641,555.822,510.22,0.9179557484230564,False,PPP
5054,ZMB,2022,Zambia,203.415,208.741,191.615,0.9179557441997499,False,USD
5055,ZWE,2011,Zimbabwe,230.593,243.205,204.576,0.8411669167985855,True,Local
5056,ZWE,2014,Zimbabwe,316.93,334.515,283.74,0.8482130846150397,False,Local
5057,ZWE,2022,Zimbabwe,30320.301,31907.583,27635.835,0.8661212289254251,False,Local
5058,ZWE,2022,Zimbabwe,212.044,223.145,193.27,0.8661184431647584,False,PPP
5059,ZWE,2022,Zimbabwe,80.864,85.097,73.704,0.8661174894532122,False,USD
5060,ZWE,2023,Zimbabwe,406978.727,420431.18,385130.787,0.9160376425934919,False,Local
5061,ZWE,2023,Zimbabwe,1711.902,1768.488,1620.001,0.916037315492104,False,PPP
5062,ZWE,2023,Zimbabwe,115.976,119.809,109.75,0.9160413658406297,False,USD
