,ISO,year,country,break,local_currency_code,F_local,F_usd,M_local,M_usd,T_local,T_usd,ratio_local,ratio_usd,female_share,male_share,balanced_avg,balanced_ratio
0,ABW,2010,Aruba,False,AWG,2713.0,1515.642,3338.0,1864.804,3013.0,1683.24,0.812,0.812,0.52,0.48,3025.5,0.896
1,AFG,2020,Afghanistan,True,AFN,10843.294,141.164,13439.387,174.961,13202.245,171.874,0.806,0.806,0.091,0.908,12141.34,0.893
2,AGO,2021,Angola,False,AOA,69497.802,110.062,99293.136,157.248,90678.796,143.606,0.699,0.699,0.289,0.71,84395.469,0.823
3,ALB,2015,Albania,False,ALL,45033.0,357.514,48358.0,383.91,46829.0,371.772,0.931,0.931,0.459,0.54,46695.5,0.964
4,ALB,2016,Albania,False,ALL,44354.206,357.285,50083.853,403.438,47522.434,382.806,0.885,0.885,0.447,0.552,47219.029,0.939
5,ALB,2017,Albania,False,ALL,46017.64,386.378,51392.033,431.503,48966.821,411.14,0.895,0.895,0.451,0.548,48704.836,0.944
6,ALB,2018,Albania,False,ALL,47490.0,439.766,53181.0,492.466,50589.0,468.464,0.892,0.892,0.455,0.544,50335.5,0.943
7,ALB,2019,Albania,False,ALL,49411.0,449.801,54940.0,500.133,52380.0,476.828,0.899,0.899,0.463,0.536,52175.5,0.947
8,ALB,2020,Albania,False,ALL,51679.0,475.647,55317.0,509.13,53662.0,493.898,0.934,0.934,0.454,0.545,53498.0,0.965
9,ALB,2021,Albania,False,ALL,55760.0,538.64,58413.0,564.268,57191.0,552.463,0.954,0.954,0.46,0.539,57086.5,0.976
10,ALB,2022,Albania,False,ALL,59813.0,529.124,63773.0,564.155,61898.0,547.568,0.937,0.937,0.473,0.526,61793.0,0.967
11,ARE,2009,United Arab Emirates,False,AED,5550.968,1511.496,7917.571,2155.908,7450.614,2028.758,0.701,0.701,0.197,0.802,6734.269,0.824
12,ARG,2004,Argentina,True,ARS,546.02,188.412,797.288,275.116,685.086,236.399,0.684,0.684,0.446,0.553,671.654,0.812
13,ARG,2005,Argentina,False,ARS,644.352,218.646,953.885,323.68,816.306,276.995,0.675,0.675,0.444,0.555,799.118,0.806
14,ARG,2006,Argentina,False,ARS,827.057,271.611,1185.819,389.431,1026.551,337.127,0.697,0.697,0.443,0.556,1006.438,0.821
15,ARG,2008,Argentina,False,ARS,1348.002,428.753,1862.376,592.358,1636.195,520.418,0.723,0.723,0.439,0.56,1605.188,0.839
16,ARG,2009,Argentina,False,ARS,1676.452,484.103,2201.785,635.802,1968.266,568.37,0.761,0.761,0.444,0.555,1939.118,0.864
17,ARG,2010,Argentina,False,ARS,2047.072,537.995,2708.707,711.88,2418.527,635.618,0.755,0.755,0.438,0.561,2377.889,0.86
18,ARG,2011,Argentina,False,ARS,2643.812,664.107,3542.718,889.906,3150.631,791.416,0.746,0.746,0.436,0.563,3093.265,0.854
19,ARG,2012,Argentina,False,ARS,3304.936,765.031,4410.081,1020.852,3925.666,908.718,0.749,0.749,0.438,0.561,3857.508,0.856
20,ARG,2013,Argentina,False,ARS,4198.434,848.511,5594.005,1130.558,4981.156,1006.7,0.75,0.75,0.439,0.56,4896.219,0.857
21,ARG,2014,Argentina,False,ARS,5446.116,771.951,7254.33,1028.253,6460.093,915.675,0.75,0.75,0.439,0.56,6350.223,0.857
22,ARG,2017,Argentina,False,ARS,12258.414,771.309,16382.998,1030.831,14490.073,911.726,0.748,0.748,0.458,0.541,14320.706,0.855
23,ARG,2018,Argentina,False,ARS,15579.87,805.41,20937.729,1082.388,18457.024,954.147,0.744,0.744,0.463,0.536,18258.799,0.853
24,ARG,2019,Argentina,False,ARS,21861.66,568.869,28726.973,747.514,25562.726,665.176,0.761,0.761,0.46,0.539,25294.316,0.864
25,ARG,2020,Argentina,False,ARS,31428.096,498.985,40458.771,642.365,36282.026,576.051,0.776,0.776,0.462,0.537,35943.433,0.874
26,ARG,2021,Argentina,False,ARS,43757.025,478.354,58629.244,640.938,51752.749,565.764,0.746,0.746,0.462,0.537,51193.134,0.854
27,ARG,2022,Argentina,False,ARS,70482.564,643.793,93993.388,858.543,83060.662,758.683,0.749,0.749,0.465,0.534,82237.976,0.857
28,ARG,2023,Argentina,False,ARS,163516.913,862.385,214733.502,1132.5,190754.004,1006.033,0.761,0.761,0.468,0.531,189125.207,0.864
29,ARM,2011,Armenia,False,AMD,64292.79,172.598,97430.606,261.558,82681.486,221.963,0.659,0.659,0.445,0.554,80861.698,0.795
30,ARM,2012,Armenia,False,AMD,69123.535,172.05,105034.109,261.432,88760.389,220.927,0.658,0.658,0.453,0.546,87078.822,0.793
31,ARM,2014,Armenia,True,AMD,74654.281,179.492,114809.237,276.037,95690.029,230.068,0.65,0.65,0.476,0.523,94731.758,0.788
32,ARM,2015,Armenia,False,AMD,79546.827,166.444,119184.393,249.382,100331.238,209.934,0.667,0.667,0.475,0.524,99365.61,0.8
33,ARM,2016,Armenia,False,AMD,79541.311,165.543,119163.433,248.005,99931.079,207.978,0.667,0.667,0.485,0.514,99352.372,0.8
34,ARM,2017,Armenia,False,AMD,84423.741,174.893,122056.875,252.854,103505.383,214.423,0.691,0.691,0.492,0.507,103240.307,0.817
35,ARM,2020,Armenia,False,AMD,100066.646,204.632,151655.781,310.129,125733.844,257.12,0.659,0.659,0.502,0.497,125861.213,0.795
36,ARM,2021,Armenia,False,AMD,104116.368,206.674,158052.93,313.74,130559.108,259.164,0.658,0.658,0.509,0.49,131084.649,0.794
37,ATG,2018,Antigua and Barbuda,False,XCD,2481.99,919.256,2871.245,1063.424,2672.81,989.93,0.864,0.864,0.509,0.49,2676.617,0.927
38,ATG,2023,Antigua and Barbuda,False,XCD,2682.598,993.555,3009.74,1114.718,2840.209,1051.929,0.891,0.891,0.518,0.481,2846.169,0.942
39,AUS,1972,Australia,False,AUD,67.297,56.441,98.7,82.779,,,0.681,0.681,,,82.998,0.81
40,AUS,1973,Australia,False,AUD,81.12,57.117,115.056,81.012,,,0.705,0.705,,,98.088,0.827
41,AUS,1974,Australia,False,AUD,110.11,76.71,147.854,103.005,,,0.744,0.744,,,128.982,0.853
42,AUS,1975,Australia,False,AUD,130.175,99.437,164.43,125.603,,,0.791,0.791,,,147.303,0.883
43,AUS,1976,Australia,False,AUD,150.912,123.488,187.627,153.531,,,0.804,0.804,,,169.269,0.891
44,AUS,1977,Australia,False,AUD,169.344,152.717,207.977,187.557,,,0.814,0.814,,,188.66,0.897
45,AUS,1978,Australia,False,AUD,181.45,158.525,221.676,193.669,,,0.818,0.818,,,201.563,0.9
46,AUS,1979,Australia,False,AUD,196.474,175.773,242.537,216.983,,,0.81,0.81,,,219.505,0.895
47,AUS,1982,Australia,True,AUD,282.298,278.306,356.4,351.36,332.985,328.276,0.792,0.792,0.315,0.684,319.349,0.883
48,AUS,1984,Australia,False,AUD,329.284,375.225,405.015,461.522,379.764,432.748,0.813,0.813,0.333,0.666,367.149,0.896
49,AUT,2002,Austria,False,EUR,1719.69,1626.094,2409.93,2278.767,2162.43,2044.737,0.713,0.713,0.358,0.641,2064.81,0.832
50,AUT,2004,Austria,False,EUR,1674.637,2083.085,2551.872,3174.279,2169.082,2698.126,0.656,0.656,0.436,0.563,2113.254,0.792
51,AUT,2005,Austria,False,EUR,1757.038,2185.914,2625.727,3266.642,2247.198,2795.717,0.669,0.669,0.435,0.564,2191.382,0.801
52,AUT,2006,Austria,False,EUR,1762.951,2213.559,2629.62,3301.748,2251.217,2826.626,0.67,0.67,0.436,0.563,2196.285,0.802
53,AUT,2007,Austria,False,EUR,2174.364,2979.918,3303.052,4526.76,2812.792,3854.869,0.658,0.658,0.434,0.565,2738.708,0.793
54,AUT,2008,Austria,False,EUR,2424.231,3565.452,3687.83,5423.896,3135.569,4611.656,0.657,0.657,0.437,0.562,3056.03,0.793
55,AUT,2010,Austria,False,EUR,2639.167,3498.788,3961.925,5252.391,3374.459,4473.577,0.666,0.666,0.444,0.555,3300.546,0.799
56,AUT,2011,Austria,False,EUR,2617.402,3643.307,3929.064,5469.081,3335.132,4642.354,0.666,0.666,0.452,0.547,3273.233,0.799
57,AUT,2012,Austria,False,EUR,2666.782,3426.251,4098.008,5265.074,3459.086,4444.195,0.65,0.65,0.446,0.553,3382.395,0.788
58,AUT,2014,Austria,False,EUR,2911.681,3868.171,4279.898,5685.848,3662.191,4865.224,0.68,0.68,0.451,0.548,3595.789,0.809
59,AUT,2016,Austria,False,EUR,2923.287,3235.795,4453.071,4929.118,3752.687,4153.861,0.656,0.656,0.457,0.542,3688.179,0.792
60,AUT,2019,Austria,False,EUR,3120.101,3492.873,4688.37,5248.51,3977.213,4452.389,0.665,0.665,0.453,0.546,3904.235,0.799
61,AUT,2020,Austria,False,EUR,3365.821,3844.428,4817.824,5502.9,4161.638,4753.406,0.698,0.698,0.451,0.548,4091.822,0.822
62,AUT,2021,Austria,False,EUR,3504.904,4145.392,4929.866,5830.751,4275.853,5057.224,0.71,0.71,0.458,0.541,4217.385,0.831
63,AUT,2022,Austria,False,EUR,3405.605,3586.268,4991.843,5256.654,4256.412,4482.209,0.682,0.682,0.463,0.536,4198.724,0.811
64,AUT,2023,Austria,False,EUR,3604.806,3897.763,5252.655,5679.531,4490.404,4855.333,0.686,0.686,0.462,0.537,4428.73,0.813
65,AZE,2022,Azerbaijan,False,AZN,655.3,385.471,962.7,566.294,839.4,493.765,0.68,0.68,0.401,0.598,809.0,0.81
66,BDI,2020,Burundi,False,BIF,382336.895,199.649,461968.172,241.231,433782.57,226.513,0.827,0.827,0.353,0.646,422152.533,0.905
67,BEL,2004,Belgium,False,EUR,2156.208,2682.112,2946.275,3664.879,2591.253,3223.266,0.731,0.731,0.449,0.55,2551.241,0.845
68,BEL,2005,Belgium,False,EUR,2176.717,2708.032,2961.602,3684.5,2603.602,3239.116,0.734,0.734,0.456,0.543,2569.159,0.847
69,BEL,2006,Belgium,False,EUR,2250.535,2825.769,3044.958,3823.246,2685.664,3372.117,0.739,0.739,0.452,0.547,2647.746,0.849
70,BEL,2007,Belgium,False,EUR,3026.253,4147.412,4323.064,5924.664,3724.343,5104.13,0.7,0.7,0.461,0.538,3674.658,0.823
71,BEL,2008,Belgium,False,EUR,3028.889,4454.755,4291.548,6311.817,3706.729,5451.691,0.705,0.705,0.463,0.536,3660.218,0.827
72,BEL,2009,Belgium,False,EUR,3255.802,4541.135,4506.495,6285.581,3922.081,5470.45,0.722,0.722,0.467,0.532,3881.148,0.838
73,BEL,2010,Belgium,False,EUR,3377.722,4477.903,4588.527,6083.086,4016.742,5325.062,0.736,0.736,0.472,0.527,3983.124,0.848
74,BEL,2011,Belgium,False,EUR,3454.75,4808.858,4736.428,6592.896,4118.506,5732.778,0.729,0.729,0.482,0.517,4095.589,0.843
75,BEL,2012,Belgium,False,EUR,3561.894,4576.281,4876.95,6265.851,4252.609,5463.704,0.73,0.73,0.474,0.525,4219.422,0.844
76,BEL,2013,Belgium,False,EUR,3676.079,4882.267,5136.8,6822.276,4422.129,5873.109,0.715,0.715,0.489,0.51,4406.439,0.834
77,BEL,2014,Belgium,False,EUR,3822.849,5078.658,5201.141,6909.72,4527.225,6014.421,0.735,0.735,0.488,0.511,4511.995,0.847
78,BEL,2015,Belgium,False,EUR,3816.738,4234.72,5166.255,5732.027,4517.856,5012.619,0.738,0.738,0.48,0.519,4491.496,0.849
79,BEL,2016,Belgium,False,EUR,3859.319,4271.892,5223.04,5781.399,4566.641,5054.829,0.738,0.738,0.481,0.518,4541.179,0.849
80,BEL,2017,Belgium,False,EUR,3949.001,4461.112,5335.822,6027.778,4655.451,5259.176,0.74,0.74,0.49,0.509,4642.411,0.85
81,BEL,2018,Belgium,False,EUR,3964.4,4681.776,5397.234,6373.888,4701.583,5552.355,0.734,0.734,0.485,0.514,4680.817,0.846
82,BEL,2019,Belgium,False,EUR,4225.942,4730.834,5671.977,6349.634,4956.203,5548.343,0.745,0.745,0.494,0.505,4948.959,0.853
83,BEL,2020,Belgium,False,EUR,4354.52,4973.716,5732.087,6547.168,5043.15,5760.266,0.759,0.759,0.5,0.499,5043.303,0.863
84,BEL,2021,Belgium,False,EUR,4516.035,5341.297,5856.674,6926.924,5185.728,6133.369,0.771,0.771,0.5,0.499,5186.354,0.87
85,BEL,2022,Belgium,False,EUR,4788.237,5042.246,6043.09,6363.667,5417.902,5705.315,0.792,0.792,0.498,0.501,5415.663,0.884
86,BEL,2023,Belgium,False,EUR,5166.568,5586.447,6514.11,7043.503,5843.968,6318.9,0.793,0.793,0.497,0.502,5840.339,0.884
87,BEN,2011,Benin,False,XOF,65808.224,139.647,82861.776,175.834,78811.643,167.24,0.794,0.794,0.237,0.762,74335.0,0.885
88,BFA,2018,Burkina Faso,False,XOF,83244.935,149.87,118306.464,212.994,107024.67,192.682,0.703,0.703,0.321,0.678,100775.699,0.826
89,BFA,2019,Burkina Faso,False,XOF,86797.572,148.141,121652.343,207.629,111405.428,190.141,0.713,0.713,0.293,0.706,104224.957,0.832
90,BFA,2022,Burkina Faso,False,XOF,64327.504,103.129,91954.585,147.42,84008.694,134.681,0.699,0.699,0.287,0.712,78141.044,0.823
91,BGD,2016,Bangladesh,False,BDT,12106.0,154.279,13141.0,167.469,12915.0,164.589,0.921,0.921,0.218,0.781,12623.5,0.959
92,BGD,2017,Bangladesh,False,BDT,11058.771,137.483,12044.784,149.741,11811.698,146.843,0.918,0.918,0.236,0.763,11551.777,0.957
93,BGR,1999,Bulgaria,True,BGN,175.0,95.296,227.0,123.612,201.0,109.454,0.77,0.77,0.5,0.5,201.0,0.87
94,BGR,2000,Bulgaria,False,BGN,194.0,91.368,256.0,120.568,225.01,105.973,0.757,0.757,0.499,0.5,225.0,0.862
95,BGR,2001,Bulgaria,False,BGN,209.0,95.665,273.0,124.96,240.0,109.854,0.765,0.765,0.515,0.484,241.0,0.867
96,BGR,2002,Bulgaria,False,BGN,227.0,109.294,290.0,139.626,258.0,124.219,0.782,0.782,0.507,0.492,258.5,0.878
97,BGR,2003,Bulgaria,False,BGN,246.0,141.975,303.0,174.871,273.0,157.557,0.811,0.811,0.526,0.473,274.5,0.896
98,BGR,2004,Bulgaria,False,BGN,265.0,168.242,321.0,203.795,292.0,185.384,0.825,0.825,0.517,0.482,293.0,0.904
99,BGR,2005,Bulgaria,False,BGN,293.0,186.134,356.0,226.156,324.0,205.827,0.823,0.823,0.507,0.492,324.5,0.902
100,BGR,2006,Bulgaria,False,BGN,327.0,209.714,393.0,252.042,360.01,230.884,0.832,0.832,0.499,0.5,360.0,0.908
101,BGR,2007,Bulgaria,False,EUR,218.61,299.6,272.245,373.106,247.347,338.983,0.802,0.802,0.464,0.535,245.427,0.89
102,BGR,2008,Bulgaria,False,EUR,258.435,380.096,324.924,477.883,294.095,432.542,0.795,0.795,0.463,0.536,291.679,0.886
103,BGR,2009,Bulgaria,False,EUR,339.513,473.547,412.316,575.091,378.081,527.34,0.823,0.823,0.47,0.529,375.914,0.903
104,BGR,2010,Bulgaria,False,EUR,345.903,458.57,401.873,532.77,375.38,497.648,0.86,0.86,0.473,0.526,373.888,0.925
105,BGR,2011,Bulgaria,False,EUR,315.902,439.722,383.502,533.818,350.6,488.02,0.823,0.823,0.486,0.513,349.702,0.903
106,BGR,2012,Bulgaria,False,EUR,400.126,514.077,490.887,630.686,447.262,574.638,0.815,0.815,0.48,0.519,445.506,0.898
107,BGR,2013,Bulgaria,False,EUR,369.121,490.236,439.846,584.167,405.303,538.29,0.839,0.839,0.488,0.511,404.483,0.912
108,BGR,2014,Bulgaria,False,EUR,391.78,520.479,475.089,631.156,433.866,576.392,0.824,0.824,0.494,0.505,433.434,0.903
109,BGR,2015,Bulgaria,False,EUR,436.42,484.214,538.236,597.18,489.009,542.562,0.81,0.81,0.483,0.516,487.328,0.895
110,BGR,2016,Bulgaria,False,EUR,508.344,562.688,585.071,647.617,548.124,606.72,0.868,0.868,0.481,0.518,546.707,0.929
111,BGR,2017,Bulgaria,False,EUR,531.668,600.615,597.635,675.137,565.55,638.891,0.889,0.889,0.486,0.513,564.651,0.941
112,BGR,2018,Bulgaria,False,EUR,527.338,622.762,592.313,699.494,561.327,662.902,0.89,0.89,0.476,0.523,559.825,0.941
113,BGR,2019,Bulgaria,False,EUR,644.369,721.354,749.123,838.624,699.482,783.052,0.86,0.86,0.473,0.526,696.746,0.924
114,BGR,2020,Bulgaria,False,EUR,693.943,792.618,798.147,911.64,748.931,855.426,0.869,0.869,0.472,0.527,746.045,0.93
115,BGR,2021,Bulgaria,False,EUR,761.439,900.585,855.739,1012.117,811.217,959.46,0.889,0.889,0.472,0.527,808.589,0.941
116,BGR,2022,Bulgaria,False,EUR,867.554,913.577,963.815,1014.944,917.982,966.68,0.9,0.9,0.476,0.523,915.684,0.947
117,BGR,2023,Bulgaria,False,EUR,949.164,1026.3,1066.557,1153.234,1010.359,1092.47,0.889,0.889,0.478,0.521,1007.86,0.941
118,BHR,2001,Bahrain,False,BHD,218.0,579.787,237.0,630.319,234.0,622.34,0.919,0.919,0.157,0.842,227.5,0.958
119,BHR,2002,Bahrain,False,BHD,224.0,595.745,238.0,632.979,236.0,627.66,0.941,0.941,0.142,0.857,231.0,0.969
120,BHR,2015,Bahrain,True,BHD,680.0,1808.511,889.0,2364.362,785.0,2087.766,0.764,0.764,0.497,0.502,784.5,0.866
121,BHR,2016,Bahrain,False,BHD,715.0,1901.596,933.0,2481.383,824.0,2191.489,0.766,0.766,0.5,0.5,824.0,0.867
122,BHR,2017,Bahrain,False,BHD,721.0,1917.553,953.0,2534.575,837.0,2226.064,0.756,0.756,0.5,0.5,837.0,0.861
123,BHR,2018,Bahrain,False,BHD,736.0,1957.447,971.0,2582.447,853.0,2268.617,0.757,0.757,0.502,0.497,853.5,0.862
124,BHS,2019,Bahamas,False,BSD,4267.944,4267.944,4911.727,4911.727,4585.317,4585.317,0.868,0.868,0.507,0.492,4589.835,0.929
125,BIH,2006,Bosnia and Herzegovina,True,BAM,435.333,279.226,511.878,328.322,484.594,310.822,0.85,0.85,0.356,0.643,473.605,0.919
126,BIH,2007,Bosnia and Herzegovina,False,BAM,490.653,343.353,547.744,383.305,527.87,369.398,0.895,0.895,0.348,0.651,519.198,0.945
127,BIH,2008,Bosnia and Herzegovina,False,BAM,567.657,425.149,635.019,475.6,611.119,457.7,0.893,0.893,0.354,0.645,601.338,0.943
128,BIH,2009,Bosnia and Herzegovina,False,BAM,616.614,437.97,700.834,497.79,670.678,476.371,0.879,0.879,0.358,0.641,658.723,0.936
129,BIH,2010,Bosnia and Herzegovina,False,BAM,654.984,443.534,718.655,486.65,695.575,471.021,0.911,0.911,0.362,0.637,686.819,0.953
130,BIH,2011,Bosnia and Herzegovina,False,BAM,658.451,468.003,732.468,520.611,704.899,501.017,0.898,0.898,0.372,0.627,695.459,0.946
131,BIH,2012,Bosnia and Herzegovina,False,BAM,657.0,431.609,722.179,474.428,698.302,458.742,0.909,0.909,0.366,0.633,689.589,0.952
132,BIH,2013,Bosnia and Herzegovina,False,BAM,671.201,455.654,759.072,515.306,726.055,492.892,0.884,0.884,0.375,0.624,715.136,0.938
133,BIH,2014,Bosnia and Herzegovina,False,BAM,691.555,469.115,780.464,529.426,747.474,507.048,0.886,0.886,0.371,0.628,736.009,0.939
134,BIH,2015,Bosnia and Herzegovina,False,BAM,683.084,387.348,771.291,437.366,737.467,418.186,0.885,0.885,0.383,0.616,727.187,0.939
135,BIH,2016,Bosnia and Herzegovina,False,BAM,681.73,385.564,778.463,440.273,742.69,420.041,0.875,0.875,0.369,0.63,730.096,0.933
136,BIH,2020,Bosnia and Herzegovina,True,BAM,1112.741,648.084,1309.794,762.852,1235.389,719.517,0.849,0.849,0.377,0.622,1211.267,0.918
137,BIH,2021,Bosnia and Herzegovina,True,BAM,1180.656,713.988,1345.483,813.666,1282.689,775.692,0.877,0.877,0.38,0.619,1263.069,0.934
138,BIH,2022,Bosnia and Herzegovina,True,BAM,1248.069,671.248,1424.094,765.919,1357.312,730.003,0.876,0.876,0.379,0.62,1336.081,0.934
139,BIH,2023,Bosnia and Herzegovina,True,BAM,1379.031,762.232,1572.732,869.296,1497.914,827.942,0.876,0.876,0.386,0.613,1475.881,0.934
140,BLZ,2020,Belize,False,BZD,900.0,450.0,1020.0,510.0,1020.0,510.0,0.882,0.882,-0.0,1.0,960.0,0.937
141,BMU,2012,Bermuda,False,BMD,5732.2,5732.2,6015.6,6015.6,5869.8,5869.8,0.952,0.952,0.514,0.485,5873.9,0.975
142,BOL,1993,Bolivia (Plurinational State of),False,BOB,459.922,107.834,676.007,158.498,597.073,139.991,0.68,0.68,0.365,0.634,567.964,0.809
143,BOL,1995,Bolivia (Plurinational State of),False,BOB,587.583,122.404,843.316,175.678,753.984,157.069,0.696,0.696,0.349,0.65,715.449,0.821
144,BOL,1999,Bolivia (Plurinational State of),False,BOB,1587.738,273.164,1905.745,327.875,1795.629,308.93,0.833,0.833,0.346,0.653,1746.741,0.908
145,BOL,2000,Bolivia (Plurinational State of),False,BOB,1049.557,169.734,1470.712,237.843,1318.561,213.237,0.713,0.713,0.361,0.638,1260.134,0.832
146,BOL,2001,Bolivia (Plurinational State of),False,BOB,999.803,151.327,1281.981,194.036,1179.624,178.544,0.779,0.779,0.362,0.637,1140.892,0.876
147,BOL,2002,Bolivia (Plurinational State of),False,BOB,989.058,137.944,1362.105,189.973,1233.071,171.976,0.726,0.726,0.345,0.654,1175.581,0.841
148,BOL,2004,Bolivia (Plurinational State of),True,BOB,951.131,119.846,1205.736,151.927,1119.879,141.109,0.788,0.788,0.337,0.662,1078.433,0.881
149,BOL,2005,Bolivia (Plurinational State of),True,BOB,977.023,121.128,1310.731,162.5,1195.09,148.163,0.745,0.745,0.346,0.653,1143.877,0.854
150,BOL,2006,Bolivia (Plurinational State of),False,BOB,1054.99,131.683,1477.325,184.398,1317.702,164.474,0.714,0.714,0.377,0.622,1266.157,0.833
151,BOL,2007,Bolivia (Plurinational State of),False,BOB,1170.352,149.066,1560.673,198.78,1419.041,180.741,0.749,0.749,0.362,0.637,1365.512,0.857
152,BOL,2008,Bolivia (Plurinational State of),False,BOB,1313.458,181.459,1778.625,245.724,1604.776,221.706,0.738,0.738,0.373,0.626,1546.041,0.849
153,BOL,2009,Bolivia (Plurinational State of),False,BOB,1323.405,188.519,1914.411,272.708,1698.401,241.938,0.691,0.691,0.365,0.634,1618.908,0.817
154,BOL,2011,Bolivia (Plurinational State of),False,BOB,1639.016,236.273,2274.676,327.907,2042.112,294.381,0.72,0.72,0.365,0.634,1956.846,0.837
155,BOL,2012,Bolivia (Plurinational State of),False,BOB,1860.596,269.261,2608.66,377.52,2317.311,335.356,0.713,0.713,0.389,0.61,2234.627,0.832
156,BOL,2013,Bolivia (Plurinational State of),False,BOB,2098.532,303.695,2936.297,424.934,2606.16,377.158,0.714,0.714,0.394,0.605,2517.414,0.833
157,BOL,2014,Bolivia (Plurinational State of),False,BOB,2233.53,323.232,3005.954,435.015,2709.944,392.177,0.743,0.743,0.383,0.616,2619.742,0.852
158,BOL,2015,Bolivia (Plurinational State of),False,BOB,2463.37,356.493,3051.055,441.542,2838.459,410.776,0.807,0.807,0.361,0.638,2757.212,0.893
159,BOL,2016,Bolivia (Plurinational State of),True,BOB,2515.047,363.972,3331.753,482.164,2987.666,432.368,0.754,0.754,0.421,0.578,2923.4,0.86
160,BOL,2017,Bolivia (Plurinational State of),False,BOB,2602.06,376.564,3370.512,487.773,3056.575,442.341,0.772,0.772,0.408,0.591,2986.286,0.871
161,BOL,2018,Bolivia (Plurinational State of),False,BOB,2687.515,388.931,3385.334,489.918,3099.106,448.496,0.793,0.793,0.41,0.589,3036.424,0.885
162,BOL,2019,Bolivia (Plurinational State of),False,BOB,2694.432,389.932,3395.573,491.4,3118.589,451.315,0.793,0.793,0.395,0.604,3045.002,0.884
163,BOL,2020,Bolivia (Plurinational State of),False,BOB,3093.897,447.742,3494.982,505.786,3339.017,483.215,0.885,0.885,0.388,0.611,3294.439,0.939
164,BOL,2021,Bolivia (Plurinational State of),True,BOB,2710.388,392.241,3290.414,476.181,3060.153,442.859,0.823,0.823,0.396,0.603,3000.401,0.903
165,BOL,2022,Bolivia (Plurinational State of),False,BOB,2722.931,394.057,3340.118,483.374,3086.498,446.671,0.815,0.815,0.41,0.589,3031.524,0.898
166,BOL,2023,Bolivia (Plurinational State of),False,BOB,2767.086,400.447,3427.567,496.03,3147.608,455.515,0.807,0.807,0.423,0.576,3097.326,0.893
167,BRA,1995,Brazil,True,BRL,286.922,312.664,429.208,467.717,371.931,405.301,0.668,0.668,0.402,0.597,358.065,0.801
168,BRA,1996,Brazil,False,BRL,338.698,336.979,480.875,478.435,423.097,420.95,0.704,0.704,0.406,0.593,409.786,0.826
169,BRA,1997,Brazil,False,BRL,358.468,332.534,504.214,467.735,444.776,412.596,0.71,0.71,0.407,0.592,431.341,0.831
170,BRA,1998,Brazil,False,BRL,375.692,323.728,526.832,453.963,464.568,400.311,0.713,0.713,0.411,0.588,451.262,0.832
171,BRA,1999,Brazil,False,BRL,379.246,209.074,519.753,286.534,460.716,253.988,0.729,0.729,0.42,0.579,449.499,0.843
172,BRA,2000,Brazil,False,BRL,677.71,370.45,823.48,450.131,766.53,419.001,0.822,0.822,0.39,0.609,750.595,0.902
173,BRA,2001,Brazil,False,BRL,431.377,183.593,585.702,249.274,520.073,221.343,0.736,0.736,0.425,0.574,508.539,0.848
174,BRA,2002,Brazil,False,BRL,462.887,158.503,613.684,210.14,549.051,188.008,0.754,0.754,0.428,0.571,538.285,0.859
175,BRA,2003,Brazil,False,BRL,504.213,163.84,661.412,214.92,593.44,192.833,0.762,0.762,0.432,0.567,582.812,0.865
176,BRA,2004,Brazil,False,BRL,539.623,184.479,710.988,243.063,636.391,217.561,0.758,0.758,0.435,0.564,625.305,0.862
177,BRA,2005,Brazil,False,BRL,588.56,241.769,766.495,314.861,689.325,283.161,0.767,0.767,0.433,0.566,677.527,0.868
178,BRA,2006,Brazil,False,BRL,644.396,296.229,831.763,382.362,749.473,344.534,0.774,0.774,0.439,0.56,738.079,0.873
179,BRA,2007,Brazil,False,BRL,700.347,359.695,899.248,461.85,812.246,417.166,0.778,0.778,0.437,0.562,799.797,0.875
180,BRA,2008,Brazil,False,BRL,764.939,417.141,1001.963,546.396,898.461,489.954,0.763,0.763,0.436,0.563,883.451,0.865
181,BRA,2009,Brazil,False,BRL,808.044,404.137,1027.881,514.087,930.523,465.395,0.786,0.786,0.442,0.557,917.962,0.88
182,BRA,2011,Brazil,False,BRL,1036.805,619.792,1335.797,798.526,1202.475,718.827,0.776,0.776,0.445,0.554,1186.301,0.873
183,BRA,2012,Brazil,True,BRL,1150.739,589.196,1463.03,749.093,1323.661,677.734,0.786,0.786,0.446,0.553,1306.884,0.88
184,BRA,2013,Brazil,False,BRL,1236.474,573.48,1556.94,722.113,1413.38,655.529,0.794,0.794,0.447,0.552,1396.706,0.885
185,BRA,2014,Brazil,False,BRL,1367.049,580.993,1750.144,743.808,1576.757,670.119,0.781,0.781,0.452,0.547,1558.596,0.877
186,BRA,2015,Brazil,False,BRL,1502.491,451.618,1886.516,567.048,1710.604,514.173,0.796,0.796,0.458,0.541,1694.503,0.886
187,BRA,2016,Brazil,False,BRL,1708.923,489.478,2107.729,603.707,1924.736,551.293,0.81,0.81,0.458,0.541,1908.326,0.895
188,BRA,2017,Brazil,False,BRL,1804.623,565.466,2220.671,695.832,2028.61,635.651,0.812,0.812,0.461,0.538,2012.647,0.896
189,BRA,2018,Brazil,False,BRL,1894.253,518.429,2343.183,641.296,2135.624,584.49,0.808,0.808,0.462,0.537,2118.718,0.894
190,BRA,2019,Brazil,False,BRL,2010.348,509.662,2496.269,632.853,2271.106,575.769,0.805,0.805,0.463,0.536,2253.308,0.892
191,BRA,2020,Brazil,False,BRL,2203.24,427.384,2670.106,517.946,2459.159,477.027,0.825,0.825,0.451,0.548,2436.673,0.904
192,BRA,2021,Brazil,False,BRL,2190.46,406.062,2598.59,481.72,2414.265,447.55,0.842,0.842,0.451,0.548,2394.525,0.914
193,BRA,2022,Brazil,False,BRL,2350.195,455.114,2840.064,549.977,2614.37,506.271,0.827,0.827,0.46,0.539,2595.129,0.905
194,BRA,2023,Brazil,False,BRL,2574.013,515.381,3110.729,622.846,2861.414,572.927,0.827,0.827,0.464,0.535,2842.371,0.905
195,BRB,2016,Barbados,False,BBD,2621.563,1310.782,2752.469,1376.234,2680.239,1340.12,0.952,0.952,0.551,0.448,2687.016,0.975
196,BRN,2014,Brunei Darussalam,True,BND,1684.674,1329.613,1887.158,1489.423,1799.403,1420.162,0.892,0.892,0.433,0.566,1785.916,0.943
197,BTN,2018,Bhutan,False,BTN,13775.825,201.432,16564.069,242.202,15743.924,230.21,0.831,0.831,0.294,0.705,15169.947,0.908
198,BTN,2019,Bhutan,False,BTN,18006.71,255.703,19923.594,282.924,19387.236,275.307,0.903,0.903,0.279,0.72,18965.152,0.949
199,BTN,2020,Bhutan,False,BTN,17775.194,239.883,20846.312,281.328,19894.841,268.488,0.852,0.852,0.309,0.69,19310.753,0.92
200,BTN,2021,Bhutan,False,BTN,19327.814,261.476,21482.459,290.626,20815.641,281.604,0.899,0.899,0.309,0.69,20405.136,0.947
201,BTN,2022,Bhutan,False,BTN,20583.052,261.856,22819.105,290.303,22169.88,282.043,0.902,0.902,0.29,0.709,21701.078,0.948
202,BTN,2023,Bhutan,False,BTN,21913.172,265.295,27683.361,335.153,26032.675,315.168,0.791,0.791,0.286,0.713,24798.266,0.883
203,BWA,2005,Botswana,False,BWP,1800.0,351.786,2348.0,458.885,2141.0,418.43,0.766,0.766,0.377,0.622,2074.0,0.867
204,BWA,2009,Botswana,False,BWP,3769.0,526.754,5012.0,700.475,4443.0,620.952,0.751,0.751,0.457,0.542,4390.5,0.858
205,BWA,2010,Botswana,False,BWP,4462.0,656.792,4778.0,703.306,4641.0,683.14,0.933,0.933,0.433,0.566,4620.0,0.965
206,BWA,2019,Botswana,True,BWP,4235.024,393.741,6093.103,566.491,5122.271,476.23,0.695,0.695,0.522,0.477,5164.063,0.82
207,BWA,2020,Botswana,False,BWP,4655.664,406.387,5838.148,509.604,5218.258,455.495,0.797,0.797,0.524,0.475,5246.906,0.887
208,BWA,2021,Botswana,False,BWP,5175.16,466.766,5899.175,532.068,5511.695,497.12,0.877,0.877,0.535,0.464,5537.167,0.934
209,BWA,2022,Botswana,False,BWP,5782.476,467.505,6393.523,516.907,6088.48,492.245,0.904,0.904,0.499,0.5,6087.999,0.949
210,BWA,2023,Botswana,False,BWP,6088.377,447.794,6902.199,507.65,6490.037,477.336,0.882,0.882,0.506,0.493,6495.288,0.937
211,CAN,1997,Canada,False,CAD,2014.58,1454.993,2911.282,2102.619,2484.415,1794.322,0.691,0.691,0.476,0.523,2462.931,0.817
212,CAN,1998,Canada,False,CAD,2048.231,1380.67,2954.137,1991.322,2520.141,1698.774,0.693,0.693,0.479,0.52,2501.184,0.818
213,CAN,1999,Canada,False,CAD,2108.844,1419.423,3030.799,2039.974,2587.05,1741.295,0.695,0.695,0.481,0.518,2569.821,0.82
214,CAN,2000,Canada,False,CAD,2171.566,1461.946,3129.162,2106.621,2668.78,1796.681,0.693,0.693,0.48,0.519,2650.363,0.819
215,CAN,2001,Canada,False,CAD,2251.505,1453.672,3226.666,2083.279,2753.955,1778.076,0.697,0.697,0.484,0.515,2739.085,0.821
216,CAN,2002,Canada,False,CAD,2318.962,1476.724,3286.515,2092.864,2816.565,1793.599,0.705,0.705,0.485,0.514,2802.738,0.827
217,CAN,2003,Canada,False,CAD,2377.102,1696.7,3343.768,2386.676,2870.608,2048.949,0.71,0.71,0.489,0.51,2860.435,0.831
218,CAN,2004,Canada,False,CAD,2459.931,1890.391,3413.74,2623.367,2945.281,2263.369,0.72,0.72,0.491,0.508,2936.835,0.837
219,CAN,2005,Canada,False,CAD,2556.658,2110.49,3517.656,2903.782,3046.037,2514.466,0.726,0.726,0.49,0.509,3037.157,0.841
220,CAN,2006,Canada,False,CAD,2701.041,2381.146,3726.06,3284.769,3222.631,2840.962,0.724,0.724,0.491,0.508,3213.55,0.84
221,CAN,2007,Canada,False,CAD,2810.545,2616.783,3877.22,3609.921,3349.55,3118.629,0.724,0.724,0.494,0.505,3343.882,0.84
222,CAN,2008,Canada,False,CAD,2911.129,2728.109,4036.108,3782.361,3478.552,3259.858,0.721,0.721,0.495,0.504,3473.618,0.838
223,CAN,2009,Canada,False,CAD,3033.771,2657.623,4124.712,3613.303,3576.538,3133.095,0.735,0.735,0.502,0.497,3579.242,0.847
224,CAN,2010,Canada,False,CAD,3092.349,3001.952,4202.263,4079.421,3646.086,3539.502,0.735,0.735,0.501,0.498,3647.306,0.847
225,CAN,2011,Canada,False,CAD,3185.189,3219.775,4283.804,4330.319,3737.984,3778.573,0.743,0.743,0.496,0.503,3734.496,0.852
226,CAN,2012,Canada,False,CAD,3283.722,3285.809,4412.566,4415.371,3851.568,3854.017,0.744,0.744,0.496,0.503,3848.144,0.853
227,CAN,2013,Canada,False,CAD,3359.807,3261.513,4496.078,4364.542,3932.243,3817.202,0.747,0.747,0.496,0.503,3927.942,0.855
228,CAN,2014,Canada,False,CAD,3416.961,3092.98,4574.151,4140.451,4001.692,3622.269,0.747,0.747,0.494,0.505,3995.555,0.855
229,CAN,2015,Canada,False,CAD,3526.878,2757.988,4673.713,3654.804,4108.037,3212.45,0.754,0.754,0.493,0.506,4100.295,0.86
230,CAN,2016,Canada,False,CAD,3598.414,2714.524,4757.387,3588.814,4183.073,3155.571,0.756,0.756,0.495,0.504,4177.9,0.861
231,CAN,2017,Canada,False,CAD,3655.261,2816.211,4821.579,3714.805,4246.002,3271.35,0.758,0.758,0.493,0.506,4238.42,0.862
232,CAN,2018,Canada,False,CAD,3775.316,2913.462,4938.942,3811.447,4365.868,3369.199,0.764,0.764,0.492,0.507,4357.129,0.866
233,CAN,2019,Canada,False,CAD,3892.374,2933.67,5043.948,3801.608,4476.324,3373.791,0.771,0.771,0.492,0.507,4468.161,0.871
234,CAN,2020,Canada,False,CAD,4175.484,3113.355,5332.605,3976.136,4767.736,3554.954,0.783,0.783,0.488,0.511,4754.044,0.878
235,CAN,2021,Canada,False,CAD,4267.454,3403.408,5437.427,4336.492,4863.344,3878.645,0.784,0.784,0.49,0.509,4852.44,0.879
236,CAN,2022,Canada,False,CAD,4439.759,3411.12,5720.979,4395.496,5090.344,3910.972,0.776,0.776,0.492,0.507,5080.369,0.873
237,CAN,2023,Canada,False,CAD,4679.086,3466.224,5976.397,4427.261,5339.067,3955.132,0.782,0.782,0.491,0.508,5327.741,0.878
238,CHE,2021,Switzerland,False,EUR,4793.288,5669.215,7301.299,8635.541,6093.755,7207.33,0.656,0.656,0.481,0.518,6047.293,0.792
239,CHE,2022,Switzerland,False,EUR,4877.557,5136.304,7300.289,7687.559,6137.599,6463.19,0.668,0.668,0.479,0.52,6088.923,0.801
240,CHE,2023,Switzerland,False,EUR,5010.489,5417.684,7482.521,8090.615,6287.843,6798.847,0.669,0.669,0.483,0.516,6246.504,0.802
241,CHL,1990,Chile,True,CLP,53322.734,174.884,69676.979,228.522,64062.525,210.108,0.765,0.765,0.343,0.656,61499.856,0.867
242,CHL,1992,Chile,False,CLP,75383.042,207.91,99455.748,274.303,91193.298,251.515,0.757,0.757,0.343,0.656,87419.395,0.862
243,CHL,1994,Chile,False,CLP,110594.609,263.21,145595.256,346.51,133427.067,317.55,0.759,0.759,0.347,0.652,128094.932,0.863
244,CHL,1996,Chile,False,CLP,135987.586,329.854,174148.832,422.418,160546.564,389.424,0.78,0.78,0.356,0.643,155068.209,0.876
245,CHL,1998,Chile,False,CLP,167508.989,363.922,208582.981,453.158,193162.496,419.656,0.803,0.803,0.375,0.624,188045.985,0.89
246,CHL,2000,Chile,False,CLP,184516.46,341.958,228556.85,423.577,211685.024,392.309,0.807,0.807,0.383,0.616,206536.655,0.893
247,CHL,2003,Chile,False,CLP,197491.994,285.642,243018.487,351.489,225378.581,325.975,0.812,0.812,0.387,0.612,220255.24,0.896
248,CHL,2006,Chile,False,CLP,243554.786,459.299,309235.916,583.161,283601.784,534.82,0.787,0.787,0.39,0.609,276395.351,0.881
249,CHL,2009,Chile,False,CLP,318585.358,568.03,393764.362,702.073,363776.901,648.606,0.809,0.809,0.398,0.601,356174.86,0.894
250,CHL,2010,Chile,False,CLP,310598.444,608.719,421016.725,825.12,373991.276,732.958,0.737,0.737,0.425,0.574,365807.584,0.849
251,CHL,2011,Chile,False,CLP,357210.246,738.545,454442.28,939.576,414587.084,857.174,0.786,0.786,0.409,0.59,405826.263,0.88
252,CHL,2012,Chile,False,CLP,376668.831,774.288,507008.133,1042.215,450473.335,926.002,0.742,0.742,0.433,0.566,441838.481,0.852
253,CHL,2013,Chile,False,CLP,392538.74,792.571,502992.696,1015.587,456173.86,921.056,0.78,0.78,0.423,0.576,447765.718,0.876
254,CHL,2014,Chile,False,CLP,429826.953,753.622,563488.397,987.973,504523.405,884.588,0.762,0.762,0.441,0.558,496657.675,0.865
255,CHL,2015,Chile,False,CLP,443459.125,677.943,564122.913,862.41,511343.034,781.722,0.786,0.786,0.437,0.562,503791.019,0.88
256,CHL,2016,Chile,False,CLP,468546.849,692.136,617694.294,912.456,552112.084,815.578,0.758,0.758,0.439,0.56,543120.571,0.862
257,CHL,2017,Chile,False,CLP,517352.319,797.357,628891.612,969.265,579662.172,893.391,0.822,0.822,0.441,0.558,573121.965,0.902
258,CHL,2018,Chile,False,CLP,529511.502,825.714,676166.288,1054.406,609735.19,950.814,0.783,0.783,0.452,0.547,602838.895,0.878
259,CHL,2019,Chile,False,CLP,772550.291,1099.094,966758.484,1375.391,878042.394,1249.176,0.799,0.799,0.456,0.543,869654.387,0.888
260,CHL,2020,Chile,False,CLP,653320.945,824.144,806970.42,1017.967,735678.593,928.035,0.809,0.809,0.463,0.536,730145.682,0.894
261,CHL,2021,Chile,False,CLP,665763.165,877.21,795828.036,1048.583,740931.578,976.252,0.836,0.836,0.422,0.577,730795.6,0.911
262,CHL,2022,Chile,False,CLP,687026.352,786.689,815872.476,934.226,760766.442,871.126,0.842,0.842,0.427,0.572,751449.414,0.914
263,CHL,2023,Chile,False,CLP,796006.266,947.552,993483.763,1182.625,906199.753,1078.724,0.801,0.801,0.441,0.558,894745.014,0.889
264,CIV,2013,Côte d'Ivoire,False,XOF,90521.284,183.279,121780.568,246.57,114308.731,231.441,0.743,0.743,0.239,0.76,106150.926,0.852
265,CIV,2017,Côte d'Ivoire,False,XOF,92189.532,158.768,116543.039,200.709,110363.576,190.067,0.791,0.791,0.253,0.746,104366.285,0.883
266,CIV,2019,Côte d'Ivoire,False,XOF,108393.661,185.0,143479.961,244.884,135130.477,230.633,0.755,0.755,0.237,0.762,125936.811,0.86
267,CIV,2022,Côte d'Ivoire,False,XOF,115831.058,185.698,133753.888,214.432,128952.459,206.734,0.866,0.865,0.267,0.732,124792.473,0.928
268,COD,2005,"Congo, Democratic Republic of the",True,CDF,10990.888,23.192,14289.167,30.152,13688.537,28.884,0.769,0.769,0.182,0.817,12640.027,0.869
269,COD,2012,"Congo, Democratic Republic of the",True,CDF,66302.303,72.087,94306.63,102.534,87813.179,95.475,0.703,0.703,0.231,0.768,80304.466,0.825
270,COL,2010,Colombia,True,COP,773402.687,407.269,823719.293,433.765,802608.039,422.648,0.938,0.938,0.419,0.58,798560.99,0.968
271,COL,2011,Colombia,False,COP,810752.398,438.715,853920.254,462.074,836036.115,452.396,0.949,0.949,0.414,0.585,832336.326,0.974
272,COL,2012,Colombia,False,COP,844668.493,469.779,904154.891,502.864,879375.151,489.082,0.934,0.934,0.416,0.583,874411.692,0.965
273,COL,2013,Colombia,False,COP,892793.719,477.712,948766.251,507.662,925139.02,495.019,0.941,0.941,0.422,0.577,920779.985,0.969
274,COL,2014,Colombia,False,COP,914481.964,456.988,993236.707,496.344,959581.069,479.526,0.92,0.92,0.427,0.572,953859.335,0.958
275,COL,2015,Colombia,False,COP,940664.969,343.085,1005254.134,366.643,977329.688,356.458,0.935,0.935,0.432,0.567,972959.551,0.966
276,COL,2016,Colombia,False,COP,996583.641,326.187,1066749.864,349.152,1036404.645,339.22,0.934,0.934,0.432,0.567,1031666.752,0.965
277,COL,2017,Colombia,False,COP,1056609.176,357.992,1114295.661,377.537,1089188.331,369.03,0.948,0.948,0.435,0.564,1085452.418,0.973
278,COM,2004,Comoros,False,KMF,98117.352,248.082,115763.108,292.698,112039.802,283.284,0.847,0.847,0.211,0.788,106940.23,0.917
279,COM,2014,Comoros,False,KMF,81680.524,220.569,85442.702,230.728,84376.213,227.848,0.955,0.955,0.283,0.716,83561.613,0.977
280,COM,2021,Comoros,False,KMF,85218.239,204.873,114104.982,274.32,105355.189,253.285,0.746,0.746,0.302,0.697,99661.61,0.855
281,CPV,2015,Cabo Verde,True,CVE,30874.339,310.652,33332.483,335.385,32193.003,323.92,0.926,0.926,0.463,0.536,32103.411,0.961
282,CRI,1990,Costa Rica,False,CRC,18508.0,202.098,22470.0,245.361,21233.0,231.854,0.823,0.823,0.312,0.687,20489.0,0.903
283,CRI,1991,Costa Rica,False,CRC,23843.0,194.744,27124.0,221.543,26079.0,213.007,0.879,0.879,0.318,0.681,25483.5,0.935
284,CRI,1992,Costa Rica,False,CRC,29848.0,221.908,34583.0,257.111,33070.0,245.862,0.863,0.863,0.319,0.68,32215.5,0.926
285,CRI,1993,Costa Rica,False,CRC,37242.0,261.951,41304.0,290.522,40020.0,281.491,0.901,0.901,0.316,0.683,39273.0,0.948
286,CRI,1994,Costa Rica,False,CRC,42435.0,270.172,49247.0,313.542,47119.0,299.994,0.861,0.861,0.312,0.687,45841.0,0.925
287,CRI,1995,Costa Rica,False,CRC,50837.0,282.853,59809.0,332.773,56907.0,316.626,0.849,0.849,0.323,0.676,55323.0,0.918
288,CRI,1996,Costa Rica,False,CRC,60739.0,292.452,68807.0,331.298,66228.0,318.88,0.882,0.882,0.319,0.68,64773.0,0.937
289,CRI,1997,Costa Rica,False,CRC,72399.0,311.263,77307.0,332.364,75687.0,325.399,0.936,0.936,0.33,0.669,74853.0,0.967
290,CRI,1998,Costa Rica,False,CRC,78949.0,306.921,89794.0,349.082,86161.0,334.958,0.879,0.879,0.334,0.665,84371.5,0.935
291,CRI,1999,Costa Rica,False,CRC,84933.6,297.298,100530.4,351.893,95235.4,333.358,0.844,0.844,0.339,0.66,92732.0,0.915
292,CRI,2000,Costa Rica,False,CRC,97042.0,314.881,111081.0,360.434,106272.0,344.83,0.873,0.873,0.342,0.657,104061.5,0.932
293,CRI,2001,Costa Rica,False,CRC,123233.0,374.716,137032.0,416.674,132037.0,401.486,0.899,0.899,0.361,0.638,130132.5,0.946
294,CRI,2002,Costa Rica,False,CRC,126196.864,350.725,148041.277,411.434,140127.922,389.442,0.852,0.852,0.362,0.637,137119.07,0.92
295,CRI,2003,Costa Rica,False,CRC,142190.262,356.668,158220.563,396.879,152514.108,382.565,0.898,0.898,0.355,0.644,150205.412,0.946
296,CRI,2004,Costa Rica,False,CRC,156834.0,358.122,172119.0,393.024,166804.0,380.888,0.911,0.911,0.347,0.652,164476.5,0.953
297,CRI,2006,Costa Rica,False,CRC,190884.445,373.33,218194.382,426.743,207932.65,406.673,0.874,0.874,0.375,0.624,204539.413,0.933
298,CRI,2007,Costa Rica,False,CRC,211304.768,409.016,250688.616,485.25,235611.362,456.066,0.842,0.842,0.382,0.617,230996.692,0.914
299,CRI,2010,Costa Rica,False,CRC,350939.289,667.402,390655.068,742.932,374645.139,712.484,0.898,0.898,0.403,0.596,370797.178,0.946
300,CRI,2011,Costa Rica,False,CRC,378174.028,747.876,400326.513,791.684,391602.263,774.431,0.944,0.944,0.393,0.606,389250.27,0.971
301,CRI,2012,Costa Rica,False,CRC,413323.896,821.878,450254.744,895.314,435125.827,865.231,0.917,0.917,0.409,0.59,431789.32,0.957
302,CRI,2013,Costa Rica,False,CRC,449991.628,900.403,489771.182,979.999,473389.803,947.221,0.918,0.918,0.411,0.588,469881.405,0.957
303,CRI,2014,Costa Rica,False,CRC,454867.967,844.981,508735.864,945.048,486979.629,904.633,0.894,0.894,0.403,0.596,481801.915,0.944
304,CRI,2015,Costa Rica,False,CRC,474344.99,887.346,515419.672,964.184,498637.395,932.79,0.92,0.92,0.408,0.591,494882.331,0.958
305,CRI,2016,Costa Rica,False,CRC,471948.051,866.374,525525.174,964.728,503547.601,924.383,0.898,0.898,0.41,0.589,498736.612,0.946
306,CRI,2017,Costa Rica,False,CRC,496643.614,875.123,530265.432,934.367,516404.404,909.943,0.936,0.936,0.412,0.587,513454.523,0.967
307,CRI,2018,Costa Rica,False,CRC,478917.712,830.053,506934.934,878.612,495919.093,859.52,0.944,0.944,0.393,0.606,492926.323,0.971
308,CRI,2019,Costa Rica,False,CRC,498861.122,849.422,543674.85,925.728,525206.193,894.281,0.917,0.917,0.412,0.587,521267.986,0.957
309,CRI,2021,Costa Rica,False,CRC,464923.057,748.928,492865.398,793.939,481683.715,775.927,0.943,0.943,0.4,0.599,478894.227,0.97
310,CUW,2018,Curaçao,False,ANG,2470.9,1380.391,2909.42,1625.374,2675.09,1494.464,0.849,0.849,0.534,0.465,2690.16,0.918
311,CYP,1990,Cyprus,False,CYP,458.0,999.826,674.0,1471.359,585.0,1277.07,0.679,0.679,0.412,0.587,566.0,0.809
312,CYP,1991,Cyprus,False,CYP,504.0,1085.205,730.0,1571.824,637.0,1371.578,0.69,0.69,0.411,0.588,617.0,0.816
313,CYP,1992,Cyprus,False,CYP,538.0,1196.756,790.0,1757.318,687.0,1528.2,0.681,0.681,0.408,0.591,664.0,0.81
314,CYP,1993,Cyprus,False,CYP,590.0,1186.156,862.0,1732.994,764.0,1535.971,0.684,0.684,0.36,0.639,726.0,0.812
315,CYP,1994,Cyprus,False,CYP,632.0,1284.054,909.0,1846.844,795.0,1615.227,0.695,0.695,0.411,0.588,770.5,0.82
316,CYP,1995,Cyprus,False,CYP,661.0,1461.031,944.0,2086.556,829.0,1832.368,0.7,0.7,0.406,0.593,802.5,0.823
317,CYP,1996,Cyprus,False,CYP,701.0,1503.288,988.0,2118.756,870.0,1865.707,0.709,0.709,0.411,0.588,844.5,0.83
318,CYP,1997,Cyprus,False,CYP,749.0,1457.49,1042.0,2027.642,922.0,1794.133,0.718,0.718,0.409,0.59,895.5,0.836
319,CYP,1998,Cyprus,False,CYP,730.79,1411.267,992.42,1916.514,884.47,1708.046,0.736,0.736,0.412,0.587,861.605,0.848
320,CYP,1999,Cyprus,False,CYP,757.58,1395.309,1027.98,1893.331,916.42,1687.86,0.736,0.736,0.412,0.587,892.78,0.848
321,CYP,2000,Cyprus,False,CYP,807.55,1297.458,1090.86,1752.641,973.97,1564.839,0.74,0.74,0.412,0.587,949.204,0.85
322,CYP,2001,Cyprus,False,CYP,846.41,1316.126,1147.22,1783.871,998.64,1552.836,0.737,0.737,0.493,0.506,996.815,0.849
323,CYP,2002,Cyprus,False,CYP,875.02,1432.909,1186.28,1942.62,1032.54,1690.859,0.737,0.737,0.493,0.506,1030.65,0.848
324,CYP,2003,Cyprus,False,CYP,933.3,1803.676,1279.1,2471.962,1108.29,2141.858,0.729,0.729,0.493,0.506,1106.199,0.843
325,CYP,2004,Cyprus,False,CYP,956.87,2041.974,1308.24,2791.802,1134.69,2421.444,0.731,0.731,0.493,0.506,1132.555,0.844
326,CYP,2005,Cyprus,False,CYP,1231.912,2654.58,1793.599,3864.928,1539.471,3317.321,0.686,0.686,0.452,0.547,1512.755,0.814
327,CYP,2006,Cyprus,False,CYP,1314.284,2863.889,1931.502,4208.835,1654.774,3605.833,0.68,0.68,0.448,0.551,1622.893,0.809
328,CYP,2007,Cyprus,False,CYP,1610.861,3780.255,2396.562,5624.081,2041.872,4791.722,0.672,0.672,0.451,0.548,2003.711,0.803
329,CYP,2009,Cyprus,False,EUR,1679.278,2342.228,2432.85,3393.297,2067.263,2883.383,0.69,0.69,0.485,0.514,2056.063,0.816
330,CYP,2010,Cyprus,False,EUR,1715.888,2274.782,2522.522,3344.149,2129.498,2823.111,0.68,0.68,0.487,0.512,2119.205,0.809
331,CYP,2011,Cyprus,False,EUR,1793.441,2496.389,2653.166,3693.089,2227.478,3100.55,0.675,0.675,0.495,0.504,2223.303,0.806
332,CYP,2012,Cyprus,False,EUR,1882.734,2418.915,2765.282,3552.803,2326.989,2989.69,0.68,0.68,0.496,0.503,2324.008,0.81
333,CYP,2013,Cyprus,False,EUR,1889.847,2509.939,2673.852,3551.191,2281.072,3029.533,0.706,0.706,0.5,0.499,2281.849,0.828
334,CYP,2014,Cyprus,False,EUR,1846.283,2452.788,2406.977,3197.671,2125.001,2823.066,0.767,0.767,0.502,0.497,2126.63,0.868
335,CYP,2015,Cyprus,False,EUR,1761.681,1954.608,2417.815,2682.597,2085.565,2313.962,0.728,0.728,0.506,0.493,2089.748,0.843
336,CYP,2016,Cyprus,False,EUR,1741.832,1928.039,2392.545,2648.316,2071.341,2292.774,0.728,0.728,0.493,0.506,2067.188,0.842
337,CYP,2017,Cyprus,False,EUR,1788.71,2020.672,2266.494,2560.415,2037.965,2302.251,0.789,0.789,0.478,0.521,2027.602,0.882
338,CYP,2018,Cyprus,False,EUR,1698.608,2005.978,2306.965,2724.42,2017.198,2382.219,0.736,0.736,0.476,0.523,2002.786,0.848
339,CYP,2019,Cyprus,False,EUR,1765.331,1976.243,2415.557,2704.154,2106.047,2357.666,0.73,0.73,0.476,0.523,2090.444,0.844
340,CYP,2020,Cyprus,False,EUR,1896.373,2166.03,2553.811,2916.953,2242.566,2561.45,0.742,0.742,0.473,0.526,2225.092,0.852
341,CYP,2021,Cyprus,False,EUR,1915.824,2265.923,2658.125,3143.872,2296.837,2716.562,0.72,0.72,0.486,0.513,2286.974,0.837
342,CYP,2022,Cyprus,False,EUR,2068.562,2178.296,2887.932,3041.133,2493.307,2625.573,0.716,0.716,0.481,0.518,2478.247,0.834
343,CYP,2023,Cyprus,False,EUR,2132.95,2306.292,2944.02,3183.277,2552.049,2759.451,0.724,0.724,0.483,0.516,2538.484,0.84
344,CZE,2005,Czechia,False,EUR,431.423,536.729,590.056,734.083,517.308,643.58,0.731,0.731,0.458,0.541,510.739,0.844
345,CZE,2006,Czechia,False,EUR,488.504,613.365,678.506,851.932,592.435,743.861,0.719,0.719,0.453,0.546,583.505,0.837
346,CZE,2007,Czechia,False,EUR,749.747,1027.512,1038.733,1423.56,906.835,1242.797,0.721,0.721,0.456,0.543,894.24,0.838
347,CZE,2008,Czechia,False,EUR,818.568,1203.914,1151.078,1692.955,999.148,1469.502,0.711,0.711,0.456,0.543,984.823,0.831
348,CZE,2009,Czechia,False,EUR,994.568,1387.206,1347.583,1879.585,1185.811,1653.948,0.738,0.738,0.458,0.541,1171.075,0.849
349,CZE,2010,Czechia,False,EUR,933.532,1237.599,1267.312,1680.096,1113.785,1476.563,0.736,0.736,0.459,0.54,1100.422,0.848
350,CZE,2011,Czechia,False,EUR,1000.287,1392.355,1379.227,1919.822,1206.371,1679.214,0.725,0.725,0.456,0.543,1189.757,0.84
351,CZE,2012,Czechia,False,EUR,1068.164,1372.366,1457.899,1873.092,1277.034,1640.719,0.732,0.732,0.464,0.535,1263.031,0.845
352,CZE,2013,Czechia,False,EUR,1045.04,1387.937,1422.495,1889.241,1247.865,1657.312,0.734,0.734,0.462,0.537,1233.767,0.847
353,CZE,2014,Czechia,False,EUR,1025.455,1362.318,1408.004,1870.535,1230.416,1634.609,0.728,0.728,0.464,0.535,1216.73,0.842
354,CZE,2015,Czechia,False,EUR,1006.974,1117.25,1388.309,1540.347,1210.369,1342.92,0.725,0.725,0.466,0.533,1197.641,0.84
355,CZE,2016,Czechia,False,EUR,1059.665,1172.947,1454.094,1609.541,1270.884,1406.746,0.728,0.728,0.464,0.535,1256.879,0.843
356,CZE,2017,Czechia,False,EUR,1114.829,1259.401,1537.038,1736.363,1339.2,1512.87,0.725,0.725,0.468,0.531,1325.933,0.84
357,CZE,2018,Czechia,False,EUR,1233.148,1456.292,1701.143,2008.972,1477.487,1744.845,0.724,0.724,0.477,0.522,1467.145,0.84
358,CZE,2019,Czechia,False,EUR,1391.495,1557.743,1916.199,2145.136,1664.638,1863.52,0.726,0.726,0.479,0.52,1653.847,0.841
359,CZE,2020,Czechia,False,EUR,1517.318,1733.075,2095.848,2393.869,1815.723,2073.911,0.723,0.723,0.484,0.515,1806.583,0.839
360,CZE,2021,Czechia,False,EUR,1590.959,1881.692,2064.702,2442.006,1838.401,2174.351,0.77,0.77,0.477,0.522,1827.83,0.87
361,CZE,2022,Czechia,False,EUR,1695.435,1785.375,2223.287,2341.23,1970.678,2075.219,0.762,0.762,0.478,0.521,1959.36,0.865
362,CZE,2023,Czechia,False,EUR,1889.463,2043.017,2475.027,2676.169,2193.188,2371.426,0.763,0.763,0.481,0.518,2182.245,0.865
363,DEU,2002,Germany,False,EUR,2138.85,2022.44,2866.59,2710.572,2616.02,2473.64,0.746,0.746,0.344,0.655,2502.72,0.854
364,DEU,2017,Germany,False,EUR,2221.042,2509.069,3420.914,3864.542,2850.34,3219.975,0.649,0.649,0.475,0.524,2820.978,0.787
365,DEU,2018,Germany,False,EUR,2296.157,2711.657,3537.388,4177.493,2941.702,3474.017,0.649,0.649,0.479,0.52,2916.772,0.787
366,DEU,2019,Germany,False,EUR,2440.019,2731.538,3671.386,4110.023,3074.658,3442.001,0.664,0.664,0.484,0.515,3055.702,0.798
367,DEU,2021,Germany,False,EUR,3424.243,4049.99,5112.925,6047.263,4321.553,5111.275,0.669,0.669,0.468,0.531,4268.584,0.802
368,DNK,1990,Denmark,False,DKK,12873.255,2080.17,18246.326,2948.397,16312.69,2635.943,0.705,0.705,0.359,0.64,15559.79,0.827
369,DNK,1991,Denmark,False,DKK,13062.688,2042.175,18281.913,2858.131,16507.294,2580.693,0.714,0.714,0.34,0.659,15672.3,0.833
370,DNK,2002,Denmark,False,EUR,2780.01,2628.704,3545.3,3352.343,3249.98,3073.096,0.784,0.784,0.385,0.614,3162.655,0.879
371,DNK,2004,Denmark,False,EUR,2640.437,3284.445,3485.147,4335.182,3081.485,3833.066,0.757,0.757,0.477,0.522,3062.792,0.862
372,DNK,2005,Denmark,False,EUR,2732.568,3399.561,3522.273,4382.026,3141.032,3907.727,0.775,0.775,0.482,0.517,3127.42,0.873
373,DNK,2006,Denmark,False,EUR,2839.049,3564.706,3615.529,4539.654,3243.664,4072.74,0.785,0.785,0.478,0.521,3227.288,0.879
374,DNK,2007,Denmark,False,EUR,3481.766,4771.683,4299.238,5892.011,3919.312,5371.331,0.809,0.809,0.464,0.535,3890.502,0.894
375,DNK,2008,Denmark,False,EUR,3510.304,5162.799,4429.592,6514.846,3980.118,5853.781,0.792,0.792,0.488,0.511,3969.948,0.884
376,DNK,2009,Denmark,False,EUR,3705.826,5168.821,4521.67,6306.746,4113.236,5737.069,0.819,0.819,0.5,0.499,4113.747,0.9
377,DNK,2010,Denmark,False,EUR,3580.964,4747.344,4170.229,5528.542,3876.425,5139.041,0.858,0.858,0.498,0.501,3875.596,0.923
378,DNK,2011,Denmark,False,EUR,3741.845,5208.481,4349.651,6054.52,4056.476,5646.432,0.86,0.86,0.482,0.517,4045.747,0.924
379,DNK,2012,Denmark,False,EUR,3832.729,4924.247,4522.333,5810.242,4196.064,5391.056,0.847,0.847,0.473,0.526,4177.531,0.917
380,DNK,2013,Denmark,False,EUR,3885.95,5161.001,4673.957,6207.566,4289.899,5697.492,0.831,0.831,0.487,0.512,4279.953,0.907
381,DNK,2014,Denmark,False,EUR,3927.687,5217.935,4799.33,6375.913,4374.809,5811.937,0.818,0.818,0.487,0.512,4363.508,0.9
382,DNK,2015,Denmark,False,EUR,3987.424,4424.098,4874.18,5407.965,4444.607,4931.349,0.818,0.818,0.484,0.515,4430.802,0.899
383,DNK,2016,Denmark,False,EUR,4017.366,4446.836,4837.038,5354.132,4433.877,4907.872,0.83,0.83,0.491,0.508,4427.201,0.907
384,DNK,2017,Denmark,False,EUR,4015.676,4536.434,4984.993,5631.453,4501.776,5085.572,0.805,0.805,0.498,0.501,4500.334,0.892
385,DNK,2018,Denmark,False,EUR,4084.978,4824.173,5070.776,5988.356,4581.099,5410.069,0.805,0.805,0.496,0.503,4577.877,0.892
386,DNK,2019,Denmark,False,EUR,4214.601,4718.138,5190.906,5811.087,4707.56,5269.993,0.811,0.811,0.495,0.504,4702.753,0.896
387,DNK,2020,Denmark,False,EUR,4776.425,5455.614,5733.827,6549.154,5273.986,6023.926,0.833,0.833,0.48,0.519,5255.126,0.908
388,DNK,2021,Denmark,False,EUR,5151.531,6092.924,5987.452,7081.6,5583.08,6603.334,0.86,0.86,0.483,0.516,5569.491,0.924
389,DNK,2022,Denmark,False,EUR,5218.516,5495.351,6037.343,6357.616,5642.185,5941.495,0.864,0.864,0.482,0.517,5627.929,0.927
390,DNK,2023,Denmark,False,EUR,5174.567,5595.097,6108.578,6605.014,5666.941,6127.486,0.847,0.847,0.472,0.527,5641.572,0.917
391,DOM,2000,Dominican Republic,True,DOP,3979.993,245.96,5210.158,321.983,4704.57,290.738,0.763,0.763,0.41,0.589,4595.075,0.866
392,DOM,2001,Dominican Republic,False,DOP,4364.417,261.483,5550.204,332.527,5070.581,303.792,0.786,0.786,0.404,0.595,4957.31,0.88
393,DOM,2002,Dominican Republic,False,DOP,4489.981,255.213,5646.97,320.977,5157.613,293.162,0.795,0.795,0.422,0.577,5068.475,0.885
394,DOM,2003,Dominican Republic,False,DOP,4884.836,166.321,6143.956,209.192,5598.878,190.633,0.795,0.795,0.432,0.567,5514.396,0.885
395,DOM,2004,Dominican Republic,False,DOP,5830.208,139.045,7467.786,178.1,6774.098,161.556,0.78,0.78,0.423,0.576,6648.996,0.876
396,DOM,2005,Dominican Republic,False,DOP,6882.334,227.269,8405.184,277.556,7753.122,256.024,0.818,0.818,0.428,0.571,7643.759,0.9
397,DOM,2006,Dominican Republic,False,DOP,7400.17,222.227,9521.108,285.919,8588.013,257.898,0.777,0.777,0.439,0.56,8460.639,0.874
398,DOM,2007,Dominican Republic,False,DOP,7940.664,239.38,10196.428,307.382,9217.967,277.885,0.778,0.778,0.433,0.566,9068.546,0.875
399,DOM,2008,Dominican Republic,False,DOP,8678.233,251.329,11607.875,336.174,10298.722,298.26,0.747,0.747,0.446,0.553,10143.054,0.855
400,DOM,2009,Dominican Republic,False,DOP,9676.714,269.008,12149.105,337.739,11038.588,306.867,0.796,0.796,0.449,0.55,10912.909,0.886
401,DOM,2010,Dominican Republic,False,DOP,10348.724,281.053,12167.301,330.442,11326.755,307.614,0.85,0.85,0.462,0.537,11258.012,0.919
402,DOM,2011,Dominican Republic,False,DOP,11345.169,297.87,12832.988,336.934,12128.816,318.445,0.884,0.884,0.473,0.526,12089.078,0.938
403,DOM,2012,Dominican Republic,False,DOP,12672.785,322.296,13790.679,350.727,13259.004,337.205,0.918,0.918,0.475,0.524,13231.732,0.957
404,DOM,2013,Dominican Republic,False,DOP,12563.319,300.597,14073.325,336.727,13371.922,319.944,0.892,0.892,0.464,0.535,13318.322,0.943
405,DOM,2014,Dominican Republic,False,DOP,12938.756,297.103,14771.314,339.183,13895.798,319.079,0.875,0.875,0.477,0.522,13855.035,0.933
406,DOM,2015,Dominican Republic,True,DOP,12509.756,277.714,13558.199,300.989,13062.85,289.992,0.922,0.922,0.472,0.527,13033.977,0.959
407,DOM,2016,Dominican Republic,False,DOP,12884.637,279.709,14179.381,307.816,13570.556,294.599,0.908,0.908,0.47,0.529,13532.009,0.952
408,DOM,2017,Dominican Republic,False,DOP,14006.166,294.654,15065.444,316.938,14544.43,305.977,0.929,0.929,0.491,0.508,14535.805,0.963
409,DOM,2018,Dominican Republic,False,DOP,15098.984,304.968,16788.524,339.094,15971.025,322.582,0.899,0.899,0.483,0.516,15943.754,0.947
410,DOM,2019,Dominican Republic,False,DOP,16120.414,314.27,17618.909,343.483,16884.531,329.166,0.914,0.914,0.49,0.509,16869.661,0.955
411,DOM,2020,Dominican Republic,True,DOP,18146.116,321.031,20212.957,357.596,19206.503,339.791,0.897,0.897,0.486,0.513,19179.536,0.946
412,DOM,2021,Dominican Republic,False,DOP,19374.89,338.597,21513.446,375.97,20473.529,357.797,0.9,0.9,0.486,0.513,20444.167,0.947
413,DOM,2022,Dominican Republic,False,DOP,21228.651,384.989,23902.956,433.488,22602.613,409.906,0.888,0.888,0.486,0.513,22565.803,0.94
414,DOM,2023,Dominican Republic,False,DOP,23807.72,423.945,27247.579,485.198,25548.746,454.947,0.873,0.873,0.493,0.506,25527.649,0.932
415,ECU,2001,Ecuador,False,USD,142.223,142.223,168.945,168.945,160.006,160.006,0.841,0.841,0.334,0.665,155.584,0.914
416,ECU,2003,Ecuador,False,USD,192.426,192.426,215.249,215.249,207.696,207.696,0.893,0.893,0.33,0.669,203.837,0.944
417,ECU,2004,Ecuador,False,USD,215.063,215.063,237.416,237.416,229.958,229.958,0.905,0.905,0.333,0.666,226.239,0.95
418,ECU,2005,Ecuador,False,USD,225.162,225.162,251.451,251.451,242.427,242.427,0.895,0.895,0.343,0.656,238.306,0.944
419,ECU,2006,Ecuador,True,USD,245.953,245.953,264.448,264.448,258.327,258.327,0.93,0.93,0.33,0.669,255.2,0.963
420,ECU,2007,Ecuador,False,USD,264.364,264.364,289.24,289.24,280.923,280.923,0.913,0.913,0.334,0.665,276.802,0.955
421,ECU,2008,Ecuador,False,USD,279.42,279.42,308.596,308.596,298.705,298.705,0.905,0.905,0.339,0.66,294.008,0.95
422,ECU,2009,Ecuador,False,USD,301.463,301.463,325.098,325.098,317.0,317.0,0.927,0.927,0.342,0.657,313.28,0.962
423,ECU,2010,Ecuador,True,USD,342.061,342.061,361.149,361.149,354.506,354.506,0.947,0.947,0.348,0.651,351.605,0.972
424,EGY,1990,Egypt,False,EGP,199.18,128.502,246.81,159.232,238.15,153.645,0.807,0.807,0.181,0.818,222.995,0.893
425,EGY,1991,Egypt,False,EGP,216.5,68.993,264.13,84.171,255.47,81.412,0.819,0.819,0.181,0.818,240.315,0.9
426,EGY,1992,Egypt,False,EGP,242.48,72.998,285.78,86.033,277.12,83.426,0.848,0.848,0.199,0.8,264.13,0.918
427,EGY,1993,Egypt,False,EGP,285.78,85.243,333.41,99.451,329.08,98.159,0.857,0.857,0.09,0.909,309.595,0.923
428,EGY,1994,Egypt,False,EGP,298.77,88.259,359.39,106.167,355.06,104.888,0.831,0.831,0.071,0.928,329.08,0.907
429,EGY,1996,Egypt,False,EGP,359.39,105.968,441.66,130.226,428.67,126.396,0.813,0.813,0.157,0.842,400.525,0.897
430,EGY,1997,Egypt,False,EGP,407.02,120.109,471.97,139.275,463.31,136.72,0.862,0.862,0.133,0.866,439.495,0.926
431,EGY,1998,Egypt,False,EGP,424.34,125.248,497.95,146.975,489.29,144.418,0.852,0.852,0.117,0.882,461.145,0.92
432,EGY,1999,Egypt,False,EGP,502.28,147.936,640.84,188.746,619.19,182.369,0.783,0.783,0.156,0.843,571.56,0.878
433,EGY,2000,Egypt,False,EGP,541.25,155.888,731.77,210.76,701.46,202.03,0.739,0.739,0.159,0.84,636.51,0.85
434,EGY,2001,Egypt,False,EGP,575.89,144.951,679.81,171.107,666.82,167.838,0.847,0.847,0.124,0.875,627.849,0.917
435,EGY,2002,Egypt,False,EGP,601.87,133.759,723.11,160.703,705.79,156.854,0.832,0.832,0.142,0.857,662.49,0.908
436,EGY,2003,Egypt,False,EGP,645.17,110.269,775.07,132.471,753.42,128.77,0.832,0.832,0.166,0.833,710.12,0.908
437,EGY,2004,Egypt,False,EGP,731.77,118.099,835.69,134.87,822.7,132.774,0.875,0.875,0.125,0.875,783.73,0.933
438,EGY,2005,Egypt,False,EGP,723.11,125.131,930.95,161.096,896.31,155.102,0.776,0.776,0.166,0.833,827.03,0.874
439,EGY,2006,Egypt,False,EGP,814.04,141.988,1021.88,178.24,991.57,172.953,0.796,0.796,0.145,0.854,917.96,0.886
440,EGY,2007,Egypt,False,EGP,878.99,155.976,1130.13,200.54,1091.16,193.625,0.777,0.777,0.155,0.844,1004.56,0.875
441,EGY,2010,Egypt,False,EGP,600.5,106.814,800.762,142.435,760.359,135.248,0.749,0.749,0.201,0.798,700.631,0.857
442,EGY,2013,Egypt,False,EGP,1264.304,184.024,1437.857,209.285,1398.949,203.622,0.879,0.879,0.224,0.775,1351.08,0.935
443,EGY,2015,Egypt,False,EGP,1683.266,218.854,1855.046,241.189,1816.641,236.196,0.907,0.907,0.223,0.776,1769.156,0.951
444,EGY,2016,Egypt,True,EGP,1742.14,173.773,2024.731,201.96,1961.061,195.609,0.86,0.86,0.225,0.774,1883.435,0.924
445,EGY,2017,Egypt,False,EGP,1892.742,106.438,2229.71,125.388,2153.413,121.097,0.848,0.848,0.226,0.773,2061.226,0.918
446,EGY,2018,Egypt,False,EGP,1950.08,109.757,2325.148,130.866,2245.307,126.373,0.838,0.838,0.212,0.787,2137.614,0.912
447,EGY,2019,Egypt,False,EGP,2157.66,128.657,2665.639,158.947,2592.565,154.59,0.809,0.809,0.143,0.856,2411.649,0.894
448,EGY,2020,Egypt,False,EGP,2350.276,149.137,2783.753,176.643,2705.454,171.675,0.844,0.844,0.18,0.819,2567.014,0.915
449,EGY,2021,Egypt,False,EGP,2621.784,167.585,2980.197,190.495,2912.839,186.189,0.879,0.879,0.187,0.812,2800.99,0.936
450,EGY,2022,Egypt,False,EGP,2946.025,153.756,3306.615,172.575,3241.331,169.168,0.89,0.89,0.181,0.818,3126.319,0.942
451,EGY,2023,Egypt,False,EGP,3385.253,110.534,3976.351,129.834,3889.176,126.988,0.851,0.851,0.147,0.852,3680.802,0.919
452,ESP,2006,Spain,False,EUR,1324.208,1662.674,1745.746,2191.956,1572.821,1974.832,0.758,0.758,0.41,0.589,1534.977,0.862
453,ESP,2007,Spain,False,EUR,1669.911,2288.577,2196.898,3010.8,1976.1,2708.202,0.76,0.76,0.418,0.581,1933.404,0.863
454,ESP,2008,Spain,False,EUR,1851.946,2723.76,2457.322,3614.12,2191.699,3223.454,0.753,0.753,0.438,0.561,2154.634,0.859
455,ESP,2009,Spain,False,EUR,1570.78,2190.896,2023.93,2822.942,1815.18,2531.781,0.776,0.776,0.46,0.539,1797.355,0.873
456,ESP,2010,Spain,False,EUR,1595.78,2115.552,2049.81,2717.467,1838.82,2437.754,0.778,0.778,0.464,0.535,1822.795,0.875
457,ESP,2011,Spain,False,EUR,1601.05,2228.59,2058.04,2864.7,1841.75,2563.634,0.777,0.777,0.473,0.526,1829.545,0.875
458,ESP,2012,Spain,False,EUR,1595.48,2049.855,2083.739,2677.166,1850.26,2377.193,0.765,0.765,0.478,0.521,1839.61,0.867
459,ESP,2013,Spain,False,EUR,1621.61,2153.69,2102.1,2791.837,1869.11,2482.399,0.771,0.771,0.484,0.515,1861.855,0.87
460,ESP,2014,Spain,False,EUR,1618.1,2149.647,2125.86,2824.207,1881.32,2499.335,0.761,0.761,0.481,0.518,1871.98,0.864
461,ESP,2015,Spain,False,EUR,1643.79,1823.806,2122.47,2354.908,1893.7,2101.085,0.774,0.774,0.477,0.522,1883.129,0.872
462,ESP,2016,Spain,False,EUR,1661.0,1838.566,2075.65,2297.543,1878.09,2078.864,0.8,0.8,0.476,0.523,1868.325,0.889
463,ESP,2017,Spain,False,EUR,1668.68,1885.076,2090.65,2361.768,1888.95,2133.911,0.798,0.798,0.477,0.522,1879.665,0.887
464,ESP,2018,Spain,False,EUR,1708.39,2017.531,2161.31,2552.409,1944.42,2296.272,0.79,0.79,0.478,0.521,1934.85,0.882
465,ESP,2019,Spain,False,EUR,2120.385,2373.717,2717.101,3041.726,2435.809,2726.826,0.78,0.78,0.471,0.528,2418.743,0.876
466,ESP,2020,Spain,False,EUR,2349.408,2683.484,2873.061,3281.599,2626.703,3000.21,0.817,0.817,0.47,0.529,2611.234,0.899
467,ESP,2021,Spain,False,EUR,2339.935,2767.535,2821.374,3336.952,2593.193,3067.074,0.829,0.829,0.473,0.526,2580.654,0.906
468,ESP,2022,Spain,False,EUR,2400.771,2528.129,2989.707,3148.307,2708.794,2852.492,0.803,0.803,0.476,0.523,2695.239,0.89
469,ESP,2023,Spain,False,EUR,2624.343,2837.619,3240.36,3503.7,2944.235,3183.509,0.809,0.809,0.48,0.519,2932.351,0.894
470,EST,2002,Estonia,False,EUR,329.82,311.869,451.22,426.662,395.33,373.814,0.73,0.73,0.46,0.539,390.52,0.844
471,EST,2004,Estonia,False,EEK,338.393,26.866,495.586,39.346,414.186,32.883,0.682,0.682,0.517,0.482,416.989,0.811
472,EST,2005,Estonia,False,EEK,359.666,28.582,535.064,42.52,445.495,35.402,0.672,0.672,0.51,0.489,447.365,0.803
473,EST,2006,Estonia,False,EEK,416.605,33.421,611.912,49.089,512.27,41.095,0.68,0.68,0.51,0.489,514.258,0.81
474,EST,2007,Estonia,False,EEK,650.047,56.853,962.96,84.22,804.916,70.398,0.675,0.675,0.505,0.494,806.503,0.806
475,EST,2008,Estonia,False,EEK,779.151,72.856,1127.079,105.389,948.293,88.672,0.691,0.691,0.513,0.486,953.115,0.817
476,EST,2009,Estonia,False,EEK,841.205,74.724,1221.729,108.526,1017.959,90.426,0.688,0.688,0.535,0.464,1031.467,0.815
477,EST,2010,Estonia,False,EEK,862.178,73.024,1251.419,105.991,1040.869,88.158,0.688,0.688,0.54,0.459,1056.798,0.815
478,EST,2012,Estonia,False,EUR,918.127,1179.599,1354.624,1740.406,1129.167,1450.74,0.677,0.677,0.516,0.483,1136.375,0.807
479,EST,2013,Estonia,False,EUR,970.231,1288.581,1490.048,1978.96,1218.527,1618.348,0.651,0.651,0.522,0.477,1230.139,0.788
480,EST,2014,Estonia,False,EUR,1133.255,1505.53,1689.055,2243.911,1400.531,1860.606,0.67,0.67,0.519,0.48,1411.155,0.803
481,EST,2015,Estonia,False,EUR,1217.125,1350.416,1653.322,1834.382,1429.967,1586.566,0.736,0.736,0.512,0.487,1435.223,0.848
482,EST,2016,Estonia,False,EUR,1239.163,1371.633,1714.109,1897.353,1471.64,1628.963,0.722,0.722,0.51,0.489,1476.636,0.839
483,EST,2017,Estonia,False,EUR,1299.89,1468.462,1674.764,1891.949,1482.831,1675.127,0.776,0.776,0.511,0.488,1487.327,0.873
484,EST,2018,Estonia,False,EUR,1440.261,1700.883,1842.367,2175.751,1637.51,1933.825,0.781,0.781,0.509,0.49,1641.313,0.877
485,EST,2019,Estonia,False,EUR,1510.551,1691.023,1886.108,2111.45,1693.642,1895.989,0.8,0.8,0.512,0.487,1698.329,0.889
486,EST,2020,Estonia,False,EUR,1699.39,1941.036,2149.896,2455.603,1920.384,2193.455,0.79,0.79,0.509,0.49,1924.643,0.882
487,EST,2021,Estonia,False,EUR,1843.801,2180.737,2248.34,2659.203,2044.395,2417.988,0.82,0.82,0.504,0.495,2046.07,0.901
488,EST,2022,Estonia,False,EUR,1916.774,2018.456,2361.554,2486.831,2132.681,2245.817,0.811,0.811,0.514,0.485,2139.163,0.896
489,EST,2023,Estonia,False,EUR,2142.428,2316.54,2716.815,2937.607,2418.598,2615.154,0.788,0.788,0.519,0.48,2429.621,0.881
490,ETH,2013,Ethiopia,False,ETB,1039.51,55.808,1516.786,81.431,1345.499,72.235,0.685,0.685,0.358,0.641,1278.148,0.813
491,ETH,2021,Ethiopia,False,ETB,3439.449,78.645,4617.399,105.58,4195.965,95.943,0.744,0.744,0.357,0.642,4028.424,0.853
492,FIN,2004,Finland,False,EUR,1887.637,2348.036,2571.503,3198.699,2227.584,2770.896,0.734,0.734,0.502,0.497,2229.57,0.846
493,FIN,2005,Finland,False,EUR,1925.481,2395.472,2616.847,3255.594,2265.635,2818.655,0.735,0.735,0.507,0.492,2271.164,0.847
494,FIN,2006,Finland,False,EUR,1984.211,2491.373,2692.855,3381.145,2336.174,2933.297,0.736,0.736,0.503,0.496,2338.533,0.848
495,FIN,2007,Finland,False,EUR,2606.696,3572.42,3495.271,4790.193,3052.066,4182.79,0.745,0.745,0.498,0.501,3050.983,0.854
496,FIN,2008,Finland,False,EUR,2647.005,3893.097,3669.396,5396.784,3156.464,4642.387,0.721,0.721,0.501,0.498,3158.2,0.838
497,FIN,2009,Finland,False,EUR,2868.588,4001.056,3933.499,5486.375,3396.454,4737.314,0.729,0.729,0.504,0.495,3401.043,0.843
498,FIN,2010,Finland,False,EUR,3008.14,3987.941,3908.195,5181.159,3452.691,4577.29,0.769,0.769,0.506,0.493,3458.167,0.869
499,FIN,2011,Finland,False,EUR,3137.946,4367.88,3951.765,5500.681,3541.288,4929.314,0.794,0.794,0.504,0.495,3544.855,0.885
500,FIN,2012,Finland,False,EUR,3232.304,4152.828,4165.486,5351.769,3691.604,4742.931,0.775,0.775,0.507,0.492,3698.895,0.873
501,FIN,2013,Finland,False,EUR,3326.753,4418.32,4308.903,5722.732,3809.484,5059.444,0.772,0.772,0.508,0.491,3817.828,0.871
502,FIN,2014,Finland,False,EUR,3532.456,4692.871,4432.131,5888.09,3965.993,5268.825,0.797,0.797,0.518,0.481,3982.293,0.887
503,FIN,2015,Finland,False,EUR,3634.316,4032.32,4530.029,5026.125,4081.802,4528.812,0.802,0.802,0.5,0.499,4082.172,0.89
504,FIN,2016,Finland,False,EUR,3680.155,4073.575,4584.065,5074.115,4128.517,4569.869,0.802,0.802,0.503,0.496,4132.109,0.89
505,FIN,2017,Finland,False,EUR,3707.211,4187.966,4566.444,5158.626,4135.846,4672.188,0.811,0.811,0.501,0.498,4136.827,0.896
506,FIN,2018,Finland,False,EUR,3647.848,4307.943,4576.121,5404.191,4115.657,4860.404,0.797,0.797,0.496,0.503,4111.984,0.887
507,FIN,2019,Finland,False,EUR,3646.56,4082.231,4621.77,5173.954,4129.216,4622.552,0.788,0.788,0.505,0.494,4134.165,0.882
508,FIN,2020,Finland,False,EUR,3756.05,4290.145,4674.024,5338.652,4229.336,4830.732,0.803,0.803,0.484,0.515,4215.037,0.891
509,FIN,2021,Finland,False,EUR,3865.457,4571.832,4779.46,5652.86,4336.414,5128.852,0.808,0.808,0.484,0.515,4322.458,0.894
510,FIN,2022,Finland,False,EUR,4150.138,4370.297,5090.332,5360.367,4620.305,4865.406,0.815,0.815,0.499,0.5,4620.235,0.898
511,FIN,2023,Finland,False,EUR,4283.923,4632.072,5240.5,5666.388,4759.639,5146.449,0.817,0.817,0.502,0.497,4762.211,0.899
512,FRA,1999,France,False,EUR,1146.7,1222.126,1558.4,1660.906,1366.9,1456.81,0.735,0.735,0.465,0.534,1352.55,0.847
513,FRA,2000,France,False,EUR,1171.1,1081.643,1592.4,1470.761,1396.3,1289.64,0.735,0.735,0.465,0.534,1381.75,0.847
514,FRA,2001,France,False,EUR,1208.9,1082.726,1629.9,1459.787,1434.7,1284.96,0.741,0.741,0.463,0.536,1419.4,0.851
515,FRA,2002,France,False,EUR,1937.07,1831.642,2350.07,2222.164,2203.8,2083.855,0.824,0.824,0.354,0.645,2143.57,0.903
516,FRA,2004,France,False,EUR,1694.399,2107.667,2261.96,2813.657,1992.726,2478.757,0.749,0.749,0.474,0.525,1978.179,0.856
517,FRA,2005,France,True,EUR,1325.897,1649.536,1772.226,2204.809,1557.414,1937.563,0.748,0.748,0.481,0.518,1549.061,0.855
518,FRA,2006,France,False,EUR,1371.114,1721.569,1801.633,2262.128,1592.678,1999.764,0.761,0.761,0.485,0.514,1586.373,0.864
519,FRA,2007,France,False,EUR,1410.484,1933.038,1847.072,2531.372,1633.953,2239.297,0.763,0.763,0.488,0.511,1628.777,0.865
520,FRA,2008,France,False,EUR,1443.25,2122.668,1898.871,2792.776,1676.993,2466.447,0.76,0.76,0.486,0.513,1671.06,0.863
521,FRA,2009,France,False,EUR,1476.967,2060.047,1951.293,2721.629,1717.239,2395.175,0.756,0.756,0.493,0.506,1714.13,0.861
522,FRA,2010,France,False,EUR,1503.324,1992.982,1969.879,2611.501,1738.951,2305.357,0.763,0.763,0.494,0.505,1736.601,0.865
523,FRA,2011,France,False,EUR,1541.476,2145.666,2023.092,2816.053,1784.44,2483.861,0.761,0.761,0.495,0.504,1782.284,0.864
524,FRA,2012,France,False,EUR,1566.588,2012.734,2067.19,2655.903,1819.133,2337.201,0.757,0.757,0.495,0.504,1816.889,0.862
525,FRA,2013,France,False,EUR,1575.89,2092.967,2075.444,2756.435,1826.341,2425.596,0.759,0.759,0.498,0.501,1825.667,0.863
526,FRA,2014,France,False,EUR,1601.748,2127.923,2084.425,2769.161,1843.536,2449.14,0.768,0.768,0.499,0.5,1843.086,0.869
527,FRA,2015,France,False,EUR,1609.714,1785.998,2093.429,2322.687,1851.132,2053.855,0.768,0.768,0.5,0.499,1851.572,0.869
528,FRA,2016,France,False,EUR,1625.982,1799.804,2107.755,2333.08,1866.954,2066.538,0.771,0.771,0.499,0.5,1866.868,0.87
529,FRA,2017,France,False,EUR,1659.395,1874.587,2118.576,2393.316,1889.213,2134.209,0.783,0.783,0.499,0.5,1888.985,0.878
530,FRA,2018,France,False,EUR,1687.112,1992.403,2175.934,2569.679,1931.652,2281.193,0.775,0.775,0.499,0.5,1931.523,0.873
531,FRA,2019,France,False,EUR,1739.648,1947.492,2235.438,2502.516,1986.284,2223.595,0.778,0.778,0.502,0.497,1987.543,0.875
532,FRA,2020,France,False,EUR,1780.588,2033.781,2252.553,2572.857,2015.55,2302.154,0.79,0.79,0.502,0.497,2016.57,0.882
533,FRA,2021,France,False,EUR,3220.355,3808.844,4496.244,5317.889,3856.986,4561.813,0.716,0.716,0.501,0.498,3858.299,0.834
534,FRA,2022,France,False,EUR,3385.675,3565.28,4539.734,4780.561,3958.107,4168.078,0.745,0.745,0.503,0.496,3962.704,0.854
535,FRA,2023,France,False,EUR,3571.583,3861.841,4642.333,5019.608,4107.888,4441.731,0.769,0.769,0.499,0.5,4106.957,0.869
536,GBR,1998,United Kingdom of Great Britain and Northern Ireland,False,GBP,1365.867,2262.029,1615.467,2675.395,,,0.845,0.845,,,1490.667,0.916
537,GBR,2000,United Kingdom of Great Britain and Northern Ireland,False,GBP,1494.567,2261.306,2044.467,3093.314,1959.533,2964.808,0.731,0.731,0.154,0.845,1769.517,0.844
538,GBR,2001,United Kingdom of Great Britain and Northern Ireland,False,GBP,1590.767,2290.01,2037.1,2932.535,1949.133,2805.901,0.78,0.78,0.197,0.802,1813.933,0.876
539,GBR,2002,United Kingdom of Great Britain and Northern Ireland,False,GBP,1676.133,2512.102,2268.067,3399.262,2046.2,3066.739,0.739,0.739,0.374,0.625,1972.1,0.849
540,GBR,2003,United Kingdom of Great Britain and Northern Ireland,False,GBP,1736.367,2835.012,2336.967,3815.627,2112.933,3449.842,0.743,0.743,0.373,0.626,2036.667,0.852
541,GBR,2004,United Kingdom of Great Britain and Northern Ireland,False,GBP,1829.1,3348.896,2415.4,4422.352,2193.1,4015.343,0.757,0.757,0.379,0.62,2122.25,0.861
542,GBR,2015,United Kingdom of Great Britain and Northern Ireland,False,EUR,1680.853,1864.929,2581.271,2863.953,2131.64,2365.082,0.651,0.651,0.499,0.5,2131.062,0.788
543,GBR,2016,United Kingdom of Great Britain and Northern Ireland,False,EUR,1715.012,1898.352,2640.146,2922.386,2173.03,2405.333,0.649,0.649,0.504,0.495,2177.579,0.787
544,GBR,2018,United Kingdom of Great Britain and Northern Ireland,False,EUR,1849.892,2184.638,2786.275,3290.464,2315.906,2734.98,0.663,0.663,0.502,0.497,2318.083,0.798
545,GBR,2019,United Kingdom of Great Britain and Northern Ireland,False,GBP,1997.0,2548.998,2968.0,3788.396,2482.0,3168.059,0.672,0.672,0.5,0.499,2482.5,0.804
546,GBR,2020,United Kingdom of Great Britain and Northern Ireland,False,EUR,2082.927,2379.112,3023.062,3452.93,2543.343,2904.997,0.689,0.689,0.51,0.489,2552.994,0.815
547,GBR,2021,United Kingdom of Great Britain and Northern Ireland,False,EUR,2099.43,2483.08,3019.46,3571.237,2553.992,3020.709,0.695,0.695,0.505,0.494,2559.444,0.82
548,GBR,2022,United Kingdom of Great Britain and Northern Ireland,False,EUR,2271.927,2392.449,3219.269,3390.046,2744.647,2890.247,0.705,0.705,0.501,0.498,2745.598,0.827
549,GBR,2023,United Kingdom of Great Britain and Northern Ireland,False,EUR,2437.933,2636.061,3388.911,3664.324,2913.212,3149.964,0.719,0.719,0.5,0.499,2913.422,0.836
550,GEO,2016,Georgia,False,GEL,731.224,308.96,1116.591,471.788,940.01,397.178,0.654,0.654,0.458,0.541,923.907,0.791
551,GEO,2017,Georgia,False,GEL,461.697,183.976,634.781,252.947,546.466,217.755,0.727,0.727,0.51,0.489,548.239,0.842
552,GEO,2018,Georgia,False,GEL,471.008,185.867,646.709,255.201,556.574,219.633,0.728,0.728,0.513,0.486,558.858,0.842
553,GEO,2019,Georgia,False,GEL,515.48,182.915,686.685,243.666,599.346,212.674,0.75,0.75,0.51,0.489,601.082,0.857
554,GEO,2020,Georgia,False,GEL,544.624,175.176,684.379,220.127,613.599,197.361,0.795,0.795,0.506,0.493,614.501,0.886
555,GEO,2021,Georgia,False,GEL,575.975,178.788,753.966,234.038,663.756,206.036,0.763,0.763,0.506,0.493,664.97,0.866
556,GEO,2022,Georgia,False,GEL,648.808,222.484,848.333,290.904,745.602,255.676,0.764,0.764,0.514,0.485,748.57,0.866
557,GEO,2023,Georgia,False,GEL,751.361,285.911,992.328,377.604,866.97,329.902,0.757,0.757,0.52,0.479,871.844,0.861
558,GHA,2013,Ghana,True,GHS,500.584,252.648,679.554,342.975,625.753,315.822,0.736,0.736,0.3,0.699,590.069,0.848
559,GHA,2015,Ghana,True,GHS,710.52,191.275,1008.882,271.596,895.608,241.102,0.704,0.704,0.379,0.62,859.701,0.826
560,GHA,2017,Ghana,True,GHS,621.538,142.865,954.579,219.417,849.39,195.238,0.651,0.651,0.315,0.684,788.058,0.788
561,GIN,2019,Guinea,False,GNF,1495499.588,162.84,1846063.233,201.011,1765988.126,192.292,0.81,0.81,0.228,0.771,1670781.41,0.895
562,GMB,2012,Gambia,True,GMD,2779.67,86.656,3923.574,122.317,3603.209,112.33,0.708,0.708,0.28,0.719,3351.622,0.829
563,GMB,2018,Gambia,True,GMD,3750.876,77.897,4087.448,84.887,3988.236,82.826,0.917,0.917,0.294,0.705,3919.162,0.957
564,GNB,2022,Guinea-Bissau,False,XOF,74487.455,119.417,92822.954,148.812,87940.423,140.984,0.802,0.802,0.266,0.733,83655.204,0.89
565,GRC,2002,Greece,False,EUR,1015.29,960.032,1419.37,1342.119,1263.72,1194.94,0.715,0.715,0.385,0.614,1217.33,0.834
566,GRC,2006,Greece,False,EUR,1400.0,1757.838,1837.0,2306.535,1651.0,2072.994,0.762,0.762,0.425,0.574,1618.5,0.864
567,GRC,2007,Greece,False,EUR,885.525,1213.593,1037.536,1421.92,973.424,1334.056,0.853,0.853,0.421,0.578,961.53,0.92
568,GRC,2008,Greece,False,EUR,919.2,1351.918,1077.279,1584.414,1010.075,1485.573,0.853,0.853,0.425,0.574,998.239,0.92
569,GRC,2009,Greece,False,EUR,979.151,1365.702,1112.32,1551.445,1054.278,1470.488,0.88,0.88,0.435,0.564,1045.735,0.936
570,GRC,2010,Greece,False,EUR,983.038,1303.23,1131.781,1500.42,1065.925,1413.114,0.868,0.868,0.442,0.557,1057.409,0.929
571,GRC,2011,Greece,False,EUR,968.021,1347.442,1118.131,1556.388,1051.049,1463.013,0.865,0.865,0.446,0.553,1043.076,0.928
572,GRC,2012,Greece,False,EUR,876.781,1126.478,1017.944,1307.843,954.143,1225.872,0.861,0.861,0.451,0.548,947.362,0.925
573,GRC,2013,Greece,False,EUR,826.833,1098.132,965.47,1282.258,903.227,1199.592,0.856,0.856,0.448,0.551,896.151,0.922
574,GRC,2014,Greece,False,EUR,820.697,1090.297,932.446,1238.755,880.729,1170.049,0.88,0.88,0.462,0.537,876.571,0.936
575,GRC,2015,Greece,False,EUR,799.306,886.841,921.626,1022.556,864.998,959.726,0.867,0.867,0.462,0.537,860.466,0.928
576,GRC,2016,Greece,False,EUR,805.462,891.568,930.032,1029.455,873.344,966.707,0.866,0.866,0.455,0.544,867.747,0.928
577,GRC,2017,Greece,False,EUR,812.381,917.732,930.607,1051.289,877.024,990.758,0.872,0.872,0.453,0.546,871.493,0.932
578,GRC,2018,Greece,False,EUR,824.894,974.162,936.551,1106.024,886.053,1046.388,0.88,0.88,0.452,0.547,880.722,0.936
579,GRC,2019,Greece,False,EUR,815.188,912.583,946.448,1059.525,885.524,991.322,0.861,0.861,0.464,0.535,880.818,0.925
580,GRC,2020,Greece,False,EUR,839.109,958.427,964.115,1101.209,905.562,1034.329,0.87,0.87,0.468,0.531,901.612,0.93
581,GRC,2021,Greece,False,EUR,1761.84,2083.799,2073.609,2452.541,1933.513,2286.844,0.849,0.849,0.449,0.55,1917.724,0.918
582,GRC,2022,Greece,False,EUR,1703.43,1793.794,1995.069,2100.904,1863.911,1962.789,0.853,0.853,0.449,0.55,1849.249,0.921
583,GRC,2023,Greece,False,EUR,1732.967,1873.803,2025.562,2190.176,1893.231,2047.091,0.855,0.855,0.452,0.547,1879.264,0.922
584,GTM,2002,Guatemala,True,GTQ,1554.248,198.711,1733.579,221.639,1678.841,214.64,0.896,0.896,0.305,0.694,1643.913,0.945
585,GTM,2003,Guatemala,True,GTQ,1552.8,195.546,1833.144,230.85,1746.948,219.995,0.847,0.847,0.307,0.692,1692.972,0.917
586,GTM,2004,Guatemala,True,GTQ,1534.71,193.131,1748.068,219.98,1684.397,211.967,0.877,0.877,0.298,0.701,1641.389,0.935
587,GTM,2006,Guatemala,True,GTQ,1928.79,253.7,2227.444,292.983,2131.916,280.418,0.865,0.865,0.319,0.68,2078.117,0.928
588,GTM,2010,Guatemala,True,GTQ,2020.495,250.751,2229.345,276.67,2166.921,268.923,0.906,0.906,0.298,0.701,2124.92,0.95
589,GTM,2011,Guatemala,False,GTQ,1943.404,249.621,2277.189,292.494,2173.883,279.225,0.853,0.853,0.309,0.69,2110.296,0.92
590,GTM,2022,Guatemala,False,GTQ,2704.136,349.0,3126.857,403.557,2982.123,384.877,0.864,0.864,0.342,0.657,2915.496,0.927
591,GTM,2023,Guatemala,False,GTQ,2612.324,333.546,2880.545,367.793,2792.624,356.567,0.906,0.906,0.327,0.672,2746.434,0.951
592,GUY,2018,Guyana,True,GYD,68469.065,329.627,82316.024,396.29,76729.473,369.395,0.831,0.831,0.403,0.596,75392.544,0.908
593,GUY,2019,Guyana,False,GYD,74712.503,358.333,86863.156,416.61,81867.118,392.648,0.86,0.86,0.411,0.588,80787.829,0.924
594,HKG,2005,"Hong Kong, China",False,HKD,8000.0,1028.63,11000.0,1414.367,,,0.727,0.727,,,9500.0,0.842
595,HKG,2007,"Hong Kong, China",False,HKD,8000.0,1025.454,12000.0,1538.182,10000.1,1281.831,0.666,0.666,0.499,0.5,10000.0,0.8
596,HKG,2010,"Hong Kong, China",False,HKD,9000.0,1158.425,12000.0,1544.567,11000.0,1415.853,0.75,0.749,0.333,0.666,10500.0,0.857
597,HKG,2011,"Hong Kong, China",False,HKD,9000.0,1156.218,13000.0,1670.092,11000.0,1413.155,0.692,0.692,0.5,0.5,11000.0,0.818
598,HKG,2012,"Hong Kong, China",False,HKD,10000.0,1289.255,14000.0,1804.957,12000.0,1547.106,0.714,0.714,0.5,0.5,12000.0,0.833
599,HKG,2013,"Hong Kong, China",False,HKD,10500.0,1353.791,15000.0,1933.987,12600.0,1624.549,0.7,0.7,0.533,0.466,12750.0,0.823
600,HKG,2014,"Hong Kong, China",False,HKD,11000.0,1418.607,15000.0,1934.465,13000.0,1676.536,0.733,0.733,0.5,0.5,13000.0,0.846
601,HKG,2015,"Hong Kong, China",False,HKD,11800.0,1522.237,16500.0,2128.552,14200.0,1831.844,0.715,0.715,0.489,0.51,14150.0,0.833
602,HKG,2016,"Hong Kong, China",False,HKD,12000.0,1545.944,18000.0,2318.915,15000.0,1932.429,0.666,0.666,0.5,0.5,15000.0,0.8
603,HRV,2003,Croatia,True,HRK,5251.0,783.15,5868.0,875.172,5599.0,835.052,0.894,0.894,0.435,0.564,5559.5,0.944
604,HRV,2004,Croatia,False,HRK,5540.0,918.079,6206.0,1028.446,5916.0,980.389,0.892,0.892,0.435,0.564,5873.0,0.943
605,HRV,2005,Croatia,False,HRK,5806.025,975.928,6492.36,1091.293,6191.67,1040.75,0.894,0.894,0.438,0.561,6149.192,0.944
606,HRV,2006,Croatia,False,HRK,6149.0,1053.309,6909.0,1183.495,6575.0,1126.282,0.889,0.889,0.439,0.56,6529.0,0.941
607,HRV,2007,Croatia,False,HRK,6549.0,1220.795,7344.0,1368.991,6995.0,1303.934,0.891,0.891,0.438,0.561,6946.5,0.942
608,HRV,2008,Croatia,False,HRK,7016.0,1421.67,7892.0,1599.177,7507.0,1521.163,0.889,0.889,0.439,0.56,7454.0,0.941
609,HRV,2009,Croatia,False,HRK,7181.0,1359.022,8033.0,1520.265,7655.0,1448.728,0.893,0.893,0.443,0.556,7607.0,0.943
610,HRV,2010,Croatia,False,EUR,1165.939,1545.704,1350.473,1790.344,1262.145,1673.247,0.863,0.863,0.478,0.521,1258.206,0.926
611,HRV,2011,Croatia,False,EUR,1153.725,1605.934,1336.908,1860.915,1248.844,1738.334,0.862,0.862,0.48,0.519,1245.316,0.926
612,HRV,2012,Croatia,False,EUR,1147.991,1474.926,1319.585,1695.388,1239.342,1592.293,0.869,0.869,0.467,0.532,1233.788,0.93
613,HRV,2013,Croatia,False,EUR,1109.55,1473.613,1261.463,1675.372,1190.134,1580.639,0.879,0.879,0.469,0.53,1185.506,0.935
614,HRV,2014,Croatia,False,EUR,1072.853,1425.286,1246.168,1655.535,1166.84,1550.148,0.86,0.86,0.457,0.542,1159.51,0.925
615,HRV,2015,Croatia,False,EUR,1178.047,1307.058,1357.66,1506.342,1274.332,1413.888,0.867,0.867,0.463,0.536,1267.853,0.929
616,HRV,2016,Croatia,False,EUR,1150.663,1273.673,1349.652,1493.934,1255.883,1390.141,0.852,0.852,0.471,0.528,1250.157,0.92
617,HRV,2017,Croatia,False,EUR,1211.194,1368.263,1454.196,1642.778,1339.598,1513.319,0.832,0.832,0.471,0.528,1332.695,0.908
618,HRV,2018,Croatia,False,EUR,1217.037,1437.266,1486.021,1754.923,1359.636,1605.668,0.818,0.818,0.469,0.53,1351.529,0.9
619,HRV,2019,Croatia,False,EUR,1306.257,1462.321,1591.588,1781.742,1456.336,1630.331,0.82,0.82,0.474,0.525,1448.922,0.901
620,HRV,2020,Croatia,False,EUR,1331.197,1520.488,1724.823,1970.086,1541.129,1760.272,0.771,0.771,0.466,0.533,1528.01,0.871
621,HRV,2021,Croatia,False,EUR,1448.363,1713.037,1766.881,2089.762,1618.889,1914.725,0.819,0.819,0.464,0.535,1607.622,0.9
622,HRV,2022,Croatia,False,EUR,1486.15,1564.989,1868.198,1967.303,1682.082,1771.314,0.795,0.795,0.487,0.512,1677.174,0.886
623,HRV,2023,Croatia,False,EUR,1245.609,1346.838,1605.844,1736.349,1430.873,1547.158,0.775,0.775,0.485,0.514,1425.726,0.873
624,HUN,1992,Hungary,False,HUF,19799.0,250.657,24505.0,310.236,22294.0,282.244,0.807,0.807,0.469,0.53,22152.0,0.893
625,HUN,1993,Hungary,False,HUF,23964.0,260.668,30106.0,327.477,27173.0,295.573,0.795,0.795,0.477,0.522,27035.0,0.886
626,HUN,1994,Hungary,False,HUF,30126.0,286.476,37509.0,356.683,33939.0,322.735,0.803,0.803,0.483,0.516,33817.5,0.89
627,HUN,1995,Hungary,False,HUF,35310.0,280.948,44087.0,350.784,39854.0,317.103,0.8,0.8,0.482,0.517,39698.5,0.889
628,HUN,1996,Hungary,False,HUF,41738.0,273.429,52879.0,346.414,47491.0,311.117,0.789,0.789,0.483,0.516,47308.5,0.882
629,HUN,1997,Hungary,False,HUF,50910.0,272.553,65186.0,348.982,58259.0,311.897,0.78,0.78,0.485,0.514,58048.0,0.877
630,HUN,1998,Hungary,False,HUF,60521.0,282.279,76487.0,356.746,68718.0,320.511,0.791,0.791,0.486,0.513,68504.0,0.883
631,HUN,1999,Hungary,True,HUF,68431.0,288.561,84649.0,356.949,76973.0,324.581,0.808,0.808,0.473,0.526,76540.0,0.894
632,HUN,2000,Hungary,False,HUF,77761.0,275.573,96563.0,342.205,87566.0,310.321,0.805,0.805,0.478,0.521,87162.0,0.892
633,HUN,2001,Hungary,False,HUF,92217.0,321.886,113311.0,395.515,103280.0,360.501,0.813,0.813,0.475,0.524,102764.0,0.897
634,HUN,2002,Hungary,False,HUF,111725.0,433.233,131413.0,509.577,122266.0,474.108,0.85,0.85,0.464,0.535,121569.0,0.919
635,HUN,2003,Hungary,False,HUF,128488.0,572.823,146496.0,653.106,138003.0,615.242,0.877,0.877,0.471,0.528,137492.0,0.934
636,HUN,2004,Hungary,False,HUF,133846.0,660.166,155183.0,765.407,145187.0,716.104,0.862,0.862,0.468,0.531,144514.5,0.926
637,HUN,2005,Hungary,False,EUR,414.874,516.14,503.244,626.081,459.119,571.186,0.824,0.824,0.499,0.5,459.059,0.903
638,HUN,2006,Hungary,False,EUR,463.492,581.96,546.532,686.225,506.616,636.106,0.848,0.848,0.48,0.519,505.012,0.917
639,HUN,2007,Hungary,False,EUR,597.694,819.126,666.16,912.958,633.315,867.944,0.897,0.897,0.479,0.52,631.926,0.945
640,HUN,2008,Hungary,False,EUR,688.211,1012.19,792.506,1165.583,743.632,1093.701,0.868,0.868,0.468,0.531,740.358,0.929
641,HUN,2009,Hungary,False,EUR,740.5,1032.836,851.18,1187.211,798.765,1114.103,0.869,0.869,0.473,0.526,795.839,0.93
642,HUN,2010,Hungary,False,EUR,672.845,892.001,764.583,1013.621,720.388,955.03,0.88,0.88,0.481,0.518,718.714,0.936
643,HUN,2011,Hungary,False,EUR,702.568,977.943,813.923,1132.944,760.199,1058.163,0.863,0.863,0.482,0.517,758.245,0.926
644,HUN,2012,Hungary,False,EUR,719.728,924.699,824.028,1058.701,774.353,994.88,0.873,0.873,0.476,0.523,771.877,0.932
645,HUN,2013,Hungary,False,EUR,694.844,922.836,819.942,1088.979,760.44,1009.955,0.847,0.847,0.475,0.524,757.393,0.917
646,HUN,2014,Hungary,False,EUR,713.274,947.585,844.109,1121.4,782.144,1039.079,0.845,0.845,0.473,0.526,778.691,0.915
647,HUN,2015,Hungary,False,EUR,704.708,781.883,796.299,883.504,753.44,835.951,0.884,0.884,0.467,0.532,750.503,0.938
648,HUN,2016,Hungary,False,EUR,709.892,785.782,841.486,931.444,779.873,863.244,0.843,0.843,0.468,0.531,775.689,0.915
649,HUN,2017,Hungary,False,EUR,774.36,874.78,893.318,1009.164,837.408,946.005,0.866,0.866,0.469,0.53,833.839,0.928
650,HUN,2018,Hungary,False,EUR,752.638,888.831,935.181,1104.406,847.867,1001.293,0.804,0.804,0.478,0.521,843.909,0.891
651,HUN,2019,Hungary,False,EUR,818.168,915.918,977.466,1094.248,901.438,1009.137,0.837,0.837,0.477,0.522,897.817,0.911
652,HUN,2020,Hungary,False,EUR,889.642,1016.146,1036.499,1183.885,967.429,1104.994,0.858,0.858,0.47,0.529,963.07,0.923
653,HUN,2021,Hungary,False,EUR,749.279,886.203,899.209,1063.531,829.992,981.664,0.833,0.833,0.461,0.538,824.243,0.909
654,HUN,2022,Hungary,False,EUR,891.799,939.108,1071.28,1128.11,987.405,1039.785,0.832,0.832,0.467,0.532,981.539,0.908
655,HUN,2023,Hungary,False,EUR,942.742,1019.358,1139.164,1231.742,1045.717,1130.701,0.827,0.827,0.475,0.524,1040.953,0.905
656,IDN,1996,Indonesia,False,IDR,300633.805,128.35,450500.961,192.333,404770.879,172.809,0.667,0.667,0.305,0.694,375567.383,0.8
657,IDN,1997,Indonesia,False,IDR,353267.131,121.424,514341.206,176.787,464434.204,159.633,0.686,0.686,0.309,0.69,433804.168,0.814
658,IDN,1998,Indonesia,False,IDR,420141.547,41.957,616929.912,61.609,553069.117,55.232,0.681,0.681,0.324,0.675,518535.729,0.81
659,IDN,1999,Indonesia,False,IDR,525819.839,66.94,750401.068,95.53,677691.823,86.274,0.7,0.7,0.323,0.676,638110.453,0.824
660,IDN,2000,Indonesia,False,IDR,326035.028,38.713,481307.615,57.15,430196.73,51.081,0.677,0.677,0.329,0.67,403671.321,0.807
661,IDN,2001,Indonesia,False,IDR,479151.411,46.697,642106.357,62.578,590866.355,57.584,0.746,0.746,0.314,0.685,560628.884,0.854
662,IDN,2002,Indonesia,False,IDR,561151.927,60.266,751114.126,80.668,691766.912,74.294,0.747,0.747,0.312,0.687,656133.026,0.855
663,IDN,2003,Indonesia,False,IDR,642182.877,74.872,852098.624,99.345,786859.657,91.739,0.753,0.753,0.31,0.689,747140.75,0.859
664,IDN,2004,Indonesia,False,IDR,676516.438,75.683,912644.785,102.099,840021.08,93.974,0.741,0.741,0.307,0.692,794580.611,0.851
665,IDN,2005,Indonesia,False,IDR,684004.726,70.482,929171.431,95.744,850790.049,87.668,0.736,0.736,0.319,0.68,806588.078,0.848
666,IDN,2006,Indonesia,False,IDR,824098.171,89.974,1080356.21,117.952,995447.946,108.682,0.762,0.762,0.331,0.668,952227.19,0.865
667,IDN,2007,Indonesia,False,IDR,892041.457,97.587,1163855.841,127.323,1075350.928,117.64,0.766,0.766,0.325,0.674,1027948.649,0.867
668,IDN,2008,Indonesia,True,IDR,950420.206,97.992,1235559.88,127.391,1139076.349,117.443,0.769,0.769,0.338,0.661,1092990.043,0.869
669,IDN,2009,Indonesia,False,IDR,1082934.459,104.229,1422047.951,136.868,1305004.134,125.603,0.761,0.761,0.345,0.654,1252491.205,0.864
670,IDN,2010,Indonesia,False,IDR,1154074.91,126.955,1492223.425,164.153,1373249.226,151.065,0.773,0.773,0.351,0.648,1323149.167,0.872
671,IDN,2011,Indonesia,False,IDR,1130844.123,128.937,1428567.257,162.885,1331778.138,151.849,0.791,0.791,0.325,0.674,1279705.69,0.883
672,IDN,2012,Indonesia,False,IDR,1214266.183,129.36,1514927.804,161.392,1416851.816,150.944,0.801,0.801,0.326,0.673,1364596.993,0.889
673,IDN,2013,Indonesia,True,IDR,1341639.695,128.249,1688280.351,161.384,1575305.674,150.585,0.794,0.794,0.325,0.674,1514960.023,0.885
674,IDN,2014,Indonesia,False,IDR,1432955.804,120.769,1833700.772,154.544,1703837.072,143.599,0.781,0.781,0.324,0.675,1633328.288,0.877
675,IDN,2015,Indonesia,False,IDR,1597587.138,119.317,1923907.864,143.689,1818033.31,135.781,0.83,0.83,0.324,0.675,1760747.501,0.907
676,IDN,2016,Indonesia,False,IDR,1830763.079,137.565,2271850.423,170.709,2125593.66,159.719,0.805,0.805,0.331,0.668,2051306.751,0.892
677,IDN,2017,Indonesia,False,IDR,2061855.943,154.09,2620257.918,195.822,2433700.752,181.88,0.786,0.786,0.334,0.665,2341056.93,0.88
678,IDN,2018,Indonesia,False,IDR,2083532.238,146.347,2658234.116,186.714,2465848.915,173.201,0.783,0.783,0.334,0.665,2370883.177,0.878
679,IDN,2019,Indonesia,False,IDR,2181905.693,154.224,2796506.274,197.666,2589312.729,183.02,0.78,0.78,0.337,0.662,2489205.983,0.876
680,IDN,2020,Indonesia,False,IDR,2186555.669,149.947,2752550.31,188.761,2561509.932,175.66,0.794,0.794,0.337,0.662,2469552.989,0.885
681,IDN,2021,Indonesia,True,IDR,2177332.312,152.174,2679556.797,187.275,2511508.115,175.53,0.812,0.812,0.334,0.665,2428444.554,0.896
682,IDN,2022,Indonesia,False,IDR,2269099.996,152.803,2895368.449,194.976,2690034.686,181.149,0.783,0.783,0.327,0.672,2582234.222,0.878
683,IDN,2023,Indonesia,False,IDR,2307995.085,151.474,3007410.446,197.377,2776803.875,182.242,0.767,0.767,0.329,0.67,2657702.765,0.868
684,IND,2005,India,False,INR,3787.866,85.893,5436.252,123.271,5121.703,116.138,0.696,0.696,0.19,0.809,4612.059,0.821
685,IND,2010,India,False,INR,7604.418,166.305,10027.428,219.295,9585.423,209.628,0.758,0.758,0.182,0.817,8815.922,0.862
686,IND,2012,India,False,INR,9220.648,172.551,12562.921,235.097,11910.637,222.89,0.733,0.733,0.195,0.804,10891.784,0.846
687,IND,2018,India,False,INR,11861.509,173.441,16813.444,245.848,15678.987,229.26,0.705,0.705,0.229,0.77,14337.476,0.827
688,IND,2019,India,False,INR,12150.884,172.548,17017.66,241.658,15799.338,224.358,0.714,0.714,0.25,0.749,14584.272,0.833
689,IND,2020,India,False,INR,12780.065,172.471,18428.805,248.703,17037.051,229.921,0.693,0.693,0.246,0.753,15604.435,0.819
690,IND,2021,India,False,INR,13228.623,178.964,19036.947,257.541,17583.076,237.873,0.694,0.694,0.25,0.749,16132.785,0.819
691,IND,2022,India,False,INR,14360.507,182.693,20268.842,257.858,18799.404,239.165,0.708,0.708,0.248,0.751,17314.674,0.829
692,IND,2023,India,False,INR,15058.111,182.303,21513.812,260.459,19783.492,239.512,0.699,0.699,0.268,0.731,18285.961,0.823
693,IRL,2002,Ireland,False,EUR,2298.92,2173.798,3027.36,2862.592,2641.09,2497.345,0.759,0.759,0.53,0.469,2663.14,0.863
694,IRL,2004,Ireland,False,EUR,1823.497,2268.253,2801.441,3484.719,2336.965,2906.956,0.65,0.65,0.474,0.525,2312.469,0.788
695,IRL,2005,Ireland,False,EUR,1906.654,2372.049,2807.203,3492.414,2372.294,2951.347,0.679,0.679,0.482,0.517,2356.928,0.808
696,IRL,2006,Ireland,False,EUR,2019.329,2535.468,2985.882,3749.07,2521.797,3166.366,0.676,0.676,0.48,0.519,2502.605,0.806
697,IRL,2008,Ireland,False,EUR,2707.209,3981.643,4009.65,5897.215,3361.282,4943.624,0.675,0.675,0.497,0.502,3358.429,0.806
698,IRL,2009,Ireland,False,EUR,2597.654,3623.163,3845.12,5363.106,3227.006,4500.972,0.675,0.675,0.495,0.504,3221.386,0.806
699,IRL,2010,Ireland,False,EUR,2774.141,3677.726,3963.397,5254.341,3350.99,4442.463,0.699,0.699,0.514,0.485,3368.769,0.823
700,IRL,2011,Ireland,False,EUR,2864.219,3986.865,4100.542,5707.77,3423.298,4765.077,0.698,0.698,0.547,0.452,3482.38,0.822
701,IRL,2012,Ireland,False,EUR,2906.058,3733.671,3986.797,5122.191,3418.78,4392.41,0.728,0.728,0.525,0.474,3446.427,0.843
702,IRL,2013,Ireland,False,EUR,3016.881,4006.774,4296.427,5706.162,3626.69,4816.672,0.702,0.702,0.523,0.476,3656.653,0.825
703,IRL,2014,Ireland,False,EUR,2951.622,3921.233,4293.584,5704.029,3595.739,4776.942,0.687,0.687,0.52,0.479,3622.603,0.814
704,IRL,2015,Ireland,False,EUR,2944.473,3266.93,4213.507,4674.941,3560.568,3950.496,0.698,0.698,0.514,0.485,3578.99,0.822
705,IRL,2016,Ireland,False,EUR,3071.79,3400.174,4288.114,4746.527,3678.744,4072.014,0.716,0.716,0.5,0.499,3679.952,0.834
706,IRL,2017,Ireland,False,EUR,3167.67,3578.457,4277.941,4832.71,3721.719,4204.355,0.74,0.74,0.5,0.499,3722.805,0.85
707,IRL,2018,Ireland,False,EUR,3228.284,3812.457,4531.751,5351.792,3887.973,4591.519,0.712,0.712,0.493,0.506,3880.017,0.832
708,IRL,2019,Ireland,False,EUR,3395.02,3800.639,4566.786,5112.401,3985.112,4461.232,0.743,0.743,0.496,0.503,3980.903,0.852
709,IRL,2020,Ireland,False,EUR,3390.305,3872.393,4630.093,5288.474,4021.022,4592.795,0.732,0.732,0.491,0.508,4010.198,0.845
710,IRL,2021,Ireland,False,EUR,3596.217,4253.391,4920.787,5820.013,4278.008,5059.773,0.73,0.73,0.485,0.514,4258.502,0.844
711,IRL,2022,Ireland,False,EUR,3642.007,3835.211,5094.519,5364.776,4387.157,4619.89,0.714,0.714,0.486,0.513,4368.263,0.833
712,IRL,2023,Ireland,False,EUR,3818.318,4128.627,5172.459,5592.817,4504.735,4870.828,0.738,0.738,0.493,0.506,4495.388,0.849
713,ISL,2010,Iceland,False,EUR,2031.996,2693.851,3036.211,4025.155,2541.736,3369.621,0.669,0.669,0.492,0.507,2534.103,0.801
714,ISL,2011,Iceland,False,EUR,2156.217,3001.357,3308.389,4605.129,2730.881,3801.265,0.651,0.651,0.501,0.498,2732.303,0.789
715,ISL,2012,Iceland,False,EUR,2320.387,2981.206,3504.932,4503.096,2921.164,3753.079,0.662,0.662,0.492,0.507,2912.659,0.796
716,ISL,2014,Iceland,False,EUR,2691.951,3576.259,4023.486,5345.205,3364.105,4469.216,0.669,0.669,0.495,0.504,3357.718,0.801
717,ISL,2015,Iceland,False,EUR,2719.717,3017.561,3943.053,4374.868,3351.985,3719.071,0.689,0.689,0.483,0.516,3331.385,0.816
718,ISL,2016,Iceland,False,EUR,20651.205,22858.883,29381.792,32522.797,25153.079,27842.021,0.702,0.702,0.484,0.515,25016.498,0.825
719,ISL,2017,Iceland,False,EUR,4518.56,5104.532,5862.352,6622.588,5232.809,5911.406,0.77,0.77,0.468,0.531,5190.456,0.87
720,ISL,2018,Iceland,False,EUR,5283.199,6239.218,6879.357,8124.207,6122.922,7230.892,0.767,0.767,0.473,0.526,6081.278,0.868
721,ISL,2019,Iceland,False,EUR,5226.14,5850.53,6896.771,7720.76,6056.891,6780.534,0.757,0.757,0.502,0.497,6061.455,0.862
722,ISR,2009,Israel,False,ILS,6280.0,1597.015,9526.0,2422.479,7947.0,2020.936,0.659,0.659,0.486,0.513,7903.0,0.794
723,ISR,2010,Israel,False,ILS,6386.0,1707.955,9720.0,2599.643,8100.0,2166.369,0.656,0.656,0.485,0.514,8053.0,0.792
724,ISR,2011,Israel,False,ILS,6600.0,1844.539,9976.0,2788.049,8325.0,2326.635,0.661,0.661,0.489,0.51,8288.0,0.796
725,ISR,2012,Israel,False,ILS,7244.0,1878.669,10953.0,2840.566,9149.0,2372.714,0.661,0.661,0.486,0.513,9098.5,0.796
726,ISR,2013,Israel,False,ILS,7280.0,2016.197,10683.0,2958.658,9030.0,2500.86,0.681,0.681,0.485,0.514,8981.5,0.81
727,ISR,2014,Israel,False,ILS,7439.0,2079.138,11114.0,3106.27,9317.0,2604.023,0.669,0.669,0.488,0.511,9276.5,0.801
728,ISR,2015,Israel,False,ILS,7666.0,1972.3,11219.0,2886.411,9503.0,2444.921,0.683,0.683,0.482,0.517,9442.5,0.811
729,ISR,2016,Israel,False,ILS,7633.0,1987.467,11664.0,3037.052,9724.0,2531.918,0.654,0.654,0.481,0.518,9648.5,0.791
730,ISR,2018,Israel,False,ILS,8546.0,2380.131,12498.0,3480.796,10584.0,2947.731,0.683,0.683,0.484,0.515,10522.0,0.812
731,ISR,2021,Israel,False,ILS,8670.0,2684.046,13126.0,4063.528,10928.0,3383.074,0.66,0.66,0.493,0.506,10898.0,0.795
732,ITA,2002,Italy,False,EUR,1612.32,1524.567,2008.9,1899.563,1880.12,1777.792,0.802,0.802,0.324,0.675,1810.61,0.89
733,ITA,2006,Italy,False,EUR,1865.0,2341.692,2271.0,2851.465,2099.0,2635.502,0.821,0.821,0.423,0.576,2068.0,0.901
734,ITA,2007,Italy,False,EUR,2322.827,3183.383,3023.628,4143.814,2725.037,3734.604,0.768,0.768,0.426,0.573,2673.227,0.868
735,ITA,2008,Italy,True,EUR,1055.891,1552.958,1327.267,1952.085,1210.181,1779.88,0.795,0.795,0.431,0.568,1191.579,0.886
736,ITA,2009,Italy,False,EUR,1076.051,1500.857,1342.1,1871.937,1226.329,1710.462,0.801,0.801,0.435,0.564,1209.075,0.889
737,ITA,2010,Italy,False,EUR,1096.278,1453.355,1365.152,1809.804,1247.144,1653.359,0.803,0.803,0.438,0.561,1230.715,0.89
738,ITA,2011,Italy,False,EUR,1104.727,1537.73,1381.381,1922.82,1258.837,1752.245,0.799,0.799,0.442,0.557,1243.054,0.888
739,ITA,2012,Italy,False,EUR,1102.635,1416.652,1385.247,1779.749,1258.506,1616.914,0.795,0.795,0.448,0.551,1243.941,0.886
740,ITA,2013,Italy,False,EUR,1109.764,1473.898,1392.136,1848.92,1264.564,1679.491,0.797,0.797,0.451,0.548,1250.949,0.887
741,ITA,2014,Italy,False,EUR,1130.777,1502.238,1414.914,1879.715,1286.271,1708.812,0.799,0.799,0.452,0.547,1272.845,0.888
742,ITA,2015,Italy,False,EUR,1152.079,1278.247,1435.25,1592.428,1307.589,1450.787,0.802,0.802,0.45,0.549,1293.664,0.89
743,ITA,2016,Italy,False,EUR,1166.404,1291.096,1444.427,1598.841,1319.238,1460.269,0.807,0.807,0.45,0.549,1305.415,0.893
744,ITA,2017,Italy,False,EUR,1176.081,1328.597,1450.359,1638.443,1325.863,1497.803,0.81,0.81,0.453,0.546,1313.219,0.895
745,ITA,2018,Italy,False,EUR,1184.322,1398.631,1466.293,1731.625,1338.435,1580.631,0.807,0.807,0.453,0.546,1325.307,0.893
746,ITA,2019,Italy,False,EUR,1201.049,1344.544,1482.538,1659.664,1354.972,1516.856,0.81,0.81,0.453,0.546,1341.793,0.895
747,ITA,2020,Italy,False,EUR,1217.168,1390.244,1487.645,1699.182,1365.486,1559.653,0.818,0.818,0.451,0.548,1352.406,0.9
748,ITA,2021,Italy,False,EUR,2643.117,3126.122,3421.677,4046.956,3077.83,3640.274,0.772,0.772,0.441,0.558,3032.397,0.871
749,ITA,2022,Italy,False,EUR,2655.792,2796.679,3482.43,3667.169,3116.198,3281.508,0.762,0.762,0.443,0.556,3069.111,0.865
750,ITA,2023,Italy,False,EUR,2804.042,3031.923,3533.506,3820.669,3203.698,3464.058,0.793,0.793,0.452,0.547,3168.774,0.884
751,JAM,2008,Jamaica,False,JMD,28111.792,386.383,33007.278,453.67,30578.195,420.283,0.851,0.851,0.496,0.503,30559.535,0.919
752,JAM,2009,Jamaica,False,JMD,26407.878,300.451,30762.205,349.992,28534.069,324.641,0.858,0.858,0.511,0.488,28585.041,0.923
753,JAM,2010,Jamaica,False,JMD,27559.628,316.065,31000.854,355.53,29228.216,335.201,0.888,0.888,0.515,0.484,29280.241,0.941
754,JAM,2011,Jamaica,False,JMD,30020.721,349.511,33069.946,385.011,31509.509,366.844,0.907,0.907,0.511,0.488,31545.333,0.951
755,JAM,2012,Jamaica,False,JMD,29551.991,332.981,31830.334,358.652,30639.538,345.235,0.928,0.928,0.522,0.477,30691.162,0.962
756,JOR,1990,Jordan,False,JOD,111.714,168.317,142.89,215.289,135.096,203.546,0.781,0.781,0.249,0.75,127.301,0.877
757,JOR,1991,Jordan,False,JOD,119.508,175.524,150.684,221.312,135.096,198.418,0.793,0.793,0.499,0.5,135.096,0.884
758,JOR,1992,Jordan,False,JOD,122.885,180.762,152.762,224.711,145.488,214.01,0.804,0.804,0.243,0.756,137.823,0.891
759,JOR,1993,Jordan,False,JOD,131.199,189.361,159.257,229.858,152.762,220.484,0.823,0.823,0.231,0.768,145.228,0.903
760,JOR,2016,Jordan,False,JOD,458.0,645.07,507.0,714.085,493.0,694.366,0.903,0.903,0.285,0.714,482.5,0.949
761,JOR,2017,Jordan,True,JOD,324.388,456.885,360.468,507.702,353.086,497.304,0.899,0.899,0.204,0.795,342.428,0.947
762,JPN,2009,Japan,False,JPY,228000.0,2436.676,326800.0,3492.569,294500.0,3147.373,0.697,0.697,0.326,0.673,277400.0,0.821
763,JPN,2010,Japan,False,JPY,227600.0,2592.849,328300.0,3740.037,296200.0,3374.35,0.693,0.693,0.318,0.681,277950.0,0.818
764,JPN,2011,Japan,False,JPY,231900.0,2905.759,328300.0,4113.673,296800.0,3718.971,0.706,0.706,0.326,0.673,280100.0,0.827
765,JPN,2012,Japan,False,JPY,233100.0,2921.402,329000.0,4123.3,297700.0,3731.023,0.708,0.708,0.326,0.673,281050.0,0.829
766,JPN,2013,Japan,False,JPY,232600.0,2383.303,326000.0,3340.312,295700.0,3029.848,0.713,0.713,0.324,0.675,279300.0,0.832
767,JPN,2014,Japan,False,JPY,238000.0,2246.453,329600.0,3111.055,299600.0,2827.888,0.722,0.722,0.327,0.672,283800.0,0.838
768,JPN,2015,Japan,False,JPY,241700.0,1996.794,334000.0,2759.327,303500.0,2507.352,0.723,0.723,0.33,0.669,287850.0,0.839
769,JPN,2016,Japan,False,JPY,243900.0,2241.874,334600.0,3075.568,303600.0,2790.623,0.728,0.728,0.341,0.658,289250.0,0.843
770,JPN,2017,Japan,False,JPY,246300.0,2195.85,334400.0,2981.292,303800.0,2708.482,0.736,0.736,0.347,0.652,290350.0,0.848
771,JPN,2018,Japan,False,JPY,246900.0,2235.944,336100.0,3043.745,305300.0,2764.818,0.734,0.734,0.345,0.654,291500.0,0.846
772,JPN,2019,Japan,False,JPY,249800.0,2291.54,336100.0,3083.213,306000.0,2807.09,0.743,0.743,0.348,0.651,292950.0,0.852
773,JPN,2020,Japan,False,JPY,251800.0,2358.239,338800.0,3173.04,307700.0,2881.772,0.743,0.743,0.357,0.642,295300.0,0.852
774,JPN,2021,Japan,False,JPY,253600.0,2310.615,337200.0,3072.316,307400.0,2800.801,0.752,0.752,0.356,0.643,295400.0,0.858
775,KAZ,1998,Kazakhstan,False,KZT,8260.0,105.487,10904.0,139.253,9683.0,123.66,0.757,0.757,0.461,0.538,9582.0,0.862
776,KAZ,1999,Kazakhstan,False,KZT,9485.0,79.357,14034.0,117.416,11864.0,99.261,0.675,0.675,0.477,0.522,11759.5,0.806
777,KAZ,2009,Kazakhstan,False,KZT,53276.0,361.201,80491.0,545.714,67333.0,456.505,0.661,0.661,0.483,0.516,66883.5,0.796
778,KAZ,2010,Kazakhstan,False,KZT,61273.0,415.819,92853.0,630.131,77611.0,526.694,0.659,0.659,0.482,0.517,77063.0,0.795
779,KAZ,2011,Kazakhstan,False,KZT,72430.0,493.995,106533.0,726.588,90028.0,614.019,0.679,0.679,0.483,0.516,89481.5,0.809
780,KAZ,2012,Kazakhstan,False,KZT,82625.0,554.112,118799.0,796.707,101263.0,679.105,0.695,0.695,0.484,0.515,100712.0,0.82
781,KAZ,2015,Kazakhstan,False,KZT,99911.0,450.601,151694.0,684.144,126021.0,568.358,0.658,0.658,0.495,0.504,125802.5,0.794
782,KAZ,2016,Kazakhstan,False,KZT,116108.0,339.338,169352.0,494.95,142898.0,417.635,0.685,0.685,0.496,0.503,142730.0,0.813
783,KAZ,2017,Kazakhstan,False,KZT,121793.0,373.597,179575.0,550.842,150827.0,462.658,0.678,0.678,0.497,0.502,150684.0,0.808
784,KAZ,2019,Kazakhstan,False,KZT,150779.0,393.939,222514.0,581.36,186815.0,488.09,0.677,0.677,0.497,0.502,186646.5,0.807
785,KAZ,2020,Kazakhstan,False,KZT,182679.0,442.372,243524.0,589.713,213003.0,515.804,0.75,0.75,0.501,0.498,213101.5,0.857
786,KAZ,2022,Kazakhstan,False,KZT,265762.0,577.536,355296.0,772.106,309867.0,673.382,0.748,0.748,0.507,0.492,310529.0,0.855
787,KEN,1990,Kenya,False,KES,2727.3,119.019,3484.8,152.077,3106.1,135.55,0.782,0.782,0.499,0.5,3106.05,0.878
788,KEN,1991,Kenya,False,KES,2976.6,108.209,3513.5,127.727,3394.1,123.386,0.847,0.847,0.222,0.777,3245.05,0.917
789,KEN,2005,Kenya,True,KES,7095.794,93.917,8257.07,109.287,7896.366,104.513,0.859,0.859,0.31,0.689,7676.432,0.924
790,KEN,2016,Kenya,False,KES,11291.57,111.242,16522.039,162.772,14493.296,142.785,0.683,0.683,0.387,0.612,13906.804,0.811
791,KEN,2019,Kenya,False,KES,12667.807,124.205,14662.588,143.763,13932.869,136.608,0.863,0.863,0.365,0.634,13665.197,0.927
792,KEN,2021,Kenya,False,KES,103189.375,941.185,132830.31,1211.538,122416.983,1116.559,0.776,0.776,0.351,0.648,118009.842,0.874
793,KGZ,2013,Kyrgyzstan,False,KGS,9113.0,188.137,12440.0,256.822,10601.0,218.857,0.732,0.732,0.552,0.447,10776.5,0.845
794,KGZ,2014,Kyrgyzstan,False,KGS,9732.0,181.384,13695.0,255.246,11516.0,214.634,0.71,0.71,0.549,0.45,11713.5,0.83
795,KGZ,2015,Kyrgyzstan,False,KGS,11125.3,172.587,14742.8,228.705,12715.6,197.257,0.754,0.754,0.56,0.439,12934.05,0.86
796,KGZ,2016,Kyrgyzstan,False,KGS,11743.0,167.963,15592.0,223.017,13428.0,192.064,0.753,0.753,0.562,0.437,13667.5,0.859
797,KGZ,2017,Kyrgyzstan,False,KGS,12183.0,176.907,16802.0,243.979,14217.0,206.442,0.725,0.725,0.559,0.44,14492.5,0.84
798,KGZ,2018,Kyrgyzstan,False,KGS,12574.0,182.655,17556.0,255.025,14760.0,214.409,0.716,0.716,0.561,0.438,15065.0,0.834
799,KGZ,2019,Kyrgyzstan,False,KGS,14421.0,206.636,18724.0,268.293,16287.0,233.374,0.77,0.77,0.566,0.433,16572.5,0.87
800,KGZ,2020,Kyrgyzstan,False,KGS,15078.0,194.942,19992.0,258.474,17198.0,222.351,0.754,0.754,0.568,0.431,17535.0,0.859
801,KGZ,2022,Kyrgyzstan,False,KGS,24954.0,296.661,31353.0,372.734,27684.0,329.116,0.795,0.795,0.573,0.426,28153.5,0.886
802,KHM,1996,Cambodia,False,KHR,73343.571,27.95,90022.31,34.306,85534.384,32.595,0.814,0.814,0.269,0.73,81682.94,0.897
803,KHM,1997,Cambodia,False,KHR,86151.738,29.241,106336.654,36.092,100896.964,34.246,0.81,0.81,0.269,0.73,96244.196,0.895
804,KHM,1999,Cambodia,False,KHR,140578.905,36.918,153197.88,40.232,148625.025,39.031,0.917,0.917,0.362,0.637,146888.392,0.957
805,KHM,2001,Cambodia,False,KHR,151676.003,38.729,160149.425,40.893,156499.312,39.961,0.947,0.947,0.43,0.569,155912.713,0.972
806,KHM,2003,Cambodia,False,KHR,180946.511,45.54,195676.083,49.247,189725.83,47.75,0.924,0.924,0.403,0.596,188311.297,0.96
807,KHM,2007,Cambodia,True,KHR,258002.972,63.608,319615.962,78.798,295074.854,72.747,0.807,0.807,0.398,0.601,288809.467,0.893
808,KHM,2008,Cambodia,False,KHR,289856.29,71.496,360939.22,89.029,331752.151,81.83,0.803,0.803,0.41,0.589,325397.755,0.89
809,KHM,2009,Cambodia,False,KHR,280092.189,67.666,369435.857,89.25,331703.379,80.134,0.758,0.758,0.422,0.577,324764.023,0.862
810,KHM,2010,Cambodia,False,KHR,319696.003,76.392,411132.609,98.242,373571.416,89.266,0.777,0.777,0.41,0.589,365414.306,0.874
811,KHM,2011,Cambodia,False,KHR,332202.537,81.854,459394.196,113.193,404130.953,99.576,0.723,0.723,0.434,0.565,395798.366,0.839
812,KHM,2012,Cambodia,True,KHR,419432.673,104.0,512990.284,127.198,474675.536,117.698,0.817,0.817,0.409,0.59,466211.478,0.899
813,KHM,2013,Cambodia,False,KHR,434135.032,107.799,542595.928,134.731,497094.711,123.433,0.8,0.8,0.419,0.58,488365.48,0.888
814,KHM,2014,Cambodia,False,KHR,547601.338,135.629,656486.238,162.597,610121.425,151.114,0.834,0.834,0.425,0.574,602043.788,0.909
815,KHM,2015,Cambodia,False,KHR,593957.912,146.016,702116.48,172.606,655840.741,161.229,0.845,0.845,0.427,0.572,648037.196,0.916
816,KHM,2016,Cambodia,False,KHR,677219.075,166.856,776808.275,191.394,736010.77,181.342,0.871,0.871,0.409,0.59,727013.675,0.931
817,KHM,2019,Cambodia,True,KHR,989757.638,243.714,1129400.327,278.099,1069006.114,263.228,0.876,0.876,0.432,0.567,1059578.982,0.934
818,KHM,2020,Cambodia,False,KHR,959838.046,234.52,1168823.995,285.582,1076082.625,262.922,0.821,0.821,0.443,0.556,1064331.02,0.901
819,KHM,2021,Cambodia,False,KHR,990326.807,241.618,1149011.394,280.334,1081316.447,263.818,0.861,0.861,0.426,0.573,1069669.1,0.925
820,KOR,2018,Republic of Korea,False,KRW,2703000.0,2456.908,4144000.0,3766.713,3593000.0,3265.879,0.652,0.652,0.382,0.617,3423500.0,0.789
821,KOR,2019,Republic of Korea,False,KRW,2827000.0,2425.865,4277000.0,3670.118,3720000.0,3192.154,0.66,0.66,0.384,0.615,3552000.0,0.795
822,KOR,2020,Republic of Korea,False,KRW,2863000.0,2425.725,4316000.0,3656.803,3757000.0,3183.181,0.663,0.663,0.384,0.615,3589500.0,0.797
823,KOR,2021,Republic of Korea,False,KRW,2934000.0,2564.794,4442000.0,3883.031,3858000.0,3372.52,0.66,0.66,0.387,0.612,3688000.0,0.795
824,KOR,2022,Republic of Korea,False,KRW,3129000.0,2422.864,4726000.0,3659.462,4091000.0,3167.765,0.662,0.662,0.397,0.602,3927500.0,0.796
825,LAO,2010,Lao People's Democratic Republic,True,LAK,961765.971,116.519,1192081.663,144.422,1111897.615,134.708,0.806,0.806,0.348,0.651,1076923.817,0.893
826,LAO,2017,Lao People's Democratic Republic,True,LAK,1822339.493,221.028,2073605.571,251.503,1977052.518,239.793,0.878,0.878,0.384,0.615,1947972.532,0.935
827,LAO,2022,Lao People's Democratic Republic,True,LAK,2115601.114,150.735,2727132.538,194.306,2503995.654,178.408,0.775,0.775,0.364,0.635,2421366.826,0.873
828,LBR,2014,Liberia,True,LRD,6763.374,80.62,8270.236,98.581,7995.283,95.304,0.817,0.817,0.182,0.817,7516.805,0.899
829,LBR,2016,Liberia,False,LRD,8342.195,88.345,12428.132,131.616,11477.563,121.549,0.671,0.671,0.232,0.767,10385.163,0.803
830,LKA,1990,Sri Lanka,False,LKR,1932.214,48.23,2168.668,54.132,2103.006,52.493,0.89,0.89,0.277,0.722,2050.44,0.942
831,LKA,1991,Sri Lanka,False,LKR,2084.598,50.387,2547.75,61.582,2505.654,60.565,0.818,0.818,0.09,0.909,2316.174,0.9
832,LKA,1992,Sri Lanka,False,LKR,2449.674,55.891,2801.625,63.921,2715.152,61.948,0.874,0.874,0.245,0.754,2625.649,0.932
833,LKA,1994,Sri Lanka,False,LKR,3138.584,63.515,3530.43,71.444,3444.753,69.71,0.889,0.889,0.218,0.781,3334.506,0.941
834,LKA,1995,Sri Lanka,False,LKR,2937.106,57.308,4050.234,79.026,3910.579,76.302,0.725,0.725,0.125,0.874,3493.67,0.84
835,LKA,1997,Sri Lanka,False,LKR,3035.763,51.458,3299.734,55.933,3087.07,52.328,0.92,0.919,0.805,0.194,3167.748,0.958
836,LKA,1998,Sri Lanka,False,LKR,3255.18,50.507,3961.425,61.465,3447.646,53.493,0.821,0.821,0.727,0.272,3608.302,0.902
837,LKA,1999,Sri Lanka,False,LKR,3358.468,47.547,4094.287,57.964,4001.684,56.653,0.82,0.82,0.125,0.874,3726.377,0.901
838,LKA,2000,Sri Lanka,False,LKR,3842.637,49.901,4703.32,61.078,4445.278,57.727,0.817,0.817,0.299,0.7,4272.978,0.899
839,LKA,2001,Sri Lanka,False,LKR,4185.773,46.83,4945.743,55.332,4864.662,54.425,0.846,0.846,0.106,0.893,4565.758,0.916
840,LKA,2002,Sri Lanka,False,LKR,4468.612,46.712,5321.431,55.627,5220.876,54.576,0.839,0.839,0.117,0.882,4895.021,0.912
841,LKA,2003,Sri Lanka,False,LKR,4879.746,50.556,5772.236,59.803,5633.832,58.369,0.845,0.845,0.155,0.844,5325.991,0.916
842,LKA,2004,Sri Lanka,False,LKR,5293.793,52.313,6165.197,60.924,6015.756,59.447,0.858,0.858,0.171,0.828,5729.495,0.923
843,LKA,2005,Sri Lanka,False,LKR,6043.572,60.136,6433.371,64.015,6411.141,63.794,0.939,0.939,0.057,0.942,6238.471,0.968
844,LKA,2006,Sri Lanka,False,LKR,6516.858,62.714,7592.053,73.061,7162.478,68.927,0.858,0.858,0.399,0.6,7054.455,0.923
845,LKA,2008,Sri Lanka,False,LKR,8464.042,78.129,10284.456,94.933,9362.504,86.423,0.822,0.822,0.506,0.493,9374.249,0.902
846,LKA,2009,Sri Lanka,False,LKR,11021.0,95.881,13506.0,117.5,12687.0,110.375,0.816,0.816,0.329,0.67,12263.5,0.898
847,LKA,2010,Sri Lanka,True,LKR,11876.08,105.038,14658.657,129.649,13749.943,121.612,0.81,0.81,0.326,0.673,13267.368,0.895
848,LKA,2011,Sri Lanka,True,LKR,13392.288,121.126,16101.667,145.631,15227.925,137.728,0.831,0.831,0.322,0.677,14746.977,0.908
849,LKA,2012,Sri Lanka,False,LKR,11221.0,87.937,16385.0,128.406,14497.0,113.61,0.684,0.684,0.365,0.634,13803.0,0.812
850,LKA,2013,Sri Lanka,False,LKR,16796.851,130.138,20432.546,158.307,19209.289,148.83,0.822,0.822,0.336,0.663,18614.698,0.902
851,LKA,2014,Sri Lanka,False,LKR,18529.496,141.918,21796.725,166.942,20709.87,158.618,0.85,0.85,0.332,0.667,20163.11,0.918
852,LKA,2015,Sri Lanka,False,LKR,21354.722,157.185,25263.566,185.957,23924.724,176.102,0.845,0.845,0.342,0.657,23309.144,0.916
853,LKA,2016,Sri Lanka,False,LKR,23354.651,160.423,28887.14,198.426,27007.9,185.517,0.808,0.808,0.339,0.66,26120.895,0.894
854,LKA,2017,Sri Lanka,False,LKR,25628.441,168.114,31744.161,208.232,29562.582,193.921,0.807,0.807,0.356,0.643,28686.301,0.893
855,LKA,2018,Sri Lanka,False,LKR,27398.711,168.644,32970.947,202.942,31083.061,191.322,0.83,0.83,0.338,0.661,30184.828,0.907
856,LKA,2019,Sri Lanka,False,LKR,31574.491,176.646,39713.374,222.179,36468.978,204.028,0.795,0.795,0.398,0.601,35643.932,0.885
857,LKA,2020,Sri Lanka,False,LKR,32352.327,174.319,40220.001,216.711,37032.148,199.535,0.804,0.804,0.405,0.594,36286.164,0.891
858,LKA,2021,Sri Lanka,False,LKR,35749.565,179.859,42566.272,214.155,39797.378,200.224,0.839,0.839,0.406,0.593,39157.918,0.912
859,LKA,2022,Sri Lanka,False,LKR,40597.401,125.832,47039.725,145.8,44294.45,137.291,0.863,0.863,0.426,0.573,43818.562,0.926
860,LSO,2019,Lesotho,False,LSL,3062.682,211.973,3619.483,250.511,3350.693,231.907,0.846,0.846,0.482,0.517,3341.082,0.916
861,LTU,2015,Lithuania,False,EUR,804.366,892.455,909.099,1008.657,856.993,950.845,0.884,0.884,0.497,0.502,856.732,0.938
862,LTU,2016,Lithuania,False,EUR,886.118,980.847,1022.624,1131.946,953.298,1055.208,0.866,0.866,0.507,0.492,954.371,0.928
863,LTU,2017,Lithuania,False,EUR,943.099,1065.402,1095.443,1237.502,1016.515,1148.338,0.86,0.86,0.518,0.481,1019.271,0.925
864,LTU,2018,Lithuania,False,EUR,991.902,1171.391,1207.946,1426.53,1096.164,1294.52,0.821,0.821,0.517,0.482,1099.924,0.901
865,LTU,2019,Lithuania,False,EUR,1049.576,1174.973,1328.743,1487.494,1184.715,1326.259,0.789,0.789,0.515,0.484,1189.159,0.882
866,LTU,2020,Lithuania,False,EUR,1182.688,1350.862,1439.451,1644.135,1308.616,1494.696,0.821,0.821,0.509,0.49,1311.069,0.902
867,LTU,2021,Lithuania,False,EUR,1337.431,1581.834,1628.229,1925.773,1477.096,1747.021,0.821,0.821,0.519,0.48,1482.83,0.901
868,LTU,2022,Lithuania,False,EUR,1427.01,1502.71,1739.712,1832.001,1577.433,1661.113,0.82,0.82,0.518,0.481,1583.36,0.901
869,LTU,2023,Lithuania,False,EUR,1627.419,1759.677,1994.607,2156.706,1801.334,1947.726,0.815,0.815,0.526,0.473,1811.013,0.898
870,LUX,2002,Luxembourg,False,EUR,2384.35,2254.579,3018.83,2854.526,2808.82,2655.946,0.789,0.789,0.33,0.669,2701.59,0.882
871,LUX,2006,Luxembourg,False,EUR,2824.436,3546.359,4351.054,5463.179,3708.261,4656.088,0.649,0.649,0.421,0.578,3587.745,0.787
872,LUX,2009,Luxembourg,False,EUR,3624.555,5055.465,5387.903,7514.952,4656.283,6494.502,0.672,0.672,0.414,0.585,4506.229,0.804
873,LUX,2010,Luxembourg,False,EUR,3592.112,4762.122,5231.004,6934.829,4508.324,5976.76,0.686,0.686,0.44,0.559,4411.558,0.814
874,LUX,2011,Luxembourg,False,EUR,3586.788,4992.649,5305.085,7384.44,4547.447,6329.843,0.676,0.676,0.44,0.559,4445.936,0.806
875,LUX,2012,Luxembourg,False,EUR,3748.473,4815.996,5226.652,6715.144,4573.975,5876.591,0.717,0.717,0.441,0.558,4487.562,0.835
876,LUX,2013,Luxembourg,False,EUR,4001.998,5315.125,5374.041,7137.361,4771.52,6337.142,0.744,0.744,0.439,0.56,4688.019,0.853
877,LUX,2014,Luxembourg,False,EUR,4148.755,5511.624,5366.377,7129.236,4821.604,6405.504,0.773,0.773,0.447,0.552,4757.566,0.872
878,LUX,2015,Luxembourg,False,EUR,4052.668,4496.488,5322.387,5905.257,4736.131,5254.798,0.761,0.761,0.461,0.538,4687.527,0.864
879,LUX,2016,Luxembourg,False,EUR,4432.61,4906.47,5793.9,6413.286,5195.178,5750.559,0.765,0.765,0.439,0.56,5113.254,0.866
880,LUX,2017,Luxembourg,False,EUR,4678.91,5285.676,6228.456,7036.169,5526.18,6242.821,0.751,0.751,0.453,0.546,5453.683,0.857
881,LUX,2018,Luxembourg,False,EUR,3183.312,3759.347,3959.256,4675.701,3596.301,4247.068,0.804,0.804,0.467,0.532,3571.283,0.891
882,LUX,2019,Luxembourg,False,EUR,5363.567,6004.376,6916.779,7743.157,6190.946,6930.606,0.775,0.775,0.467,0.532,6140.173,0.873
883,LUX,2020,Luxembourg,False,EUR,5532.861,6319.612,6982.256,7975.105,6305.456,7202.067,0.792,0.792,0.466,0.533,6257.558,0.884
884,LUX,2021,Luxembourg,False,EUR,5728.68,6775.54,7404.023,8757.037,6645.866,7860.333,0.773,0.773,0.452,0.547,6566.351,0.872
885,LUX,2022,Luxembourg,False,EUR,6330.64,6666.472,7622.175,8026.521,7043.999,7417.673,0.83,0.83,0.447,0.552,6976.407,0.907
886,LUX,2023,Luxembourg,False,EUR,6484.001,7010.946,8402.144,9084.975,7522.332,8133.662,0.771,0.771,0.458,0.541,7443.072,0.871
887,LVA,1992,Latvia,False,LVL,18.69,25.378,22.97,31.189,21.5,29.193,0.813,0.813,0.343,0.656,20.83,0.897
888,LVA,1994,Latvia,False,LVL,53.65,95.846,69.72,124.556,61.37,109.638,0.769,0.769,0.519,0.48,61.685,0.869
889,LVA,1995,Latvia,False,LVL,72.64,137.684,92.82,175.934,82.35,156.089,0.782,0.782,0.518,0.481,82.729,0.878
890,LVA,1996,Latvia,False,LVL,79.07,143.568,100.73,182.896,89.41,162.342,0.784,0.784,0.522,0.477,89.9,0.879
891,LVA,1997,Latvia,False,LVL,97.91,168.544,122.83,211.442,109.81,189.029,0.797,0.797,0.522,0.477,110.37,0.887
892,LVA,1998,Latvia,False,LVL,109.26,185.239,137.71,233.473,123.07,208.652,0.793,0.793,0.514,0.485,123.485,0.884
893,LVA,1999,Latvia,False,LVL,118.48,202.472,148.1,253.09,132.61,226.619,0.8,0.8,0.522,0.477,133.29,0.888
894,LVA,2000,Latvia,False,LVL,126.16,208.013,160.45,264.551,141.75,233.718,0.786,0.786,0.545,0.454,143.305,0.88
895,LVA,2001,Latvia,False,LVL,133.39,212.433,166.41,265.019,149.14,237.516,0.801,0.801,0.523,0.476,149.899,0.889
896,LVA,2002,Latvia,False,EUR,246.4,232.989,312.52,295.511,281.43,266.113,0.788,0.788,0.47,0.529,279.46,0.881
897,LVA,2003,Latvia,False,LVL,161.69,282.934,194.46,340.277,177.21,310.092,0.831,0.831,0.526,0.473,178.075,0.907
898,LVA,2004,Latvia,False,LVL,179.2,331.708,211.71,391.886,194.89,360.752,0.846,0.846,0.517,0.482,195.454,0.916
899,LVA,2005,Latvia,False,LVL,204.06,361.349,249.13,441.159,225.64,399.563,0.819,0.819,0.521,0.478,226.595,0.9
900,LVA,2006,Latvia,False,EUR,428.0,537.396,511.0,641.611,465.0,583.854,0.837,0.837,0.554,0.445,469.5,0.911
901,LVA,2007,Latvia,False,LVL,484.802,943.578,627.842,1221.978,556.238,1082.614,0.772,0.772,0.5,0.499,556.322,0.871
902,LVA,2008,Latvia,False,LVL,712.323,1481.486,889.678,1850.348,799.756,1663.329,0.8,0.8,0.507,0.492,801.0,0.889
903,LVA,2009,Latvia,False,LVL,857.885,1696.934,1055.789,2088.397,947.843,1874.874,0.812,0.812,0.545,0.454,956.837,0.896
904,LVA,2010,Latvia,False,LVL,765.803,1443.617,911.828,1718.891,833.628,1571.475,0.839,0.839,0.535,0.464,838.815,0.912
905,LVA,2011,Latvia,False,LVL,705.523,1407.574,853.274,1702.349,774.536,1545.261,0.826,0.826,0.532,0.467,779.398,0.905
906,LVA,2012,Latvia,False,LVL,760.45,1390.537,908.766,1661.743,829.881,1517.497,0.836,0.836,0.531,0.468,834.608,0.911
907,LVA,2013,Latvia,False,LVL,760.486,1436.529,957.453,1808.592,852.819,1610.942,0.794,0.794,0.531,0.468,858.969,0.885
908,LVA,2014,Latvia,False,EUR,824.411,1095.23,1030.349,1368.821,922.808,1225.951,0.8,0.8,0.522,0.477,927.38,0.888
909,LVA,2015,Latvia,False,EUR,917.451,1017.924,1111.64,1233.379,1012.796,1123.71,0.825,0.825,0.509,0.49,1014.545,0.904
910,LVA,2016,Latvia,False,EUR,945.408,1046.476,1182.274,1308.662,1060.314,1173.664,0.799,0.799,0.514,0.485,1063.841,0.888
911,LVA,2017,Latvia,False,EUR,1004.47,1134.731,1224.892,1383.737,1111.082,1255.168,0.82,0.82,0.516,0.483,1114.681,0.901
912,LVA,2018,Latvia,False,EUR,1111.815,1313.003,1397.901,1650.858,1247.526,1473.271,0.795,0.795,0.525,0.474,1254.858,0.886
913,LVA,2019,Latvia,False,EUR,1217.525,1362.988,1546.835,1731.643,1378.653,1543.367,0.787,0.787,0.51,0.489,1382.18,0.88
914,LVA,2020,Latvia,False,EUR,1301.799,1486.909,1635.674,1868.261,1463.113,1671.162,0.795,0.795,0.516,0.483,1468.736,0.886
915,LVA,2021,Latvia,False,EUR,1407.712,1664.958,1750.738,2070.668,1573.225,1860.716,0.804,0.804,0.517,0.482,1579.225,0.891
916,LVA,2022,Latvia,False,EUR,1433.242,1509.274,1820.282,1916.845,1619.13,1705.023,0.787,0.787,0.519,0.48,1626.762,0.881
917,LVA,2023,Latvia,False,EUR,1599.777,1729.789,2062.13,2229.716,1815.548,1963.095,0.775,0.775,0.533,0.466,1830.953,0.873
918,MAC,1994,"Macao, China",False,MOP,3529.0,443.326,5109.0,641.811,4476.0,562.292,0.69,0.69,0.4,0.599,4319.0,0.817
919,MAC,1995,"Macao, China",False,MOP,3806.0,477.675,5591.0,701.703,4832.0,606.444,0.68,0.68,0.425,0.574,4698.5,0.81
920,MAC,1996,"Macao, China",False,MOP,3924.0,492.569,5716.0,717.514,4914.0,616.841,0.686,0.686,0.447,0.552,4820.0,0.814
921,MAC,1997,"Macao, China",False,MOP,4032.0,505.561,6094.0,764.11,5221.0,654.647,0.661,0.661,0.423,0.576,5063.0,0.796
922,MAC,2009,"Macao, China",False,MOP,7100.0,889.247,10000.0,1252.461,8500.0,1064.592,0.71,0.709,0.517,0.482,8550.0,0.83
923,MAC,2010,"Macao, China",False,MOP,7500.0,937.24,10000.0,1249.654,8900.0,1112.192,0.75,0.749,0.44,0.56,8750.0,0.857
924,MAC,2011,"Macao, China",False,MOP,8300.0,1035.144,11000.0,1371.878,10000.0,1247.161,0.754,0.754,0.37,0.629,9650.0,0.86
925,MAC,2012,"Macao, China",False,MOP,10000.0,1251.586,12000.0,1501.903,11000.0,1376.744,0.833,0.833,0.5,0.5,11000.0,0.909
926,MAC,2013,"Macao, China",False,MOP,11000.0,1376.849,13000.0,1627.185,12000.0,1502.017,0.846,0.846,0.5,0.5,12000.0,0.916
927,MAC,2014,"Macao, China",False,MOP,12000.0,1502.417,15000.0,1878.022,13000.0,1627.619,0.8,0.799,0.666,0.333,13500.0,0.888
928,MAC,2015,"Macao, China",False,MOP,13500.0,1690.678,15000.0,1878.532,15000.0,1878.532,0.9,0.899,-0.0,1.0,14250.0,0.947
929,MAC,2016,"Macao, China",False,MOP,13500.0,1688.542,15000.0,1876.158,15000.0,1876.158,0.9,0.899,-0.0,1.0,14250.0,0.947
930,MAC,2017,"Macao, China",False,MOP,15000.0,1868.926,16000.0,1993.521,15000.0,1868.926,0.937,0.937,1.0,0.0,15500.0,0.967
931,MAC,2018,"Macao, China",False,MOP,15000.0,1858.159,17000.0,2105.913,15800.0,1957.261,0.882,0.882,0.6,0.4,16000.0,0.937
932,MDA,2007,Republic of Moldova,False,MDL,1199.308,98.79,1538.594,126.738,1359.036,111.948,0.779,0.779,0.529,0.47,1368.951,0.876
933,MDA,2008,Republic of Moldova,False,MDL,1463.505,140.829,1880.097,180.917,1660.551,159.791,0.778,0.778,0.527,0.472,1671.801,0.875
934,MDA,2009,Republic of Moldova,False,MDL,1604.111,144.39,1959.052,176.339,1769.551,159.282,0.818,0.818,0.533,0.466,1781.581,0.9
935,MDA,2010,Republic of Moldova,False,MDL,1745.003,141.076,2033.29,164.382,1876.597,151.714,0.858,0.858,0.543,0.456,1889.146,0.923
936,MDA,2011,Republic of Moldova,False,MDL,1879.084,160.077,2159.155,183.936,2007.839,171.046,0.87,0.87,0.54,0.459,2019.119,0.93
937,MDA,2012,Republic of Moldova,False,MDL,2057.02,169.841,2377.034,196.264,2201.769,181.793,0.865,0.865,0.547,0.452,2217.027,0.927
938,MDA,2013,Republic of Moldova,False,MDL,2167.762,172.226,2532.414,201.197,2335.221,185.53,0.856,0.856,0.54,0.459,2350.088,0.922
939,MDA,2014,Republic of Moldova,False,MDL,2194.674,156.364,2625.532,187.062,2389.648,170.256,0.835,0.835,0.547,0.452,2410.103,0.91
940,MDA,2015,Republic of Moldova,False,MDL,2431.278,129.196,2889.909,153.568,2636.726,140.114,0.841,0.841,0.552,0.447,2660.593,0.913
941,MDA,2016,Republic of Moldova,False,MDL,2630.146,132.01,3039.857,152.574,2815.201,141.298,0.865,0.865,0.548,0.451,2835.001,0.927
942,MDA,2017,Republic of Moldova,False,MDL,2774.766,149.995,3198.661,172.91,2969.106,160.501,0.867,0.867,0.541,0.458,2986.713,0.929
943,MDA,2018,Republic of Moldova,False,MDL,3102.778,184.667,3743.914,222.825,3396.982,202.177,0.828,0.828,0.541,0.458,3423.346,0.906
944,MDA,2019,Republic of Moldova,False,MDL,3862.841,219.811,4447.796,253.097,4134.908,235.293,0.868,0.868,0.534,0.465,4155.318,0.929
945,MDA,2020,Republic of Moldova,False,MDL,4140.923,239.058,4758.774,274.727,4435.534,256.065,0.87,0.87,0.523,0.476,4449.848,0.93
946,MDA,2021,Republic of Moldova,False,MDL,4669.623,264.112,5233.074,295.98,4936.973,279.233,0.892,0.892,0.525,0.474,4951.348,0.943
947,MDA,2022,Republic of Moldova,False,MDL,5153.377,272.706,5817.304,307.84,5460.064,288.935,0.885,0.885,0.538,0.461,5485.34,0.939
948,MDA,2023,Republic of Moldova,False,MDL,6010.117,330.882,6620.26,364.473,6284.122,345.967,0.907,0.907,0.55,0.449,6315.188,0.951
949,MDG,2012,Madagascar,True,MGA,116293.083,52.982,167640.082,76.375,148474.229,67.643,0.693,0.693,0.373,0.626,141966.582,0.819
950,MDG,2015,Madagascar,False,MGA,192285.158,65.548,219208.96,74.726,209429.056,71.392,0.877,0.877,0.363,0.636,205747.059,0.934
951,MDV,2016,Maldives,True,MVR,9220.362,599.956,11659.523,758.668,10765.814,700.516,0.79,0.79,0.366,0.633,10439.942,0.883
952,MDV,2019,Maldives,False,MVR,9804.345,637.389,12682.154,824.478,11551.156,750.951,0.773,0.773,0.393,0.606,11243.249,0.872
953,MEX,1991,Mexico,False,MXN,654.4,216.801,898.8,297.771,809.7,268.252,0.728,0.728,0.364,0.635,776.599,0.842
954,MEX,1993,Mexico,False,MXN,866.4,278.083,1139.8,365.834,1043.5,334.926,0.76,0.76,0.352,0.647,1003.099,0.863
955,MEX,1995,Mexico,False,MXN,1076.8,167.741,1370.9,213.555,1274.1,198.476,0.785,0.785,0.329,0.67,1223.85,0.879
956,MEX,1996,Mexico,False,MXN,1316.7,173.263,1497.1,197.001,1437.6,189.172,0.879,0.879,0.329,0.67,1406.9,0.935
957,MEX,1997,Mexico,False,MXN,1531.6,193.421,1851.6,233.833,1745.0,220.371,0.827,0.827,0.333,0.666,1691.6,0.905
958,MEX,1998,Mexico,False,MXN,1820.0,199.211,2163.8,236.842,2048.5,224.222,0.841,0.841,0.335,0.664,1991.9,0.913
959,MEX,1999,Mexico,False,MXN,2091.666,218.784,2533.222,264.97,2384.862,249.452,0.825,0.825,0.335,0.664,2312.444,0.904
960,MEX,2000,Mexico,False,MXN,2563.661,271.127,3134.851,331.535,2938.493,310.769,0.817,0.817,0.343,0.656,2849.256,0.899
961,MEX,2001,Mexico,False,MXN,2894.592,309.836,3543.762,379.323,3320.05,355.377,0.816,0.816,0.344,0.655,3219.177,0.899
962,MEX,2002,Mexico,True,MXN,3181.091,329.443,3867.204,400.499,3632.084,376.15,0.822,0.822,0.342,0.657,3524.147,0.902
963,MEX,2003,Mexico,False,MXN,3418.338,316.835,4088.679,378.967,3859.539,357.728,0.836,0.836,0.341,0.658,3753.508,0.91
964,MEX,2004,Mexico,False,MXN,3544.441,314.057,4263.338,377.756,4013.575,355.625,0.831,0.831,0.347,0.652,3903.889,0.907
965,MEX,2005,Mexico,True,MXN,3773.775,346.285,4499.455,412.874,4233.036,388.427,0.838,0.838,0.367,0.632,4136.615,0.912
966,MEX,2006,Mexico,False,MXN,4048.423,371.441,4784.467,438.973,4512.283,414.0,0.846,0.846,0.369,0.63,4416.445,0.916
967,MEX,2007,Mexico,True,MXN,4195.474,383.913,5039.519,461.148,4726.691,432.523,0.832,0.832,0.37,0.629,4617.496,0.908
968,MEX,2008,Mexico,False,MXN,4292.359,385.666,5171.872,464.69,4849.117,435.691,0.829,0.829,0.366,0.633,4732.115,0.907
969,MEX,2009,Mexico,False,MXN,4409.291,326.288,5123.432,379.135,4859.461,359.601,0.86,0.86,0.369,0.63,4766.361,0.925
970,MEX,2010,Mexico,False,MXN,4444.104,351.702,5194.036,411.05,4918.187,389.22,0.855,0.855,0.367,0.632,4819.07,0.922
971,MEX,2011,Mexico,False,MXN,4551.406,366.36,5266.743,423.94,5003.336,402.737,0.864,0.864,0.368,0.631,4909.074,0.927
972,MEX,2012,Mexico,False,MXN,4679.074,355.297,5436.319,412.798,5154.991,391.435,0.86,0.86,0.371,0.628,5057.696,0.925
973,MEX,2013,Mexico,False,MXN,4831.1,378.257,5604.205,438.789,5315.2,416.161,0.862,0.862,0.373,0.626,5217.652,0.925
974,MEX,2014,Mexico,False,MXN,4857.145,365.406,5642.258,424.471,5353.102,402.717,0.86,0.86,0.368,0.631,5249.701,0.925
975,MEX,2015,Mexico,False,MXN,5015.797,316.489,5861.225,369.834,5548.15,350.079,0.855,0.855,0.37,0.629,5438.511,0.922
976,MEX,2016,Mexico,False,MXN,5229.588,280.196,6130.542,328.468,5796.809,310.587,0.853,0.853,0.37,0.629,5680.065,0.92
977,MEX,2017,Mexico,False,MXN,5429.877,286.893,6366.233,336.366,6016.1,317.866,0.852,0.852,0.373,0.626,5898.055,0.92
978,MEX,2018,Mexico,False,MXN,5689.689,295.655,6701.921,348.254,6320.605,328.44,0.848,0.848,0.376,0.623,6195.805,0.918
979,MEX,2019,Mexico,False,MXN,5945.536,308.64,7038.78,365.392,6621.173,343.714,0.844,0.844,0.381,0.618,6492.157,0.915
980,MEX,2020,Mexico,True,MXN,6531.387,303.989,7382.123,343.585,7048.628,328.063,0.884,0.884,0.392,0.607,6956.754,0.938
981,MEX,2021,Mexico,False,MXN,6842.96,337.55,7912.056,390.287,7499.104,369.917,0.864,0.864,0.386,0.613,7377.508,0.927
982,MEX,2022,Mexico,False,MXN,7322.495,363.808,8540.64,424.33,8060.331,400.467,0.857,0.857,0.394,0.605,7931.567,0.923
983,MEX,2023,Mexico,False,MXN,7985.893,449.689,9557.041,538.161,8921.288,502.361,0.835,0.835,0.404,0.595,8771.467,0.91
984,MKD,2014,North Macedonia,False,MKD,28760.0,619.332,31766.0,684.065,30416.0,654.993,0.905,0.905,0.449,0.55,30263.0,0.95
985,MLI,2020,Mali,False,XOF,61707.624,107.208,86919.141,151.01,81011.207,140.746,0.709,0.709,0.234,0.765,74313.382,0.83
986,MLT,2008,Malta,True,EUR,1037.634,1526.105,1247.899,1835.354,1172.766,1724.851,0.831,0.831,0.357,0.642,1142.766,0.908
987,MLT,2009,Malta,False,EUR,1347.046,1878.836,1695.08,2364.268,1569.428,2189.01,0.794,0.794,0.361,0.638,1521.063,0.885
988,MLT,2010,Malta,False,EUR,1429.846,1895.571,1697.153,2249.944,1595.928,2115.748,0.842,0.842,0.378,0.621,1563.499,0.914
989,MLT,2011,Malta,False,EUR,1473.645,2051.246,1780.659,2478.598,1661.787,2313.133,0.827,0.827,0.387,0.612,1627.152,0.905
990,MLT,2012,Malta,False,EUR,1447.106,1859.225,1802.975,2316.442,1664.365,2138.357,0.802,0.802,0.389,0.61,1625.04,0.89
991,MLT,2013,Malta,False,EUR,1484.019,1970.952,1921.404,2551.851,1745.733,2318.54,0.772,0.772,0.401,0.598,1702.711,0.871
992,MLT,2014,Malta,False,EUR,1563.148,2076.643,2078.315,2761.043,1867.239,2480.628,0.752,0.752,0.409,0.59,1820.731,0.858
993,MLT,2015,Malta,False,EUR,1687.734,1872.563,2139.419,2373.713,1951.813,2165.561,0.788,0.788,0.415,0.584,1913.576,0.881
994,MLT,2016,Malta,False,EUR,1725.517,1909.98,2124.568,2351.691,1955.805,2164.886,0.812,0.812,0.422,0.577,1925.042,0.896
995,MLT,2017,Malta,False,EUR,1821.405,2057.607,2207.503,2493.775,2042.337,2307.19,0.825,0.825,0.427,0.572,2014.454,0.904
996,MLT,2018,Malta,False,EUR,1798.863,2124.375,2176.153,2569.938,2017.595,2382.688,0.826,0.826,0.42,0.579,1987.507,0.905
997,MLT,2019,Malta,False,EUR,1878.295,2102.703,2236.045,2503.195,2082.987,2331.852,0.84,0.84,0.427,0.572,2057.17,0.913
998,MLT,2020,Malta,False,EUR,1998.75,2282.964,2434.878,2781.108,2252.467,2572.759,0.82,0.82,0.418,0.581,2216.814,0.901
999,MLT,2021,Malta,False,EUR,2131.603,2521.132,2602.446,3078.017,2401.398,2840.23,0.819,0.819,0.426,0.573,2367.024,0.9
1000,MMR,2015,Myanmar,True,MMK,97061.366,83.485,131281.973,112.92,116877.588,100.53,0.739,0.739,0.42,0.579,114171.669,0.85
1001,MMR,2017,Myanmar,True,MMK,163297.811,120.04,183736.82,135.065,173499.773,127.54,0.888,0.888,0.5,0.499,173517.315,0.941
1002,MMR,2018,Myanmar,False,MMK,181509.597,126.947,202352.481,141.524,192257.84,134.464,0.896,0.896,0.484,0.515,191931.039,0.945
1003,MMR,2019,Myanmar,False,MMK,198659.363,130.847,219039.151,144.27,208855.024,137.562,0.906,0.906,0.499,0.5,208849.257,0.951
1004,MMR,2020,Myanmar,False,MMK,173165.369,125.335,197567.656,142.997,187872.518,135.98,0.876,0.876,0.397,0.602,185366.512,0.934
1005,MNE,2014,Montenegro,False,EUR,692.0,919.322,761.0,1010.989,724.0,961.835,0.909,0.909,0.536,0.463,726.5,0.952
1006,MNG,2000,Mongolia,False,MNT,59800.0,55.542,64700.0,60.093,62300.0,57.864,0.924,0.924,0.489,0.51,62250.0,0.96
1007,MNG,2001,Mongolia,False,MNT,61000.0,55.571,69200.0,63.041,65200.0,59.397,0.881,0.881,0.487,0.512,65100.0,0.937
1008,MNG,2002,Mongolia,False,MNT,71300.0,64.215,75600.0,68.089,71300.0,64.215,0.943,0.943,1.0,0.0,73450.0,0.97
1009,MNG,2003,Mongolia,False,MNT,76000.0,66.286,86900.0,75.793,81500.0,71.083,0.874,0.874,0.495,0.504,81450.0,0.933
1010,MNG,2004,Mongolia,False,MNT,88000.0,74.243,98300.0,82.933,93100.0,78.546,0.895,0.895,0.504,0.495,93150.0,0.944
1011,MNG,2005,Mongolia,False,MNT,92300.0,76.582,110000.0,91.268,101200.0,83.966,0.839,0.839,0.497,0.502,101150.0,0.912
1012,MNG,2006,Mongolia,False,MNT,117300.0,99.432,131800.0,111.723,127700.0,108.248,0.889,0.889,0.282,0.717,124550.0,0.941
1013,MNG,2007,Mongolia,False,MNT,159300.0,136.107,186700.0,159.518,173010.0,147.821,0.853,0.853,0.499,0.5,173000.0,0.92
1014,MNG,2008,Mongolia,False,MNT,258100.0,221.392,291300.0,249.87,274200.0,235.202,0.886,0.886,0.515,0.484,274700.0,0.939
1015,MNG,2009,Mongolia,False,MNT,224396.208,156.07,253445.646,176.274,238700.194,166.018,0.885,0.885,0.507,0.492,238920.927,0.939
1016,MNG,2010,Mongolia,False,MNT,242010.924,178.334,281486.616,207.423,261584.125,192.757,0.859,0.859,0.504,0.495,261748.77,0.924
1017,MNG,2011,Mongolia,False,MNT,300583.999,237.519,351476.988,277.734,326790.425,258.226,0.855,0.855,0.485,0.514,326030.493,0.921
1018,MNG,2012,Mongolia,False,MNT,363707.775,267.909,436555.099,321.569,400689.865,295.15,0.833,0.833,0.492,0.507,400131.437,0.908
1019,MNG,2013,Mongolia,False,MNT,423388.94,277.828,499765.737,327.946,462373.872,303.409,0.847,0.847,0.489,0.51,461577.338,0.917
1020,MNG,2014,Mongolia,False,MNT,492366.455,270.838,587324.961,323.072,541133.448,297.663,0.838,0.838,0.486,0.513,539845.708,0.912
1021,MNG,2015,Mongolia,False,MNT,492140.786,249.779,577788.904,293.248,536763.449,272.426,0.851,0.851,0.479,0.52,534964.845,0.919
1022,MNG,2016,Mongolia,False,MNT,499341.954,233.306,580116.788,271.046,540260.936,252.424,0.86,0.86,0.493,0.506,539729.371,0.925
1023,MNG,2017,Mongolia,False,MNT,502303.207,205.881,585030.782,239.789,545034.005,223.395,0.858,0.858,0.483,0.516,543666.994,0.923
1024,MNG,2018,Mongolia,False,MNT,524116.864,211.98,643518.227,260.272,585427.262,236.777,0.814,0.814,0.486,0.513,583817.545,0.897
1025,MNG,2019,Mongolia,True,MNT,702313.819,263.677,865773.976,325.046,787549.528,295.678,0.811,0.811,0.478,0.521,784043.897,0.895
1026,MNG,2020,Mongolia,False,MNT,770694.98,273.948,928076.893,329.89,850568.978,302.34,0.83,0.83,0.492,0.507,849385.936,0.907
1027,MNG,2021,Mongolia,False,MNT,802919.396,281.796,996508.495,349.739,901897.734,316.534,0.805,0.805,0.488,0.511,899713.945,0.892
1028,MNG,2022,Mongolia,False,MNT,908982.709,289.422,1219296.962,388.227,1068709.455,340.28,0.745,0.745,0.485,0.514,1064139.835,0.854
1029,MNG,2023,Mongolia,False,MNT,1063998.79,307.005,1455669.529,420.017,1268986.008,366.152,0.73,0.73,0.476,0.523,1259834.159,0.844
1030,MUS,2002,Mauritius,False,MUR,5575.579,186.088,8317.57,277.604,7375.737,246.17,0.67,0.67,0.343,0.656,6946.574,0.802
1031,MUS,2003,Mauritius,True,MUR,5996.116,214.903,8942.468,320.502,7926.851,284.102,0.67,0.67,0.344,0.655,7469.292,0.802
1032,MUS,2004,Mauritius,False,MUR,6339.139,230.527,9359.686,340.371,8313.252,302.316,0.677,0.677,0.346,0.653,7849.412,0.807
1033,MUS,2005,Mauritius,False,MUR,7407.451,251.132,10554.909,357.839,9474.654,321.216,0.701,0.701,0.343,0.656,8981.18,0.824
1034,MUS,2006,Mauritius,False,MUR,7388.76,233.025,10939.62,345.011,9708.755,306.192,0.675,0.675,0.346,0.653,9164.19,0.806
1035,MUS,2007,Mauritius,False,MUR,7963.074,254.3,11460.761,365.999,10237.751,326.942,0.694,0.694,0.349,0.65,9711.917,0.819
1036,MUS,2008,Mauritius,False,MUR,8914.696,313.315,13149.241,462.142,11625.665,408.594,0.677,0.677,0.359,0.64,11031.968,0.808
1037,MUS,2009,Mauritius,False,MUR,10155.645,317.763,15040.261,470.599,13253.402,414.69,0.675,0.675,0.365,0.634,12597.953,0.806
1038,MUS,2010,Mauritius,False,MUR,10967.19,356.258,16081.684,522.397,14188.838,460.91,0.681,0.681,0.37,0.629,13524.437,0.81
1039,MUS,2011,Mauritius,False,MUR,11412.56,397.568,16765.538,584.044,14763.001,514.284,0.68,0.68,0.374,0.625,14089.049,0.81
1040,MUS,2012,Mauritius,False,MUR,12125.016,403.495,17547.891,583.957,15508.836,516.102,0.69,0.69,0.376,0.623,14836.453,0.817
1041,MUS,2013,Mauritius,False,MUR,13805.664,449.676,18665.505,607.97,16746.821,545.475,0.739,0.739,0.394,0.605,16235.584,0.85
1042,MUS,2014,Mauritius,False,MUR,15648.078,511.014,21052.542,687.506,18927.411,618.106,0.743,0.743,0.393,0.606,18350.31,0.852
1043,MUS,2015,Mauritius,False,MUR,16554.026,472.207,22572.119,643.875,20151.44,574.824,0.733,0.733,0.402,0.597,19563.072,0.846
1044,MUS,2016,Mauritius,False,MUR,16298.148,458.562,22804.566,641.625,20197.576,568.275,0.714,0.714,0.4,0.599,19551.357,0.833
1045,MUS,2017,Mauritius,False,MUR,17535.386,508.546,23707.126,687.534,21207.072,615.029,0.739,0.739,0.405,0.594,20621.256,0.85
1046,MUS,2018,Mauritius,False,MUR,18590.888,547.847,24336.47,717.161,21977.675,647.651,0.763,0.763,0.41,0.589,21463.679,0.866
1047,MUS,2019,Mauritius,False,MUR,17509.553,493.595,22655.605,638.662,20525.542,578.616,0.772,0.772,0.413,0.586,20082.578,0.871
1048,MUS,2020,Mauritius,True,MUR,17537.547,445.716,21309.956,541.591,19745.578,501.833,0.822,0.822,0.414,0.585,19423.751,0.902
1049,MUS,2021,Mauritius,False,MUR,19902.393,477.366,24759.711,593.87,22664.117,543.607,0.803,0.803,0.431,0.568,22331.052,0.891
1050,MUS,2022,Mauritius,False,MUR,20061.952,454.067,25663.164,580.841,23230.734,525.787,0.781,0.781,0.434,0.565,22862.558,0.877
1051,MWI,2013,Malawi,True,MWK,16273.427,44.657,24067.889,66.047,21062.003,57.798,0.676,0.676,0.385,0.614,20170.658,0.806
1052,MYS,2011,Malaysia,False,MYR,1751.0,572.222,1842.0,601.96,1809.0,591.176,0.95,0.95,0.362,0.637,1796.5,0.974
1053,MYS,2014,Malaysia,False,MYR,2125.0,649.279,2232.0,681.972,2193.0,670.056,0.952,0.952,0.364,0.635,2178.5,0.975
1054,MYS,2016,Malaysia,False,MYR,2532.0,610.37,2741.0,660.753,2657.0,640.503,0.923,0.923,0.401,0.598,2636.5,0.96
1055,MYS,2017,Malaysia,False,MYR,2772.0,644.585,2953.0,686.674,2879.0,669.466,0.938,0.938,0.408,0.591,2862.5,0.968
1056,MYS,2018,Malaysia,False,MYR,2959.0,733.31,3174.0,786.592,3087.0,765.031,0.932,0.932,0.404,0.595,3066.5,0.964
1057,MYS,2019,Malaysia,False,MYR,3108.0,750.277,3304.0,797.592,3224.0,778.28,0.94,0.94,0.408,0.591,3206.0,0.969
1058,NAM,2012,Namibia,True,NAD,4996.821,609.832,6080.545,742.094,5624.347,686.417,0.821,0.821,0.42,0.579,5538.683,0.902
1059,NAM,2013,Namibia,False,NAD,6172.478,633.07,7353.964,754.247,6843.447,701.887,0.839,0.839,0.432,0.567,6763.221,0.912
1060,NAM,2014,Namibia,False,NAD,6217.501,573.418,6949.783,640.953,6638.015,612.2,0.894,0.894,0.425,0.574,6583.642,0.944
1061,NAM,2018,Namibia,False,NAD,6820.226,515.359,7593.122,573.761,7233.303,546.572,0.898,0.898,0.465,0.534,7206.674,0.946
1062,NCL,2017,New Caledonia,False,XPF,205187.319,1942.453,232445.013,2200.495,220065.411,2083.3,0.882,0.882,0.454,0.545,218816.166,0.937
1063,NER,2012,Niger,True,XOF,59482.768,116.506,79544.087,155.799,75505.819,147.889,0.747,0.747,0.201,0.798,69513.427,0.855
1064,NER,2014,Niger,False,XOF,104964.54,212.583,121172.345,245.409,118006.745,238.998,0.866,0.866,0.195,0.804,113068.442,0.928
1065,NER,2019,Niger,False,XOF,72892.229,124.408,87304.92,149.007,84228.541,143.756,0.834,0.834,0.213,0.786,80098.574,0.91
1066,NER,2022,Niger,False,XOF,68605.921,109.988,76692.731,122.952,75078.919,120.365,0.894,0.894,0.199,0.8,72649.326,0.944
1067,NGA,2011,Nigeria,True,NGN,43271.63,281.236,50061.374,325.364,47816.395,310.774,0.864,0.864,0.33,0.669,46666.502,0.927
1068,NGA,2013,Nigeria,False,NGN,45661.934,290.264,65418.37,415.852,58714.022,373.234,0.697,0.697,0.339,0.66,55540.152,0.822
1069,NIC,2012,Nicaragua,True,NIO,4213.675,178.95,4594.308,195.115,4449.921,188.983,0.917,0.917,0.379,0.62,4403.991,0.956
1070,NLD,1990,Netherlands,False,NLG,3026.67,1662.146,3992.26,2192.415,3710.81,2037.852,0.758,0.758,0.291,0.708,3509.465,0.862
1071,NLD,1991,Netherlands,False,NLG,3165.23,1692.938,4161.13,2225.6,3875.35,2072.748,0.76,0.76,0.286,0.713,3663.18,0.864
1072,NLD,1992,Netherlands,False,NLG,3299.46,1876.328,4325.67,2459.911,4035.56,2294.932,0.762,0.762,0.282,0.717,3812.565,0.865
1073,NLD,1993,Netherlands,False,NLG,3412.04,1837.092,4442.58,2391.949,4165.46,2242.744,0.768,0.768,0.268,0.731,3927.31,0.868
1074,NLD,1994,Netherlands,False,NLG,3376.0,1854.95,4351.0,2390.666,4147.0,2278.578,0.775,0.775,0.209,0.79,3863.5,0.873
1075,NLD,1995,Netherlands,False,NLG,3496.0,2177.277,4609.0,2870.443,4382.0,2729.07,0.758,0.758,0.203,0.796,4052.5,0.862
1076,NLD,1996,Netherlands,False,NLG,3649.0,2164.427,4750.0,2817.492,4532.0,2688.184,0.768,0.768,0.198,0.801,4199.5,0.868
1077,NLD,1997,Netherlands,False,NLG,3785.0,1939.762,4901.0,2511.698,4676.0,2396.388,0.772,0.772,0.201,0.798,4343.0,0.871
1078,NLD,1998,Netherlands,False,NLG,3954.0,1993.212,5096.0,2568.894,4860.0,2449.926,0.775,0.775,0.206,0.793,4525.0,0.873
1079,NLD,2001,Netherlands,True,EUR,2094.0,1875.448,2634.0,2359.088,2517.0,2254.3,0.794,0.794,0.216,0.783,2364.0,0.885
1080,NLD,2002,Netherlands,False,EUR,2201.0,2081.208,2737.0,2588.035,2623.0,2480.24,0.804,0.804,0.212,0.787,2469.0,0.891
1081,NLD,2003,Netherlands,False,EUR,2290.0,2590.357,2926.0,3309.775,2712.0,3067.707,0.782,0.782,0.336,0.663,2608.0,0.878
1082,NLD,2004,Netherlands,False,EUR,2373.0,2951.78,2904.0,3612.292,2792.0,3472.975,0.817,0.817,0.21,0.789,2638.5,0.899
1083,NLD,2011,Netherlands,False,EUR,2955.225,4113.54,4465.047,6215.146,3750.284,5220.227,0.661,0.661,0.473,0.526,3710.135,0.796
1084,NLD,2013,Netherlands,False,EUR,3065.623,4071.509,4696.008,6236.853,3940.746,5233.776,0.652,0.652,0.463,0.536,3880.815,0.789
1085,NLD,2014,Netherlands,False,EUR,3266.821,4339.974,4840.745,6430.934,4127.249,5483.054,0.674,0.674,0.453,0.546,4053.783,0.805
1086,NLD,2015,Netherlands,False,EUR,3324.545,3688.625,4822.913,5351.084,4105.642,4555.262,0.689,0.689,0.478,0.521,4073.729,0.816
1087,NLD,2016,Netherlands,False,EUR,3252.54,3600.247,4809.802,5323.985,4071.095,4506.308,0.676,0.676,0.474,0.525,4031.171,0.806
1088,NLD,2017,Netherlands,False,EUR,3316.381,3746.453,5030.806,5683.207,4204.289,4749.506,0.659,0.659,0.482,0.517,4173.593,0.794
1089,NLD,2018,Netherlands,False,EUR,3351.494,3957.961,5104.572,6028.268,4249.662,5018.658,0.656,0.656,0.487,0.512,4228.033,0.792
1090,NLD,2019,Netherlands,False,EUR,3450.209,3862.421,5187.978,5807.809,4350.85,4870.665,0.665,0.665,0.481,0.518,4319.093,0.798
1091,NLD,2020,Netherlands,False,EUR,3649.923,4168.928,5364.716,6127.558,4552.732,5200.113,0.68,0.68,0.473,0.526,4507.319,0.809
1092,NLD,2021,Netherlands,False,EUR,3836.887,4538.041,5471.032,6470.81,4668.565,5521.699,0.701,0.701,0.491,0.508,4653.959,0.824
1093,NLD,2022,Netherlands,False,EUR,4040.604,4254.953,5710.45,6013.381,4887.956,5147.256,0.707,0.707,0.492,0.507,4875.527,0.828
1094,NLD,2023,Netherlands,False,EUR,4248.751,4594.041,5928.114,6409.884,5086.429,5499.796,0.716,0.716,0.501,0.498,5088.432,0.834
1095,NOR,2002,Norway,False,EUR,3070.57,2903.45,3896.2,3684.144,3610.77,3414.249,0.788,0.788,0.345,0.654,3483.385,0.881
1096,NOR,2004,Norway,False,EUR,2575.318,3203.444,3745.42,4658.936,3181.547,3957.534,0.687,0.687,0.481,0.518,3160.369,0.814
1097,NOR,2005,Norway,False,EUR,2442.592,3038.805,3608.573,4489.391,3056.226,3802.22,0.676,0.676,0.473,0.526,3025.582,0.807
1098,NOR,2006,Norway,False,EUR,2630.946,3303.413,3930.878,4935.606,3307.001,4152.265,0.669,0.669,0.479,0.52,3280.912,0.801
1099,NOR,2007,Norway,False,EUR,3159.649,4330.229,4718.913,6467.166,3975.118,5447.811,0.669,0.669,0.477,0.522,3939.281,0.802
1100,NOR,2008,Norway,False,EUR,3332.434,4901.196,5086.119,7480.437,4249.632,6250.17,0.655,0.655,0.476,0.523,4209.276,0.791
1101,NOR,2009,Norway,False,EUR,3559.465,4964.68,5307.986,7403.486,4464.753,6227.359,0.67,0.67,0.482,0.517,4433.725,0.802
1102,NOR,2010,Norway,False,EUR,3463.418,4591.511,5305.445,7033.517,4401.39,5834.996,0.652,0.652,0.49,0.509,4384.431,0.789
1103,NOR,2011,Norway,False,EUR,3942.223,5487.399,5867.767,8167.669,4934.277,6868.292,0.671,0.671,0.484,0.515,4904.995,0.803
1104,NOR,2012,Norway,False,EUR,4300.054,5524.661,6339.478,8144.889,5337.993,6858.193,0.678,0.678,0.491,0.508,5319.766,0.808
1105,NOR,2013,Norway,False,EUR,4662.172,6191.914,6608.073,8776.301,5654.392,7509.7,0.705,0.705,0.49,0.509,5635.122,0.827
1106,NOR,2014,Norway,False,EUR,4919.816,6535.979,7157.25,9508.413,6050.181,8037.671,0.687,0.687,0.494,0.505,6038.532,0.814
1107,NOR,2015,Norway,False,EUR,4687.836,5201.215,6653.998,7382.696,5680.127,6302.174,0.704,0.704,0.495,0.504,5670.916,0.826
1108,NOR,2016,Norway,False,EUR,4530.177,5014.467,6374.665,7056.137,5470.695,6055.53,0.71,0.71,0.49,0.509,5452.421,0.83
1109,NOR,2017,Norway,False,EUR,4535.049,5123.16,6061.542,6847.609,5325.052,6015.611,0.748,0.748,0.482,0.517,5298.295,0.855
1110,NOR,2018,Norway,False,EUR,4614.588,5449.619,6175.255,7292.695,5433.003,6416.129,0.747,0.747,0.475,0.524,5394.921,0.855
1111,NOR,2019,Norway,False,EUR,4615.374,5166.793,6226.834,6970.782,5462.48,6115.108,0.741,0.741,0.474,0.525,5421.103,0.851
1112,NOR,2020,Norway,False,EUR,4733.515,5406.602,6437.947,7353.398,5630.716,6431.382,0.735,0.735,0.473,0.526,5585.731,0.847
1113,NOR,2021,Norway,False,EUR,4426.427,5235.313,5695.657,6736.483,5151.511,6092.9,0.777,0.777,0.428,0.571,5061.041,0.874
1114,NOR,2022,Norway,False,EUR,4879.831,5138.699,6193.117,6521.653,5617.962,5915.987,0.787,0.787,0.437,0.562,5536.474,0.881
1115,NOR,2023,Norway,False,EUR,5132.92,5550.065,6519.098,7048.896,5912.514,6393.016,0.787,0.787,0.437,0.562,5826.009,0.881
1116,NPL,2008,Nepal,True,NPR,4813.119,68.994,6732.059,96.501,6286.505,90.114,0.714,0.714,0.232,0.767,5772.589,0.833
1117,NPL,2017,Nepal,True,NPR,13629.275,130.408,19454.035,186.142,17801.374,170.329,0.7,0.7,0.283,0.716,16541.654,0.823
1118,NZL,2009,New Zealand,False,NZD,3120.0,1948.931,4520.0,2823.452,3830.0,2392.438,0.69,0.69,0.492,0.507,3820.0,0.816
1119,NZL,2010,New Zealand,False,NZD,3210.0,2312.957,4640.0,3343.34,3940.0,2838.957,0.691,0.691,0.489,0.51,3925.0,0.817
1120,NZL,2014,New Zealand,False,NZD,3590.0,2978.182,5200.0,4313.801,4420.0,3666.731,0.69,0.69,0.484,0.515,4395.0,0.816
1121,NZL,2015,New Zealand,False,NZD,3691.0,2573.964,5305.0,3699.507,4522.0,3153.472,0.695,0.695,0.485,0.514,4498.0,0.82
1122,NZL,2016,New Zealand,False,NZD,3810.0,2652.234,5430.0,3779.955,4640.0,3230.017,0.701,0.701,0.487,0.512,4620.0,0.824
1123,NZL,2017,New Zealand,False,NZD,3910.0,2778.156,5560.0,3950.524,4760.0,3382.103,0.703,0.703,0.484,0.515,4735.0,0.825
1124,NZL,2019,New Zealand,False,NZD,4260.0,2806.555,5940.0,3913.366,5120.0,3373.137,0.717,0.717,0.488,0.511,5100.0,0.835
1125,NZL,2020,New Zealand,False,NZD,4450.0,2885.753,6050.0,3923.328,5270.0,3417.51,0.735,0.735,0.487,0.512,5250.0,0.847
1126,NZL,2021,New Zealand,False,NZD,4760.0,3366.813,6430.0,4548.027,5610.0,3968.029,0.74,0.74,0.491,0.508,5595.0,0.85
1127,NZL,2022,New Zealand,False,NZD,5100.0,3233.613,6840.0,4336.845,5990.0,3797.91,0.745,0.745,0.488,0.511,5970.0,0.854
1128,PAK,2006,Pakistan,True,PKR,3546.985,58.85,5443.278,90.313,5196.045,86.211,0.651,0.651,0.13,0.869,4495.131,0.789
1129,PAK,2009,Pakistan,False,PKR,5443.397,66.616,8278.717,101.315,7922.301,96.953,0.657,0.657,0.125,0.874,6861.057,0.793
1130,PAK,2010,Pakistan,False,PKR,6081.35,71.382,9334.499,109.568,8939.575,104.932,0.651,0.651,0.121,0.878,7707.924,0.788
1131,PAK,2019,Pakistan,False,PKR,15798.355,105.297,22363.697,149.055,21544.745,143.597,0.706,0.706,0.124,0.875,19081.025,0.827
1132,PAK,2021,Pakistan,False,PKR,20020.482,122.896,24698.793,151.613,24068.182,147.743,0.81,0.81,0.134,0.865,22359.637,0.895
1133,PAN,1997,Panama,True,PAB,407.52,407.52,462.769,462.769,442.173,442.173,0.88,0.88,0.372,0.627,435.144,0.936
1134,PAN,2003,Panama,False,PAB,366.453,366.453,401.482,401.482,387.5,387.5,0.912,0.912,0.399,0.6,383.967,0.954
1135,PAN,2006,Panama,True,PAB,395.194,395.194,429.722,429.722,416.234,416.234,0.919,0.919,0.39,0.609,412.457,0.958
1136,PAN,2007,Panama,False,PAB,410.247,410.247,431.44,431.44,423.037,423.037,0.95,0.95,0.396,0.603,420.843,0.974
1137,PAN,2008,Panama,False,PAB,467.971,467.971,497.216,497.216,486.108,486.108,0.941,0.941,0.379,0.62,482.593,0.969
1138,PAN,2009,Panama,False,PAB,521.831,521.831,561.736,561.736,546.177,546.177,0.928,0.928,0.389,0.61,541.783,0.963
1139,PAN,2011,Panama,False,PAB,566.978,566.978,599.858,599.858,586.166,586.166,0.945,0.945,0.416,0.583,583.417,0.971
1140,PAN,2013,Panama,False,PAB,655.433,655.433,711.554,711.554,688.745,688.745,0.921,0.921,0.406,0.593,683.493,0.958
1141,PAN,2014,Panama,False,PAB,679.288,679.288,713.566,713.566,699.21,699.21,0.951,0.951,0.418,0.581,696.427,0.975
1142,PER,1997,Peru,False,PEN,567.717,213.094,701.4,263.272,652.978,245.097,0.809,0.809,0.362,0.637,634.558,0.894
1143,PER,1998,Peru,False,PEN,642.542,219.298,798.835,272.64,740.65,252.781,0.804,0.804,0.372,0.627,720.688,0.891
1144,PER,2000,Peru,False,PEN,631.008,180.805,749.717,214.819,706.449,202.421,0.841,0.841,0.364,0.635,690.362,0.914
1145,PER,2001,Peru,False,PEN,618.657,176.415,760.08,216.742,710.278,202.541,0.813,0.813,0.352,0.647,689.368,0.897
1146,PER,2002,Peru,True,PEN,728.762,207.241,878.126,249.716,822.496,233.896,0.829,0.829,0.372,0.627,803.444,0.907
1147,PER,2003,Peru,False,PEN,710.648,204.299,921.926,265.038,842.628,242.241,0.77,0.77,0.375,0.624,816.287,0.87
1148,PER,2004,Peru,False,PEN,616.009,180.48,828.067,242.609,750.341,219.836,0.743,0.743,0.366,0.633,722.038,0.853
1149,PER,2005,Peru,False,PEN,640.492,194.333,840.955,255.156,767.266,232.798,0.761,0.761,0.367,0.632,740.723,0.864
1150,PER,2006,Peru,False,PEN,693.399,211.787,880.601,268.965,811.478,247.853,0.787,0.787,0.369,0.63,787.0,0.881
1151,PER,2007,Peru,False,PEN,765.57,244.744,941.677,301.043,874.889,279.692,0.812,0.812,0.379,0.62,853.623,0.896
1152,PER,2008,Peru,False,PEN,756.192,258.579,1049.478,358.868,937.622,320.62,0.72,0.72,0.381,0.618,902.835,0.837
1153,PER,2009,Peru,False,PEN,851.712,282.819,1128.966,374.884,1023.49,339.86,0.754,0.754,0.38,0.619,990.339,0.86
1154,PER,2010,Peru,False,PEN,856.386,303.132,1152.929,408.098,1038.095,367.451,0.742,0.742,0.387,0.612,1004.657,0.852
1155,PER,2011,Peru,False,PEN,927.163,336.648,1212.21,440.148,1099.145,399.094,0.764,0.764,0.396,0.603,1069.686,0.866
1156,PER,2012,Peru,False,PEN,1015.828,385.135,1300.249,492.969,1188.566,450.626,0.781,0.781,0.392,0.607,1158.038,0.877
1157,PER,2013,Peru,False,PEN,1067.182,394.975,1387.592,513.562,1263.449,467.615,0.769,0.769,0.387,0.612,1227.387,0.869
1158,PER,2014,Peru,False,PEN,1137.872,400.794,1446.738,509.586,1325.708,466.956,0.786,0.786,0.391,0.608,1292.305,0.88
1159,PER,2015,Peru,False,PEN,1174.637,368.868,1495.905,469.754,1370.425,430.35,0.785,0.785,0.39,0.609,1335.271,0.879
1160,PER,2016,Peru,False,PEN,1262.745,374.14,1598.581,473.645,1465.353,434.171,0.789,0.789,0.396,0.603,1430.663,0.882
1161,PER,2017,Peru,False,PEN,1277.488,391.809,1611.938,494.385,1477.662,453.203,0.792,0.792,0.401,0.598,1444.713,0.884
1162,PER,2018,Peru,False,PEN,1320.718,401.849,1668.831,507.768,1528.417,465.045,0.791,0.791,0.403,0.596,1494.774,0.883
1163,PER,2019,Peru,False,PEN,1404.612,420.887,1704.991,510.894,1585.081,474.964,0.823,0.823,0.399,0.6,1554.801,0.903
1164,PER,2020,Peru,True,PEN,1379.345,394.669,1565.036,447.8,1495.503,427.905,0.881,0.881,0.374,0.625,1472.19,0.936
1165,PER,2021,Peru,False,PEN,1489.581,383.858,1730.906,446.046,1638.272,422.175,0.86,0.86,0.383,0.616,1610.243,0.925
1166,PER,2022,Peru,True,PEN,1425.591,371.714,1756.146,457.904,1624.76,423.646,0.811,0.811,0.397,0.602,1590.868,0.896
1167,PER,2023,Peru,False,PEN,1578.771,421.7,1904.674,508.751,1770.391,472.883,0.828,0.828,0.412,0.587,1741.722,0.906
1168,PHL,1993,Philippines,False,PHP,5606.0,206.712,6039.0,222.678,5873.0,216.557,0.928,0.928,0.383,0.616,5822.5,0.962
1169,PHL,1994,Philippines,False,PHP,6144.0,232.576,6756.0,255.743,6461.0,244.576,0.909,0.909,0.482,0.517,6450.0,0.952
1170,PHL,1995,Philippines,False,PHP,6633.0,257.947,7164.0,278.598,6959.0,270.626,0.925,0.925,0.386,0.613,6898.5,0.961
1171,PHL,1996,Philippines,False,PHP,6858.0,261.595,7406.0,282.498,7194.0,274.412,0.926,0.926,0.386,0.613,7132.0,0.961
1172,PHL,1997,Philippines,False,PHP,7518.0,255.101,8125.0,275.698,7887.0,267.622,0.925,0.925,0.392,0.607,7821.5,0.961
1173,PHL,1999,Philippines,True,PHP,8723.0,223.158,9338.0,238.891,9086.0,232.444,0.934,0.934,0.409,0.59,9030.5,0.965
1174,POL,2005,Poland,False,EUR,415.568,517.004,476.908,593.317,448.599,558.097,0.871,0.871,0.461,0.538,446.238,0.931
1175,POL,2006,Poland,False,EUR,495.124,621.678,572.631,718.995,537.291,674.622,0.864,0.864,0.455,0.544,533.877,0.927
1176,POL,2007,Poland,False,EUR,577.943,792.058,693.643,950.622,641.847,879.637,0.833,0.833,0.447,0.552,635.793,0.909
1177,POL,2008,Poland,False,EUR,665.828,979.27,799.922,1176.49,740.103,1088.511,0.832,0.832,0.446,0.553,732.875,0.908
1178,POL,2009,Poland,False,EUR,785.074,1095.008,929.775,1296.833,861.583,1201.72,0.844,0.844,0.471,0.528,857.424,0.915
1179,POL,2010,Poland,False,EUR,669.111,887.052,779.575,1033.496,727.052,963.865,0.858,0.858,0.475,0.524,724.343,0.923
1180,POL,2011,Poland,False,EUR,751.423,1045.948,862.396,1200.416,809.492,1126.776,0.871,0.871,0.476,0.523,806.909,0.931
1181,POL,2012,Poland,False,EUR,759.909,976.322,886.47,1138.927,826.694,1062.127,0.857,0.857,0.472,0.527,823.189,0.923
1182,POL,2013,Poland,False,EUR,774.736,1028.941,901.587,1197.414,841.062,1117.029,0.859,0.859,0.477,0.522,838.161,0.924
1183,POL,2014,Poland,False,EUR,798.188,1060.393,946.084,1256.873,875.513,1163.119,0.843,0.843,0.477,0.522,872.136,0.915
1184,POL,2015,Poland,False,EUR,782.372,868.052,964.459,1070.079,876.793,972.813,0.811,0.811,0.481,0.518,873.415,0.895
1185,POL,2016,Poland,False,EUR,820.791,908.536,999.202,1106.02,913.182,1010.804,0.821,0.821,0.482,0.517,909.996,0.901
1186,POL,2017,Poland,False,EUR,815.113,920.818,1000.754,1130.533,910.845,1028.964,0.814,0.814,0.484,0.515,907.933,0.897
1187,POL,2018,Poland,False,EUR,886.711,1047.165,1058.895,1250.506,974.301,1150.605,0.837,0.837,0.491,0.508,972.803,0.911
1188,POL,2019,Poland,False,EUR,956.374,1070.636,1175.466,1315.905,1066.971,1194.447,0.813,0.813,0.495,0.504,1065.92,0.897
1189,POL,2020,Poland,False,EUR,1047.785,1196.775,1265.572,1445.531,1159.714,1324.621,0.827,0.827,0.486,0.513,1156.678,0.905
1190,POL,2021,Poland,False,EUR,1072.007,1267.906,1252.297,1481.142,1164.874,1377.743,0.856,0.856,0.484,0.515,1162.152,0.922
1191,POL,2022,Poland,False,EUR,1193.833,1257.164,1359.4,1431.514,1279.565,1347.444,0.878,0.878,0.482,0.517,1276.616,0.935
1192,POL,2023,Poland,False,EUR,1264.518,1367.284,1534.864,1659.6,1401.922,1515.855,0.823,0.823,0.491,0.508,1399.691,0.903
1193,PRT,1997,Portugal,False,PTE,106600.0,608.057,150900.0,860.749,132800.0,757.505,0.706,0.706,0.408,0.591,128750.0,0.827
1194,PRT,1998,Portugal,True,PTE,90133.618,500.452,109685.627,609.011,100671.312,558.961,0.821,0.821,0.461,0.538,99909.622,0.902
1195,PRT,2003,Portugal,False,EUR,581.173,657.4,692.83,783.701,638.885,722.681,0.838,0.838,0.483,0.516,637.001,0.912
1196,PRT,2004,Portugal,False,EUR,612.278,761.614,723.962,900.538,668.381,831.401,0.845,0.845,0.497,0.502,668.12,0.916
1197,PRT,2005,Portugal,False,EUR,627.129,780.205,742.558,923.809,685.535,852.868,0.844,0.844,0.494,0.505,684.843,0.915
1198,PRT,2006,Portugal,False,EUR,645.056,809.932,773.973,971.799,710.558,892.176,0.833,0.833,0.491,0.508,709.514,0.909
1199,PRT,2007,Portugal,False,EUR,654.158,896.509,785.695,1076.777,720.728,987.742,0.832,0.832,0.493,0.506,719.926,0.908
1200,PRT,2008,Portugal,False,EUR,676.868,995.507,826.05,1214.917,752.502,1106.746,0.819,0.819,0.493,0.506,751.459,0.9
1201,PRT,2009,Portugal,False,EUR,698.061,973.643,831.585,1159.88,763.768,1065.291,0.839,0.839,0.507,0.492,764.823,0.912
1202,PRT,2010,Portugal,False,EUR,718.429,952.434,831.496,1102.328,773.823,1025.869,0.864,0.864,0.51,0.489,774.962,0.927
1203,PRT,2011,Portugal,False,EUR,730.048,1016.195,869.454,1210.241,798.203,1111.063,0.839,0.839,0.511,0.488,799.751,0.912
1204,PRT,2012,Portugal,False,EUR,740.994,952.021,878.283,1128.408,807.076,1036.922,0.843,0.843,0.518,0.481,809.638,0.915
1205,PRT,2013,Portugal,False,EUR,731.088,970.972,878.319,1166.512,801.549,1064.552,0.832,0.832,0.521,0.478,804.703,0.908
1206,PRT,2014,Portugal,False,EUR,742.181,985.988,888.999,1181.036,811.931,1078.65,0.834,0.834,0.524,0.475,815.59,0.909
1207,PRT,2015,Portugal,False,EUR,757.726,840.706,899.769,998.305,825.463,915.862,0.842,0.842,0.523,0.476,828.747,0.914
1208,PRT,2016,Portugal,False,EUR,766.495,848.436,901.6,997.983,830.914,919.741,0.85,0.85,0.523,0.476,834.047,0.919
1209,PRT,2017,Portugal,False,EUR,784.114,885.799,926.343,1046.472,852.152,962.66,0.846,0.846,0.521,0.478,855.228,0.916
1210,PRT,2018,Portugal,False,EUR,810.094,956.684,947.049,1118.422,875.271,1033.655,0.855,0.855,0.524,0.475,878.571,0.922
1211,PRT,2019,Portugal,False,EUR,825.562,924.196,972.146,1088.293,895.558,1002.554,0.849,0.849,0.522,0.477,898.854,0.918
1212,PRT,2020,Portugal,False,EUR,876.554,1001.197,1016.962,1161.57,943.504,1077.666,0.861,0.861,0.523,0.476,946.758,0.925
1213,PRT,2021,Portugal,False,EUR,932.061,1102.386,1086.111,1284.588,1005.916,1189.738,0.858,0.858,0.52,0.479,1009.086,0.923
1214,PRT,2022,Portugal,False,EUR,967.161,1018.467,1115.26,1174.423,1037.934,1092.995,0.867,0.867,0.522,0.477,1041.21,0.928
1215,PRT,2023,Portugal,False,EUR,988.449,1068.779,1133.818,1225.962,1058.826,1144.876,0.871,0.871,0.515,0.484,1061.133,0.931
1216,PRY,1990,Paraguay,False,PYG,196800.0,160.025,259052.0,210.644,245183.0,199.367,0.759,0.759,0.222,0.777,227926.0,0.863
1217,PRY,1991,Paraguay,False,PYG,268860.0,202.885,361236.0,272.593,339252.0,256.004,0.744,0.744,0.237,0.762,315048.0,0.853
1218,PRY,1992,Paraguay,False,PYG,281293.0,187.496,403197.0,268.752,370520.0,246.971,0.697,0.697,0.268,0.731,342245.0,0.821
1219,PRY,1993,Paraguay,False,PYG,376062.0,215.589,498260.0,285.643,466505.0,267.438,0.754,0.754,0.259,0.74,437161.0,0.86
1220,PRY,1994,Paraguay,False,PYG,491975.0,258.286,662351.0,347.735,617861.0,324.377,0.742,0.742,0.261,0.738,577163.0,0.852
1221,PRY,1995,Paraguay,False,PYG,603788.0,307.581,747442.0,380.761,710049.0,361.713,0.807,0.807,0.26,0.739,675615.0,0.893
1222,PRY,1996,Paraguay,False,PYG,682925.0,332.031,825610.0,401.403,787852.0,383.045,0.827,0.827,0.264,0.735,754267.5,0.905
1223,PRY,1997,Paraguay,False,PYG,773147.0,355.003,948077.0,435.324,900601.0,413.525,0.815,0.815,0.271,0.728,860612.0,0.898
1224,PRY,1998,Paraguay,True,PYG,609802.698,223.659,758698.75,278.269,704482.77,258.384,0.803,0.803,0.364,0.635,684250.723,0.891
1225,PRY,1999,Paraguay,True,PYG,695111.627,222.858,826197.732,264.886,777157.115,249.163,0.841,0.841,0.374,0.625,760654.679,0.913
1226,PRY,2000,Paraguay,False,PYG,606598.0,173.992,899758.0,258.079,787514.0,225.885,0.674,0.674,0.382,0.617,753178.0,0.805
1227,PRY,2001,Paraguay,True,PYG,757906.772,184.589,884497.612,215.42,835030.998,203.372,0.856,0.856,0.39,0.609,821202.192,0.922
1228,PRY,2002,Paraguay,True,PYG,599929.181,104.951,824220.254,144.189,737552.677,129.026,0.727,0.727,0.386,0.613,712074.717,0.842
1229,PRY,2003,Paraguay,False,PYG,683218.142,106.348,927338.879,144.348,833219.657,129.697,0.736,0.736,0.385,0.614,805278.51,0.848
1230,PRY,2004,Paraguay,False,PYG,679616.45,113.751,884462.721,148.038,804576.105,134.667,0.768,0.768,0.389,0.61,782039.585,0.869
1231,PRY,2005,Paraguay,False,PYG,765672.161,123.937,1024539.58,165.839,918977.298,148.751,0.747,0.747,0.407,0.592,895105.87,0.855
1232,PRY,2006,Paraguay,False,PYG,873955.48,155.092,1156150.564,205.17,1047254.39,185.845,0.755,0.755,0.385,0.614,1015053.022,0.86
1233,PRY,2007,Paraguay,False,PYG,865948.1,172.064,1181841.552,234.832,1061324.364,210.885,0.732,0.732,0.381,0.618,1023894.825,0.845
1234,PRY,2008,Paraguay,False,PYG,1010714.079,231.64,1338597.349,306.786,1216062.833,278.703,0.755,0.755,0.373,0.626,1174655.714,0.86
1235,PRY,2009,Paraguay,False,PYG,1069208.271,215.276,1386143.966,279.088,1262973.16,254.289,0.771,0.771,0.388,0.611,1227676.118,0.87
1236,PRY,2010,Paraguay,False,PYG,1167335.104,245.319,1528108.718,321.137,1393409.774,292.83,0.763,0.763,0.373,0.626,1347721.911,0.866
1237,PRY,2011,Paraguay,False,PYG,1405119.544,335.047,1782085.647,424.933,1633673.763,389.545,0.788,0.788,0.393,0.606,1593602.595,0.881
1238,PRY,2012,Paraguay,False,PYG,1458619.588,329.881,1823791.061,412.468,1680374.219,380.033,0.799,0.799,0.392,0.607,1641205.324,0.888
1239,PRY,2013,Paraguay,False,PYG,1655693.221,384.698,2082879.73,483.954,1903658.703,442.312,0.794,0.794,0.419,0.58,1869286.475,0.885
1240,PRY,2014,Paraguay,False,PYG,1710404.014,383.311,2250058.002,504.25,2035461.723,456.158,0.76,0.76,0.397,0.602,1980231.008,0.863
1241,PRY,2015,Paraguay,False,PYG,1861511.52,357.644,2256790.413,433.588,2093259.272,402.169,0.824,0.824,0.413,0.586,2059150.966,0.904
1242,PRY,2016,Paraguay,False,PYG,1847331.033,325.777,2224502.525,392.291,2075944.677,366.093,0.83,0.83,0.393,0.606,2035916.779,0.907
1243,PRY,2017,Paraguay,False,PYG,2220584.943,395.197,2600819.147,462.867,2451865.076,436.358,0.853,0.853,0.391,0.608,2410702.045,0.921
1244,PRY,2018,Paraguay,False,PYG,2299073.266,401.087,2787709.961,486.333,2590061.358,451.852,0.824,0.824,0.404,0.595,2543391.613,0.903
1245,PRY,2019,Paraguay,False,PYG,2400176.73,384.599,2820604.192,451.968,2646762.073,424.111,0.85,0.85,0.413,0.586,2610390.461,0.919
1246,PRY,2020,Paraguay,False,PYG,2325361.0,343.425,2621320.0,387.134,2505151.0,369.977,0.887,0.887,0.392,0.607,2473340.5,0.94
1247,PRY,2021,Paraguay,False,PYG,2421507.498,357.462,2704082.225,399.176,2590196.53,382.364,0.895,0.895,0.403,0.596,2562794.861,0.944
1248,PRY,2022,Paraguay,False,PYG,2575103.364,368.781,2961908.289,424.175,2803691.163,401.517,0.869,0.869,0.409,0.59,2768505.826,0.93
1249,PRY,2023,Paraguay,False,PYG,2722461.516,373.509,3168094.337,434.648,2980586.552,408.923,0.859,0.859,0.42,0.579,2945277.926,0.924
1250,QAT,2009,Qatar,False,QAR,6106.0,1677.473,8484.0,2330.769,7792.0,2140.659,0.719,0.719,0.291,0.708,7295.0,0.837
1251,QAT,2011,Qatar,False,QAR,6094.0,1674.176,7882.0,2165.385,7401.0,2033.242,0.773,0.773,0.269,0.73,6988.0,0.872
1252,QAT,2012,Qatar,False,QAR,7445.0,2045.33,9089.0,2496.978,8654.0,2377.472,0.819,0.819,0.264,0.735,8267.0,0.9
1253,QAT,2013,Qatar,False,QAR,8510.0,2337.912,10075.0,2767.857,9667.0,2655.769,0.844,0.844,0.26,0.739,9292.5,0.915
1254,QAT,2014,Qatar,False,QAR,9294.0,2553.297,10893.0,2992.582,10483.0,2879.945,0.853,0.853,0.256,0.743,10093.5,0.92
1255,QAT,2015,Qatar,False,QAR,9406.0,2584.066,11034.0,3031.319,10568.0,2903.297,0.852,0.852,0.286,0.713,10220.0,0.92
1256,QAT,2016,Qatar,False,QAR,9845.0,2704.67,11166.0,3067.582,10793.0,2965.11,0.881,0.881,0.282,0.717,10505.5,0.937
1257,QAT,2017,Qatar,False,QAR,9960.0,2736.264,11560.0,3175.824,11099.0,3049.176,0.861,0.861,0.288,0.711,10760.0,0.925
1258,QAT,2018,Qatar,False,QAR,10034.0,2756.593,11571.0,3178.846,11121.0,3055.22,0.867,0.867,0.292,0.707,10802.5,0.928
1259,QAT,2019,Qatar,False,QAR,10391.0,2854.67,11693.0,3212.363,11308.0,3106.593,0.888,0.888,0.295,0.704,11042.0,0.941
1260,QAT,2020,Qatar,False,QAR,11002.0,3022.528,11758.0,3230.22,11554.0,3174.176,0.935,0.935,0.269,0.73,11380.0,0.966
1261,ROU,2005,Romania,True,RON,891.0,305.802,1037.0,355.911,968.0,332.229,0.859,0.859,0.472,0.527,964.0,0.924
1262,ROU,2006,Romania,False,RON,1062.0,378.073,1222.0,435.033,1146.0,407.977,0.869,0.869,0.475,0.525,1142.0,0.929
1263,ROU,2007,Romania,False,EUR,259.189,355.213,316.743,434.09,291.743,399.827,0.818,0.818,0.434,0.565,287.966,0.9
1264,ROU,2008,Romania,False,EUR,302.84,445.404,364.646,536.304,338.295,497.549,0.83,0.83,0.426,0.573,333.743,0.907
1265,ROU,2009,Romania,False,EUR,320.814,447.466,380.99,531.398,355.054,495.224,0.842,0.842,0.431,0.568,350.902,0.914
1266,ROU,2010,Romania,False,EUR,295.723,392.045,348.159,461.561,325.846,431.979,0.849,0.849,0.425,0.574,321.941,0.918
1267,ROU,2011,Romania,False,EUR,299.513,416.909,350.16,487.407,328.304,456.985,0.855,0.855,0.431,0.568,324.836,0.922
1268,ROU,2012,Romania,False,EUR,299.65,384.987,354.398,455.327,331.07,425.355,0.845,0.845,0.426,0.573,327.024,0.916
1269,ROU,2013,Romania,False,EUR,302.002,401.095,348.826,463.282,328.856,436.76,0.865,0.865,0.426,0.573,325.414,0.928
1270,ROU,2014,Romania,False,EUR,322.19,428.029,369.367,490.704,349.127,463.816,0.872,0.872,0.429,0.57,345.778,0.931
1271,ROU,2015,Romania,False,EUR,335.101,371.798,390.885,433.692,366.938,407.122,0.857,0.857,0.429,0.57,362.993,0.923
1272,ROU,2016,Romania,False,EUR,373.851,413.816,421.924,467.029,401.397,444.308,0.886,0.886,0.426,0.573,397.887,0.939
1273,ROU,2017,Romania,False,EUR,421.032,475.632,452.272,510.923,438.849,495.759,0.93,0.93,0.429,0.57,436.652,0.964
1274,ROU,2018,Romania,False,EUR,536.136,633.153,580.152,685.134,561.465,663.065,0.924,0.924,0.424,0.575,558.144,0.96
1275,ROU,2019,Romania,False,EUR,771.231,863.374,818.879,916.714,798.701,894.126,0.941,0.941,0.423,0.576,795.055,0.97
1276,ROU,2020,Romania,False,EUR,798.438,911.973,860.141,982.45,833.648,952.19,0.928,0.928,0.429,0.57,829.289,0.962
1277,ROU,2021,Romania,False,EUR,910.275,1076.619,988.41,1169.032,954.474,1128.895,0.92,0.92,0.434,0.565,949.342,0.958
1278,ROU,2022,Romania,False,EUR,943.104,993.134,1073.489,1130.437,1015.684,1069.565,0.878,0.878,0.443,0.556,1008.296,0.935
1279,ROU,2023,Romania,False,EUR,1135.142,1227.393,1308.706,1415.062,1231.55,1331.636,0.867,0.867,0.444,0.555,1221.924,0.928
1280,RUS,2017,Russian Federation,False,RUB,32658.0,559.761,45557.0,780.85,38609.0,661.761,0.716,0.716,0.538,0.461,39107.5,0.835
1281,RUS,2019,Russian Federation,False,RUB,37872.0,585.007,52533.0,811.475,44729.0,690.927,0.72,0.72,0.532,0.467,45202.5,0.837
1282,RUS,2021,Russian Federation,False,RUB,48594.0,659.757,67056.0,910.415,57240.0,777.144,0.724,0.724,0.531,0.468,57825.0,0.84
1283,RWA,2014,Rwanda,True,RWF,47486.984,69.584,68202.166,99.939,60387.79,88.488,0.696,0.696,0.377,0.622,57844.575,0.82
1284,RWA,2021,Rwanda,False,RWF,31612.177,31.976,47886.643,48.438,40708.075,41.176,0.66,0.66,0.441,0.558,39749.409,0.795
1285,SDN,2011,Sudan,False,SDG,403.07,151.154,462.656,173.499,452.718,169.772,0.871,0.871,0.166,0.833,432.863,0.931
1286,SEN,2011,Senegal,True,XOF,90938.174,192.973,110551.034,234.592,105131.304,223.091,0.822,0.822,0.276,0.723,100744.603,0.902
1287,SGP,1991,Singapore,False,SGD,1366.5,791.005,1910.3,1105.786,1668.8,965.992,0.715,0.715,0.444,0.555,1638.4,0.834
1288,SGP,1992,Singapore,False,SGD,1468.0,901.185,2075.8,1274.305,1803.9,1107.389,0.707,0.707,0.447,0.552,1771.9,0.828
1289,SGP,1993,Singapore,False,SGD,1579.1,977.292,2191.3,1356.178,1917.7,1186.849,0.72,0.72,0.446,0.553,1885.2,0.837
1290,SGP,2007,Singapore,False,SGD,3148.0,2088.777,4335.0,2876.382,3773.0,2503.481,0.726,0.726,0.473,0.526,3741.5,0.841
1291,SGP,2008,Singapore,False,SGD,3332.0,2355.002,4560.0,3222.932,3977.0,2810.877,0.73,0.73,0.474,0.525,3946.0,0.844
1292,SGP,2009,Singapore,False,SGD,3247.0,2232.36,4436.0,3049.814,3872.0,2662.056,0.731,0.731,0.474,0.525,3841.5,0.845
1293,SGP,2010,Singapore,False,SGD,3434.0,2518.503,4686.0,3436.723,4089.0,2998.882,0.732,0.732,0.476,0.523,4060.0,0.845
1294,SGP,2011,Singapore,False,SGD,3099.0,2463.873,3441.0,2735.782,3249.0,2583.131,0.9,0.9,0.561,0.438,3270.0,0.947
1295,SGP,2012,Singapore,False,SGD,3230.0,2584.67,3640.0,2912.754,3480.0,2784.721,0.887,0.887,0.39,0.609,3435.0,0.94
1296,SGP,2013,Singapore,False,SGD,3480.0,2781.108,3915.0,3128.746,3705.0,2960.921,0.888,0.888,0.482,0.517,3697.5,0.941
1297,SGP,2014,Singapore,False,SGD,3518.0,2776.528,4000.0,3156.939,3770.0,2975.415,0.879,0.879,0.477,0.522,3759.0,0.935
1298,SGP,2015,Singapore,False,SGD,3744.0,2723.256,4118.0,2995.29,3949.0,2872.366,0.909,0.909,0.451,0.548,3931.0,0.952
1299,SGP,2016,Singapore,False,SGD,3803.0,2752.712,4241.0,3069.749,4056.0,2935.841,0.896,0.896,0.422,0.577,4022.0,0.945
1300,SGP,2017,Singapore,False,SGD,4027.0,2916.161,4437.0,3213.064,4232.0,3064.613,0.907,0.907,0.5,0.5,4232.0,0.951
1301,SGP,2018,Singapore,False,SGD,4095.0,3035.938,4680.0,3469.644,4437.0,3289.489,0.875,0.874,0.415,0.584,4387.5,0.933
1302,SGP,2019,Singapore,False,SGD,4329.0,3173.385,4810.0,3525.984,4563.0,3344.92,0.9,0.899,0.513,0.486,4569.5,0.947
1303,SGP,2020,Singapore,False,SGD,4374.0,3170.159,4719.0,3420.206,4534.0,3286.122,0.926,0.926,0.536,0.463,4546.5,0.962
1304,SGP,2021,Singapore,False,SGD,4437.0,3302.609,4875.0,3628.627,4680.0,3483.482,0.91,0.91,0.445,0.554,4656.0,0.952
1305,SLB,2005,Solomon Islands,False,SBD,11929.336,1584.268,15151.922,2012.241,14206.702,1886.712,0.787,0.787,0.293,0.706,13540.629,0.881
1306,SLV,1998,El Salvador,False,SVC,1684.37,192.39,2183.48,249.398,1968.13,224.801,0.771,0.771,0.431,0.568,1933.925,0.87
1307,SLV,1999,El Salvador,False,SVC,1706.12,194.874,2178.3,248.806,1969.35,224.94,0.783,0.783,0.442,0.557,1942.21,0.878
1308,SLV,2000,El Salvador,False,SVC,1809.79,206.715,2287.29,261.255,2073.25,236.808,0.791,0.791,0.448,0.551,2048.54,0.883
1309,SLV,2002,El Salvador,True,USD,204.59,204.59,277.58,277.58,243.71,243.71,0.737,0.737,0.464,0.535,241.084,0.848
1310,SLV,2003,El Salvador,False,USD,199.9,199.9,258.31,258.31,232.0,232.0,0.773,0.773,0.45,0.549,229.105,0.872
1311,SLV,2004,El Salvador,False,USD,206.75,206.75,255.12,255.12,234.01,234.01,0.81,0.81,0.436,0.563,230.935,0.895
1312,SLV,2005,El Salvador,False,USD,217.3,217.3,270.6,270.6,246.7,246.7,0.803,0.803,0.448,0.551,243.95,0.89
1313,SLV,2006,El Salvador,False,USD,230.3,230.3,260.2,260.2,247.4,247.4,0.885,0.885,0.428,0.571,245.25,0.939
1314,SLV,2021,El Salvador,False,USD,1235.89,1235.89,1644.469,1644.469,1498.59,1498.59,0.751,0.751,0.357,0.642,1440.179,0.858
1315,SLV,2022,El Salvador,False,USD,1368.017,1368.017,1777.244,1777.244,1624.254,1624.254,0.769,0.769,0.373,0.626,1572.63,0.869
1316,SLV,2023,El Salvador,False,USD,1606.116,1606.116,1992.19,1992.19,1842.831,1842.831,0.806,0.806,0.386,0.613,1799.153,0.892
1317,SRB,2013,Serbia,False,EUR,511.953,679.934,558.954,742.357,537.263,713.548,0.915,0.915,0.461,0.538,535.453,0.956
1318,SRB,2014,Serbia,False,EUR,718.065,953.95,777.454,1032.848,749.956,996.317,0.923,0.923,0.463,0.536,747.759,0.96
1319,SRB,2015,Serbia,False,EUR,687.755,763.073,771.371,855.846,731.397,811.495,0.891,0.891,0.478,0.521,729.563,0.942
1320,SRB,2016,Serbia,False,EUR,682.5,755.461,780.602,864.051,733.784,812.227,0.874,0.874,0.477,0.522,731.55,0.932
1321,SRB,2017,Serbia,False,EUR,709.731,801.77,812.465,917.826,763.622,862.649,0.873,0.873,0.475,0.524,761.098,0.932
1322,SRB,2018,Serbia,False,EUR,698.145,824.477,829.539,979.648,768.782,907.896,0.841,0.841,0.462,0.537,763.842,0.913
1323,SRB,2019,Serbia,False,EUR,785.078,878.874,924.758,1035.243,860.217,962.991,0.848,0.848,0.462,0.537,854.918,0.918
1324,SRB,2020,Serbia,False,EUR,624.493,713.294,742.553,848.141,688.566,786.477,0.841,0.841,0.457,0.542,683.523,0.913
1325,SRB,2021,Serbia,False,EUR,674.682,797.974,811.086,959.305,748.059,884.76,0.831,0.831,0.462,0.537,742.884,0.908
1326,SRB,2022,Serbia,False,EUR,721.968,760.267,821.056,864.612,775.185,816.307,0.879,0.879,0.462,0.537,771.512,0.935
1327,SUR,2016,Suriname,False,SRD,2182.415,350.384,2403.406,385.864,2310.033,370.873,0.908,0.908,0.422,0.577,2292.91,0.951
1328,SVK,2005,Slovakia,False,SKK,304.204,9.807,403.972,13.024,354.367,11.424,0.753,0.752,0.497,0.502,354.087,0.859
1329,SVK,2006,Slovakia,False,SKK,339.576,11.435,440.092,14.819,390.847,13.161,0.771,0.771,0.489,0.51,389.834,0.871
1330,SVK,2007,Slovakia,False,SKK,528.756,21.412,687.042,27.822,610.223,24.711,0.769,0.769,0.485,0.514,607.899,0.869
1331,SVK,2008,Slovakia,False,SKK,629.813,29.484,821.024,38.435,726.922,34.03,0.767,0.767,0.492,0.507,725.418,0.868
1332,SVK,2010,Slovakia,False,EUR,816.024,1081.816,1026.107,1360.328,923.697,1224.561,0.795,0.795,0.487,0.512,921.065,0.885
1333,SVK,2011,Slovakia,False,EUR,792.876,1103.648,999.162,1390.788,898.328,1250.432,0.793,0.793,0.488,0.511,896.019,0.884
1334,SVK,2012,Slovakia,False,EUR,856.687,1100.662,1080.408,1388.096,970.216,1246.523,0.792,0.792,0.492,0.507,968.547,0.884
1335,SVK,2013,Slovakia,False,EUR,821.515,1091.069,1045.373,1388.379,935.266,1242.144,0.785,0.785,0.491,0.508,933.444,0.88
1336,SVK,2014,Slovakia,False,EUR,936.199,1243.741,1185.024,1574.305,1063.539,1412.912,0.79,0.79,0.488,0.511,1060.611,0.882
1337,SVK,2015,Slovakia,False,EUR,968.984,1075.101,1196.071,1327.056,1086.339,1205.307,0.81,0.81,0.483,0.516,1082.527,0.895
1338,SVK,2016,Slovakia,False,EUR,956.13,1058.343,1202.298,1330.827,1083.932,1199.808,0.795,0.795,0.48,0.519,1079.214,0.885
1339,SVK,2017,Slovakia,False,EUR,975.473,1101.973,1175.717,1328.186,1079.203,1219.155,0.829,0.829,0.481,0.518,1075.595,0.906
1340,SVK,2018,Slovakia,False,EUR,1039.541,1227.652,1232.636,1455.688,1139.425,1345.609,0.843,0.843,0.482,0.517,1136.089,0.915
1341,SVK,2019,Slovakia,False,EUR,1109.688,1242.267,1377.932,1542.56,1249.534,1398.822,0.805,0.805,0.478,0.521,1243.81,0.892
1342,SVK,2020,Slovakia,False,EUR,1204.126,1375.348,1487.284,1698.77,1351.013,1543.122,0.809,0.809,0.481,0.518,1345.705,0.894
1343,SVK,2021,Slovakia,False,EUR,1191.928,1409.741,1455.086,1720.989,1332.586,1576.103,0.819,0.819,0.465,0.534,1323.507,0.9
1344,SVK,2022,Slovakia,False,EUR,1155.45,1216.745,1400.27,1474.552,1281.814,1349.813,0.825,0.825,0.483,0.516,1277.86,0.904
1345,SVK,2023,Slovakia,False,EUR,1210.77,1309.168,1372.153,1483.666,1293.46,1398.578,0.882,0.882,0.487,0.512,1291.461,0.937
1346,SVN,2005,Slovenia,False,SIT,1140.885,5.92,1286.224,6.675,1217.835,6.32,0.887,0.886,0.47,0.529,1213.554,0.94
1347,SVN,2006,Slovenia,False,SIT,1194.464,6.253,1293.646,6.772,1247.506,6.53,0.923,0.923,0.465,0.534,1244.054,0.96
1348,SVN,2008,Slovenia,False,EUR,1612.594,2371.732,1775.479,2611.296,1699.122,2498.994,0.908,0.908,0.468,0.531,1694.036,0.951
1349,SVN,2009,Slovenia,False,EUR,1685.048,2350.275,1903.392,2654.817,1801.389,2512.546,0.885,0.885,0.467,0.532,1794.22,0.939
1350,SVN,2010,Slovenia,False,EUR,1759.852,2333.065,1955.415,2592.326,1863.089,2469.928,0.899,0.899,0.472,0.527,1857.633,0.947
1351,SVN,2011,Slovenia,False,EUR,1803.977,2511.056,1955.921,2722.555,1884.161,2622.668,0.922,0.922,0.472,0.527,1879.949,0.959
1352,SVN,2012,Slovenia,False,EUR,1873.357,2406.867,2044.12,2626.262,1963.002,2522.043,0.916,0.916,0.475,0.524,1958.738,0.956
1353,SVN,2013,Slovenia,False,EUR,1854.476,2462.962,2088.226,2773.412,1976.194,2624.619,0.888,0.888,0.479,0.52,1971.351,0.94
1354,SVN,2014,Slovenia,False,EUR,1873.761,2489.294,2090.056,2776.641,1989.283,2642.764,0.896,0.896,0.465,0.534,1981.908,0.945
1355,SVN,2015,Slovenia,False,EUR,1905.843,2114.558,2156.086,2392.205,2040.241,2263.674,0.883,0.883,0.462,0.537,2030.964,0.938
1356,SVN,2016,Slovenia,False,EUR,1876.969,2077.621,2151.639,2381.656,2023.05,2239.321,0.872,0.872,0.468,0.531,2014.304,0.931
1357,SVN,2017,Slovenia,False,EUR,1914.452,2162.721,2174.759,2456.785,2052.266,2318.406,0.88,0.88,0.47,0.529,2044.605,0.936
1358,SVN,2018,Slovenia,False,EUR,1959.395,2313.956,2216.899,2618.057,2093.594,2472.44,0.883,0.883,0.478,0.521,2088.147,0.938
1359,SVN,2019,Slovenia,False,EUR,2031.514,2274.229,2332.108,2610.735,2187.969,2449.375,0.871,0.871,0.479,0.52,2181.811,0.931
1360,SVN,2020,Slovenia,False,EUR,2104.617,2403.885,2471.075,2822.452,2295.388,2621.783,0.851,0.851,0.479,0.52,2287.846,0.919
1361,SVN,2021,Slovenia,False,EUR,2243.881,2653.928,2626.851,3106.883,2443.081,2889.53,0.854,0.854,0.479,0.52,2435.366,0.921
1362,SVN,2022,Slovenia,False,EUR,2434.51,2563.658,2815.758,2965.13,2633.521,2773.226,0.864,0.864,0.478,0.521,2625.134,0.927
1363,SVN,2023,Slovenia,False,EUR,2534.43,2740.4,2976.045,3217.904,2762.815,2987.345,0.851,0.851,0.482,0.517,2755.237,0.919
1364,SWE,1993,Sweden,False,SEK,85.6,10.998,99.35,12.764,95.88,12.318,0.861,0.861,0.252,0.747,92.475,0.925
1365,SWE,1994,Sweden,False,SEK,12555.538,1627.215,17173.198,2225.669,15310.121,1984.212,0.731,0.731,0.403,0.596,14864.368,0.844
1366,SWE,1995,Sweden,False,SEK,11991.128,1681.014,16262.251,2279.776,14559.939,2041.131,0.737,0.737,0.398,0.601,14126.689,0.848
1367,SWE,1996,Sweden,False,SEK,13080.325,1950.553,17411.629,2596.442,15673.444,2337.242,0.751,0.751,0.401,0.598,15245.977,0.857
1368,SWE,1997,Sweden,True,SEK,12380.019,1621.505,16410.288,2149.38,14775.878,1935.309,0.754,0.754,0.405,0.594,14395.153,0.86
1369,SWE,1998,Sweden,False,SEK,12235.826,1539.123,15932.682,2004.144,14503.26,1824.34,0.767,0.767,0.386,0.613,14084.254,0.868
1370,SWE,1999,Sweden,False,SEK,13354.089,1616.243,17387.997,2104.466,15795.426,1911.717,0.768,0.768,0.394,0.605,15371.043,0.868
1371,SWE,2000,Sweden,False,SEK,13821.609,1508.54,18267.775,1993.81,16502.082,1801.096,0.756,0.756,0.397,0.602,16044.692,0.861
1372,SWE,2001,Sweden,False,SEK,13584.482,1315.161,17732.565,1716.752,16119.253,1560.562,0.766,0.766,0.388,0.611,15658.523,0.867
1373,SWE,2002,Sweden,False,EUR,2303.35,2177.987,2738.77,2589.709,2589.97,2449.008,0.841,0.841,0.341,0.658,2521.06,0.913
1374,SWE,2003,Sweden,False,SEK,14276.227,1765.482,18582.595,2298.033,16921.333,2092.592,0.768,0.768,0.385,0.614,16429.411,0.868
1375,SWE,2004,Sweden,False,EUR,1856.543,2309.358,2567.433,3193.636,2210.65,2749.833,0.723,0.723,0.501,0.498,2211.988,0.839
1376,SWE,2005,Sweden,False,EUR,1876.996,2335.152,2699.728,3358.706,2285.978,2843.963,0.695,0.695,0.502,0.497,2288.362,0.82
1377,SWE,2006,Sweden,False,EUR,1876.964,2356.714,2602.822,3268.1,2234.02,2805.032,0.721,0.721,0.508,0.491,2239.893,0.837
1378,SWE,2007,Sweden,False,EUR,2405.155,3296.213,3308.538,4534.279,2854.046,3911.407,0.726,0.726,0.503,0.496,2856.846,0.841
1379,SWE,2008,Sweden,False,EUR,2494.85,3669.315,3448.561,5071.99,2976.379,4377.526,0.723,0.723,0.495,0.504,2971.705,0.839
1380,SWE,2009,Sweden,False,EUR,2537.679,3539.51,3566.969,4975.146,3056.13,4262.636,0.711,0.711,0.496,0.503,3052.324,0.831
1381,SWE,2010,Sweden,False,EUR,2385.734,3162.807,3210.511,4256.228,2804.145,3717.502,0.743,0.743,0.492,0.507,2798.122,0.852
1382,SWE,2011,Sweden,False,EUR,2680.566,3731.228,3576.071,4977.731,3129.247,4355.772,0.749,0.749,0.498,0.501,3128.318,0.856
1383,SWE,2012,Sweden,False,EUR,3005.019,3860.814,3990.314,5126.71,3496.859,4492.724,0.753,0.753,0.5,0.499,3497.666,0.859
1384,SWE,2013,Sweden,False,EUR,3217.014,4272.574,4227.907,5615.159,3719.624,4940.099,0.76,0.76,0.502,0.497,3722.46,0.864
1385,SWE,2014,Sweden,False,EUR,3233.555,4295.781,4225.329,5613.353,3729.411,4954.526,0.765,0.765,0.5,0.499,3729.442,0.867
1386,SWE,2015,Sweden,False,EUR,3165.767,3512.46,4160.947,4616.624,3663.803,4065.037,0.76,0.76,0.499,0.5,3663.357,0.864
1387,SWE,2016,Sweden,False,EUR,3323.845,3679.175,4256.354,4711.371,3807.776,4214.84,0.78,0.78,0.481,0.518,3790.099,0.876
1388,SWE,2017,Sweden,False,EUR,3460.839,3909.644,4251.979,4803.38,3875.71,4378.316,0.813,0.813,0.475,0.524,3856.409,0.897
1389,SWE,2018,Sweden,False,EUR,3507.463,4142.154,4323.932,5106.366,3943.622,4657.238,0.811,0.811,0.465,0.534,3915.697,0.895
1390,SWE,2019,Sweden,False,EUR,3446.923,3858.743,4035.567,4517.714,3762.35,4211.855,0.854,0.854,0.464,0.535,3741.245,0.921
1391,SWE,2020,Sweden,False,EUR,3366.798,3845.543,4123.983,4710.397,3766.951,4302.597,0.816,0.816,0.471,0.528,3745.39,0.898
1392,SWE,2021,Sweden,False,EUR,3574.586,4227.807,4338.179,5130.939,3969.069,4694.378,0.823,0.823,0.483,0.516,3956.382,0.903
1393,SWE,2022,Sweden,False,EUR,3854.146,4058.603,4615.04,4859.862,4249.867,4475.317,0.835,0.835,0.479,0.52,4234.593,0.91
1394,SWE,2023,Sweden,False,EUR,3854.717,4167.984,4515.127,4882.065,4197.516,4538.642,0.853,0.853,0.48,0.519,4184.922,0.921
1395,SWZ,1992,Eswatini,False,SZL,1118.0,392.004,1276.0,447.403,,,0.876,0.876,,,1197.0,0.934
1396,SWZ,1996,Eswatini,False,SZL,1441.0,335.167,1727.0,401.689,,,0.834,0.834,,,1584.0,0.909
1397,SWZ,1997,Eswatini,False,SZL,2120.0,460.073,2289.0,496.749,,,0.926,0.926,,,2204.5,0.961
1398,SWZ,2000,Eswatini,False,SZL,2042.0,294.244,2391.0,344.533,,,0.854,0.854,,,2216.5,0.921
1399,SWZ,2016,Eswatini,False,SZL,4288.234,291.526,4795.073,325.982,4573.403,310.913,0.894,0.894,0.437,0.562,4541.653,0.944
1400,SWZ,2021,Eswatini,False,SZL,5317.799,359.713,5823.277,393.906,5586.983,377.922,0.913,0.913,0.467,0.532,5570.538,0.954
1401,TCD,2018,Chad,False,XAF,100983.92,181.807,125376.298,225.722,121734.157,219.165,0.805,0.805,0.149,0.85,113180.109,0.892
1402,TGO,2011,Togo,True,XOF,85255.272,180.914,128009.278,271.639,113912.543,241.725,0.666,0.666,0.329,0.67,106632.275,0.799
1403,TGO,2017,Togo,True,XOF,80587.71,138.787,92284.011,158.93,89279.318,153.756,0.873,0.873,0.256,0.743,86435.86,0.932
1404,TGO,2022,Togo,False,XOF,65344.862,104.76,92903.217,148.941,85868.237,137.662,0.703,0.703,0.255,0.744,79124.039,0.825
1405,THA,2000,Thailand,False,THB,6202.262,154.624,7412.969,184.808,6860.362,171.031,0.836,0.836,0.456,0.543,6807.615,0.911
1406,THA,2007,Thailand,False,THB,8993.05,260.531,9980.784,289.146,9526.116,275.974,0.901,0.901,0.46,0.539,9486.917,0.947
1407,THA,2011,Thailand,False,THB,10028.0,328.876,10599.0,347.602,10340.0,339.108,0.946,0.946,0.453,0.546,10313.5,0.972
1408,THA,2013,Thailand,False,THB,13276.446,432.092,13940.771,453.713,13638.31,443.869,0.952,0.952,0.455,0.544,13608.608,0.975
1409,TLS,2013,Timor-Leste,True,USD,387.409,387.409,420.983,420.983,412.772,412.772,0.92,0.92,0.244,0.755,404.196,0.958
1410,TLS,2021,Timor-Leste,False,USD,243.256,243.256,262.842,262.842,257.594,257.594,0.925,0.925,0.267,0.732,253.048,0.961
1411,TON,2018,Tonga,True,TOP,1240.946,554.843,1401.381,626.576,1334.408,596.631,0.885,0.885,0.417,0.582,1321.163,0.939
1412,TON,2021,Tonga,False,TOP,1096.001,483.894,1415.524,624.966,1287.277,568.344,0.774,0.774,0.401,0.598,1255.762,0.872
1413,TON,2023,Tonga,False,TOP,1499.15,634.239,1619.59,685.193,1566.627,662.786,0.925,0.925,0.439,0.56,1559.37,0.961
1414,TTO,2010,Trinidad and Tobago,True,TTD,4203.5,659.32,4783.316,750.264,4529.413,710.439,0.878,0.878,0.437,0.562,4493.407,0.935
1415,TTO,2011,Trinidad and Tobago,False,TTD,4569.466,712.943,5036.569,785.822,4837.277,754.728,0.907,0.907,0.426,0.573,4803.017,0.951
1416,TTO,2012,Trinidad and Tobago,False,TTD,4637.943,721.342,5242.984,815.444,4980.742,774.658,0.884,0.884,0.433,0.566,4940.463,0.938
1417,TTO,2013,Trinidad and Tobago,False,TTD,4839.618,751.187,5371.04,833.672,5138.545,797.585,0.901,0.901,0.437,0.562,5105.329,0.947
1418,TTO,2014,Trinidad and Tobago,False,TTD,5083.942,793.239,5706.596,890.39,5434.253,847.897,0.89,0.89,0.437,0.562,5395.269,0.942
1419,TTO,2015,Trinidad and Tobago,False,TTD,5224.598,819.231,5822.262,912.946,5560.678,871.929,0.897,0.897,0.437,0.562,5523.43,0.945
1420,TTO,2016,Trinidad and Tobago,False,TTD,5369.559,805.156,6075.56,911.02,5758.393,863.461,0.883,0.883,0.449,0.55,5722.559,0.938
1421,TUN,2019,Tunisia,False,TND,678.151,231.101,780.544,265.995,739.678,252.068,0.868,0.868,0.399,0.6,729.347,0.929
1422,TUR,2011,Türkiye,False,TRY,1097.766,655.4,1158.88,691.888,1144.197,683.121,0.947,0.947,0.24,0.759,1128.323,0.972
1423,TUR,2013,Türkiye,False,TRY,1345.831,706.93,1433.458,752.958,1410.372,740.832,0.938,0.938,0.263,0.736,1389.644,0.968
1424,TUR,2014,Türkiye,False,TRY,1443.529,659.585,1578.465,721.24,1541.999,704.578,0.914,0.914,0.27,0.729,1510.996,0.955
1425,TUR,2015,Türkiye,False,TRY,1562.526,574.456,1731.206,636.471,1683.984,619.11,0.902,0.902,0.279,0.72,1646.866,0.948
1426,TUR,2016,Türkiye,False,TRY,1870.234,619.255,2015.094,667.22,1973.197,653.348,0.928,0.928,0.289,0.71,1942.664,0.962
1427,TUR,2017,Türkiye,False,TRY,2028.828,556.128,2189.012,600.036,2141.934,587.132,0.926,0.926,0.293,0.706,2108.92,0.962
1428,TUR,2018,Türkiye,False,TRY,2271.428,470.434,2510.959,520.043,2438.058,504.944,0.904,0.904,0.304,0.695,2391.193,0.949
1429,TUR,2019,Türkiye,False,TRY,2769.98,488.204,3033.881,534.716,2951.546,520.203,0.913,0.913,0.311,0.688,2901.93,0.954
1430,TUR,2020,Türkiye,False,TRY,3224.123,460.024,3517.642,501.903,3426.625,488.917,0.916,0.916,0.31,0.689,3370.882,0.956
1431,TUR,2021,Türkiye,False,TRY,3776.37,426.689,4138.465,467.602,4025.438,454.831,0.912,0.912,0.312,0.687,3957.417,0.954
1432,TUR,2022,Türkiye,False,TRY,6352.613,383.87,7024.576,424.475,6804.076,411.151,0.904,0.904,0.328,0.671,6688.594,0.949
1433,TUR,2023,Türkiye,False,TRY,13288.283,559.776,15032.96,633.272,14445.936,608.543,0.883,0.883,0.336,0.663,14160.621,0.938
1434,TZA,2001,"Tanzania, United Republic of",True,TZS,46575.497,53.143,59370.048,67.742,55659.06,63.508,0.784,0.784,0.29,0.709,52972.772,0.879
1435,TZA,2006,"Tanzania, United Republic of",True,TZS,90506.146,72.295,119709.956,95.623,111132.724,88.771,0.756,0.756,0.293,0.706,105108.051,0.861
1436,TZA,2011,"Tanzania, United Republic of",False,TZS,302489.0,194.223,379775.0,243.847,368589.0,236.664,0.796,0.796,0.144,0.855,341132.0,0.886
1437,TZA,2012,"Tanzania, United Republic of",False,TZS,358104.629,227.846,424186.243,269.89,402648.777,256.187,0.844,0.844,0.325,0.674,391145.436,0.915
1438,TZA,2014,"Tanzania, United Republic of",False,TZS,261336.559,158.076,325319.828,196.778,304324.0,184.078,0.803,0.803,0.328,0.671,293328.193,0.89
1439,UGA,2010,Uganda,False,UGX,497749.344,228.582,764216.979,350.952,681218.15,312.836,0.651,0.651,0.311,0.688,630983.161,0.788
1440,UGA,2011,Uganda,False,UGX,569754.186,225.842,745116.172,295.353,688634.933,272.964,0.764,0.764,0.322,0.677,657435.179,0.866
1441,UGA,2014,Uganda,False,UGX,787783.657,303.018,888954.821,341.934,858312.551,330.147,0.886,0.886,0.302,0.697,838369.239,0.939
1442,UGA,2017,Uganda,True,UGX,296209.409,82.025,427093.579,118.268,383573.202,106.217,0.693,0.693,0.332,0.667,361651.494,0.819
1443,UGA,2019,Uganda,False,UGX,359503.822,97.057,430081.066,116.111,407686.528,110.065,0.835,0.835,0.317,0.682,394792.444,0.91
1444,UKR,2007,Ukraine,False,UAH,1150.3,227.782,1578.1,312.495,1351.1,267.545,0.728,0.728,0.53,0.469,1364.199,0.843
1445,UKR,2008,Ukraine,False,UAH,1564.73,297.069,2080.44,394.979,1806.33,342.938,0.752,0.752,0.531,0.468,1822.585,0.858
1446,UKR,2009,Ukraine,False,UAH,1677.0,215.242,2173.0,278.903,1906.0,244.634,0.771,0.771,0.538,0.461,1925.0,0.871
1447,UKR,2010,Ukraine,False,UAH,1974.0,248.751,2538.0,319.823,2239.0,282.145,0.777,0.777,0.53,0.469,2256.0,0.875
1448,UKR,2011,Ukraine,False,UAH,2272.0,285.156,3035.0,380.92,2633.0,330.465,0.748,0.748,0.526,0.473,2653.5,0.856
1449,UKR,2012,Ukraine,False,UAH,2661.0,332.998,3429.0,429.106,3026.0,378.675,0.776,0.776,0.524,0.475,3045.0,0.873
1450,UKR,2013,Ukraine,False,UAH,2866.0,358.564,3711.0,464.281,3265.0,408.482,0.772,0.772,0.527,0.472,3288.5,0.871
1451,UKR,2014,Ukraine,False,UAH,3037.0,255.496,3979.0,334.745,3480.0,292.765,0.763,0.763,0.529,0.47,3508.0,0.865
1452,UKR,2015,Ukraine,False,UAH,3631.0,166.219,4848.0,221.93,4195.0,192.037,0.748,0.748,0.536,0.463,4239.5,0.856
1453,UKR,2016,Ukraine,False,UAH,4480.0,175.333,6001.0,234.86,5183.0,202.847,0.746,0.746,0.537,0.462,5240.5,0.854
1454,UKR,2017,Ukraine,False,UAH,6321.0,237.662,8021.0,301.58,7104.0,267.102,0.788,0.788,0.539,0.46,7171.0,0.881
1455,UKR,2018,Ukraine,False,UAH,7830.0,287.862,10083.0,370.692,8865.0,325.913,0.776,0.776,0.54,0.459,8956.5,0.874
1456,UKR,2019,Ukraine,False,UAH,9237.0,357.392,11961.0,462.787,10497.0,406.143,0.772,0.772,0.537,0.462,10599.0,0.871
1457,UKR,2020,Ukraine,False,UAH,10369.0,384.642,13031.0,483.39,11591.0,429.973,0.795,0.795,0.54,0.459,11700.0,0.886
1458,UKR,2021,Ukraine,False,UAH,12668.0,464.264,15563.0,570.362,14014.0,513.592,0.813,0.813,0.535,0.464,14115.5,0.897
1459,URY,1998,Uruguay,True,UYU,4661.841,445.176,7016.103,669.992,5957.616,568.914,0.664,0.664,0.449,0.55,5838.972,0.798
1460,URY,1999,Uruguay,False,UYU,5104.59,450.168,7548.879,665.727,6448.421,568.679,0.676,0.676,0.45,0.549,6326.734,0.806
1461,URY,2000,Uruguay,False,UYU,5315.336,439.299,7706.037,636.884,6619.009,547.044,0.689,0.689,0.454,0.545,6510.686,0.816
1462,URY,2001,Uruguay,False,UYU,5436.097,408.142,7612.617,571.556,6609.574,496.247,0.714,0.714,0.46,0.539,6524.357,0.833
1463,URY,2002,Uruguay,False,UYU,5481.924,257.887,7715.324,362.955,6672.623,313.903,0.71,0.71,0.466,0.533,6598.624,0.83
1464,URY,2003,Uruguay,False,UYU,5759.798,204.185,7854.458,278.441,6861.93,243.256,0.733,0.733,0.473,0.526,6807.128,0.846
1465,URY,2004,Uruguay,False,UYU,6085.536,212.012,8607.855,299.886,7445.954,259.406,0.706,0.706,0.46,0.539,7346.695,0.828
1466,URY,2005,Uruguay,False,UYU,6669.684,272.47,8977.397,366.745,7884.203,322.086,0.742,0.742,0.473,0.526,7823.54,0.852
1467,URY,2006,Uruguay,False,UYU,7453.391,309.612,10409.285,432.398,9063.285,376.486,0.716,0.716,0.455,0.544,8931.338,0.834
1468,URY,2007,Uruguay,False,UYU,8556.382,364.551,11595.824,494.048,10205.725,434.822,0.737,0.737,0.457,0.542,10076.103,0.849
1469,URY,2008,Uruguay,False,UYU,9419.153,449.616,13219.795,631.037,11447.949,546.459,0.712,0.712,0.466,0.533,11319.474,0.832
1470,URY,2009,Uruguay,False,UYU,10919.219,483.837,15174.097,672.373,13211.219,585.396,0.719,0.719,0.461,0.538,13046.658,0.836
1471,URY,2010,Uruguay,False,UYU,11779.542,587.237,15923.54,793.824,14011.868,698.523,0.739,0.739,0.461,0.538,13851.541,0.85
1472,URY,2011,Uruguay,False,UYU,13785.008,713.724,18271.236,946.0,16207.058,839.126,0.754,0.754,0.46,0.539,16028.122,0.86
1473,URY,2012,Uruguay,False,UYU,15374.38,756.964,20277.057,998.35,17979.648,885.236,0.758,0.758,0.468,0.531,17825.718,0.862
1474,URY,2013,Uruguay,False,UYU,17097.882,834.792,22878.401,1117.022,20207.959,986.639,0.747,0.747,0.461,0.538,19988.141,0.855
1475,URY,2014,Uruguay,False,UYU,19350.741,832.432,26028.022,1119.676,22932.928,986.531,0.743,0.743,0.463,0.536,22689.381,0.852
1476,URY,2015,Uruguay,False,UYU,21439.278,784.535,28543.287,1044.494,25231.879,923.319,0.751,0.751,0.466,0.533,24991.282,0.857
1477,URY,2016,Uruguay,False,UYU,22750.726,754.269,28816.815,955.382,25950.029,860.338,0.789,0.789,0.472,0.527,25783.77,0.882
1478,URY,2017,Uruguay,False,UYU,26169.86,912.592,33889.982,1181.807,30239.285,1054.501,0.772,0.772,0.472,0.527,30029.921,0.871
1479,URY,2018,Uruguay,False,UYU,28200.875,917.84,35596.476,1158.541,32084.575,1044.241,0.792,0.792,0.474,0.525,31898.675,0.884
1480,URY,2019,Uruguay,True,UYU,30401.395,862.319,38530.088,1092.886,34682.006,983.737,0.789,0.789,0.473,0.526,34465.741,0.882
1481,URY,2020,Uruguay,True,UYU,33062.334,786.949,40527.977,964.646,36970.875,879.98,0.815,0.815,0.476,0.523,36795.155,0.898
1482,USA,1990,United States of America,False,USD,1498.18,1498.18,2082.73,2082.73,1783.96,1783.96,0.719,0.719,0.511,0.488,1790.455,0.836
1483,USA,1991,United States of America,False,USD,1584.78,1584.78,2134.69,2134.69,1844.58,1844.58,0.742,0.742,0.527,0.472,1859.735,0.852
1484,USA,1992,United States of America,False,USD,1645.4,1645.4,2169.33,2169.33,1905.2,1905.2,0.758,0.758,0.504,0.495,1907.365,0.862
1485,USA,1993,United States of America,False,USD,1701.69,1701.69,2208.3,2208.3,1987.47,1987.47,0.77,0.77,0.435,0.564,1954.995,0.87
1486,USA,1994,United States of America,True,USD,1670.101,1670.101,2435.497,2435.497,2070.286,2070.286,0.685,0.685,0.477,0.522,2052.799,0.813
1487,USA,1995,United States of America,False,USD,1705.961,1705.961,2504.044,2504.044,2123.614,2123.614,0.681,0.681,0.476,0.523,2105.002,0.81
1488,USA,1996,United States of America,False,USD,1767.721,1767.721,2567.891,2567.891,2184.764,2184.764,0.688,0.688,0.478,0.521,2167.806,0.815
1489,USA,1997,United States of America,False,USD,1843.493,1843.493,2653.265,2653.265,2265.625,2265.625,0.694,0.694,0.478,0.521,2248.379,0.819
1490,USA,1998,United States of America,False,USD,1943.803,1943.803,2835.096,2835.096,2408.575,2408.575,0.685,0.685,0.478,0.521,2389.449,0.813
1491,USA,1999,United States of America,False,USD,2025.381,2025.381,2958.058,2958.058,2509.195,2509.195,0.684,0.684,0.481,0.518,2491.719,0.812
1492,USA,2000,United States of America,False,USD,2136.56,2136.56,3084.971,3084.971,2629.435,2629.435,0.692,0.692,0.48,0.519,2610.765,0.818
1493,USA,2001,United States of America,False,USD,2237.571,2237.571,3206.419,3206.419,2741.631,2741.631,0.697,0.697,0.479,0.52,2721.995,0.822
1494,USA,2002,United States of America,False,USD,2304.232,2304.232,3273.789,3273.789,2806.444,2806.444,0.703,0.703,0.482,0.517,2789.01,0.826
1495,USA,2003,United States of America,False,USD,2367.151,2367.151,3343.239,3343.239,2869.141,2869.141,0.708,0.708,0.485,0.514,2855.194,0.829
1496,USA,2004,United States of America,False,USD,2432.472,2432.472,3423.804,3423.804,2946.492,2946.492,0.71,0.71,0.481,0.518,2928.138,0.83
1497,USA,2005,United States of America,False,USD,2522.853,2522.853,3500.794,3500.794,3029.409,3029.409,0.72,0.72,0.482,0.517,3011.823,0.837
1498,USA,2006,United States of America,False,USD,2612.911,2612.911,3607.771,3607.771,3130.431,3130.431,0.724,0.724,0.479,0.52,3110.341,0.84
1499,USA,2007,United States of America,False,USD,2690.616,2690.616,3719.68,3719.68,3223.712,3223.712,0.723,0.723,0.481,0.518,3205.148,0.839
1500,USA,2008,United States of America,False,USD,2801.012,2801.012,3846.64,3846.64,3339.885,3339.885,0.728,0.728,0.484,0.515,3323.826,0.842
1501,USA,2009,United States of America,False,USD,2826.424,2826.424,3864.375,3864.375,3354.7,3354.7,0.731,0.731,0.491,0.508,3345.399,0.844
1502,USA,2010,United States of America,False,USD,2877.925,2877.925,3879.561,3879.561,3389.019,3389.019,0.741,0.741,0.489,0.51,3378.743,0.851
1503,USA,2011,United States of America,False,USD,2930.882,2930.882,3907.668,3907.668,3433.603,3433.603,0.75,0.75,0.485,0.514,3419.275,0.857
1504,USA,2012,United States of America,False,USD,2972.726,2972.726,4020.948,4020.948,3512.329,3512.329,0.739,0.739,0.485,0.514,3496.837,0.85
1505,USA,2013,United States of America,False,USD,3057.458,3057.458,4066.922,4066.922,3578.783,3578.783,0.751,0.751,0.483,0.516,3562.19,0.858
1506,USA,2014,United States of America,False,USD,3102.754,3102.754,4109.564,4109.564,3623.504,3623.504,0.755,0.755,0.482,0.517,3606.159,0.86
1507,USA,2015,United States of America,False,USD,3186.491,3186.491,4233.861,4233.861,3728.372,3728.372,0.752,0.752,0.482,0.517,3710.176,0.858
1508,USA,2016,United States of America,False,USD,3284.471,3284.471,4345.897,4345.897,3834.601,3834.601,0.755,0.755,0.481,0.518,3815.184,0.86
1509,USA,2017,United States of America,False,USD,3399.849,3399.849,4472.514,4472.514,3955.181,3955.181,0.76,0.76,0.482,0.517,3936.181,0.863
1510,USA,2018,United States of America,False,USD,3520.995,3520.995,4617.719,4617.719,4088.47,4088.47,0.762,0.762,0.482,0.517,4069.357,0.865
1511,USA,2019,United States of America,False,USD,3653.084,3653.084,4776.756,4776.756,4233.085,4233.085,0.764,0.764,0.483,0.516,4214.92,0.866
1512,USA,2020,United States of America,True,USD,3924.999,3924.999,5036.621,5036.621,4502.189,4502.189,0.779,0.779,0.48,0.519,4480.809,0.875
1513,USA,2021,United States of America,False,USD,4043.957,4043.957,5119.595,5119.595,4600.127,4600.127,0.789,0.789,0.482,0.517,4581.776,0.882
1514,USA,2022,United States of America,False,USD,4276.698,4276.698,5373.68,5373.68,4844.618,4844.618,0.795,0.795,0.482,0.517,4825.189,0.886
1515,USA,2023,United States of America,False,USD,4641.108,4641.108,5981.712,5981.712,5334.394,5334.394,0.775,0.775,0.482,0.517,5311.41,0.873
1516,USA,2024,United States of America,False,USD,5093.697,5093.697,6819.002,6819.002,5985.292,5985.292,0.746,0.746,0.483,0.516,5956.349,0.855
1517,UZB,2022,Uzbekistan,False,UZS,3090347.185,279.666,4681257.369,423.638,3882157.089,351.322,0.66,0.66,0.502,0.497,3885802.277,0.795
1518,VNM,2007,Viet Nam,True,VND,1330746.417,82.629,1503428.257,93.351,1433693.091,89.021,0.885,0.885,0.403,0.596,1417087.336,0.939
1519,VNM,2009,Viet Nam,False,VND,2049465.255,120.097,2412767.342,141.386,2267609.523,132.88,0.849,0.849,0.399,0.6,2231116.298,0.918
1520,VNM,2010,Viet Nam,False,VND,2275215.157,122.238,2662421.597,143.042,2506385.597,134.658,0.854,0.854,0.402,0.597,2468818.377,0.921
1521,VNM,2011,Viet Nam,False,VND,2859999.769,139.446,3281775.783,160.011,3112675.586,151.766,0.871,0.871,0.4,0.599,3070887.775,0.931
1522,VNM,2012,Viet Nam,False,VND,3496515.909,167.876,3904950.343,187.486,3739062.14,179.521,0.895,0.895,0.406,0.593,3700733.126,0.944
1523,VNM,2013,Viet Nam,False,VND,3864594.731,184.614,4251682.178,203.105,4092625.834,195.507,0.908,0.908,0.41,0.589,4058138.455,0.952
1524,VNM,2014,Viet Nam,False,VND,4226618.71,199.859,4630885.978,218.975,4461659.196,210.973,0.912,0.912,0.418,0.581,4428752.344,0.954
1525,VNM,2015,Viet Nam,False,VND,4875390.561,224.698,5266903.76,242.742,5101539.736,235.12,0.925,0.925,0.422,0.577,5071147.16,0.961
1526,VNM,2016,Viet Nam,False,VND,5198377.34,236.99,5645131.133,257.357,5456969.19,248.779,0.92,0.92,0.421,0.578,5421754.236,0.958
1527,VNM,2017,Viet Nam,False,VND,5025872.509,224.669,5607129.017,250.653,5360535.587,239.63,0.896,0.896,0.424,0.575,5316500.763,0.945
1528,VNM,2018,Viet Nam,False,VND,5369908.521,237.585,6053932.904,267.849,5761241.246,254.899,0.887,0.887,0.427,0.572,5711920.712,0.94
1529,VNM,2019,Viet Nam,False,VND,6199087.026,268.938,6985144.509,303.04,6645391.302,288.3,0.887,0.887,0.432,0.567,6592115.767,0.94
1530,VNM,2020,Viet Nam,False,VND,6402883.754,275.887,7231166.152,311.576,6873959.591,296.184,0.885,0.885,0.431,0.568,6817024.953,0.939
1531,VNM,2021,Viet Nam,False,VND,6244639.92,269.633,7130422.746,307.88,6746287.841,291.293,0.875,0.875,0.433,0.566,6687531.333,0.933
1532,VNM,2022,Viet Nam,False,VND,6957712.391,298.984,7855421.412,337.56,7460916.469,320.607,0.885,0.885,0.439,0.56,7406566.901,0.939
1533,VNM,2023,Viet Nam,False,VND,7292601.177,306.575,8296433.136,348.776,7853534.469,330.156,0.879,0.879,0.441,0.558,7794517.156,0.935
1534,VUT,2010,Vanuatu,False,VUV,34100.786,351.896,44400.963,458.187,40547.152,418.418,0.768,0.768,0.374,0.625,39250.874,0.868
1535,WSM,2012,Samoa,True,WST,1282.743,559.585,1360.752,593.616,1332.253,581.183,0.942,0.942,0.365,0.634,1321.747,0.97
1536,YEM,2010,Yemen,False,YER,30494.0,138.868,36243.0,165.048,35890.0,163.441,0.841,0.841,0.061,0.938,33368.5,0.913
1537,ZAF,2001,South Africa,False,ZAR,2289.104,265.891,2433.787,282.697,2384.23,276.94,0.94,0.94,0.342,0.657,2361.445,0.969
1538,ZAF,2004,South Africa,False,ZAR,2541.348,393.416,2704.145,418.618,2648.971,410.077,0.939,0.939,0.338,0.661,2622.746,0.968
1539,ZAF,2005,South Africa,False,ZAR,2816.281,442.858,2955.267,464.714,2907.479,457.199,0.952,0.952,0.343,0.656,2885.774,0.975
1540,ZAF,2006,South Africa,False,ZAR,2992.378,441.904,3397.68,501.758,3254.761,480.652,0.88,0.88,0.352,0.647,3195.029,0.936
1541,ZAF,2007,South Africa,False,ZAR,3610.391,512.448,3783.26,536.986,3720.19,528.034,0.954,0.954,0.364,0.635,3696.825,0.976
1542,ZAF,2011,South Africa,False,ZAR,5230.0,720.273,6671.0,918.727,6032.0,830.724,0.783,0.783,0.443,0.556,5950.5,0.878
1543,ZAF,2012,South Africa,False,ZAR,5973.0,727.53,7373.0,898.055,6744.0,821.44,0.81,0.81,0.449,0.55,6673.0,0.895
1544,ZAF,2013,South Africa,False,ZAR,7156.605,741.229,9051.517,937.49,8193.931,848.667,0.79,0.79,0.452,0.547,8104.061,0.883
1545,ZAF,2015,South Africa,False,ZAR,2700.0,211.616,3500.0,274.318,3100.0,242.967,0.771,0.771,0.5,0.5,3100.0,0.87
1546,ZAF,2016,South Africa,False,ZAR,2900.0,197.15,3700.0,251.536,3300.0,224.343,0.783,0.783,0.5,0.5,3300.0,0.878
1547,ZAF,2017,South Africa,False,ZAR,3000.0,225.161,4000.0,300.215,3500.0,262.688,0.75,0.749,0.5,0.5,3500.0,0.857
1548,ZAF,2018,South Africa,False,ZAR,3033.0,229.184,4000.0,302.253,3500.0,264.472,0.758,0.758,0.517,0.482,3516.5,0.862
1549,ZAF,2019,South Africa,False,ZAR,3466.0,239.888,4000.0,276.847,3800.0,263.004,0.866,0.866,0.374,0.625,3733.0,0.928
1550,ZMB,2018,Zambia,True,ZMW,2726.051,260.658,2876.858,275.078,2834.383,271.017,0.947,0.947,0.281,0.718,2801.454,0.973
1551,ZMB,2019,Zambia,False,ZMW,2530.794,196.338,3132.012,242.98,2947.291,228.649,0.808,0.808,0.307,0.692,2831.403,0.893
1552,ZMB,2020,Zambia,False,ZMW,2780.414,151.57,3094.528,168.693,2994.624,163.247,0.898,0.898,0.318,0.681,2937.471,0.946
1553,ZMB,2021,Zambia,False,ZMW,2924.821,146.106,3328.464,166.269,3205.514,160.128,0.878,0.878,0.304,0.695,3126.642,0.935
1554,ZMB,2022,Zambia,False,ZMW,3245.492,191.615,3535.564,208.741,3445.361,203.415,0.917,0.917,0.31,0.689,3390.528,0.957
1555,ZWE,2022,Zimbabwe,False,ZWL,27635.835,73.704,31907.583,85.097,30320.301,80.864,0.866,0.866,0.371,0.628,29771.709,0.928
1556,ZWE,2023,Zimbabwe,False,ZWL,385130.787,109.75,420431.18,119.809,406978.727,115.976,0.916,0.916,0.381,0.618,402780.983,0.956
