,ISO,year,country,break,F_local,F_ppp,F_usd,M_local,M_ppp,M_usd,T_local,T_ppp,T_usd,ratio_local,ratio_ppp,ratio_usd
0,ABW,2010,Aruba,False,2713.0,1675.147,1515.642,3338.0,2061.054,1864.804,3013.0,1860.382,1683.24,0.8127621330137808,0.8127623051118504,0.8127620918874048
1,AFG,2014,Afghanistan,False,5517.315,322.805,96.376,9135.149,534.476,159.573,8848.569,517.709,154.567,0.6039655182416839,0.6039653791751173,0.6039618231154393
2,AFG,2020,Afghanistan,True,10843.294,686.841,141.164,13439.387,851.284,174.961,13202.245,836.263,171.874,0.8068295079232408,0.8068294482217451,0.8068312366756019
3,AGO,2019,Angola,True,58793.485,404.36,161.155,92241.63,634.404,252.838,82234.658,565.58,225.408,0.6373855817595591,0.6373856406958343,0.6373844121532365
4,AGO,2021,Angola,False,69497.802,341.196,110.062,99293.136,487.475,157.248,90678.796,445.183,143.606,0.6999255416809476,0.699925124365352,0.6999262311762312
5,ALB,1980,Albania,False,,,,,,,546.0,,,,,
6,ALB,1981,Albania,False,,,,,,,544.0,,,,,
7,ALB,1982,Albania,False,,,,,,,545.0,,,,,
8,ALB,1983,Albania,False,,,,,,,544.0,,,,,
9,ALB,1984,Albania,False,,,,,,,543.0,,,,,
10,ALB,1985,Albania,False,,,,,,,547.0,,,,,
11,ALB,1986,Albania,False,,,,,,,555.0,,,,,
12,ALB,1987,Albania,False,,,,,,,556.0,,,,,
13,ALB,1988,Albania,False,,,,,,,558.0,,,,,
14,ALB,1989,Albania,False,,,,,,,563.0,,,,,
15,ALB,1990,Albania,False,,,,,,,579.0,,,,,
16,ALB,1991,Albania,False,,,,,,,678.0,,,,,
17,ALB,2015,Albania,False,45033.0,857.362,357.514,48358.0,920.666,383.91,46829.0,891.556,371.772,0.9312419868480913,0.9312410798269947,0.9312443020499596
18,ALB,2016,Albania,False,44354.206,838.678,357.285,50083.853,947.018,403.438,47522.434,898.585,382.806,0.8855989174794519,0.8855987953766454,0.8856007614552919
19,ALB,2017,Albania,False,46017.64,872.117,386.378,51392.033,973.972,431.503,48966.821,928.01,411.14,0.895423615563136,0.8954230717104804,0.8954236702873445
20,ALB,2018,Albania,False,47490.0,902.193,439.766,53181.0,1010.308,492.466,50589.0,961.066,468.464,0.8929880972527783,0.8929880788828753,0.8929875361953922
21,ALB,2019,Albania,False,49411.0,968.596,449.801,54940.0,1076.98,500.133,52380.0,1026.797,476.828,0.8993629413906079,0.8993630336682203,0.8993627695033122
22,ALB,2020,Albania,False,51679.0,1001.019,475.647,55317.0,1071.486,509.13,53662.0,1039.429,493.898,0.9342335990744256,0.9342343250401778,0.9342348712509575
23,ALB,2021,Albania,False,55760.0,1067.372,538.64,58413.0,1118.157,564.268,57191.0,1094.765,552.463,0.9545820279732251,0.954581512256329,0.9545818653547604
24,ALB,2022,Albania,False,59813.0,1215.383,529.124,63773.0,1295.85,564.155,61898.0,1257.75,547.568,0.9379047559311935,0.9379040784041364,0.937905362887859
25,AND,1998,Andorra,False,,,,,,,1145.8,,,,,
26,AND,1999,Andorra,False,,,,,,,1185.4,,,,,
27,AND,2000,Andorra,False,,,,,,,1249.0,,,,,
28,AND,2001,Andorra,False,,,,,,,1349.03,,,,,
29,AND,2002,Andorra,False,,,,,,,1412.68,,,,,
30,AND,2003,Andorra,False,,,,,,,1494.85,,,,,
31,AND,2004,Andorra,False,,,,,,,1575.55,,,,,
32,AND,2005,Andorra,False,,,,,,,1662.46,,,,,
33,AND,2006,Andorra,False,,,,,,,1762.52,,,,,
34,AND,2007,Andorra,False,,,,,,,1851.47,,,,,
35,AND,2008,Andorra,False,,,,,,,1946.74,,,,,
36,ANT,1973,Netherlands Antilles,False,,,,,,,449.0,,,,,
37,ANT,1974,Netherlands Antilles,False,,,,,,,520.0,,,,,
38,ANT,1975,Netherlands Antilles,False,,,,,,,601.0,,,,,
39,ANT,1976,Netherlands Antilles,False,,,,,,,652.0,,,,,
40,ANT,1977,Netherlands Antilles,False,,,,,,,902.0,,,,,
41,ANT,1978,Netherlands Antilles,False,,,,,,,896.0,,,,,
42,ANT,1980,Netherlands Antilles,False,,,,,,,982.0,,,,,
43,ANT,1981,Netherlands Antilles,False,,,,,,,1306.0,,,,,
44,ANT,1982,Netherlands Antilles,False,,,,,,,1135.0,,,,,
45,ANT,1983,Netherlands Antilles,False,1397.0,,,1931.0,,,1761.0,,,0.7234593474883481,,
46,ANT,1984,Netherlands Antilles,True,1432.0,,,2076.0,,,1780.0,,,0.6897880539499036,,
47,ANT,1985,Netherlands Antilles,False,1501.0,,,2099.0,,,1863.0,,,0.7151024297284421,,
48,ANT,1986,Netherlands Antilles,False,1251.0,,,1936.0,,,1664.0,,,0.6461776859504132,,
49,ANT,1987,Netherlands Antilles,False,,,,,,,1577.0,,,,,
50,ANT,1988,Netherlands Antilles,False,,,,,,,1679.0,,,,,
51,ARE,2009,United Arab Emirates,False,5550.968,2247.971,1511.496,7917.571,3206.372,2155.908,7450.614,3017.269,2028.758,0.7010948180950951,0.7010948823155891,0.7010948519139036
52,ARG,2004,Argentina,True,546.02,,,797.288,,,685.086,,,0.6848466300759575,,
53,ARG,2005,Argentina,False,644.352,,,953.885,,,816.306,,,0.6755028121838587,,
54,ARG,2006,Argentina,False,827.057,,,1185.819,,,1026.552,,,0.6974563571674935,,
55,ARG,2007,Argentina,False,,,,,,,1967.994,,,,,
56,ARG,2008,Argentina,False,1348.002,,,1862.376,,,1636.195,,,0.7238076521604659,,
57,ARG,2009,Argentina,False,1676.452,,,2201.785,,,1968.266,,,0.7614058593368562,,
58,ARG,2010,Argentina,False,2047.072,,,2708.707,,,2418.527,,,0.7557377006815429,,
59,ARG,2011,Argentina,False,2643.812,836.342,643.242,3542.718,1120.701,861.946,3150.631,996.668,766.551,0.7462665670821104,0.746266845483318,0.7462671675487791
60,ARG,2012,Argentina,False,3304.936,898.204,728.451,4410.081,1198.557,972.04,3925.666,1066.904,865.268,0.7494048295258069,0.7494044922352462,0.7494043455001852
61,ARG,2013,Argentina,False,4198.434,912.636,769.035,5594.005,1215.998,1024.665,4981.156,1082.78,912.408,0.7505238196962641,0.7505242607306919,0.7505233417751167
62,ARG,2014,Argentina,False,5446.116,845.664,674.418,7254.33,1126.44,898.338,6460.093,1003.112,799.984,0.7507400407756472,0.7507403856397145,0.7507396993113951
63,ARG,2017,Argentina,False,12258.414,1106.143,740.121,16382.998,1478.327,989.15,14490.073,1307.518,874.861,0.7482399741488097,0.7482397331578197,0.7482393974624678
64,ARG,2018,Argentina,False,15579.87,1065.468,554.543,20937.729,1431.878,745.248,18457.024,1262.229,656.951,0.7441050555196317,0.7441052938867698,0.7441053179612692
65,ARG,2019,Argentina,False,21861.66,986.438,454.052,28726.973,1296.214,596.64,25562.726,1153.437,530.921,0.7610150919834122,0.7610147707091576,0.7610150174309467
66,ARG,2020,Argentina,False,31428.096,1047.63,445.541,40458.771,1348.66,573.565,36282.026,1209.431,514.353,0.7767931457927875,0.7767932614595228,0.7767925169771516
67,ARG,2021,Argentina,False,43757.025,1017.931,460.645,58629.244,1363.907,617.21,51752.749,1203.938,544.819,0.7463344572548131,0.7463346107909118,0.7463343108504398
68,ARG,2022,Argentina,False,70482.564,1027.005,539.614,93993.388,1369.582,719.613,83060.662,1210.281,635.912,0.7498672566202209,0.7498674778143989,0.749866942370413
69,ARG,2023,Argentina,False,163516.913,1062.444,551.941,214733.502,1395.222,724.819,190754.004,1239.416,643.878,0.7614876648358299,0.7614874192064058,0.7614880404625155
70,ARM,1990,Armenia,False,,,,,,,241.0,,,,,
71,ARM,1991,Armenia,False,,,,,,,337.0,,,,,
72,ARM,1992,Armenia,False,,,,,,,1395.0,,,,,
73,ARM,1993,Armenia,False,,,,,,,12173.0,10997.203,1336.958,,,
74,ARM,1994,Armenia,True,,,,,,,1748.0,46.645,6.056,,,
75,ARM,1995,Armenia,False,,,,,,,7060.0,70.186,17.393,,,
76,ARM,1996,Armenia,False,,,,,,,9469.0,81.643,22.87,,,
77,ARM,1997,Armenia,False,,,,,,,13581.0,105.154,27.669,,,
78,ARM,1998,Armenia,False,,,,,,,15466.0,111.903,30.631,,,
79,ARM,1999,Armenia,False,,,,,,,18835.0,138.364,35.202,,,
80,ARM,2000,Armenia,False,,,,,,,21667.0,165.854,40.159,,,
81,ARM,2001,Armenia,False,,,,,,,24483.0,186.829,44.107,,,
82,ARM,2002,Armenia,False,,,,,,,27324.0,209.594,47.657,,,
83,ARM,2003,Armenia,False,,,,,,,34783.0,260.564,60.099,,,
84,ARM,2004,Armenia,False,,,,,,,43445.0,312.417,81.441,,,
85,ARM,2005,Armenia,False,,,,,,,52060.0,384.612,113.746,,,
86,ARM,2006,Armenia,False,,,,,,,62293.0,461.704,149.728,,,
87,ARM,2007,Armenia,True,42240.351,308.416,123.481,69032.061,504.034,201.801,57952.92,423.14,169.414,0.6118946818058931,0.6118952292900876,0.6118948865466475
88,ARM,2008,Armenia,False,,,,,,,91539.0,637.014,299.177,,,
89,ARM,2009,Armenia,False,,,,,,,101800.0,682.645,280.222,,,
90,ARM,2010,Armenia,False,59741.188,376.403,159.881,92118.674,580.4,246.53,79081.411,498.258,211.64,0.6485241852265481,0.6485234321157822,0.6485255344177179
91,ARM,2011,Armenia,False,64292.79,388.173,172.598,97430.606,588.246,261.558,82681.486,499.197,221.963,0.6598828914191501,0.6598820901459593,0.6598842321779491
92,ARM,2012,Armenia,False,69123.535,437.279,172.05,105034.109,664.452,261.432,88760.389,561.503,220.927,0.6581055969161409,0.6581047238927717,0.6581061231983842
93,ARM,2013,Armenia,False,70296.765,393.294,171.612,110849.243,620.175,270.611,93306.883,522.03,227.786,0.6341654944815455,0.6341661627766356,0.6341649083001061
94,ARM,2014,Armenia,True,74654.281,406.61,179.492,114809.237,625.317,276.037,95690.029,521.183,230.068,0.6502462950781566,0.6502461951298302,0.6502461626521082
95,ARM,2015,Armenia,False,79546.827,429.497,166.444,119184.393,643.511,249.382,100331.238,541.718,209.934,0.667426539647687,0.6674275964202633,0.6674258767673689
96,ARM,2016,Armenia,False,79541.311,459.698,165.543,119163.433,688.689,248.005,99931.079,577.538,207.978,0.6674976458591957,0.6674972302447113,0.6674986391403399
97,ARM,2017,Armenia,False,84423.741,507.113,174.893,122056.875,733.167,252.854,103505.383,621.732,214.423,0.6916754259028833,0.6916746116505517,0.6916758287391143
98,ARM,2019,Armenia,False,92487.175,568.864,192.503,144778.041,890.492,301.342,119804.028,736.883,249.36,0.6388204617301045,0.6388198883313944,0.6388190162672313
99,ARM,2020,Armenia,False,100066.646,631.822,204.632,151655.781,957.557,310.129,125733.844,793.885,257.12,0.6598274417247569,0.6598270390169985,0.6598286519480603
100,ARM,2021,Armenia,False,104116.368,633.98,206.674,158052.93,962.408,313.74,130559.108,794.994,259.164,0.6587436752991546,0.658743485091562,0.6587429081404985
101,ARM,2022,Armenia,False,109879.633,665.144,252.211,171843.358,1040.234,394.438,142818.811,864.538,327.817,0.6394173989546922,0.6394176694859042,0.6394186158534422
102,ARM,2023,Armenia,False,121840.729,752.997,310.441,191768.267,1185.161,488.611,159067.084,983.062,405.291,0.6353539660448619,0.635354183946316,0.6353540955893338
103,ATG,2018,Antigua and Barbuda,False,2481.99,1047.714,919.256,2871.245,1212.028,1063.424,2672.81,1128.264,989.93,0.8644298901695954,0.8644305247073499,0.8644303683196919
104,ATG,2023,Antigua and Barbuda,False,2682.598,1246.392,993.555,3009.74,1398.389,1114.718,2840.209,1319.621,1051.929,0.8913055612777184,0.8913056381307348,0.8913061420018336
105,AUS,1969,Australia,False,43.34,,,74.12,,,,,,0.5847274689692391,,
106,AUS,1970,Australia,False,47.28,,,80.04,,,,,,0.5907046476761619,,
107,AUS,1971,Australia,False,54.627,,,89.856,,,,,,0.6079393696581197,,
108,AUS,1972,Australia,False,67.297,,,98.7,,,,,,0.6818338399189463,,
109,AUS,1973,Australia,False,81.12,,,115.056,,,,,,0.7050479766374635,,
110,AUS,1974,Australia,False,110.11,,,147.854,,,,,,0.7447211438310766,,
111,AUS,1975,Australia,False,130.176,,,164.43,,,,,,0.7916803503010399,,
112,AUS,1976,Australia,False,150.912,,,187.627,,,,,,0.8043192077899236,,
113,AUS,1977,Australia,False,169.344,,,207.977,,,,,,0.8142438827370334,,
114,AUS,1978,Australia,False,181.45,,,221.676,,,,,,0.8185369638571609,,
115,AUS,1979,Australia,False,196.474,,,242.537,,,,,,0.8100784622552435,,
116,AUS,1982,Australia,True,282.298,,,356.4,,,332.985,,,0.7920819304152638,,
117,AUS,1984,Australia,False,329.284,,,405.015,,,379.764,,,0.8130168018468452,,
118,AUS,1990,Australia,False,473.298,341.453,369.459,573.24,413.555,447.474,536.106,386.765,418.487,0.8256541762612518,0.8256531779328021,0.8256546749084863
119,AUS,1991,Australia,False,498.348,358.398,388.195,,,,559.32,402.247,435.69,,,
120,AUS,1992,Australia,False,524.02,379.864,384.842,609.834,442.07,447.865,577.604,418.707,424.195,0.8592830180016202,0.8592847286628814,0.8592812566286715
121,AUS,1993,Australia,False,540.148,393.111,367.308,638.232,464.495,434.006,600.661,437.151,408.457,0.8463192068088095,0.8463191207655626,0.8463200969571849
122,AUS,1994,Australia,True,562.304,411.278,411.116,659.308,482.228,482.038,622.839,455.554,455.375,0.8528699788262845,0.8528704264372869,0.8528705205813649
123,AUS,1995,Australia,False,586.752,426.342,434.943,697.754,506.998,517.226,655.956,476.627,486.242,0.8409152795971072,0.8409145598207488,0.8409148032001484
124,AUS,2001,Australia,False,2333.178,1661.008,1206.748,3704.833,2637.5,1916.185,3068.934,2184.798,1587.29,0.629766038037342,0.6297660663507109,0.629765915086487
125,AUS,2002,Australia,False,2263.166,1589.916,1229.605,3496.167,2456.122,1899.51,2921.565,2052.454,1587.322,0.647327773530269,0.6473277793204084,0.647327468662971
126,AUS,2003,Australia,False,2346.064,1611.912,1521.527,3668.91,2520.801,2379.452,3051.079,2096.307,1978.76,0.6394444126457176,0.6394443670880804,0.6394442922151823
127,AUS,2004,Australia,False,2353.818,1633.694,1731.064,3755.59,2606.61,2761.966,3109.75,2158.357,2286.997,0.6267505238857277,0.6267504536543633,0.6267506551492669
128,AUS,2005,Australia,False,2550.959,1742.292,1948.08,4043.008,2761.354,3087.507,3327.375,2272.58,2541.002,0.6309557141613373,0.6309556833350596,0.6309556545134958
129,AUS,2006,Australia,False,2743.214,1834.103,2065.714,4238.077,2833.562,3191.387,3519.786,2353.316,2650.495,0.6472779989603775,0.6472782314274401,0.647277813690411
130,AUS,2007,Australia,False,2891.355,1922.523,2419.397,4484.991,2982.165,3752.903,3718.602,2472.577,3111.612,0.6446735344619421,0.6446735844596124,0.6446734701110047
131,AUS,2008,Australia,False,3059.527,1998.809,2566.333,4845.791,3165.787,4064.653,3996.722,2611.084,3352.453,0.631378241447062,0.6313782323321184,0.6313781274809929
132,AUS,2009,Australia,False,3166.112,2043.007,2469.302,4909.567,3168.012,3829.051,4078.189,2631.546,3180.646,0.6448861987218018,0.644886130481829,0.6448861610879563
133,AUS,2010,Australia,False,3367.41,2165.668,3088.915,5179.684,3331.188,4751.309,4312.991,2773.796,3956.294,0.6501188103366923,0.6501188164702802,0.6501187356999933
134,AUS,2011,Australia,False,3485.516,2283.128,3595.306,5261.402,3446.391,5427.129,4425.492,2898.843,4564.889,0.662469052925437,0.6624692323070714,0.6624692355755686
135,AUS,2012,Australia,False,3554.326,2298.746,3680.184,5600.37,3622.017,5798.679,4633.052,2996.408,4797.108,0.6346591385926287,0.6346590863598929,0.6346590318243173
136,AUS,2013,Australia,False,3590.167,2364.826,3465.937,5707.054,3759.209,5509.574,4686.129,3086.73,4523.976,0.6290753513108515,0.6290754251758814,0.6290753150788064
137,AUS,2014,Australia,False,3721.571,2432.056,3354.691,5834.298,3812.729,5259.141,4800.452,3137.107,4327.213,0.6378781131851682,0.6378780133599844,0.6378781249637536
138,AUS,2015,Australia,False,3825.256,2475.163,2873.776,5800.326,3753.148,4357.575,4836.662,3129.602,3633.609,0.6594898286751468,0.6594898469231696,0.6594897391324303
139,AUS,2016,Australia,False,4029.49,2627.992,2995.427,6044.317,3942.042,4493.201,5071.584,3307.636,3770.095,0.6666576223583243,0.6666575343438756,0.666657690141171
140,AUS,2017,Australia,False,4143.721,2651.336,3175.854,6186.172,3958.187,4741.241,5178.878,3313.676,3969.225,0.6698360472356734,0.6698359627779081,0.6698360197256372
141,AUS,2018,Australia,False,4374.256,2805.163,3268.242,6252.193,4009.464,4671.351,5323.882,3414.148,3977.76,0.6996354719056178,0.6996354126137558,0.699635287521747
142,AUS,2019,Australia,False,4570.332,2919.874,3177.137,6469.352,4133.111,4497.27,5518.336,3525.53,3836.156,0.7064590085684007,0.7064591296967344,0.7064590295890618
143,AUS,2020,Australia,False,4663.08,3018.985,3209.089,6639.977,4298.874,4569.572,5629.683,3644.787,3874.296,0.7022735169112785,0.7022734325314025,0.7022734295465746
144,AUS,2021,Australia,False,4945.179,3287.391,3714.76,6840.278,4547.19,5138.336,5905.537,3925.805,4436.17,0.7229500029092385,0.7229499976908818,0.722949997820306
145,AUT,1969,Austria,False,,,,,,,4230.0,,,,,
146,AUT,1970,Austria,False,,,,,,,4590.0,,,,,
147,AUT,2000,Austria,True,1577.0,1735.767,1456.537,2552.0,2808.927,2357.059,2112.0,2324.629,1950.67,0.6179467084639498,0.6179466394107074,0.6179467718033362
148,AUT,2001,Austria,False,1623.0,1753.707,1453.607,2782.0,3006.047,2491.641,2254.0,2435.524,2018.749,0.5833932422717469,0.5833930740271194,0.5833934342868816
149,AUT,2002,Austria,False,1719.69,1885.859,1626.094,2409.93,2642.795,2278.767,2162.43,2371.379,2044.737,0.7135850418891836,0.7135850491619667,0.7135850220755348
150,AUT,2003,Austria,False,,,,2827.0,3142.836,3197.79,2305.0,2562.518,2607.325,,,
151,AUT,2004,Austria,False,1674.637,1873.762,2083.085,2551.872,2855.305,3174.279,2169.082,2426.999,2698.126,0.6562386357936448,0.656238825624583,0.6562387868237165
152,AUT,2005,Austria,False,1757.038,1979.536,2185.914,2625.727,2958.229,3266.642,2247.198,2531.766,2795.717,0.6691624833807932,0.6691625293376544,0.6691623997977129
153,AUT,2006,Austria,False,1762.951,2007.946,2213.559,2629.62,2995.056,3301.748,2251.217,2564.067,2826.626,0.6704204409762627,0.6704201857995309,0.6704203349256213
154,AUT,2007,Austria,False,2174.364,2476.268,2979.918,3303.052,3761.671,4526.76,2812.792,3203.34,3854.869,0.6582893638973895,0.658289361297147,0.6582893725313469
155,AUT,2008,Austria,False,2424.231,2779.97,3565.452,3687.83,4228.993,5423.896,3135.569,3595.692,4611.656,0.6573597481445729,0.6573598017305774,0.6573599493795604
156,AUT,2009,Austria,False,2509.584,2905.129,3500.324,3942.366,4563.737,5498.742,3296.399,3815.957,4597.76,0.6365679898822179,0.6365680143268554,0.6365681459504737
157,AUT,2010,Austria,False,2639.167,3080.868,3498.788,3961.925,4625.008,5252.391,3374.459,3939.221,4473.577,0.666132498722212,0.6661324693924854,0.6661324337811104
158,AUT,2011,Austria,False,2617.402,3076.249,3643.307,3929.064,4617.853,5469.081,3335.132,3919.802,4642.354,0.66616425693244,0.666164340874428,0.6661643884959831
159,AUT,2012,Austria,False,2666.782,3116.168,3426.251,4098.008,4788.573,5265.074,3459.086,4041.985,4444.195,0.6507508038051659,0.6507508604337868,0.6507507776718808
160,AUT,2013,Austria,False,2741.539,3242.863,3641.087,4247.164,5023.809,5640.735,3581.594,4236.532,4756.78,0.6454987375104895,0.6454988635117298,0.6454986805797471
161,AUT,2014,Austria,False,2911.681,3443.352,3868.171,4279.898,5061.404,5685.848,3662.191,4330.904,4865.224,0.680315512192113,0.6803155804199782,0.6803155835330104
162,AUT,2015,Austria,False,2794.191,3285.501,3100.19,4406.148,5180.894,4888.678,3667.316,4312.151,4068.935,0.634157318365157,0.6341571551164722,0.634157127959747
163,AUT,2016,Austria,False,2923.287,3513.342,3235.795,4453.071,5351.908,4929.118,3752.687,4510.154,4153.861,0.6564653920855966,0.6564653204053582,0.6564653148900067
164,AUT,2017,Austria,False,2935.816,3505.532,3316.537,4530.204,5409.322,5117.686,3796.298,4532.996,4288.607,0.6480538183269451,0.6480538596149388,0.6480540228532974
165,AUT,2018,Austria,False,2970.666,3589.417,3508.222,4646.605,5614.432,5487.43,3865.847,4671.052,4565.39,0.6393196753328506,0.6393197032219822,0.6393196815266892
166,AUT,2019,Austria,False,3120.101,3871.525,3492.873,4688.37,5817.486,5248.51,3977.213,4935.059,4452.389,0.6654980302322556,0.6654979487703108,0.665498017532595
167,AUT,2020,Austria,False,3365.821,4292.351,3844.428,4817.824,6144.055,5502.9,4161.638,5307.237,4753.406,0.698618504951613,0.698618583329739,0.6986185465845282
168,AUT,2021,Austria,False,3504.904,4662.538,4145.392,4929.866,6558.15,5830.751,4275.853,5688.123,5057.224,0.7109531983222263,0.7109532413866715,0.7109533574663023
169,AUT,2022,Austria,False,3405.605,4644.326,3586.268,4991.843,6807.526,5256.654,4256.412,5804.597,4482.209,0.6822339965419586,0.6822340450848077,0.6822339838231696
170,AUT,2023,Austria,False,3604.806,4690.642,3897.763,5252.655,6834.856,5679.531,4490.404,5843.0,4855.333,0.6862826513448913,0.6862824908088773,0.686282546921568
171,AZE,1998,Azerbaijan,False,,,,,,,33.7,155.2,43.551,,,
172,AZE,1999,Azerbaijan,False,,,,,,,36.9,189.839,44.78,,,
173,AZE,2000,Azerbaijan,False,,,,,,,44.3,231.429,49.507,,,
174,AZE,2001,Azerbaijan,False,,,,,,,52.0,275.076,55.835,,,
175,AZE,2002,Azerbaijan,False,,,,,,,63.1,329.945,64.907,,,
176,AZE,2003,Azerbaijan,False,,,,,,,77.4,404.862,78.807,,,
177,AZE,2004,Azerbaijan,False,,,,,,,99.4,500.295,101.15,,,
178,AZE,2005,Azerbaijan,False,,,,,,,123.6,586.438,130.735,,,
179,AZE,2006,Azerbaijan,False,,,,,,,149.0,673.65,166.77,,,
180,AZE,2007,Azerbaijan,False,,,,,,,215.8,859.895,251.479,,,
181,AZE,2008,Azerbaijan,False,,,,,,,274.4,939.498,333.974,,,
182,AZE,2009,Azerbaijan,False,,,,,,,298.0,1002.072,370.747,,,
183,AZE,2010,Azerbaijan,False,,,,,,,331.5,1071.631,413.007,,,
184,AZE,2011,Azerbaijan,False,235.1,726.874,297.713,459.8,1421.593,582.256,364.2,1126.02,461.196,0.5113092648977816,0.5113094957558176,0.5113094583825671
185,AZE,2012,Azerbaijan,False,243.6,809.318,310.064,519.8,1726.944,661.622,398.4,1323.614,507.099,0.46864178530203926,0.46864171623399486,0.4686422156457918
186,AZE,2013,Azerbaijan,False,259.9,801.727,331.276,546.9,1687.051,697.095,425.1,1311.328,541.845,0.4752239897604681,0.47522392624763565,0.4752236065385636
187,AZE,2014,Azerbaijan,False,299.7,932.229,382.101,547.9,1704.264,698.542,444.5,1382.635,566.713,0.5469976273042526,0.5469980003098112,0.5469978898906579
188,AZE,2015,Azerbaijan,False,309.9,868.884,302.47,575.3,1613.0,561.507,466.9,1309.073,455.706,0.5386754736659134,0.5386757594544327,0.5386753860593012
189,AZE,2016,Azerbaijan,False,316.8,767.236,198.531,629.6,1524.784,394.555,499.8,1210.431,313.212,0.5031766200762389,0.5031768434086401,0.5031769968698914
190,AZE,2017,Azerbaijan,False,335.7,696.888,195.043,663.1,1376.546,385.265,528.5,1097.127,307.061,0.5062584828834263,0.50625841780805,0.5062567323790119
191,AZE,2018,Azerbaijan,False,360.8,747.449,212.233,670.2,1388.415,394.231,544.6,1128.217,320.35,0.5383467621605491,0.5383469639841114,0.5383468068213814
192,AZE,2019,Azerbaijan,False,444.4,936.583,261.412,763.3,1608.671,449.0,634.8,1337.855,373.412,0.5822088300799162,0.5822091652053154,0.5822093541202672
193,AZE,2020,Azerbaijan,False,529.8,1128.392,311.647,826.5,1760.318,486.176,707.3,1506.44,416.059,0.6410163339382939,0.6410159982457715,0.641016833410123
194,AZE,2021,Azerbaijan,False,552.2,1143.848,324.824,851.7,1764.244,501.0,732.1,1516.499,430.647,0.6483503581073148,0.6483502281997274,0.6483512974051896
195,AZE,2022,Azerbaijan,False,655.3,1287.672,385.471,962.7,1891.717,566.294,839.4,1649.431,493.765,0.6806897268100134,0.6806895534585775,0.6806905953444677
196,BDI,2014,Burundi,False,76188.038,136.383,49.259,60003.73,107.412,38.795,64028.147,114.616,41.397,1.269721698967714,1.2697184672103676,1.26972548008764
197,BDI,2020,Burundi,False,382336.895,603.165,199.649,461968.172,728.789,241.231,433782.57,684.324,226.513,0.8276260534243038,0.8276263774563007,0.8276258026538877
198,BEL,1985,Belgium,False,49313.0,,,79560.0,,,72568.0,,,0.6198215183509301,,
199,BEL,1986,Belgium,False,49996.0,,,80082.0,,,73128.0,,,0.6243100821657801,,
200,BEL,1987,Belgium,False,51231.0,,,80881.0,,,74028.0,,,0.6334120498015603,,
201,BEL,1988,Belgium,False,53530.0,,,83529.0,,,76595.0,,,0.6408552718217625,,
202,BEL,1989,Belgium,False,56565.0,,,88115.0,,,80822.0,,,0.6419451852692504,,
203,BEL,1990,Belgium,False,59986.0,,,94032.0,,,86162.0,,,0.637931767908797,,
204,BEL,1991,Belgium,False,63908.0,,,99609.0,,,91357.0,,,0.641588611470851,,
205,BEL,1992,Belgium,False,67264.0,,,104038.0,,,95127.0,,,0.6465329975585844,,
206,BEL,1993,Belgium,False,70286.0,,,107341.0,,,98362.0,,,0.6547917384783074,,
207,BEL,1994,Belgium,False,72784.0,,,110089.0,,,101050.0,,,0.6611378066836832,,
208,BEL,2004,Belgium,False,2156.208,2339.544,2682.112,2946.275,3196.788,3664.879,2591.253,2811.58,3223.266,0.7318420717685892,0.7318420864943186,0.7318418970994677
209,BEL,2005,Belgium,False,2176.717,2356.621,2708.032,2961.602,3206.377,3684.5,2603.602,2818.788,3239.116,0.7349795819965006,0.7349793863915566,0.7349795087528838
210,BEL,2006,Belgium,False,2250.535,2440.284,2825.769,3044.958,3301.688,3823.246,2685.664,2912.101,3372.117,0.739102148535382,0.7391019381601169,0.7391020614420312
211,BEL,2007,Belgium,False,3026.253,3269.497,4147.413,4323.064,4670.543,5924.664,3724.343,4023.698,5104.13,0.7000250285445693,0.7000250292096658,0.7000250140767476
212,BEL,2008,Belgium,False,3028.889,3303.265,4454.755,4291.548,4680.303,6311.817,3706.729,4042.507,5451.691,0.7057800588505594,0.7057801599597291,0.7057801263883284
213,BEL,2009,Belgium,False,3255.802,3603.623,4541.135,4506.495,4987.93,6285.581,3922.081,4341.083,5470.45,0.7224687922653859,0.7224686392952587,0.7224686150731333
214,BEL,2010,Belgium,False,3377.722,3777.727,4477.903,4588.527,5131.92,6083.086,4016.742,4492.423,5325.062,0.736123379027736,0.7361235171241952,0.7361235728049875
215,BEL,2011,Belgium,False,3454.75,3922.666,4808.858,4736.428,5377.935,6592.896,4118.507,4676.322,5732.778,0.7293998768692357,0.7294000392343901,0.7293999480653116
216,BEL,2012,Belgium,False,3561.894,4033.307,4576.281,4876.95,5522.41,6265.851,4252.609,4815.438,5463.704,0.7303527819641374,0.7303526902203928,0.7303526687755583
217,BEL,2013,Belgium,False,3676.079,4219.413,4882.267,5136.8,5896.032,6822.276,4422.129,5075.731,5873.109,0.7156359990655661,0.7156360413240632,0.7156361015004377
218,BEL,2014,Belgium,False,3822.849,4445.716,5078.658,5201.141,6048.577,6909.72,4527.225,5264.858,6014.421,0.7350019928319576,0.7350019682315362,0.735001997186572
219,BEL,2015,Belgium,False,3816.738,4410.665,4234.72,5166.255,5970.182,5732.027,4517.856,5220.884,5012.619,0.7387823481419326,0.738782335278891,0.7387822841727717
220,BEL,2016,Belgium,False,3859.319,4518.992,4271.892,5223.04,6115.814,5781.399,4566.641,5347.217,5054.829,0.7389028228770984,0.7389027854673147,0.7389028157371598
221,BEL,2017,Belgium,False,3949.001,4607.092,4461.112,5335.822,6225.023,6027.778,4655.451,5431.27,5259.176,0.7400923419109559,0.7400923659237885,0.740092286079547
222,BEL,2018,Belgium,False,3964.4,4685.044,4681.776,5397.234,6378.338,6373.888,4701.583,5556.231,5552.355,0.7345243878623754,0.7345242600815448,0.7345243593862961
223,BEL,2019,Belgium,False,4225.942,5166.895,4730.834,5671.977,6934.907,6349.634,4956.203,6059.758,5548.343,0.7450562652140514,0.7450561341341708,0.7450561717415524
224,BEL,2020,Belgium,False,4354.52,5460.706,4973.716,5732.087,7188.219,6547.168,5043.15,6324.27,5760.266,0.759674443182736,0.7596744061359288,0.7596744118983965
225,BEL,2021,Belgium,False,4516.035,5645.488,5341.297,5856.674,7321.419,6926.924,5185.728,6482.67,6133.369,0.7710920908351737,0.7710920519642436,0.771092190415255
226,BEL,2022,Belgium,False,4788.237,6046.25,5042.246,6043.09,7630.79,6363.667,5417.902,6841.347,5705.315,0.7923491127883252,0.7923491538883917,0.792349128262054
227,BEL,2023,Belgium,False,5166.568,6400.913,5586.447,6514.11,8070.397,7043.503,5843.968,7240.152,6318.9,0.7931349025423274,0.7931348358699082,0.7931347512736205
228,BEN,2011,Benin,False,65808.224,291.946,139.647,82861.776,367.601,175.834,78811.643,349.633,167.24,0.7941927771376757,0.794192616450989,0.7941979366902874
229,BEN,2019,Benin,False,51898.665,243.283,88.572,82608.571,387.24,140.982,74175.732,347.71,126.59,0.628247945361505,0.6282486313397376,0.628250414946589
230,BEN,2022,Benin,False,57627.524,280.396,92.513,95885.987,466.549,153.932,84524.927,411.27,135.693,0.6010004777861858,0.6010001093132769,0.6009991424784971
231,BFA,2018,Burkina Faso,False,83244.935,424.842,149.87,118306.464,603.779,212.994,107024.67,546.202,192.682,0.7036380953791332,0.7036382517444296,0.7036348441740143
232,BFA,2019,Burkina Faso,False,86797.572,456.625,148.141,121652.343,639.989,207.629,111405.428,586.082,190.141,0.7134886995148133,0.7134888255891898,0.7134889634877594
233,BFA,2022,Burkina Faso,False,64327.504,315.778,103.129,91954.585,451.397,147.42,84008.694,412.392,134.681,0.6995573303930412,0.6995571525730123,0.6995590828924163
234,BFA,2023,Burkina Faso,False,65850.514,334.079,108.562,119831.322,607.939,197.556,103666.669,525.931,170.906,0.549526725575138,0.5495271729564973,0.5495251979185648
235,BGD,2013,Bangladesh,True,10953.11,425.74,140.239,11331.407,440.444,145.082,11229.39,436.479,143.776,0.9666151785034287,0.9666155061710455,0.9666188776002537
236,BGD,2016,Bangladesh,False,12106.0,431.328,154.279,13141.0,468.204,167.469,12915.0,460.152,164.589,0.9212388707099917,0.921239459722685,0.9212391547092298
237,BGD,2017,Bangladesh,False,11058.771,381.196,137.483,12044.784,415.184,149.741,11811.698,407.15,146.843,0.9181377598801275,0.9181375004817142,0.9181386527403984
238,BGR,1969,Bulgaria,False,,,,,,,117.2,,,,,
239,BGR,1970,Bulgaria,False,,,,,,,123.8,,,,,
240,BGR,1971,Bulgaria,False,,,,,,,126.5,,,,,
241,BGR,1972,Bulgaria,False,,,,,,,130.9,,,,,
242,BGR,1973,Bulgaria,False,,,,,,,139.2,,,,,
243,BGR,1974,Bulgaria,False,,,,,,,142.0,,,,,
244,BGR,1975,Bulgaria,False,,,,,,,146.4,,,,,
245,BGR,1976,Bulgaria,False,,,,,,,148.1,,,,,
246,BGR,1977,Bulgaria,False,,,,,,,151.4,,,,,
247,BGR,1978,Bulgaria,False,,,,,,,157.3,,,,,
248,BGR,1979,Bulgaria,False,,,,,,,167.3,,,,,
249,BGR,1980,Bulgaria,False,,,,,,,187.9,,,,,
250,BGR,1981,Bulgaria,False,,,,,,,196.3,,,,,
251,BGR,1982,Bulgaria,False,,,,,,,201.1,,,,,
252,BGR,1983,Bulgaria,False,,,,,,,205.3,,,,,
253,BGR,1984,Bulgaria,False,,,,,,,211.4,,,,,
254,BGR,1985,Bulgaria,False,,,,,,,220.3,,,,,
255,BGR,1986,Bulgaria,False,,,,,,,230.6,,,,,
256,BGR,1987,Bulgaria,False,,,,,,,240.8,,,,,
257,BGR,1988,Bulgaria,False,,,,,,,256.6,,,,,
258,BGR,1989,Bulgaria,False,,,,,,,275.7,,,,,
259,BGR,1990,Bulgaria,False,,,,,,,352.3,,,,,
260,BGR,1991,Bulgaria,False,,,,,,,964.2,,,,,
261,BGR,1992,Bulgaria,False,,,,,,,2131.8,,,,,
262,BGR,1993,Bulgaria,False,,,,,,,3340.1,,,,,
263,BGR,1994,Bulgaria,False,,,,,,,5090.0,,,,,
264,BGR,1995,Bulgaria,False,,,,,,,7755.0,,,,,
265,BGR,1996,Bulgaria,False,10815.0,,,15690.0,,,13247.0,,,0.6892925430210325,,
266,BGR,1997,Bulgaria,False,106021.0,,,149795.0,,,127909.0,,,0.7077739577422477,,
267,BGR,1998,Bulgaria,False,154637.0,,,212298.0,,,183250.0,,,0.7283959340172776,,
268,BGR,1999,Bulgaria,True,175.0,279.361,95.296,227.0,362.371,123.612,201.0,320.866,109.454,0.7709251101321586,0.7709253775826432,0.7709283888295636
269,BGR,2000,Bulgaria,False,194.0,305.309,91.368,256.0,402.882,120.568,225.01,354.111,105.973,0.7578125,0.757812461216932,0.7578130183796695
270,BGR,2001,Bulgaria,False,209.0,313.365,95.665,273.0,409.324,124.96,240.0,359.845,109.854,0.7655677655677655,0.765567130195151,0.7655649807938542
271,BGR,2002,Bulgaria,False,227.0,340.822,109.294,290.0,435.411,139.626,258.0,387.366,124.219,0.7827586206896552,0.7827592780154842,0.7827625227393178
272,BGR,2003,Bulgaria,False,246.0,371.411,141.975,303.0,457.47,174.871,273.0,412.176,157.557,0.8118811881188119,0.8118805604739108,0.8118841889164011
273,BGR,2004,Bulgaria,False,265.0,385.19,168.242,321.0,466.588,203.795,292.0,424.436,185.384,0.8255451713395638,0.8255463063773607,0.8255452783434334
274,BGR,2005,Bulgaria,False,293.0,413.572,186.134,356.0,502.498,226.156,324.0,457.329,205.827,0.8230337078651685,0.82303213147117,0.8230336581828471
275,BGR,2006,Bulgaria,False,327.0,433.674,209.714,393.0,521.205,252.042,360.01,477.453,230.884,0.8320610687022901,0.8320603217543959,0.8320597360757334
276,BGR,2007,Bulgaria,False,218.61,288.922,299.6,272.245,359.807,373.106,247.347,326.901,338.983,0.8029899539018164,0.8029916038320545,0.8029889629220651
277,BGR,2008,Bulgaria,False,258.436,282.714,380.096,324.924,355.447,477.883,294.095,321.722,432.542,0.7953736873853577,0.7953759632237718,0.7953746000590103
278,BGR,2009,Bulgaria,False,339.513,402.76,473.547,412.316,489.125,575.091,378.081,448.512,527.34,0.8234291174730062,0.8234295936621517,0.8234296833022948
279,BGR,2010,Bulgaria,False,345.903,462.835,458.57,401.873,537.726,532.77,375.38,502.277,497.648,0.8607271451428686,0.8607264666391433,0.8607278938378663
280,BGR,2011,Bulgaria,False,315.902,395.982,439.722,383.502,480.718,533.818,350.6,439.475,488.02,0.8237297328305979,0.8237303367046793,0.8237301851942047
281,BGR,2012,Bulgaria,False,400.126,590.526,514.077,490.887,724.476,630.686,447.262,660.093,574.638,0.8151081613487421,0.8151077468404749,0.8151076764031546
282,BGR,2013,Bulgaria,False,369.121,528.898,490.236,439.846,630.237,584.167,405.303,580.741,538.29,0.8392050854162593,0.8392049340168858,0.8392052272723382
283,BGR,2014,Bulgaria,False,391.78,582.594,520.479,475.089,706.479,631.156,433.866,645.179,576.392,0.8246454874770832,0.824644469262356,0.8246439865896864
284,BGR,2015,Bulgaria,False,436.42,916.968,484.214,538.236,1130.893,597.18,489.009,1027.463,542.562,0.8108339092888622,0.8108353310171695,0.8108342543286782
285,BGR,2016,Bulgaria,False,508.344,1109.214,562.688,585.071,1276.634,647.617,548.124,1196.015,606.72,0.8688586513431703,0.8688582632140456,0.8688592177166443
286,BGR,2017,Bulgaria,False,531.668,1087.479,600.615,597.635,1222.408,675.137,565.55,1156.782,638.891,0.8896199185121354,0.8896203231654244,0.8896194402025072
287,BGR,2018,Bulgaria,False,527.338,988.477,622.762,592.313,1110.27,699.494,561.327,1052.189,662.902,0.8903029310516568,0.8903032595674926,0.8903035622893118
288,BGR,2019,Bulgaria,False,644.369,1347.99,721.354,749.123,1567.131,838.624,699.482,1463.285,783.052,0.8601644856719124,0.8601642109051508,0.8601637921166101
289,BGR,2020,Bulgaria,False,693.943,1376.659,792.618,798.147,1583.382,911.64,748.931,1485.746,855.426,0.8694425964139437,0.8694421182001564,0.8694418849545874
290,BGR,2021,Bulgaria,False,761.439,1414.565,900.585,855.739,1589.75,1012.117,811.217,1507.04,959.46,0.8898028487658035,0.8898034282119831,0.8898032539716259
291,BGR,2022,Bulgaria,False,867.554,2005.124,913.577,963.815,2227.605,1014.944,917.982,2121.674,966.68,0.9001250239931936,0.900125471077682,0.9001255241668507
292,BGR,2023,Bulgaria,False,949.164,1995.798,1026.301,1066.557,2242.639,1153.234,1010.359,2124.474,1092.47,0.8899327462104697,0.8899327979224476,0.8899330057906721
293,BHR,1979,Bahrain,False,,,,,,,170.0,,,,,
294,BHR,1982,Bahrain,False,300.0,,,227.0,,,232.0,,,1.3215859030837005,,
295,BHR,1987,Bahrain,False,327.0,,,236.0,,,242.0,,,1.3855932203389831,,
296,BHR,1988,Bahrain,False,311.0,,,228.0,,,233.0,,,1.3640350877192982,,
297,BHR,1989,Bahrain,False,304.0,,,223.0,,,229.0,,,1.3632286995515694,,
298,BHR,1990,Bahrain,False,295.0,1217.801,784.574,225.0,928.832,598.404,231.0,953.6,614.362,1.3111111111111111,1.311110082339971,1.3111108882962013
299,BHR,1991,Bahrain,False,292.0,1246.934,776.596,234.0,999.255,622.34,239.0,1020.607,635.638,1.2478632478632479,1.247863658425527,1.2478645113603495
300,BHR,1992,Bahrain,False,273.0,1203.182,726.064,239.0,1053.335,635.638,242.0,1066.557,643.617,1.1422594142259415,1.142259585032302,1.1422602172934908
301,BHR,1993,Bahrain,False,253.0,1119.526,672.872,235.0,1039.876,625.0,237.0,1048.726,630.319,1.0765957446808512,1.0765956710223143,1.0765951999999999
302,BHR,1994,Bahrain,False,248.0,1116.891,659.574,238.0,1071.855,632.979,239.0,1076.359,635.638,1.0420168067226891,1.0420168772828415,1.0420156118923376
303,BHR,1998,Bahrain,False,262.0,1243.629,696.809,251.0,1191.415,667.553,252.0,1196.162,670.213,1.043824701195219,1.0438251994477155,1.043825733687063
304,BHR,1999,Bahrain,False,231.0,1135.088,614.362,240.0,1179.312,638.298,239.0,1174.399,635.638,0.9625,0.9625001695904053,0.9625002741666118
305,BHR,2000,Bahrain,False,237.0,1212.443,630.319,243.0,1243.138,646.277,242.0,1238.022,643.617,0.9753086419753086,0.9753084532851543,0.9753078014535561
306,BHR,2001,Bahrain,False,218.0,1160.779,579.787,237.0,1261.948,630.319,234.0,1245.974,622.34,0.919831223628692,0.9198310865423931,0.9198310696647254
307,BHR,2002,Bahrain,False,224.0,1217.678,595.745,238.0,1293.783,632.979,236.0,1282.911,627.66,0.9411764705882353,0.9411763796556302,0.9411765635194848
308,BHR,2003,Bahrain,False,227.0,1242.203,603.723,228.0,1247.675,606.383,228.0,1247.675,606.383,0.9956140350877193,0.9956142424910334,0.9956133334872513
309,BHR,2004,Bahrain,False,242.0,1328.483,643.617,221.0,1213.201,587.766,223.0,1224.18,593.085,1.0950226244343892,1.095023001135014,1.0950225089576464
310,BHR,2005,Bahrain,False,243.0,1344.46,646.277,209.0,1156.346,555.851,213.0,1178.477,566.489,1.1626794258373205,1.1626796823788037,1.1626802866235737
311,BHR,2006,Bahrain,False,253.0,1416.508,672.872,200.0,1119.769,531.915,206.0,1153.362,547.872,1.265,1.2650001920038865,1.2649991070001787
312,BHR,2007,Bahrain,False,287.0,1600.582,763.298,205.0,1143.273,545.213,213.0,1187.888,566.489,1.4,1.3999998250636552,1.3999996331708893
313,BHR,2008,Bahrain,False,344.0,1924.269,914.894,237.0,1325.732,630.319,247.0,1381.67,656.915,1.4514767932489452,1.4514766182003602,1.4514777438090873
314,BHR,2015,Bahrain,True,680.0,3349.829,1808.511,889.0,4379.408,2364.362,785.0,3867.082,2087.766,0.7649043869516311,0.7649045259085246,0.7649044435665943
315,BHR,2016,Bahrain,False,715.0,3417.038,1901.596,933.0,4458.876,2481.383,824.0,3937.957,2191.489,0.7663451232583065,0.7663451506612877,0.7663452195811772
316,BHR,2017,Bahrain,False,721.0,3499.56,1917.553,953.0,4625.632,2534.575,837.0,4062.596,2226.064,0.7565582371458552,0.7565582389606437,0.7565580028209858
317,BHR,2018,Bahrain,False,736.0,3663.59,1957.447,971.0,4833.35,2582.447,853.0,4245.981,2268.617,0.7579814624098867,0.7579815242016407,0.757981480355647
318,BHR,2019,Bahrain,True,438.514,2211.596,1166.26,313.447,1580.834,833.635,329.593,1662.266,876.577,1.3990052544768334,1.3990058412205202,1.3990055599872846
319,BHR,2020,Bahrain,False,465.0,2345.007,1236.702,336.0,1694.457,893.617,353.0,1780.188,938.83,1.3839285714285714,1.3839283026951996,1.3839284615221064
320,BHS,2019,Bahamas,False,4267.944,3632.27,4267.944,4911.727,4180.167,4911.727,4585.317,3902.373,4585.317,0.8689294010029467,0.8689293992321359,0.8689294010029467
321,BHS,2023,Bahamas,False,5822.117,5130.709,5822.117,5732.107,5051.388,5732.107,5778.439,5092.218,5778.439,1.0157027773556915,1.01570281277146,1.0157027773556915
322,BIH,1999,Bosnia and Herzegovina,False,,,,,,,550.8,,,,,
323,BIH,2001,Bosnia and Herzegovina,False,424.518,,,468.943,,,454.336,,,0.9052656719473369,,
324,BIH,2006,Bosnia and Herzegovina,True,435.333,489.549,279.226,511.878,575.626,328.322,484.594,544.944,310.822,0.8504624148722939,0.8504636691184901,0.8504638738799105
325,BIH,2007,Bosnia and Herzegovina,False,490.653,546.833,343.353,547.744,610.461,383.305,527.87,588.312,369.398,0.8957706519834083,0.8957705733863424,0.8957696873247153
326,BIH,2008,Bosnia and Herzegovina,False,567.657,616.598,425.149,635.019,689.767,475.6,611.119,663.806,457.7,0.8939212842450384,0.8939221505232925,0.893921362489487
327,BIH,2009,Bosnia and Herzegovina,False,616.614,686.029,437.97,700.834,779.729,497.79,670.678,746.179,476.371,0.879828889580129,0.8798300435151186,0.879828843488218
328,BIH,2010,Bosnia and Herzegovina,False,654.984,743.631,443.534,718.655,815.92,486.65,695.575,789.717,471.021,0.9114025505979921,0.9114018531228552,0.9114024452892222
329,BIH,2011,Bosnia and Herzegovina,False,658.451,761.093,468.003,732.468,846.649,520.612,704.899,814.782,501.017,0.8989484864867817,0.8989474977233777,0.898947776847249
330,BIH,2012,Bosnia and Herzegovina,False,657.0,770.667,431.609,722.179,847.123,474.428,698.302,819.114,458.742,0.909746752536421,0.9097462824170752,0.909746052087988
331,BIH,2013,Bosnia and Herzegovina,False,671.201,810.192,455.654,759.072,916.259,515.306,726.055,876.404,492.892,0.8842389127777075,0.884239063408927,0.8842396556609082
332,BIH,2014,Bosnia and Herzegovina,False,691.555,839.197,469.115,780.464,947.088,529.426,747.474,907.055,507.048,0.8860818692470119,0.8860813356309023,0.886082285342994
333,BIH,2015,Bosnia and Herzegovina,False,683.084,834.076,387.348,771.291,941.78,437.366,737.467,900.48,418.186,0.8856371978928833,0.885637834738474,0.8856381154456451
334,BIH,2016,Bosnia and Herzegovina,False,681.73,868.004,385.564,778.463,991.168,440.273,742.69,945.62,420.041,0.8757384744040501,0.8757385226318848,0.8757384622722719
335,BIH,2020,Bosnia and Herzegovina,True,1112.741,1443.872,648.084,1309.794,1699.565,762.852,1235.389,1603.017,719.517,0.8495542047069996,0.8495538564279683,0.8495540419373613
336,BIH,2021,Bosnia and Herzegovina,True,1180.656,1549.191,713.988,1345.483,1765.468,813.666,1282.689,1683.073,775.692,0.877496036739223,0.8774959387539167,0.8774951884434153
337,BIH,2022,Bosnia and Herzegovina,True,1248.069,1628.989,671.248,1424.094,1858.738,765.919,1357.312,1771.574,730.003,0.8763950975146303,0.8763951670434456,0.8763955457430878
338,BIH,2023,Bosnia and Herzegovina,True,1379.031,1766.144,762.232,1572.732,2014.22,869.296,1497.914,1918.399,827.942,0.8768378846491328,0.8768376840662887,0.876838269128122
339,BLZ,2014,Belize,False,1363.289,1057.006,681.644,1408.709,1092.222,704.354,1391.585,1078.945,695.793,0.9677577129130288,0.9677574705508588,0.9677576900251862
340,BLZ,2015,Belize,False,1182.311,887.043,591.155,1207.95,906.279,603.975,1198.595,899.26,599.297,0.9787747837244918,0.9787747481735757,0.9787739558756571
341,BLZ,2016,Belize,False,1131.917,819.452,565.959,1172.883,849.109,586.442,1158.471,838.675,579.236,0.9650723899996845,0.9650727998407742,0.965072419778938
342,BLZ,2017,Belize,False,1168.835,807.564,584.418,1211.731,837.202,605.866,1196.215,826.481,598.107,0.9645994036630242,0.964598746777958,0.9645994328778972
343,BLZ,2018,Belize,False,1268.875,928.095,634.437,1255.998,918.677,627.999,1260.64,922.072,630.32,1.0102524048605173,1.0102516989104984,1.0102516086809055
344,BLZ,2019,Belize,False,1265.068,990.812,632.534,1272.123,996.338,636.062,1269.442,994.237,634.721,0.9944541526251784,0.9944536894106217,0.9944533708978055
345,BLZ,2020,Belize,False,900.0,759.821,450.0,1020.0,861.13,510.0,1020.0,861.13,510.0,0.8823529411764706,0.8823534193443499,0.8823529411764706
346,BMU,2009,Bermuda,False,5209.1,,,6396.5,,,5788.7,,,0.8143672320800438,,
347,BMU,2010,Bermuda,False,5718.7,,,5949.7,,,5835.5,,,0.9611745130006555,,
348,BMU,2012,Bermuda,False,5732.2,3266.186,5732.2,6015.6,3427.666,6015.6,5869.8,3344.59,5869.8,0.9528891548640201,0.9528892254962998,0.9528891548640201
349,BMU,2013,Bermuda,False,6091.5,3464.88,6091.5,6329.6,3600.312,6329.6,6221.1,3538.597,6221.1,0.9623830889787663,0.9623832601174566,0.9623830889787663
350,BOL,1989,Bolivia (Plurinational State of),False,235.256,,,387.857,,,335.02,,,0.6065534462443632,,
351,BOL,1990,Bolivia (Plurinational State of),False,256.767,215.259,80.931,432.388,362.49,136.286,371.56,311.495,117.114,0.5938347040158376,0.5938343126706943,0.5938320884023304
352,BOL,1991,Bolivia (Plurinational State of),False,315.261,226.839,88.047,495.75,356.707,138.454,434.565,312.683,121.366,0.635927382753404,0.6359252832156363,0.635929622835021
353,BOL,1993,Bolivia (Plurinational State of),False,459.922,288.624,107.834,676.007,424.228,158.498,597.073,374.692,139.991,0.6803509431115359,0.680351131938486,0.6803492788552538
354,BOL,1994,Bolivia (Plurinational State of),False,481.595,287.469,104.23,789.505,471.264,170.869,682.485,407.383,147.708,0.6099961368199062,0.6099956712161336,0.6099994732807005
355,BOL,1995,Bolivia (Plurinational State of),False,587.583,327.22,122.404,843.316,469.635,175.678,753.984,419.887,157.069,0.696753055794032,0.6967538620417985,0.6967520122041462
356,BOL,1999,Bolivia (Plurinational State of),False,1587.738,746.43,273.164,1905.745,895.932,327.875,1795.629,844.164,308.93,0.8331324495144944,0.8331324252287003,0.8331345787266489
357,BOL,2000,Bolivia (Plurinational State of),False,1049.557,487.611,169.734,1470.712,683.274,237.843,1318.561,612.587,213.237,0.7136387001669939,0.71363903792622,0.7136388289754166
358,BOL,2001,Bolivia (Plurinational State of),False,999.803,470.15,151.327,1281.981,602.842,194.036,1179.624,554.709,178.544,0.7798890935201068,0.779889257881833,0.7798913603661176
359,BOL,2002,Bolivia (Plurinational State of),False,989.058,468.128,137.944,1362.105,644.694,189.973,1233.071,583.621,171.976,0.7261246379684385,0.7261243318535615,0.7261242387076057
360,BOL,2004,Bolivia (Plurinational State of),True,951.131,438.019,119.846,1205.736,555.271,151.927,1119.879,515.732,141.109,0.7888385185480071,0.7888382429480381,0.788839376805966
361,BOL,2005,Bolivia (Plurinational State of),True,977.023,441.403,121.128,1310.731,592.166,162.5,1195.09,539.922,148.163,0.7454031376384629,0.7454041603199103,0.745403076923077
362,BOL,2006,Bolivia (Plurinational State of),False,1054.99,471.798,131.683,1477.325,660.669,184.398,1317.702,589.285,164.474,0.7141218079975632,0.7141215949287768,0.71412379743815
363,BOL,2007,Bolivia (Plurinational State of),False,1170.352,495.209,149.066,1560.673,660.364,198.78,1419.041,600.436,180.741,0.7499021255573718,0.7499030837538084,0.7499044169433545
364,BOL,2008,Bolivia (Plurinational State of),False,1313.458,506.195,181.459,1778.625,685.466,245.724,1604.776,618.466,221.706,0.7384681987490337,0.7384684287769196,0.7384667350360568
365,BOL,2009,Bolivia (Plurinational State of),False,1323.405,491.759,188.519,1914.411,711.368,272.708,1698.401,631.102,241.938,0.6912857270460732,0.6912863665500838,0.6912851841530134
366,BOL,2011,Bolivia (Plurinational State of),False,1639.016,566.932,236.273,2274.676,786.806,327.907,2042.112,706.362,294.381,0.7205492122834197,0.7205486485868181,0.7205488141454742
367,BOL,2012,Bolivia (Plurinational State of),False,1860.596,682.814,269.261,2608.66,957.343,377.52,2317.311,850.422,335.356,0.7132382142555949,0.7132386198050229,0.713236384827294
368,BOL,2013,Bolivia (Plurinational State of),False,2098.532,762.823,303.695,2936.297,1067.353,424.934,2606.16,947.348,377.158,0.7146865592956027,0.7146867062724328,0.7146874573463172
369,BOL,2014,Bolivia (Plurinational State of),False,2233.53,820.091,323.232,3005.954,1103.704,435.015,2709.944,995.017,392.177,0.743035322563153,0.743035270326102,0.7430364470190683
370,BOL,2015,Bolivia (Plurinational State of),False,2463.37,921.788,356.493,3051.055,1141.698,441.542,2838.459,1062.145,410.776,0.8073830199717803,0.8073833886018894,0.8073818572185659
371,BOL,2016,Bolivia (Plurinational State of),True,2515.047,970.553,363.972,3331.753,1285.719,482.164,2987.666,1152.937,432.368,0.7548719848079974,0.754871787692334,0.7548717863631461
372,BOL,2017,Bolivia (Plurinational State of),False,2602.06,1030.252,376.564,3370.512,1334.511,487.773,3056.575,1210.211,442.341,0.7720073389443503,0.7720071247071024,0.7720066506346189
373,BOL,2018,Bolivia (Plurinational State of),False,2687.515,1033.141,388.931,3385.334,1301.398,489.918,3099.106,1191.366,448.496,0.7938699696987063,0.7938701304289696,0.7938695863389383
374,BOL,2019,Bolivia (Plurinational State of),False,2694.432,1042.835,389.932,3395.573,1314.2,491.4,3118.589,1206.997,451.315,0.7935132008647731,0.7935131639019936,0.7935124135124135
375,BOL,2020,Bolivia (Plurinational State of),False,3093.897,1212.634,447.742,3494.982,1369.837,505.786,3339.017,1308.707,483.215,0.8852397523077372,0.885239630700587,0.8852400026888843
376,BOL,2021,Bolivia (Plurinational State of),True,2710.388,1107.26,392.241,3290.414,1344.215,476.181,3060.153,1250.148,442.859,0.8237224859850462,0.8237223955989184,0.8237224920775923
377,BOL,2022,Bolivia (Plurinational State of),False,2722.931,1180.786,394.057,3340.118,1448.426,483.374,3086.498,1338.445,446.671,0.8152200012095381,0.8152201078964338,0.8152217537558909
378,BOL,2023,Bolivia (Plurinational State of),False,2767.086,1217.942,400.447,3427.567,1508.655,496.03,3147.608,1385.43,455.515,0.8073032562164357,0.8073031939045043,0.8073039937100579
379,BRA,1984,Brazil,False,,,,,,,0.385,,,,,
380,BRA,1985,Brazil,False,,,,,,,1.423,,,,,
381,BRA,1986,Brazil,False,,,,,,,3.421,,,,,
382,BRA,1987,Brazil,False,,,,,,,11.152,,,,,
383,BRA,1988,Brazil,False,56.22,,,80.86,,,72.679,,,0.6952757853079397,,
384,BRA,1989,Brazil,False,627.554,,,980.157,,,852.263,,,0.6402586524403743,,
385,BRA,1990,Brazil,False,15921.442,,,20527.247,,,18820.6,,,0.775624807359701,,
386,BRA,1991,Brazil,False,109006.0,,,148251.0,,,134539.0,,,0.7352800318378966,,
387,BRA,1992,Brazil,False,1181.0,,,1637.0,,,1477.0,,,0.7214416615760537,,
388,BRA,1993,Brazil,False,27144.0,,,37689.0,,,34434.0,,,0.7202101408899149,,
389,BRA,1994,Brazil,False,356.23,,,470.93,,,428.59,,,0.756439385895993,,
390,BRA,1995,Brazil,True,286.922,342.592,312.664,429.208,512.485,467.717,371.931,444.095,405.301,0.6684917336116755,0.6684917607344605,0.6684897063822781
391,BRA,1996,Brazil,False,338.698,359.603,336.979,480.875,510.555,478.435,423.097,449.211,420.95,0.7043368858851052,0.7043374367110301,0.7043360122064648
392,BRA,1997,Brazil,False,358.468,364.26,332.534,504.214,512.36,467.735,444.776,451.961,412.596,0.7109441625976273,0.7109454289952377,0.7109453002234171
393,BRA,1998,Brazil,False,375.692,375.684,323.728,526.832,526.821,453.963,464.568,464.558,400.311,0.7131153764387889,0.7131150808339075,0.7131153860556918
394,BRA,1999,Brazil,False,379.246,369.58,209.074,519.753,506.506,286.534,460.716,448.974,253.988,0.7296658220346972,0.7296655913256704,0.7296655894239428
395,BRA,2000,Brazil,False,677.71,637.811,370.45,823.48,774.999,450.131,766.53,721.402,419.001,0.8229829504055958,0.822982997397416,0.8229826428306427
396,BRA,2001,Brazil,False,431.377,390.727,183.593,585.702,530.509,249.274,520.074,471.066,221.343,0.7365127658775282,0.7365134239004427,0.7365108274428941
397,BRA,2002,Brazil,False,462.887,392.731,158.503,613.684,520.673,210.14,549.051,465.836,188.008,0.7542758162181188,0.7542757162364863,0.7542733415818026
398,BRA,2003,Brazil,False,504.213,381.385,163.84,661.412,500.288,214.92,593.44,448.875,192.833,0.7623281706409923,0.7623308974030958,0.7623301693653453
399,BRA,2004,Brazil,False,539.623,393.158,184.479,710.988,518.011,243.063,636.391,463.662,217.561,0.7589762415118118,0.7589761607378994,0.7589760679330051
400,BRA,2005,Brazil,False,588.56,414.863,241.769,766.495,540.285,314.861,689.325,485.889,283.161,0.7678588901427927,0.7678595556049123,0.7678594681462614
401,BRA,2006,Brazil,False,644.396,450.045,296.229,831.763,580.901,382.362,749.473,523.431,344.534,0.7747351108428723,0.7747361426473703,0.7747344139846531
402,BRA,2007,Brazil,False,700.347,485.399,359.695,899.248,623.255,461.85,812.246,562.954,417.166,0.7788140757610803,0.778812845464537,0.7788134675760527
403,BRA,2008,Brazil,False,764.939,520.939,417.141,1001.963,682.357,546.396,898.461,611.87,489.954,0.7634403665604419,0.7634405450519303,0.7634408011771683
404,BRA,2009,Brazil,False,808.044,522.783,404.137,1027.881,665.013,514.088,930.523,602.024,465.395,0.7861260204245433,0.786124481777048,0.7861241655125193
405,BRA,2011,Brazil,False,1036.805,627.902,619.792,1335.797,808.975,798.526,1202.475,728.234,718.827,0.7761695826536518,0.7761698445563832,0.7761700933970842
406,BRA,2012,Brazil,True,1150.739,689.562,589.196,1463.03,876.697,749.093,1323.661,793.182,677.734,0.7865450469231663,0.7865454085048769,0.7865458627967423
407,BRA,2013,Brazil,False,1236.474,685.05,573.48,1556.94,862.6,722.113,1413.38,783.062,655.529,0.794169332151528,0.7941687920241131,0.7941693336084519
408,BRA,2014,Brazil,False,1367.049,711.3,580.993,1750.144,910.631,743.808,1576.757,820.415,670.119,0.7811065832297228,0.7811067270936306,0.7811061456720014
409,BRA,2015,Brazil,False,1502.491,710.764,451.618,1886.516,892.429,567.048,1710.604,809.213,514.173,0.7964369239380954,0.796437587752079,0.7964369859341713
410,BRA,2016,Brazil,False,1708.923,745.969,489.478,2107.729,920.054,603.707,1924.736,840.175,551.293,0.8107887683853096,0.8107882798183585,0.8107873521426785
411,BRA,2017,Brazil,False,1804.623,758.422,565.466,2220.671,933.272,695.832,2028.61,852.555,635.651,0.8126476186702128,0.8126484026093143,0.8126473056714839
412,BRA,2018,Brazil,False,1894.253,807.798,518.43,2343.183,999.243,641.296,2135.624,910.73,584.49,0.8084101839250285,0.8084099663445228,0.8084098450637458
413,BRA,2019,Brazil,False,2010.348,859.309,509.662,2496.269,1067.013,632.853,2271.106,970.768,575.769,0.8053410910442745,0.8053407034403517,0.8053402606924515
414,BRA,2020,Brazil,False,2203.24,939.98,427.384,2670.106,1139.161,517.946,2459.159,1049.164,477.027,0.8251507618049619,0.8251511419369167,0.8251516567364165
415,BRA,2021,Brazil,False,2190.46,894.115,406.062,2598.59,1060.708,481.72,2414.265,985.469,447.55,0.8429417491793626,0.8429416955467479,0.842941957983891
416,BRA,2022,Brazil,False,2350.195,948.104,455.114,2840.064,1145.725,549.977,2614.37,1054.676,506.271,0.8275148024833244,0.8275144559121954,0.8275146051562157
417,BRA,2023,Brazil,False,2574.013,1033.658,515.382,3110.729,1249.189,622.846,2861.414,1149.071,572.927,0.8274629516103782,0.8274632581618953,0.8274629683742047
418,BRA,2024,Brazil,False,2821.666,1117.714,,3444.154,1364.293,,3154.839,1249.69,,0.8192624371616368,0.8192624311639802,
419,BRB,2016,Barbados,False,2621.563,1092.404,1310.782,2752.469,1146.952,1376.234,2680.239,1116.854,1340.12,0.952440517949521,0.9524409042401077,0.9524412272912891
420,BRN,1972,Brunei Darussalam,False,,,,,,,326.492,,,,,
421,BRN,1973,Brunei Darussalam,False,,,,,,,372.28,,,,,
422,BRN,1974,Brunei Darussalam,False,,,,,,,408.115,,,,,
423,BRN,1975,Brunei Darussalam,False,,,,,,,370.29,,,,,
424,BRN,1976,Brunei Darussalam,False,,,,,,,370.29,,,,,
425,BRN,1977,Brunei Darussalam,False,,,,,,,432.004,,,,,
426,BRN,1978,Brunei Darussalam,False,,,,,,,571.361,,,,,
427,BRN,1979,Brunei Darussalam,False,,,,,,,593.26,,,,,
428,BRN,1980,Brunei Darussalam,False,809.434,,,917.672,,,987.439,,,0.8820515391120138,,
429,BRN,1981,Brunei Darussalam,False,538.323,,,770.441,,,818.22,,,0.698720602875496,,
430,BRN,1982,Brunei Darussalam,False,770.425,,,978.178,,,652.984,,,0.7876122750665011,,
431,BRN,1983,Brunei Darussalam,False,612.439,,,1270.623,,,1124.804,,,0.48199898789806256,,
432,BRN,1984,Brunei Darussalam,False,889.402,,,1022.549,,,987.439,,,0.8697891250199258,,
433,BRN,1985,Brunei Darussalam,False,887.452,,,1097.173,,,1055.126,,,0.8088532984315144,,
434,BRN,2014,Brunei Darussalam,True,1684.674,2224.156,1329.613,1887.158,2491.482,1489.423,1799.403,2375.624,1420.162,0.8927042674752194,0.892704021140831,0.8927034160208349
435,BTN,2018,Bhutan,False,13775.825,679.64,201.432,16564.069,817.2,242.202,15743.924,776.738,230.21,0.8316691387846791,0.8316691140479686,0.8316694329526593
436,BTN,2019,Bhutan,False,18006.71,881.424,255.703,19923.594,975.255,282.924,19387.236,949.0,275.307,0.9037882422217597,0.9037882399987696,0.9037868826964133
437,BTN,2020,Bhutan,False,17775.194,857.711,239.883,20846.312,1005.902,281.328,19894.841,959.991,268.488,0.8526781139992531,0.8526784915429138,0.8526808565091283
438,BTN,2021,Bhutan,False,19327.814,904.811,261.476,21482.459,1005.678,290.626,20815.641,974.462,281.604,0.8997021244169487,0.899702489265948,0.8996992698519748
439,BTN,2022,Bhutan,False,20583.052,985.133,261.856,22819.105,1092.154,290.303,22169.88,1061.081,282.043,0.902009609929925,0.9020092404551007,0.902009279959215
440,BTN,2023,Bhutan,False,21913.172,1047.658,265.295,27683.361,1323.527,335.153,26032.675,1244.609,315.168,0.7915647236619859,0.7915652646300376,0.7915638529268723
441,BWA,1979,Botswana,False,,,,,,,115.0,,,,,
442,BWA,1980,Botswana,False,,,,,,,148.0,,,,,
443,BWA,1981,Botswana,False,,,,,,,155.0,,,,,
444,BWA,1982,Botswana,False,,,,,,,175.27,,,,,
445,BWA,1983,Botswana,False,,,,,,,208.17,,,,,
446,BWA,1984,Botswana,False,,,,,,,228.74,,,,,
447,BWA,1985,Botswana,False,,,,,,,263.05,,,,,
448,BWA,1986,Botswana,False,,,,,,,302.36,,,,,
449,BWA,1987,Botswana,False,,,,,,,309.17,,,,,
450,BWA,1988,Botswana,False,,,,,,,347.29,,,,,
451,BWA,1989,Botswana,False,,,,,,,433.0,,,,,
452,BWA,1990,Botswana,False,,,,,,,479.0,435.573,257.462,,,
453,BWA,1991,Botswana,False,,,,,,,548.0,464.744,271.078,,,
454,BWA,1992,Botswana,False,,,,,,,633.5,476.49,300.276,,,
455,BWA,1993,Botswana,False,,,,,,,769.5,521.177,317.572,,,
456,BWA,1994,Botswana,False,,,,,,,813.5,511.425,303.02,,,
457,BWA,1995,Botswana,False,,,,,,,870.0,508.801,313.829,,,
458,BWA,1996,Botswana,False,,,,,,,923.0,504.729,277.661,,,
459,BWA,1997,Botswana,False,,,,,,,1019.0,524.514,279.12,,,
460,BWA,1998,Botswana,False,,,,,,,1386.5,679.493,328.097,,,
461,BWA,2000,Botswana,False,,,,,,,1652.5,731.105,323.877,,,
462,BWA,2001,Botswana,False,,,,,,,1775.5,758.006,303.95,,,
463,BWA,2002,Botswana,False,,,,,,,1974.5,792.661,312.036,,,
464,BWA,2003,Botswana,False,,,,,,,2118.5,796.572,428.009,,,
465,BWA,2004,Botswana,False,,,,,,,2251.0,812.611,479.565,,,
466,BWA,2005,Botswana,False,1800.0,618.585,351.786,2348.0,806.909,458.885,2141.0,735.772,418.43,0.7666098807495741,0.7666106091269276,0.7666103707900672
467,BWA,2006,Botswana,False,,,,,,,3055.0,971.487,523.987,,,
468,BWA,2007,Botswana,False,,,,,,,3335.0,1018.649,543.212,,,
469,BWA,2008,Botswana,False,,,,,,,3586.0,1009.178,525.278,,,
470,BWA,2009,Botswana,False,3769.0,978.37,526.754,5012.0,1301.032,700.475,4443.0,1153.329,620.952,0.7519952114924182,0.7519953390846651,0.7519954316713658
471,BWA,2010,Botswana,False,4462.0,1100.766,656.792,4778.0,1178.723,703.306,4641.0,1144.925,683.14,0.9338635412306404,0.933863172263543,0.9338637804881517
472,BWA,2011,Botswana,False,4655.0,1092.23,680.731,4786.0,1122.968,699.888,4731.0,1110.063,691.845,0.9726284997910573,0.9726278932258087,0.972628477699289
473,BWA,2019,Botswana,True,4235.024,822.149,393.741,6093.103,1182.86,566.491,5122.271,994.392,476.23,0.6950520941464473,0.69505182354632,0.6950525251063123
474,BWA,2020,Botswana,False,4655.664,921.581,406.387,5838.148,1155.652,509.604,5218.258,1032.946,455.495,0.7974556314776534,0.7974554623710252,0.7974564563857427
475,BWA,2021,Botswana,False,5175.16,1015.051,466.766,5899.175,1157.059,532.068,5511.695,1081.059,497.12,0.877268431602724,0.8772681427654079,0.8772675673034275
476,BWA,2022,Botswana,False,5782.476,1096.967,467.505,6393.523,1212.886,516.907,6088.48,1155.018,492.245,0.9044271835731255,0.904427126704406,0.9044276823490491
477,BWA,2023,Botswana,False,6088.377,1144.541,447.794,6902.199,1297.53,507.65,6490.037,1220.048,477.336,0.8820923592611574,0.8820921288910468,0.8820919925145277
478,CAN,1969,Canada,False,,,,,,,509.381,,,,,
479,CAN,1970,Canada,False,,,,,,,548.957,,,,,
480,CAN,1971,Canada,False,,,,,,,595.981,,,,,
481,CAN,1972,Canada,False,,,,,,,646.123,,,,,
482,CAN,1973,Canada,False,,,,,,,694.792,,,,,
483,CAN,1974,Canada,False,,,,,,,771.13,,,,,
484,CAN,1975,Canada,False,,,,,,,880.462,,,,,
485,CAN,1976,Canada,False,,,,,,,987.37,,,,,
486,CAN,1977,Canada,False,,,,,,,1082.284,,,,,
487,CAN,1978,Canada,False,,,,,,,1148.966,,,,,
488,CAN,1979,Canada,False,,,,,,,1248.426,,,,,
489,CAN,1980,Canada,False,,,,,,,1374.299,,,,,
490,CAN,1981,Canada,False,,,,,,,1540.094,,,,,
491,CAN,1982,Canada,False,,,,,,,1692.121,,,,,
492,CAN,1991,Canada,True,,,,,,,553.42,421.577,483.03,,,
493,CAN,1992,Canada,False,,,,,,,572.66,440.977,473.773,,,
494,CAN,1993,Canada,False,,,,,,,583.15,451.252,452.024,,,
495,CAN,1994,Canada,False,,,,,,,2568.34,2006.112,1880.64,,,
496,CAN,1995,Canada,False,,,,,,,2593.237,2041.228,1889.501,,,
497,CAN,1996,Canada,False,,,,,,,2646.756,2096.746,1941.118,,,
498,CAN,1997,Canada,False,2014.58,1601.88,1454.993,2911.282,2314.886,2102.619,2484.415,1975.466,1794.322,0.691990676272515,0.6919908798964615,0.6919907981426971
499,CAN,1998,Canada,False,2048.231,1620.308,1380.67,2954.137,2336.949,1991.322,2520.141,1993.624,1698.774,0.693343267424632,0.693343329272483,0.6933434170867394
500,CAN,1999,Canada,False,2108.844,1665.964,1419.423,3030.799,2394.298,2039.974,2587.05,2043.742,1741.295,0.695804637654955,0.6958047828632861,0.6958044563313062
501,CAN,2000,Canada,False,2171.566,1709.795,1461.946,3129.162,2463.764,2106.621,2668.78,2101.279,1796.681,0.6939768538669459,0.6939767769964981,0.6939767523441568
502,CAN,2001,Canada,False,2251.505,1771.344,1453.672,3226.666,2538.541,2083.279,2753.955,2166.641,1778.076,0.697780619376161,0.6977803391790796,0.6977807581221719
503,CAN,2002,Canada,False,2318.962,1801.802,1476.724,3286.515,2553.577,2092.865,2816.565,2188.432,1793.599,0.705599092047351,0.705599243727524,0.7055992622553294
504,CAN,2003,Canada,False,2377.102,1850.258,1696.7,3343.768,2602.679,2386.676,2870.608,2234.387,2048.95,0.7109051824169619,0.7109051865404838,0.7109050411534704
505,CAN,2004,Canada,False,2459.931,1932.948,1890.391,3413.74,2682.425,2623.367,2945.281,2314.322,2263.369,0.7205970577724139,0.7205972207983448,0.7205972324878677
506,CAN,2005,Canada,False,2556.658,2029.105,2110.49,3517.656,2791.806,2903.782,3046.037,2417.503,2514.466,0.7268072830316552,0.7268073068114331,0.7268073154251936
507,CAN,2006,Canada,False,2701.041,2099.329,2381.146,3726.06,2896.004,3284.769,3222.631,2504.724,2840.962,0.7249053960483729,0.7249054214013517,0.724905160758641
508,CAN,2007,Canada,False,2810.545,2206.59,2616.783,3877.22,3044.048,3609.921,3349.55,2629.769,3118.629,0.7248866455862706,0.7248867297756146,0.7248865002862943
509,CAN,2008,Canada,False,2911.129,2236.098,2728.109,4036.108,3100.218,3782.361,3478.552,2671.948,3259.858,0.7212713336709523,0.7212712138307693,0.7212714492350148
510,CAN,2009,Canada,False,3033.771,2330.76,2657.623,4124.713,3168.9,3613.303,3576.538,2747.753,3133.095,0.7355108100854533,0.7355107450534887,0.7355106947853529
511,CAN,2010,Canada,False,3092.349,2386.438,3001.952,4202.263,3242.985,4079.421,3646.086,2813.77,3539.502,0.7358770738528265,0.7358769775376698,0.7358769786202504
512,CAN,2011,Canada,False,3185.189,2479.549,3219.775,4283.804,3334.779,4330.319,3737.984,2909.879,3778.573,0.7435421882046891,0.743542225736698,0.7435422194069304
513,CAN,2012,Canada,False,3283.722,2557.089,3285.809,4412.566,3436.139,4415.371,3851.568,2999.281,3854.017,0.7441751579466461,0.744175075571739,0.744175064790705
514,CAN,2013,Canada,False,3359.807,2578.376,3261.513,4496.078,3450.37,4364.542,3932.243,3017.674,3817.202,0.7472750695161426,0.7472752197590404,0.7472749718068928
515,CAN,2014,Canada,False,3416.961,2605.829,3092.98,4574.151,3488.321,4140.451,4001.692,3051.754,3622.269,0.7470153477661756,0.7470152546167627,0.747015240610262
516,CAN,2015,Canada,False,3526.878,2631.456,2757.988,4673.713,3487.127,3654.804,4108.037,3065.068,3212.45,0.7546201489051639,0.7546200640240519,0.754619946787844
517,CAN,2016,Canada,False,3598.414,2766.438,2714.524,4757.387,3657.449,3588.814,4183.073,3215.921,3155.571,0.756384544709102,0.7563845729632868,0.7563846997921876
518,CAN,2017,Canada,False,3655.261,2815.083,2816.211,4821.579,3713.317,3714.805,4246.002,3270.039,3271.35,0.7581045545453057,0.7581046810708593,0.7581046649824149
519,CAN,2018,Canada,False,3775.316,2933.212,2913.462,4938.942,3837.284,3811.447,4365.868,3392.038,3369.199,0.7643977191876317,0.7643979439624484,0.7643978782861207
520,CAN,2019,Canada,False,3892.374,2970.79,2933.67,5043.948,3849.71,3801.608,4476.324,3416.48,3373.791,0.7716919365544608,0.7716918936751079,0.7716918735440371
521,CAN,2020,Canada,False,4175.484,3245.822,3113.355,5332.605,4145.313,3976.136,4767.736,3706.211,3554.954,0.7830101798276828,0.783010112867231,0.783010188786299
522,CAN,2021,Canada,False,4267.454,3430.81,3403.408,5437.427,4371.407,4336.492,4863.344,3909.874,3878.645,0.7848296630005331,0.7848296898458551,0.784829765626225
523,CAN,2022,Canada,False,4439.759,3627.317,3411.12,5720.979,4674.083,4395.496,5090.344,4158.85,3910.972,0.7760488196163629,0.7760489062774453,0.7760489373667955
524,CAN,2023,Canada,False,4679.086,3855.053,3466.224,5976.397,4923.895,4427.261,5339.067,4398.805,3955.132,0.7829275732519109,0.7829275400876744,0.7829274126824689
525,CAN,2024,Canada,False,4904.054,4018.176,,6232.784,5106.883,,5583.004,4574.48,,0.7868159718032905,0.7868157543456546,
526,CHE,1969,Switzerland,False,542.235,,,1112.544,,,,,,0.48738297092070065,,
527,CHE,1970,Switzerland,False,589.211,,,1194.575,,,,,,0.4932390180608166,,
528,CHE,1971,Switzerland,False,672.425,,,1341.547,,,,,,0.5012310414767428,,
529,CHE,1972,Switzerland,False,743.56,,,1495.355,,,,,,0.4972464732454835,,
530,CHE,1991,Switzerland,True,2723.97,,,5097.292,,,4082.122,,,0.5343955182477284,,
531,CHE,1992,Switzerland,False,2965.584,,,5756.745,,,4554.008,,,0.515149446431968,,
532,CHE,1993,Switzerland,False,3004.921,,,6022.428,,,4721.217,,,0.49895507260526817,,
533,CHE,1994,Switzerland,False,3202.134,,,6098.705,,,4826.612,,,0.5250514658439783,,
534,CHE,1995,Switzerland,False,3250.94,,,6253.258,,,4945.308,,,0.5198793972677923,,
535,CHE,1996,Switzerland,False,3243.205,,,6115.132,,,4838.095,,,0.5303573168984742,,
536,CHE,1997,Switzerland,False,3220.12,,,5982.088,,,4738.634,,,0.5382936526510476,,
537,CHE,1998,Switzerland,False,3283.034,,,6016.913,,,4782.406,,,0.5456342812335828,,
538,CHE,1999,Switzerland,False,3355.221,2509.071,3575.915,6082.278,4548.395,6482.349,4840.965,3620.127,5159.387,0.5516388760921483,0.5516387648829971,0.5516387655154019
539,CHE,2000,Switzerland,False,3469.6,3360.028,3204.566,6133.289,5939.596,5664.783,4909.632,4754.584,4534.598,0.5656997411992163,0.5656997546634485,0.5656996922918318
540,CHE,2001,Switzerland,False,3577.737,3624.263,3204.327,6322.557,6404.777,5662.669,5056.855,5122.615,4529.068,0.5658686825599201,0.565868725796386,0.565868674294754
541,CHE,2002,Switzerland,False,3589.194,3267.477,3393.848,6463.875,5884.485,6112.071,5128.202,4668.535,4849.093,0.5552697105064687,0.5552698324492288,0.5552697277240398
542,CHE,2003,Switzerland,False,3672.568,2412.423,4154.263,6583.897,4324.807,7447.443,5218.502,3427.912,5902.963,0.5578106704889217,0.5578105566329318,0.557810647224826
543,CHE,2004,Switzerland,False,3722.51,2085.652,4630.439,6639.853,3720.184,8259.329,5271.404,2953.468,6557.112,0.5606313874719817,0.5606314096292011,0.5606313781664346
544,CHE,2005,Switzerland,False,3745.942,2108.975,4660.29,6693.574,3768.499,8327.411,5316.475,2993.189,6614.175,0.5596325669963461,0.5596326282692393,0.559632519639057
545,CHE,2006,Switzerland,False,3817.302,2205.111,4792.999,6702.516,3871.79,8415.671,5362.411,3097.663,6733.037,0.5695326948865173,0.5695326967629959,0.5695326017378768
546,CHE,2007,Switzerland,False,3946.776,2081.147,5408.969,6897.446,3637.046,9452.799,5527.565,2914.703,7575.406,0.572208321746919,0.5722080501593876,0.5722081893415907
547,CHE,2008,Switzerland,False,3997.363,1823.338,5879.144,7049.179,3215.378,10367.618,5601.425,2555.007,8238.327,0.5670678812383683,0.5670680088002095,0.5670679610302
548,CHE,2009,Switzerland,False,4020.906,1980.07,5608.289,7061.263,3477.275,9848.926,5621.811,2768.426,7841.203,0.569431559198404,0.5694315232473703,0.5694315298947317
549,CHE,2010,Switzerland,False,4065.1,2021.072,5389.171,6918.828,3439.877,9172.406,5574.661,2771.589,7390.421,0.5875417050402177,0.5875419382727929,0.5875416984376836
550,CHE,2011,Switzerland,False,4188.082,1738.031,5829.622,6928.286,2875.2,9643.864,5633.606,2337.915,7841.727,0.6044903458084727,0.604490470228158,0.6044902748524865
551,CHE,2012,Switzerland,False,4205.952,2037.875,5403.76,6986.031,3384.884,8975.574,5667.628,2746.089,7281.705,0.6020517229310892,0.6020516508098949,0.6020517462170107
552,CHE,2013,Switzerland,False,4265.007,2048.062,5664.432,7045.438,3383.23,9357.174,5725.609,2749.446,7604.285,0.6053572538712284,0.6053570109037812,0.6053571302617649
553,CHE,2014,Switzerland,False,4325.468,2081.917,5746.388,7020.909,3379.276,9327.283,5735.635,2760.653,7619.795,0.6160837578154054,0.6160837410143475,0.6160838048979537
554,CHE,2015,Switzerland,False,4412.832,2708.573,4896.094,7043.897,4323.507,7815.295,5793.803,3556.206,6428.299,0.6264759408037909,0.6264759141132419,0.6264759039805919
555,CHE,2016,Switzerland,False,4405.451,2838.166,4876.407,7042.659,4537.16,7795.541,5782.768,3725.488,6400.963,0.6255380247716097,0.6255380017455854,0.6255379838294738
556,CHE,2017,Switzerland,False,4462.754,2831.415,5041.489,7031.744,4461.323,7943.629,5810.761,3686.665,6564.307,0.6346582014362298,0.6346581496116734,0.6346581644233384
557,CHE,2018,Switzerland,False,4498.885,2749.942,5312.978,7136.532,4362.202,8427.919,5876.908,3592.258,6940.362,0.6304021336974318,0.6304022601429278,0.630402119431855
558,CHE,2019,Switzerland,False,4565.185,3102.214,5110.608,7192.912,4887.854,8052.282,5934.202,4032.513,6643.188,0.6346782777267399,0.6346781225462135,0.6346782191681811
559,CHE,2020,Switzerland,False,4674.54,2982.303,5339.241,7233.639,4614.978,8262.234,6009.231,3833.82,6863.72,0.6462224614747847,0.6462225822094926,0.6462224381444533
560,CHE,2021,Switzerland,False,4793.288,2975.572,5669.215,7301.299,4532.493,8635.541,6093.755,3782.875,7207.33,0.6564979738536937,0.6564978699360374,0.6564979542103964
561,CHE,2022,Switzerland,False,4877.557,3775.86,5136.304,7300.289,5651.368,7687.559,6137.599,4751.296,6463.19,0.6681320424437991,0.668132034579946,0.6681319779139256
562,CHE,2023,Switzerland,False,5010.489,3586.986,5417.684,7482.521,5356.702,8090.615,6287.843,4501.438,6798.847,0.6696257852132991,0.6696258257412863,0.6696257330252398
563,CHL,1982,Chile,False,,,,,,,20322.0,,,,,
564,CHL,1983,Chile,False,,,,,,,39700.0,,,,,
565,CHL,1984,Chile,False,,,,,,,48453.0,,,,,
566,CHL,1985,Chile,False,,,,,,,59574.0,,,,,
567,CHL,1986,Chile,False,,,,,,,73101.0,,,,,
568,CHL,1987,Chile,False,,,,,,,86275.0,,,,,
569,CHL,1988,Chile,False,,,,,,,106625.0,,,,,
570,CHL,1989,Chile,False,,,,,,,126335.0,,,,,
571,CHL,1990,Chile,True,53322.734,257.026,174.884,69676.979,335.857,228.522,64062.525,308.794,210.108,0.7652848152328762,0.7652840345742384,0.7652829924471166
572,CHL,1991,Chile,False,,,,,,,207813.0,857.352,595.085,,,
573,CHL,1992,Chile,False,75383.042,277.598,207.91,99455.748,366.246,274.303,91193.298,335.819,251.515,0.7579556085586928,0.7579550356863967,0.7579574412237562
574,CHL,1993,Chile,True,,,,,,,120287.0,404.542,297.618,,,
575,CHL,1994,Chile,False,110594.609,342.456,263.21,145595.256,450.835,346.51,133427.067,413.156,317.55,0.7596031082221525,0.7596038461965021,0.7596028974632766
576,CHL,1995,Chile,False,,,,,,,166385.0,493.543,419.345,,,
577,CHL,1996,Chile,False,135987.586,396.399,329.854,174148.832,507.638,422.418,160546.564,467.988,389.424,0.7808699285447979,0.7808694384581139,0.780871080304343
578,CHL,1997,Chile,False,,,,,,,202561.0,579.941,483.099,,,
579,CHL,1998,Chile,False,167508.989,469.835,363.922,208582.981,585.041,453.158,193162.496,541.789,419.656,0.8030808084001829,0.8030804678646453,0.8030797205389731
580,CHL,1999,Chile,False,,,,,,,226049.0,627.226,444.299,,,
581,CHL,2000,Chile,False,184516.46,503.782,341.958,228556.85,624.025,423.577,211685.024,577.96,392.309,0.8073110038049613,0.8073106045430872,0.8073101230708939
582,CHL,2001,Chile,False,,,,,,,246980.0,656.707,388.983,,,
583,CHL,2002,Chile,False,,,,,,,256258.0,671.138,371.962,,,
584,CHL,2003,Chile,False,197491.994,511.982,285.642,243018.487,630.006,351.489,225378.581,584.276,325.975,0.8126624292579026,0.8126621016307782,0.8126627006819559
585,CHL,2004,Chile,False,,,,,,,273715.0,718.066,449.06,,,
586,CHL,2005,Chile,False,,,,,,,276882.0,714.792,494.638,,,
587,CHL,2006,Chile,False,243554.786,714.4,459.299,309235.916,907.058,583.161,283601.784,831.867,534.82,0.7876018709288606,0.7876012338792007,0.7876023945359858
588,CHL,2009,Chile,False,318585.358,861.956,568.03,393764.362,1065.359,702.073,363776.901,984.226,648.606,0.809076160122383,0.8090756261504338,0.8090754095371848
589,CHL,2010,Chile,False,310598.444,828.038,608.719,421016.725,1122.407,825.12,373991.276,997.04,732.958,0.7377342170907819,0.7377341730762549,0.73773390537134
590,CHL,2011,Chile,False,357210.246,964.915,738.545,454442.28,1227.563,939.576,414587.084,1119.904,857.174,0.7860409599212467,0.7860411237549518,0.7860407247524415
591,CHL,2012,Chile,False,376668.831,961.939,774.288,507008.133,1294.801,1042.216,450473.335,1150.422,926.002,0.7429246327297081,0.7429242022519291,0.7429246912348305
592,CHL,2013,Chile,False,392538.74,1006.093,792.571,502992.696,1289.192,1015.587,456173.86,1169.193,921.056,0.7804064415281291,0.7804058666203327,0.7804067992205493
593,CHL,2014,Chile,False,429826.953,1046.646,753.622,563488.397,1372.117,987.973,504523.405,1228.535,884.588,0.7627964573687575,0.7627964670651264,0.7627961492874805
594,CHL,2015,Chile,False,443459.125,991.491,677.943,564122.913,1261.273,862.41,511343.034,1143.267,781.722,0.7861037280717581,0.7861034050518801,0.7861028976936724
595,CHL,2016,Chile,False,468546.849,1034.497,692.136,617694.294,1363.797,912.456,552112.084,1218.999,815.578,0.7585416500544847,0.7585417771119896,0.7585417817407085
596,CHL,2017,Chile,False,517352.319,1116.833,797.357,628891.612,1357.619,969.265,579662.172,1251.345,893.391,0.8226414681453885,0.8226409618604337,0.8226408670487431
597,CHL,2018,Chile,False,529511.502,1155.35,825.714,676166.288,1475.339,1054.406,609735.19,1330.392,950.814,0.7831084030619403,0.7831081534481228,0.7831082144828464
598,CHL,2019,Chile,False,772550.291,1711.911,1099.094,966758.484,2142.261,1375.391,878042.394,1945.673,1249.176,0.79911405359852,0.7991141135463886,0.799113851988271
599,CHL,2020,Chile,False,653320.945,1403.886,824.144,806970.42,1734.055,1017.967,735678.593,1580.86,928.035,0.8095971411194972,0.8095971581062884,0.8095979535682395
600,CHL,2021,Chile,False,665763.165,1383.747,877.21,795828.036,1654.079,1048.583,740931.578,1539.98,976.252,0.8365666134938731,0.836566451783742,0.8365670624070769
601,CHL,2022,Chile,False,687026.352,1390.621,786.689,815872.476,1651.42,934.226,760766.442,1539.879,871.126,0.8420756579120092,0.8420759104286009,0.8420756861830007
602,CHL,2023,Chile,False,796006.266,1633.564,947.552,993483.763,2038.827,1182.625,906199.753,1859.703,1078.724,0.8012272526692517,0.8012273724058,0.8012277771905718
603,CHN,1969,China,False,,,,,,,51.5,,,,,
604,CHN,1970,China,False,,,,,,,50.75,,,,,
605,CHN,1971,China,False,,,,,,,49.75,,,,,
606,CHN,1972,China,False,,,,,,,51.83,,,,,
607,CHN,1973,China,False,,,,,,,51.17,,,,,
608,CHN,1974,China,False,,,,,,,51.83,,,,,
609,CHN,1975,China,False,,,,,,,51.08,,,,,
610,CHN,1976,China,False,,,,,,,50.42,,,,,
611,CHN,1977,China,False,,,,,,,50.17,,,,,
612,CHN,1978,China,False,,,,,,,53.67,,,,,
613,CHN,1979,China,False,,,,,,,55.67,,,,,
614,CHN,1980,China,False,,,,,,,63.5,,,,,
615,CHN,1981,China,False,,,,,,,64.33,,,,,
616,CHN,1982,China,False,,,,,,,66.5,,,,,
617,CHN,1983,China,False,,,,,,,68.83,,,,,
618,CHN,1984,China,False,,,,,,,81.17,,,,,
619,CHN,1985,China,True,,,,,,,91.83,,,,,
620,CHN,1986,China,False,,,,,,,110.75,,,,,
621,CHN,1987,China,False,,,,,,,121.58,,,,,
622,CHN,1988,China,False,,,,,,,145.58,,,,,
623,CHN,1989,China,False,,,,,,,161.25,,,,,
624,CHN,1990,China,False,,,,,,,178.33,73.122,37.282,,,
625,CHN,1991,China,False,,,,,,,195.0,80.481,36.631,,,
626,CHN,1992,China,False,,,,,,,225.92,90.327,40.968,,,
627,CHN,1993,China,False,,,,,,,280.92,100.892,48.754,,,
628,CHN,1994,China,False,,,,,,,378.17,112.155,43.878,,,
629,CHN,1995,China,False,,,,,,,458.33,119.651,54.88,,,
630,CHN,1996,China,False,,,,,,,517.5,128.385,62.243,,,
631,CHN,1997,China,False,,,,,,,539.17,133.177,65.04,,,
632,CHN,1998,China,False,,,,,,,623.25,157.552,75.281,,,
633,CHN,1999,China,False,,,,,,,695.5,182.217,84.015,,,
634,CHN,2000,China,False,,,,,,,780.92,210.773,94.331,,,
635,CHN,2001,China,False,,,,,,,905.83,249.601,109.439,,,
636,CHN,2002,China,False,,,,,,,1035.17,291.901,125.067,,,
637,CHN,2003,China,False,,,,,,,1170.0,333.648,141.355,,,
638,CHN,2004,China,False,,,,,,,1335.0,376.494,161.294,,,
639,CHN,2005,China,False,,,,,,,1530.33,438.435,186.755,,,
640,CHN,2006,China,False,,,,,,,1750.08,509.169,219.489,,,
641,CHN,2007,China,False,,,,,,,2077.67,593.151,273.107,,,
642,CHN,2008,China,False,,,,,,,2435.75,681.683,350.536,,,
643,CHN,2009,China,True,,,,,,,1516.583,426.033,222.001,,,
644,CHN,2010,China,False,,,,,,,1729.917,478.731,255.517,,,
645,CHN,2011,China,False,,,,,,,2046.333,553.434,316.698,,,
646,CHN,2012,China,False,,,,,,,2396.0,658.601,379.574,,,
647,CHN,2013,China,False,,,,,,,2725.5,720.965,439.898,,,
648,CHN,2014,China,False,,,,,,,3032.5,786.282,493.616,,,
649,CHN,2015,China,False,,,,,,,3299.083,844.232,529.761,,,
650,CHN,2016,China,False,,,,,,,3569.417,903.273,537.2,,,
651,CHN,2017,China,False,,,,,,,3813.417,962.1,564.219,,,
652,CHN,2018,China,False,,,,,,,4131.25,1027.672,624.437,,,
653,CHN,2019,China,False,,,,,,,4467.0,1104.326,646.606,,,
654,CHN,2020,China,False,,,,,,,4810.583,1190.289,697.109,,,
655,CHN,2021,China,False,,,,,,,5240.333,1305.895,812.584,,,
656,CHN,2022,China,False,,,,,,,5436.0,1434.75,806.868,,,
657,CIV,2012,Côte d'Ivoire,True,46839.895,199.549,91.743,88067.705,375.189,172.494,76936.655,327.768,150.692,0.5318623325088351,0.5318626079122789,0.5318619778079238
658,CIV,2013,Côte d'Ivoire,False,90521.284,373.279,183.279,121780.568,502.181,246.57,114308.731,471.37,231.441,0.7433146805490347,0.7433156571037136,0.7433142718092225
659,CIV,2017,Côte d'Ivoire,False,92189.532,379.904,158.768,116543.039,480.263,200.709,110363.576,454.798,190.067,0.7910342204136277,0.7910332463670947,0.7910357781664001
660,CIV,2019,Côte d'Ivoire,False,108393.661,466.994,185.0,143479.961,618.156,244.884,135130.477,582.184,230.633,0.755462018838993,0.7554630222791658,0.7554597278711553
661,CIV,2022,Côte d'Ivoire,False,115831.058,498.16,185.698,133753.888,575.242,214.432,128952.459,554.592,206.734,0.8660014279360612,0.8660007440346846,0.8659994776898972
662,CMR,2014,Cameroon,False,85212.59,356.136,172.58,153110.944,639.909,310.094,133259.848,556.944,269.889,0.5565414710002703,0.5565416332634797,0.55654091985011
663,COD,2005,"Congo, Democratic Republic of the",True,10990.888,34.365,23.192,14289.167,44.678,30.152,13688.537,42.8,28.884,0.7691762577902548,0.7691705089753347,0.7691695409923056
664,COD,2012,"Congo, Democratic Republic of the",True,66302.303,118.528,72.087,94306.63,168.591,102.534,87813.179,156.983,95.475,0.703050283951404,0.7030505780261105,0.7030545965240798
665,COG,2009,Congo,True,103764.167,332.872,220.637,97524.605,312.856,207.37,101095.162,324.31,214.962,1.063979361926152,1.063978315902524,1.0639774316439214
666,COK,1989,Cook Islands,False,506.61,,,536.92,,,523.93,,,0.9435483870967742,,
667,COK,1990,Cook Islands,False,710.12,,,822.7,,,783.73,,,0.863157894736842,,
668,COK,1993,Cook Islands,False,874.66,,,987.24,,,943.94,,,0.8859649122807017,,
669,COK,2019,Cook Islands,True,1490.141,,,1564.883,,,1530.868,,,0.9522379628381163,,
670,COL,1991,Colombia,False,,,,,,,101733.0,429.196,162.214,,,
671,COL,1992,Colombia,False,,,,,,,124031.0,424.466,182.295,,,
672,COL,1993,Colombia,False,,,,,,,178237.0,512.875,226.665,,,
673,COL,1994,Colombia,False,,,,,,,228703.0,549.67,276.699,,,
674,COL,1995,Colombia,False,,,,,,,255421.0,522.043,279.792,,,
675,COL,1996,Colombia,False,,,,,,,322954.0,562.444,311.545,,,
676,COL,1997,Colombia,False,,,,,,,399199.0,600.558,349.832,,,
677,COL,1998,Colombia,False,,,,,,,501872.0,646.073,351.839,,,
678,COL,1999,Colombia,False,,,,,,,513342.0,609.07,292.222,,,
679,COL,2002,Colombia,False,445269.264,454.874,177.775,443426.453,452.992,177.039,444185.891,453.768,177.342,1.0041558436298343,1.0041545987567109,1.0041572760804118
680,COL,2003,Colombia,False,455958.001,444.664,158.454,476558.518,464.754,165.613,468043.979,456.451,162.654,0.9567723244430604,0.9567728303575654,0.9567727171176176
681,COL,2004,Colombia,False,499963.907,472.724,190.218,522259.053,493.804,198.701,513021.453,485.07,195.186,0.9573101780200256,0.9573109978858009,0.9573077135998309
682,COL,2005,Colombia,False,552811.408,514.441,238.165,569463.565,529.938,245.339,562591.642,523.543,242.378,0.9707581695766614,0.9707569564741536,0.9707588275814282
683,COL,2007,Colombia,True,760891.997,682.958,366.199,765168.7,686.797,368.257,763464.77,685.268,367.437,0.9944107711149188,0.9944102842615794,0.9944115115259181
684,COL,2008,Colombia,False,756419.807,658.907,384.92,780711.877,680.067,397.281,770795.696,671.429,392.235,0.968884718273602,0.9688854186425749,0.9688860026026919
685,COL,2009,Colombia,False,734883.332,612.145,340.603,768551.191,640.19,356.207,754673.565,628.63,349.775,0.9561930820038246,0.9561926927943266,0.9561940107858633
686,COL,2010,Colombia,True,773402.687,640.25,407.269,823719.293,681.904,433.765,802608.039,664.427,422.648,0.9389153484353318,0.9389151552124639,0.9389162334443766
687,COL,2011,Colombia,False,810752.398,669.494,438.715,853920.254,705.14,462.074,836036.115,690.372,452.396,0.9494474386831913,0.9494483365005532,0.9494474910944999
688,COL,2012,Colombia,False,844668.493,708.254,469.779,904154.891,758.133,502.864,879375.151,737.355,489.082,0.9342077352098292,0.9342081138797546,0.9342068630882306
689,COL,2013,Colombia,False,892793.719,727.451,477.712,948766.251,773.057,507.662,925139.02,753.806,495.019,0.941004929358517,0.9410056438270399,0.9410040538783679
690,COL,2014,Colombia,False,914481.964,726.459,456.988,993236.707,789.021,496.344,959581.069,762.285,479.526,0.9207089886580279,0.9207093347325356,0.9207082184936254
691,COL,2015,Colombia,False,940664.969,712.917,343.085,1005254.134,761.868,366.643,977329.688,740.705,356.458,0.9357484214036568,0.935748712375372,0.9357467618364458
692,COL,2016,Colombia,False,996583.641,710.168,326.187,1066749.864,760.169,349.152,1036404.645,738.545,339.22,0.934224296277951,0.93422383706781,0.9342263541380259
693,COL,2017,Colombia,False,1056609.176,720.114,357.992,1114295.661,759.429,377.537,1089188.331,742.317,369.03,0.9482305396861811,0.9482308418561841,0.9482302396851171
694,COL,2018,Colombia,False,1118911.025,764.069,378.56,1168902.631,798.206,395.474,1147142.232,783.347,388.111,0.9572320185837616,0.9572328446541368,0.9572310695519807
695,COL,2019,Colombia,False,1206835.044,807.17,367.756,1258575.682,841.776,383.522,1236686.667,827.136,376.852,0.9588895298550667,0.9588893007165802,0.9588915368609884
696,COL,2021,Colombia,False,1266773.427,819.036,338.325,1261944.608,815.914,337.036,1263928.922,817.197,337.566,1.0038264904571785,1.003826383662984,1.0038245172622509
697,COL,2022,Colombia,True,1549456.739,986.828,364.048,1593652.171,1014.975,374.431,1574407.971,1002.719,369.91,0.9722678305817085,0.9722682824700115,0.972269924231701
698,COL,2023,Colombia,False,1696446.598,1085.299,392.155,1746171.171,1117.11,403.65,1724252.401,1103.087,398.583,0.9715236548250171,0.9715238427728693,0.9715223584788802
699,COL,2024,Colombia,False,1900940.129,1084.106,,1946441.939,1110.056,,1926546.622,1098.71,,0.9766230838494073,0.9766228010118408,
700,COM,2004,Comoros,False,98117.352,434.612,248.082,115763.108,512.774,292.698,112039.802,496.282,283.284,0.847570125708788,0.8475702746239084,0.8475698501527171
701,COM,2014,Comoros,False,81680.524,367.263,220.569,85442.702,384.179,230.728,84376.213,379.384,227.848,0.9559684102686734,0.9559684417940596,0.9559697999375888
702,COM,2021,Comoros,False,85218.239,373.686,204.873,114104.982,500.356,274.32,105355.189,461.987,253.285,0.7468406506562527,0.7468402497421835,0.746839457567804
703,CPV,2015,Cabo Verde,True,30874.339,612.924,310.652,33332.483,661.724,335.385,32193.003,639.102,323.92,0.9262537987344057,0.9262532415327235,0.926254901083829
704,CRI,1973,Costa Rica,False,,,,,,,957.0,,,,,
705,CRI,1974,Costa Rica,False,,,,,,,1110.0,,,,,
706,CRI,1975,Costa Rica,False,,,,,,,1339.0,,,,,
707,CRI,1976,Costa Rica,False,,,,,,,1553.0,,,,,
708,CRI,1977,Costa Rica,False,,,,,,,1755.0,,,,,
709,CRI,1978,Costa Rica,False,1535.0,,,2075.0,,,1809.0,,,0.7397590361445783,,
710,CRI,1979,Costa Rica,False,1688.0,,,2318.0,,,2051.0,,,0.728213977566868,,
711,CRI,1980,Costa Rica,False,1911.0,,,2731.0,,,2360.0,,,0.699743683632369,,
712,CRI,1981,Costa Rica,False,2143.0,,,3162.0,,,2688.0,,,0.6777356103731815,,
713,CRI,1982,Costa Rica,False,2999.0,,,4453.0,,,3764.0,,,0.6734785537839658,,
714,CRI,1983,Costa Rica,False,4519.0,,,7046.0,,,5905.0,,,0.6413567981833664,,
715,CRI,1984,Costa Rica,False,6743.0,,,9333.0,,,8258.0,,,0.7224900889317476,,
716,CRI,1985,Costa Rica,False,7696.0,,,10658.0,,,9290.0,,,0.722086695440045,,
717,CRI,1986,Costa Rica,False,9270.0,,,12374.0,,,10919.0,,,0.749151446581542,,
718,CRI,1987,Costa Rica,False,11225.0,,,13668.0,,,12906.0,,,0.8212613403570383,,
719,CRI,1988,Costa Rica,False,13371.0,,,15686.0,,,14965.0,,,0.8524161672829275,,
720,CRI,1989,Costa Rica,False,15789.0,,,18331.0,,,17532.0,,,0.8613278053570455,,
721,CRI,1990,Costa Rica,False,18508.0,377.216,202.098,22470.0,457.966,245.361,21233.0,432.755,231.854,0.8236760124610591,0.8236768668416433,0.8236761343489798
722,CRI,1991,Costa Rica,False,23843.0,393.546,194.744,27124.0,447.701,221.543,26079.0,430.452,213.007,0.8790370151895001,0.8790375719509226,0.8790347697738137
723,CRI,1992,Costa Rica,False,29848.0,416.766,221.908,34583.0,482.881,257.111,33070.0,461.755,245.862,0.8630830176676402,0.8630822086601048,0.8630824818852557
724,CRI,1993,Costa Rica,False,37242.0,487.67,261.951,41304.0,540.86,290.522,40020.0,524.046,281.491,0.9016560139453806,0.9016566209370263,0.9016563289527129
725,CRI,1994,Costa Rica,False,42435.0,502.19,270.172,49247.0,582.806,313.542,47119.0,557.622,299.994,0.8616768534123906,0.8616760980497798,0.8616772234660749
726,CRI,1995,Costa Rica,False,50837.0,502.084,282.853,59809.0,590.695,332.773,56907.0,562.034,316.626,0.8499891320704241,0.8499885727829082,0.8499878295414591
727,CRI,1996,Costa Rica,False,60739.0,525.45,292.452,68807.0,595.246,331.298,66228.0,572.935,318.88,0.8827444882061418,0.8827442771559995,0.882746047365212
728,CRI,1997,Costa Rica,False,72399.0,565.98,311.263,77307.0,604.348,332.364,75687.0,591.684,325.399,0.9365128642943071,0.9365133995644894,0.93651237799521
729,CRI,1998,Costa Rica,False,78949.0,561.319,306.921,89794.0,638.426,349.082,86161.0,612.596,334.958,0.8792235561396085,0.8792232772474804,0.8792232197592542
730,CRI,1999,Costa Rica,False,84933.6,560.753,297.298,100530.4,663.727,351.893,95235.4,628.768,333.358,0.8448548896652158,0.8448548876269913,0.8448534071436489
731,CRI,2000,Costa Rica,False,97042.0,596.901,314.881,111081.0,683.254,360.434,106272.0,653.674,344.83,0.8736147495971408,0.8736150831169667,0.8736162515190019
732,CRI,2001,Costa Rica,False,123233.0,700.57,374.716,137032.0,779.016,416.674,132037.0,750.62,401.486,0.8993008932220211,0.8993011696807255,0.899302572274728
733,CRI,2002,Costa Rica,False,126196.864,667.596,350.725,148041.277,783.155,411.434,140127.922,741.292,389.442,0.8524437680985418,0.85244427986797,0.852445349679414
734,CRI,2003,Costa Rica,False,142190.262,702.874,356.668,158220.563,782.114,396.879,152514.108,753.906,382.565,0.8986838328972448,0.8986848464546089,0.8986819660400273
735,CRI,2004,Costa Rica,False,156834.0,708.736,358.122,172119.0,777.81,393.024,166804.0,753.791,380.888,0.9111951614871107,0.9111942505239069,0.9111962628236444
736,CRI,2005,Costa Rica,False,385702.0,1583.619,807.268,385754.0,1583.833,807.377,385737.0,1583.763,807.341,0.9998651990646888,0.9998648847447931,0.9998649949156343
737,CRI,2006,Costa Rica,False,190884.445,725.768,373.33,218194.382,829.604,426.743,207932.65,790.588,406.673,0.874836662843134,0.8748366690613835,0.8748356739302109
738,CRI,2007,Costa Rica,False,211304.768,755.622,409.016,250688.616,896.458,485.25,235611.362,842.542,456.066,0.8428973416168207,0.8428972690298931,0.8428974755280784
739,CRI,2008,Costa Rica,False,575389.0,1883.698,1093.406,577400.0,1890.281,1097.227,576699.0,1887.986,1095.895,0.9965171458261171,0.9965174489930334,0.9965175847841876
740,CRI,2010,Costa Rica,False,350939.289,1021.144,667.402,390655.068,1136.706,742.932,374645.139,1090.122,712.484,0.8983354312966444,0.8983360693090386,0.89833524467919
741,CRI,2011,Costa Rica,False,378174.028,1082.331,747.876,400326.513,1145.732,791.684,391602.263,1120.763,774.431,0.94466395734324,0.944663324407453,0.9446647904972186
742,CRI,2012,Costa Rica,False,413323.896,1202.265,821.878,450254.744,1309.688,895.314,435125.827,1265.682,865.231,0.9179778814279411,0.9179781749546457,0.9179773800029934
743,CRI,2013,Costa Rica,False,449991.628,1241.381,900.403,489771.182,1351.12,979.999,473389.803,1305.929,947.221,0.9187793086609168,0.918779235005033,0.9187795089586827
744,CRI,2014,Costa Rica,False,454867.967,1223.002,844.981,508735.864,1367.837,945.048,486979.629,1309.341,904.633,0.894114213658033,0.8941138454362617,0.8941143730265553
745,CRI,2015,Costa Rica,False,474344.99,1288.153,887.346,515419.672,1399.698,964.184,498637.395,1354.123,932.79,0.9203082764757181,0.9203078092559966,0.9203077420907213
746,CRI,2016,Costa Rica,False,471948.051,1302.901,866.374,525525.174,1450.811,964.728,503547.601,1390.138,924.383,0.8980503206112824,0.8980501250679793,0.8980500203166074
747,CRI,2017,Costa Rica,False,496643.614,1375.339,875.123,530265.432,1468.446,934.367,516404.404,1430.062,909.943,0.9365943620477225,0.9365948764884783,0.9365945072974539
748,CRI,2018,Costa Rica,False,478917.712,1317.877,830.053,506934.934,1394.974,878.612,495919.093,1364.661,859.52,0.9447321142795813,0.9447323032543976,0.9447321457025399
749,CRI,2019,Costa Rica,False,498861.122,1398.014,849.422,543674.85,1523.6,925.728,525206.193,1471.843,894.281,0.9175725564645854,0.917572853767393,0.9175719001693803
750,CRI,2020,Costa Rica,False,544099.453,1469.896,930.242,521154.522,1407.91,891.013,530199.364,1432.345,906.477,1.0440271167790038,1.0440269619506928,1.0440274159860743
751,CRI,2021,Costa Rica,False,464923.057,1279.616,748.928,492865.398,1356.522,793.939,481683.715,1325.746,775.927,0.9433063446665412,0.9433064852615733,0.9433067275949412
752,CRI,2022,Costa Rica,False,542872.046,1445.124,838.884,538442.401,1433.332,832.039,540374.83,1438.476,835.025,1.008226775959273,1.0082269843971947,1.0082267778313276
753,CUB,1975,Cuba,False,,,,,,,135.0,,,,,
754,CUB,1976,Cuba,False,,,,,,,138.0,,,,,
755,CUB,1977,Cuba,False,,,,,,,138.0,,,,,
756,CUB,1978,Cuba,False,,,,,,,140.0,,,,,
757,CUB,1979,Cuba,False,,,,,,,143.0,,,,,
758,CUB,1980,Cuba,False,,,,,,,148.0,,,,,
759,CUB,1981,Cuba,False,,,,,,,170.0,,,,,
760,CUB,1982,Cuba,False,,,,,,,176.0,,,,,
761,CUB,1983,Cuba,False,,,,,,,180.0,,,,,
762,CUB,1984,Cuba,False,,,,,,,186.0,,,,,
763,CUB,1985,Cuba,False,,,,,,,188.0,,,,,
764,CUB,1986,Cuba,False,,,,,,,188.0,,,,,
765,CUB,1987,Cuba,False,,,,,,,184.0,,,,,
766,CUB,1988,Cuba,True,,,,,,,187.0,,,,,
767,CUB,1997,Cuba,False,,,,,,,206.0,,,,,
768,CUB,1998,Cuba,False,,,,,,,207.0,,,,,
769,CUB,1999,Cuba,False,,,,,,,222.0,,,,,
770,CUB,2000,Cuba,True,,,,,,,238.0,,,,,
771,CUB,2001,Cuba,False,,,,,,,252.0,,,,,
772,CUB,2002,Cuba,False,,,,,,,261.0,,,,,
773,CUB,2003,Cuba,False,,,,,,,273.0,,,,,
774,CUB,2004,Cuba,False,,,,,,,284.0,,,,,
775,CUB,2005,Cuba,False,,,,,,,330.0,,,,,
776,CUB,2006,Cuba,False,,,,,,,387.0,,,,,
777,CUB,2009,Cuba,False,,,,,,,429.0,,,,,
778,CUB,2010,Cuba,False,,,,,,,448.0,,,,,
779,CUW,2018,Curaçao,False,2470.9,1654.483,1380.391,2909.42,1948.11,1625.374,2675.09,1791.206,1494.464,0.8492758006750486,0.849275964909579,0.8492759204958367
780,CYP,1975,Cyprus,False,41.037,,,74.75,,,65.39,,,0.548989966555184,,
781,CYP,1976,Cyprus,False,44.2,,,78.693,,,68.25,,,0.5616763879887665,,
782,CYP,1977,Cyprus,False,54.687,,,100.49,,,84.803,,,0.5442034033237138,,
783,CYP,1978,Cyprus,False,64.913,,,124.973,,,104.953,,,0.519416193897882,,
784,CYP,1979,Cyprus,False,82.593,,,151.06,,,128.353,,,0.5467562557924004,,
785,CYP,1988,Cyprus,False,405.0,,,595.0,,,517.0,,,0.680672268907563,,
786,CYP,1989,Cyprus,False,426.0,,,625.0,,,543.0,,,0.6816,,
787,CYP,1990,Cyprus,False,458.0,662.272,999.826,674.0,974.609,1471.359,585.0,845.915,1277.07,0.6795252225519288,0.6795258406191611,0.6795255270807465
788,CYP,1991,Cyprus,False,504.0,723.235,1085.205,730.0,1047.543,1571.824,637.0,914.089,1371.578,0.6904109589041096,0.690410799365754,0.690411267419253
789,CYP,1992,Cyprus,False,538.0,746.79,1196.756,790.0,1096.588,1757.318,687.0,953.615,1528.2,0.6810126582278481,0.6810123765716932,0.681012770597012
790,CYP,1993,Cyprus,False,590.0,804.111,1186.156,862.0,1174.82,1732.994,764.0,1041.256,1535.971,0.6844547563805105,0.6844546398597232,0.6844547644134948
791,CYP,1994,Cyprus,False,632.0,844.149,1284.054,909.0,1214.132,1846.844,795.0,1061.865,1615.227,0.6952695269526953,0.6952695423561853,0.6952693351468776
792,CYP,1995,Cyprus,False,661.0,884.515,1461.031,944.0,1263.21,2086.556,829.0,1109.324,1832.368,0.7002118644067796,0.7002121579151527,0.7002117364690906
793,CYP,1996,Cyprus,False,701.0,932.691,1503.288,988.0,1314.548,2118.756,870.0,1157.547,1865.707,0.7095141700404858,0.7095146012165399,0.7095144509325284
794,CYP,1997,Cyprus,False,749.0,998.254,1457.49,1042.0,1388.76,2027.642,922.0,1228.826,1794.133,0.718809980806142,0.7188095855295371,0.7188103225322813
795,CYP,1998,Cyprus,False,730.79,967.738,1411.267,992.42,1314.198,1916.514,884.47,1171.246,1708.046,0.7363716974667983,0.7363715361003441,0.7363718710116389
796,CYP,1999,Cyprus,False,757.58,996.752,1395.309,1027.98,1352.519,1893.331,916.42,1205.739,1687.86,0.7369598630323547,0.7369597025993719,0.7369598870984524
797,CYP,2000,Cyprus,False,807.55,1062.627,1297.458,1090.86,1435.425,1752.641,973.97,1281.613,1564.839,0.7402874796032488,0.7402873713360154,0.7402873720288411
798,CYP,2001,Cyprus,False,846.41,1106.359,1316.126,1147.22,1499.553,1783.871,998.64,1305.342,1552.836,0.737792228168965,0.7377925288402609,0.7377921385571041
799,CYP,2002,Cyprus,False,875.02,1143.712,1432.909,1186.28,1550.55,1942.62,1032.54,1349.601,1690.859,0.7376167515257781,0.7376169746219083,0.7376167238059941
800,CYP,2003,Cyprus,False,933.3,1204.574,1803.676,1279.1,1650.885,2471.962,1108.29,1430.427,2141.858,0.7296536627316081,0.7296534888862641,0.7296536111801071
801,CYP,2004,Cyprus,False,956.87,1231.365,2041.974,1308.24,1683.532,2791.802,1134.69,1460.196,2421.444,0.7314177826698465,0.7314176386311636,0.7314179157404429
802,CYP,2005,Cyprus,False,1231.912,1591.73,2654.58,1793.599,2317.474,3864.928,1539.471,1989.12,3317.321,0.6868380278980977,0.6868383420914322,0.6868381506718884
803,CYP,2006,Cyprus,False,1314.284,1697.007,2863.889,1931.502,2493.959,4208.835,1654.774,2136.648,3605.833,0.6804466161567527,0.680447032208629,0.6804469645400687
804,CYP,2007,Cyprus,False,1610.861,2122.676,3780.255,2396.562,3158.015,5624.081,2041.872,2690.632,4791.722,0.6721549452924649,0.6721551354252592,0.672155148547825
805,CYP,2008,Cyprus,False,1598.911,,,2348.336,,,1998.422,,,0.6808697733203427,,
806,CYP,2009,Cyprus,False,1679.278,2232.712,2342.228,2432.85,3234.635,3393.297,2067.263,2748.563,2883.383,0.6902513512958054,0.6902516048951427,0.6902513985660554
807,CYP,2010,Cyprus,False,1715.888,2247.72,2274.782,2522.522,3304.366,3344.149,2129.498,2789.526,2823.111,0.680227169475628,0.6802273113813663,0.6802274659412605
808,CYP,2011,Cyprus,False,1793.441,2351.964,2496.389,2653.166,3479.43,3693.089,2227.478,2921.172,3100.55,0.6759626046768276,0.675962442124141,0.6759623177237267
809,CYP,2012,Cyprus,False,1882.734,2452.206,2418.915,2765.282,3601.699,3552.803,2326.989,3030.836,2989.69,0.6808470166876289,0.6808470113688012,0.6808469256527874
810,CYP,2013,Cyprus,False,1889.847,2527.036,2509.939,2673.852,3575.38,3551.191,2281.072,3050.168,3029.533,0.7067881842375718,0.7067880896576029,0.7067879480433465
811,CYP,2014,Cyprus,False,1846.283,2520.025,2452.788,2406.977,3285.327,3197.671,2125.001,2900.453,2823.066,0.7670546914241391,0.7670545428202429,0.767054521869198
812,CYP,2015,Cyprus,False,1761.681,2454.128,1954.608,2417.815,3368.161,2682.597,2085.565,2905.318,2313.962,0.7286252256686305,0.728625502165722,0.7286252836337325
813,CYP,2016,Cyprus,False,1741.832,2582.203,1928.039,2392.545,3546.862,2648.316,2071.341,3070.688,2292.774,0.7280247602448439,0.7280246595441265,0.7280245257741146
814,CYP,2017,Cyprus,False,1788.71,2654.734,2020.672,2266.494,3363.842,2560.415,2037.965,3024.669,2302.251,0.7891968829390239,0.7891969955782703,0.7891970637572425
815,CYP,2018,Cyprus,False,1698.608,2532.309,2005.978,2306.965,3439.256,2724.42,2017.198,3007.267,2382.219,0.7362955224721658,0.7362955825329666,0.7362954316882125
816,CYP,2019,Cyprus,False,1765.331,2715.222,1976.243,2415.557,3715.321,2704.154,2106.047,3239.271,2357.666,0.7308173642766451,0.7308176063387256,0.7308174756319351
817,CYP,2020,Cyprus,False,1896.373,2979.395,2166.03,2553.811,4012.296,2916.953,2242.566,3523.299,2561.45,0.7425659142356267,0.7425661018030574,0.7425659583819143
818,CYP,2021,Cyprus,False,1915.824,2986.199,2265.923,2658.125,4143.224,3143.872,2296.837,3580.084,2716.562,0.7207426287326594,0.7207428321519667,0.7207427656087779
819,CYP,2022,Cyprus,False,2068.562,3285.168,2178.296,2887.932,4586.443,3041.133,2493.307,3959.722,2625.573,0.7162779456025973,0.7162779522170013,0.7162777819976962
820,CYP,2023,Cyprus,False,2132.95,3336.364,2306.292,2944.02,4605.042,3183.277,2552.049,3991.92,2759.451,0.7245025509337572,0.7245024041040233,0.7245024545460542
821,CZE,1992,Czechia,False,,,,,,,4644.0,479.288,,,,
822,CZE,1993,Czechia,False,,,,,,,5840.0,530.748,200.324,,,
823,CZE,1994,Czechia,False,,,,,,,6896.0,584.659,239.568,,,
824,CZE,1995,Czechia,False,,,,,,,8172.0,645.366,307.905,,,
825,CZE,1996,Czechia,False,,,,,,,9473.0,707.99,348.979,,,
826,CZE,1997,Czechia,False,,,,,,,10503.0,734.945,331.342,,,
827,CZE,1998,Czechia,False,,,,,,,11371.0,743.952,352.249,,,
828,CZE,1999,Czechia,False,,,,,,,12165.0,792.316,351.902,,,
829,CZE,2000,Czechia,False,,,,,,,12831.0,831.847,332.423,,,
830,CZE,2001,Czechia,False,,,,,,,13914.0,917.742,365.818,,,
831,CZE,2002,Czechia,False,,,,,,,15000.0,960.089,458.176,,,
832,CZE,2003,Czechia,False,,,,,,,15906.0,1035.224,563.863,,,
833,CZE,2004,Czechia,False,,,,,,,16930.0,1094.756,658.761,,,
834,CZE,2005,Czechia,False,431.423,538.455,536.729,590.056,736.443,734.083,517.309,645.648,643.58,0.7311560258687311,0.7311563827750417,0.7311557412445188
835,CZE,2006,Czechia,False,488.504,564.276,613.365,678.506,783.749,851.932,592.435,684.328,743.861,0.7199700518492099,0.7199702966128185,0.7199694341801928
836,CZE,2007,Czechia,False,749.747,720.777,1027.512,1038.733,998.597,1423.56,906.835,871.795,1242.797,0.7217899113631703,0.7217896709082844,0.7217904408665599
837,CZE,2008,Czechia,False,818.568,621.572,1203.914,1151.078,874.06,1692.955,999.148,758.693,1469.502,0.7111316522425066,0.711131958904423,0.7111317193900606
838,CZE,2009,Czechia,False,994.568,911.48,1387.206,1347.583,1235.003,1879.585,1185.811,1086.746,1653.948,0.7380383991190153,0.7380386930234178,0.7380384499769895
839,CZE,2010,Czechia,False,933.532,907.287,1237.599,1267.312,1231.684,1680.096,1113.785,1082.473,1476.563,0.7366236570000128,0.7366231923123139,0.7366239786297926
840,CZE,2011,Czechia,False,1000.287,871.343,1392.355,1379.227,1201.434,1919.822,1206.371,1050.86,1679.214,0.7252518983459575,0.725252489941187,0.725252132749807
841,CZE,2012,Czechia,False,1068.164,1110.885,1372.366,1457.899,1516.206,1873.092,1277.034,1328.108,1640.719,0.7326735253951063,0.7326741880720694,0.7326741025000373
842,CZE,2013,Czechia,False,1045.04,1084.457,1387.937,1422.495,1476.149,1889.241,1247.865,1294.933,1657.312,0.7346528458799504,0.7346528026642298,0.734653228465823
843,CZE,2014,Czechia,False,1025.456,1150.342,1362.318,1408.004,1579.481,1870.535,1230.416,1380.265,1634.609,0.7283047491342354,0.7283037909287925,0.7283039344358699
844,CZE,2015,Czechia,False,1006.974,1573.464,1117.25,1388.309,2169.326,1540.347,1210.369,1891.283,1342.92,0.7253241173254658,0.7253239024471195,0.7253235796869147
845,CZE,2016,Czechia,False,1059.665,1682.128,1172.947,1454.094,2308.25,1609.541,1270.884,2017.42,1406.746,0.7287458720000219,0.7287460197119029,0.7287462698993067
846,CZE,2017,Czechia,False,1114.829,1656.612,1259.401,1537.038,2284.007,1736.363,1339.2,1990.024,1512.87,0.7253099793238683,0.7253095108727775,0.725309742260115
847,CZE,2018,Czechia,False,1233.148,1620.132,1456.292,1701.143,2234.991,2008.972,1477.487,1941.148,1744.845,0.724893791997498,0.7248941942048089,0.7248941249554498
848,CZE,2019,Czechia,False,1391.495,2077.844,1557.743,1916.199,2861.356,2145.136,1664.638,2485.714,1863.52,0.7261745779013556,0.7261745829599672,0.7261744709892519
849,CZE,2020,Czechia,False,1517.318,2175.722,1733.075,2095.848,3005.29,2393.869,1815.723,2603.613,2073.912,0.72396376073074,0.7239640766781243,0.7239640097265139
850,CZE,2021,Czechia,False,1590.959,1970.011,1881.692,2064.702,2556.625,2442.006,1838.401,2276.407,2174.351,0.7705513919199961,0.7705514105510194,0.7705517513060984
851,CZE,2022,Czechia,False,1695.435,2530.202,1785.375,2223.287,3317.948,2341.23,1970.678,2940.964,2075.22,0.7625803596206878,0.7625803659370191,0.7625799259363668
852,CZE,2023,Czechia,False,1889.463,2534.766,2043.017,2475.027,3320.314,2676.169,2193.188,2942.22,2371.426,0.7634110658186759,0.7634115327646723,0.7634110551314212
853,DEU,2002,Germany,False,2138.85,2296.986,2022.44,2866.59,3078.532,2710.572,2616.02,2809.436,2473.64,0.7461304197670402,0.7461302984669316,0.7461303370653869
854,DEU,2005,Germany,False,1878.71,2069.137,2337.285,3116.372,3432.249,3877.048,2563.374,2823.199,3189.069,0.6028516492896228,0.6028516579071042,0.6028517057307519
855,DEU,2006,Germany,False,1539.356,1714.436,1932.814,2544.466,2833.863,3194.829,2084.674,2321.776,2617.514,0.6049819490612176,0.6049819627836631,0.6049819880813653
856,DEU,2007,Germany,False,1760.907,1977.636,2413.285,2870.774,3224.104,3934.333,2363.375,2654.254,3238.953,0.6133910227694691,0.6133908831725031,0.6133911389808641
857,DEU,2008,Germany,False,1760.9,2009.169,2589.853,2961.386,3378.912,4355.475,2405.914,2745.123,3538.51,0.5946202217475196,0.5946201025655596,0.5946201045810158
858,DEU,2009,Germany,False,1833.052,2119.067,2556.709,3022.961,3494.64,4216.373,2466.733,2851.622,3440.556,0.6063763310211412,0.6063763363322117,0.6063763808372742
859,DEU,2010,Germany,False,1817.504,2132.415,2409.495,3008.746,3530.058,3988.744,2450.176,2874.707,3248.239,0.6040735907916454,0.6040736441157624,0.6040736131473967
860,DEU,2011,Germany,False,1855.812,2234.314,2583.208,3048.345,3670.07,4243.16,2486.438,2993.559,3461.011,0.6087932960344056,0.6087932927709825,0.6087934463937255
861,DEU,2012,Germany,False,1892.079,2277.048,2430.922,3156.149,3798.31,4054.984,2557.461,3077.812,3285.797,0.5994897579296795,0.5994897730832922,0.5994899116741275
862,DEU,2013,Germany,False,1973.86,2387.114,2621.518,3233.0,3909.874,4293.806,2633.832,3185.261,3498.039,0.6105351067120321,0.6105347640358744,0.6105348029230944
863,DEU,2014,Germany,False,2019.271,2463.733,2682.602,3282.62,4005.159,4360.964,2675.679,3264.623,3554.641,0.6151400405773437,0.615139873348349,0.6151396801257704
864,DEU,2015,Germany,False,2093.427,2513.38,2322.684,3410.633,4094.825,3784.141,2778.176,3335.494,3082.422,0.6137942722069482,0.6137942402910992,0.6137942534382308
865,DEU,2016,Germany,False,2168.901,2687.653,2400.763,3404.124,4218.313,3768.035,2809.846,3481.898,3110.228,0.6371392463964297,0.6371393018962793,0.6371392516258474
866,DEU,2017,Germany,False,2221.042,2779.158,2509.069,3420.914,4280.54,3864.542,2850.34,3566.589,3219.975,0.6492539713070834,0.6492540660757755,0.6492539090013771
867,DEU,2018,Germany,False,2296.157,2941.388,2711.657,3537.388,4531.412,4177.494,2941.702,3768.336,3474.017,0.6491108693759351,0.6491106966217152,0.6491109263113245
868,DEU,2019,Germany,False,2440.019,3202.561,2731.538,3671.386,4818.749,4110.023,3074.658,4035.535,3442.001,0.664604321092906,0.6646042364937457,0.6646040666925708
869,DEU,2020,Germany,False,3502.17,4667.556,4000.165,5466.919,7286.097,6244.294,4543.546,6055.462,5189.621,0.640611283979148,0.6406112902422243,0.6406112524490358
870,DEU,2021,Germany,False,3424.243,4610.769,4049.99,5112.925,6884.592,6047.263,4321.553,5819.004,5111.275,0.6697229081201074,0.6697229116845269,0.6697228150983345
871,DJI,2017,Djibouti,True,96432.788,979.191,542.608,95293.852,967.626,536.199,95504.295,969.763,537.383,1.0119518308484372,1.0119519318414347,1.011952651907221
872,DNK,1969,Denmark,False,1528.915,,,2397.631,,,2163.656,,,0.637677357358159,,
873,DNK,1970,Denmark,False,1702.297,,,2657.436,,,2402.192,,,0.6405787383026346,,
874,DNK,1971,Denmark,False,1983.387,,,3037.494,,,2757.189,,,0.652968203393982,,
875,DNK,1972,Denmark,False,2260.536,,,3381.921,,,3077.107,,,0.6684177424605721,,
876,DNK,1973,Denmark,False,2722.888,,,3883.716,,,3552.774,,,0.7011037882275635,,
877,DNK,1974,Denmark,False,3336.293,,,4609.686,,,4237.511,,,0.7237571062323985,,
878,DNK,1975,Denmark,False,4021.941,,,5466.301,,,5042.919,,,0.7357701304776301,,
879,DNK,1976,Denmark,False,4538.146,,,6091.318,,,5623.823,,,0.7450187299366081,,
880,DNK,1977,Denmark,False,5033.336,,,6680.705,,,6169.648,,,0.7534138986828486,,
881,DNK,1978,Denmark,False,5532.467,,,7374.014,,,6803.872,,,0.7502653236080105,,
882,DNK,1979,Denmark,False,6165.574,,,8224.69,,,7577.007,,,0.7496421141708683,,
883,DNK,1980,Denmark,False,6845.968,,,9159.989,,,8425.913,,,0.7473773167194852,,
884,DNK,1981,Denmark,False,7468.568,,,9991.366,,,9176.598,,,0.7475021933937762,,
885,DNK,1982,Denmark,False,8198.874,,,11051.371,,,10132.142,,,0.7418874997500311,,
886,DNK,1983,Denmark,False,9125.993,,,13622.578,,,11935.321,,,0.669916736758637,,
887,DNK,1984,Denmark,False,8941.287,,,13101.422,,,11583.871,,,0.6824669108437237,,
888,DNK,1985,Denmark,False,9540.045,,,13950.091,,,12374.376,,,0.6838697324626771,,
889,DNK,1986,Denmark,False,9996.679,,,14743.65,,,13093.666,,,0.6780328480396646,,
890,DNK,1987,Denmark,False,10974.894,,,16131.921,,,14352.273,,,0.6803215810441918,,
891,DNK,1988,Denmark,False,11603.088,,,16935.702,,,15079.418,,,0.6851258955784649,,
892,DNK,1989,Denmark,False,11981.392,,,17252.945,,,15406.553,,,0.6944548887161004,,
893,DNK,1990,Denmark,False,12873.255,1384.56,2080.17,18246.326,1962.451,2948.397,16312.69,1754.483,2635.943,0.7055258686050002,0.7055258959331978,0.7055257483981975
894,DNK,1991,Denmark,False,13062.688,1412.293,2042.175,18281.913,1976.578,2858.131,16507.295,1784.713,2580.693,0.7145142852391869,0.7145141755093904,0.7145141352863112
895,DNK,2002,Denmark,False,2780.01,2555.746,2628.704,3545.3,3259.3,3352.343,3249.98,2987.803,3073.096,0.7841395650579641,0.7841395391648514,0.7841393318046513
896,DNK,2004,Denmark,False,2640.437,1416.23,3284.445,3485.147,1869.3,4335.182,3081.485,1652.791,3833.066,0.7576257185134515,0.7576258492483817,0.7576256314037104
897,DNK,2005,Denmark,False,2732.568,1452.877,3399.561,3522.273,1872.755,4382.026,3141.032,1670.053,3907.727,0.7757967653273895,0.7757966204869297,0.7757966292304063
898,DNK,2006,Denmark,False,2839.049,1517.832,3564.706,3615.529,1932.959,4539.654,3243.664,1734.15,4072.74,0.7852375129614505,0.7852375554784142,0.7852373771216925
899,DNK,2007,Denmark,False,3481.766,1597.499,4771.683,4299.238,1972.57,5892.011,3919.312,1798.254,5371.331,0.8098565373677846,0.8098566844269152,0.8098564310215985
900,DNK,2008,Denmark,False,3510.304,1423.883,5162.799,4429.592,1796.773,6514.846,3980.118,1614.453,5853.781,0.792466665101436,0.7924668280300294,0.7924667751164034
901,DNK,2009,Denmark,False,3705.826,1684.472,5168.821,4521.67,2055.311,6306.746,4113.236,1869.659,5737.069,0.8195702030444504,0.8195703715885333,0.8195701872249176
902,DNK,2010,Denmark,False,3580.964,1812.191,4747.344,4170.229,2110.395,5528.542,3876.425,1961.712,5139.041,0.8586972082348475,0.8586975424031994,0.8586972840217185
903,DNK,2011,Denmark,False,3741.845,1726.266,5208.481,4349.651,2006.672,6054.52,4056.476,1871.418,5646.432,0.8602632716969706,0.8602631620912635,0.8602632413469605
904,DNK,2012,Denmark,False,3832.729,2055.112,4924.247,4522.333,2424.878,5810.242,4196.064,2249.932,5391.056,0.8475114503951833,0.847511503671525,0.8475115150109066
905,DNK,2013,Denmark,False,3885.95,1989.063,5161.001,4673.957,2392.412,6207.566,4289.899,2195.828,5697.492,0.8314047390679887,0.8314048750800449,0.8314049339145166
906,DNK,2014,Denmark,False,3927.687,2003.437,5217.935,4799.33,2448.044,6375.913,4374.809,2231.505,5811.937,0.8183823575374063,0.8183827578262483,0.8183824026457075
907,DNK,2015,Denmark,False,3987.424,2916.444,4424.098,4874.18,3565.028,5407.965,4444.607,3250.833,4931.349,0.8180707318974678,0.8180704331073978,0.8180707530466635
908,DNK,2016,Denmark,False,4017.366,2980.129,4446.836,4837.038,3588.171,5354.132,4433.877,3289.101,4907.872,0.8305425758491044,0.8305426357885396,0.8305428405575359
909,DNK,2017,Denmark,False,4015.676,2939.397,4536.434,4984.993,3648.919,5631.453,4501.776,3295.213,5085.572,0.8055529867343845,0.8055528226304832,0.8055530251251319
910,DNK,2018,Denmark,False,4084.978,2808.511,4824.173,5070.776,3486.268,5988.356,4581.099,3149.605,5410.069,0.8055922801559368,0.8055923985189893,0.8055922193002554
911,DNK,2019,Denmark,False,4214.601,3294.182,4718.138,5190.906,4057.274,5811.087,4707.56,3679.485,5269.993,0.8119201156792282,0.8119200231485475,0.8119200418097337
912,DNK,2020,Denmark,False,4776.425,3666.759,5455.614,5733.827,4401.735,6549.154,5273.986,4048.726,6023.926,0.8330256563373817,0.8330258409468085,0.8330257618006843
913,DNK,2021,Denmark,False,5151.531,3774.118,6092.924,5987.452,4386.53,7081.6,5583.08,4090.279,6603.334,0.8603878578066262,0.8603880516034315,0.8603880478987799
914,DNK,2022,Denmark,False,5218.516,4743.673,5495.351,6037.343,5487.994,6357.616,5642.185,5128.791,5941.495,0.8643729534664504,0.8643728473464074,0.8643729033021182
915,DNK,2023,Denmark,False,5174.567,4435.21,5595.097,6108.578,5235.767,6605.014,5666.941,4857.232,6127.486,0.8470984572841666,0.8470984289407837,0.8470984315854592
916,DOM,1996,Dominican Republic,False,,,,,,,5472.713,794.973,424.361,,,
917,DOM,1997,Dominican Republic,False,,,,,,,5892.593,808.866,420.722,,,
918,DOM,2000,Dominican Republic,True,3979.993,487.451,245.96,5210.158,638.116,321.983,4704.57,576.194,290.738,0.763891037469497,0.7638908913112977,0.7638912613398844
919,DOM,2001,Dominican Republic,False,4364.417,504.798,261.484,5550.204,641.949,332.527,5070.581,586.475,303.792,0.7863525376724892,0.7863521868559652,0.786354190787515
920,DOM,2002,Dominican Republic,False,4489.981,501.37,255.213,5646.97,630.564,320.977,5157.613,575.92,293.162,0.7951133085530824,0.7951135808577718,0.7951130454830098
921,DOM,2003,Dominican Republic,False,4884.836,437.697,166.321,6143.956,550.518,209.192,5598.878,501.677,190.633,0.7950636365234387,0.795063921615642,0.7950638647749435
922,DOM,2004,Dominican Republic,False,5830.208,354.145,139.045,7467.786,453.617,178.1,6774.098,411.48,161.556,0.7807143911194027,0.780713685774563,0.7807130825379001
923,DOM,2005,Dominican Republic,False,6882.334,414.855,227.269,8405.184,506.649,277.556,7753.122,467.344,256.024,0.8188201471853561,0.818821314164244,0.818822147602646
924,DOM,2006,Dominican Republic,False,7400.17,428.044,222.227,9521.108,550.724,285.919,8588.013,496.752,257.898,0.7772383214222547,0.7772386894342719,0.7772376092529703
925,DOM,2007,Dominican Republic,False,7940.664,445.067,239.38,10196.428,571.5,307.382,9217.967,516.659,277.885,0.7787691925054538,0.7787699037620298,0.7787703899382526
926,DOM,2008,Dominican Republic,False,8678.233,456.489,251.329,11607.875,610.593,336.174,10298.722,541.73,298.26,0.7476159934527207,0.7476158423041207,0.7476158179990124
927,DOM,2009,Dominican Republic,False,9676.714,499.99,269.008,12149.105,627.738,337.739,11038.588,570.358,306.867,0.7964960381855289,0.7964947159483733,0.7964967030754517
928,DOM,2010,Dominican Republic,False,10348.724,511.128,281.053,12167.301,600.949,330.442,11326.755,559.434,307.614,0.8505357104258373,0.8505347375567645,0.8505365540700032
929,DOM,2011,Dominican Republic,False,11345.169,546.361,297.87,12832.988,618.012,336.934,12128.816,584.1,318.445,0.8840629321869544,0.8840621217710983,0.8840603797776418
930,DOM,2012,Dominican Republic,False,12672.785,614.706,322.296,13790.679,668.93,350.727,13259.004,643.141,337.205,0.9189384366063483,0.918939201411209,0.9189369509618592
931,DOM,2013,Dominican Republic,False,12563.319,574.003,300.597,14073.325,642.993,336.727,13371.922,610.947,319.944,0.8927043893323006,0.8927048972539359,0.8927023968971897
932,DOM,2014,Dominican Republic,False,12938.756,575.186,297.103,14771.314,656.651,339.183,13895.798,617.731,319.079,0.8759380512796626,0.8759386645265143,0.8759371784552882
933,DOM,2015,Dominican Republic,True,12509.756,549.258,277.714,13558.199,595.292,300.989,13062.85,573.543,289.992,0.922670924065947,0.9226698830153941,0.9226715926495653
934,DOM,2016,Dominican Republic,False,12884.637,559.295,279.709,14179.381,615.497,307.816,13570.556,589.069,294.599,0.9086882565607061,0.9086884257762426,0.9086889570392703
935,DOM,2017,Dominican Republic,False,14006.166,584.051,294.654,15065.444,628.222,316.938,14544.43,606.496,305.977,0.9296882322220308,0.9296888679479548,0.929689718493838
936,DOM,2018,Dominican Republic,False,15098.984,623.616,304.968,16788.524,693.397,339.094,15971.025,659.633,322.582,0.8993633984738623,0.8993635680569716,0.8993612390664536
937,DOM,2019,Dominican Republic,False,16120.414,689.438,314.27,17618.909,753.526,343.483,16884.531,722.118,329.166,0.9149496146441304,0.9149491855622766,0.9149506671363647
938,DOM,2020,Dominican Republic,True,18146.116,791.594,321.031,20212.957,881.757,357.596,19206.503,837.852,339.791,0.8977467275075093,0.8977462044531545,0.8977477376704438
939,DOM,2021,Dominican Republic,False,19374.89,837.441,338.597,21513.446,929.876,375.97,20473.529,884.928,357.797,0.900594446840362,0.9005942727847585,0.900595792217464
940,DOM,2022,Dominican Republic,False,21228.651,910.75,384.989,23902.956,1025.483,433.488,22602.613,969.696,409.906,0.8881182310673208,0.8881180867942229,0.8881191636215996
941,DOM,2023,Dominican Republic,False,23807.72,1014.874,423.945,27247.579,1161.508,485.198,25548.746,1089.09,454.947,0.8737554261242806,0.8737554971640316,0.87375669314383
942,ECU,2001,Ecuador,False,142.223,339.376,142.223,168.945,403.142,168.945,160.006,381.811,160.006,0.8418301814199889,0.8418274454162553,0.8418301814199889
943,ECU,2003,Ecuador,False,192.426,392.944,192.426,215.249,439.548,215.249,207.696,424.126,207.696,0.893969309961951,0.893972899433054,0.893969309961951
944,ECU,2004,Ecuador,False,215.063,438.886,215.063,237.416,484.503,237.416,229.958,469.284,229.958,0.9058488054722512,0.9058478482073383,0.9058488054722512
945,ECU,2005,Ecuador,False,225.162,465.004,225.162,251.451,519.295,251.451,242.427,500.658,242.427,0.8954508035362755,0.895452488469945,0.8954508035362755
946,ECU,2006,Ecuador,True,245.953,507.584,245.953,264.448,545.752,264.448,258.327,533.12,258.327,0.9300618647144241,0.9300634720532404,0.9300618647144241
947,ECU,2007,Ecuador,False,264.364,548.654,264.364,289.24,600.279,289.24,280.923,583.019,280.923,0.9139952980224034,0.9139983241126209,0.9139952980224034
948,ECU,2008,Ecuador,False,279.42,555.5,279.42,308.596,613.503,308.596,298.705,593.839,298.705,0.905455676677598,0.9054560450397144,0.905455676677598
949,ECU,2009,Ecuador,False,301.463,567.89,301.463,325.098,612.412,325.098,317.0,597.157,317.0,0.927298845271272,0.9273005754296126,0.927298845271272
950,ECU,2010,Ecuador,True,342.061,632.454,342.061,361.149,667.747,361.149,354.506,655.466,354.506,0.9471464686320604,0.9471461496644688,0.9471464686320604
951,ECU,2011,Ecuador,False,382.186,697.731,382.186,388.826,709.853,388.826,386.555,705.707,386.555,0.9829229526832053,0.982923224949391,0.9829229526832053
952,ECU,2012,Ecuador,False,413.459,763.666,413.459,406.076,750.029,406.076,408.62,754.728,408.62,1.0181813256631762,1.0181819636307397,1.0181813256631762
953,ECU,2013,Ecuador,False,452.518,815.788,452.518,449.942,811.142,449.942,450.818,812.724,450.818,1.005725182356837,1.0057277270810783,1.005725182356837
954,ECU,2014,Ecuador,True,489.576,866.911,489.576,481.808,853.155,481.808,484.434,857.805,484.434,1.016122604855046,1.0161236820976258,1.016122604855046
955,ECU,2015,Ecuador,False,499.779,860.549,499.779,497.777,857.103,497.777,498.46,858.278,498.46,1.0040218812841895,1.0040205202875268,1.0040218812841895
956,ECU,2016,Ecuador,False,495.968,857.229,495.968,499.111,862.662,499.111,498.023,860.78,498.023,0.9937028035847738,0.9937020524840552,0.9937028035847738
957,ECU,2017,Ecuador,False,500.608,870.248,500.608,499.818,868.875,499.818,500.091,869.35,500.091,1.00158057532942,1.0015802042871529,1.00158057532942
958,ECU,2018,Ecuador,False,519.416,934.766,519.416,512.107,921.612,512.107,514.6,926.098,514.6,1.0142724079147523,1.0142728176282427,1.0142724079147523
959,ECU,2019,Ecuador,False,524.583,978.115,524.583,505.553,942.633,505.553,512.064,954.773,512.064,1.0376419485197397,1.0376413726232796,1.0376419485197397
960,ECU,2020,Ecuador,True,525.905,1024.583,525.905,446.541,869.964,446.541,472.334,920.214,472.334,1.177730600325614,1.1777303428647623,1.177730600325614
961,ECU,2021,Ecuador,False,507.824,1046.392,507.824,469.86,968.166,469.86,482.378,993.959,482.378,1.0807985357340484,1.0807981275938217,1.0807985357340484
962,ECU,2022,Ecuador,False,508.533,1093.798,508.533,494.815,1064.292,494.815,499.383,1074.117,499.383,1.0277234926184533,1.0277235946525953,1.0277234926184533
963,ECU,2023,Ecuador,False,523.693,1147.35,523.693,501.085,1097.818,501.085,509.086,1115.347,509.086,1.0451180937365916,1.0451185897844633,1.0451180937365916
964,ECU,2024,Ecuador,False,538.001,1195.308,,518.459,1151.89,,525.094,1166.632,,1.0376924694141678,1.037692835253366,
965,EGY,1969,Egypt,False,12.514,,,17.71,,,17.407,,,0.7066064370412196,,
966,EGY,1970,Egypt,False,12.037,,,17.277,,,16.974,,,0.6967066041558141,,
967,EGY,1971,Egypt,False,11.864,,,17.536,,,17.277,,,0.6765510948905109,,
968,EGY,1972,Egypt,False,13.899,,,19.831,,,19.485,,,0.7008723715395089,,
969,EGY,1973,Egypt,False,13.466,,,20.481,,,20.221,,,0.6574874273717103,,
970,EGY,1974,Egypt,False,17.32,,,23.339,,,22.992,,,0.7421054886670381,,
971,EGY,1975,Egypt,False,17.32,,,24.638,,,24.161,,,0.7029791379170387,,
972,EGY,1976,Egypt,False,21.52,,,28.621,,,28.232,,,0.7518954613745152,,
973,EGY,1977,Egypt,False,22.256,,,35.463,,,34.64,,,0.627583678763782,,
974,EGY,1978,Egypt,False,36.372,,,38.71,,,38.537,,,0.9396021699819168,,
975,EGY,1982,Egypt,False,55.164,,,83.872,,,81.621,,,0.6577165204120565,,
976,EGY,1985,Egypt,False,116.91,,,138.56,,,138.56,,,0.84375,,
977,EGY,1986,Egypt,False,121.24,,,151.55,,,147.22,,,0.7999999999999999,,
978,EGY,1987,Egypt,False,134.23,,,168.87,,,164.54,,,0.7948717948717948,,
979,EGY,1988,Egypt,False,155.88,,,194.85,,,186.19,,,0.8,,
980,EGY,1989,Egypt,False,181.86,,,216.5,,,212.17,,,0.8400000000000001,,
981,EGY,1990,Egypt,False,199.18,387.861,128.503,246.81,480.61,159.232,238.15,463.746,153.645,0.8070175438596492,0.8070181644160546,0.8070174336816719
982,EGY,1991,Egypt,False,216.5,366.97,68.993,264.13,447.704,84.171,255.47,433.025,81.412,0.819672131147541,0.8196710326465702,0.8196766107091514
983,EGY,1992,Egypt,False,242.48,372.637,72.998,285.78,439.18,86.033,277.12,425.871,83.426,0.8484848484848485,0.8484835375017077,0.8484883707414597
984,EGY,1993,Egypt,False,285.78,403.376,85.243,333.41,470.605,99.451,329.08,464.493,98.159,0.857142857142857,0.8571434642640855,0.8571356748549537
985,EGY,1994,Egypt,False,298.77,400.083,88.259,359.39,481.259,106.167,355.06,475.461,104.888,0.8313253012048193,0.8313257518300957,0.8313223506362617
986,EGY,1995,Egypt,False,,,,,,,381.04,453.219,112.328,,,
987,EGY,1996,Egypt,False,359.39,410.495,105.968,441.66,504.464,130.226,428.67,489.626,126.396,0.8137254901960783,0.8137250626407434,0.8137238339502096
988,EGY,1997,Egypt,False,407.02,454.732,120.109,471.97,527.295,139.275,463.31,517.62,136.72,0.8623853211009174,0.8623863302326024,0.8623873631304971
989,EGY,1998,Egypt,False,424.34,463.492,125.248,497.95,543.894,146.975,489.29,534.434,144.418,0.8521739130434782,0.8521734014348384,0.8521721381187277
990,EGY,1999,Egypt,False,502.28,543.878,147.936,640.84,693.914,188.746,619.19,670.471,182.369,0.7837837837837837,0.7837830048103944,0.7837834973986204
991,EGY,2000,Egypt,False,541.25,590.031,155.888,731.77,797.722,210.76,701.46,764.681,202.03,0.7396449704142012,0.7396448888209175,0.7396469918390587
992,EGY,2001,Egypt,False,575.89,631.209,144.951,679.81,745.111,171.107,666.82,730.874,167.838,0.8471337579617835,0.847134185376407,0.8471365870478706
993,EGY,2002,Egypt,False,601.87,652.293,133.759,723.11,783.69,160.703,705.79,764.919,156.854,0.8323353293413174,0.832335489798262,0.8323366707528794
994,EGY,2003,Egypt,False,645.17,684.249,110.269,775.07,822.017,132.471,753.42,799.056,128.77,0.8324022346368714,0.8324024928924827,0.8324010538155521
995,EGY,2004,Egypt,False,731.77,716.157,118.099,835.69,817.86,134.87,822.7,805.147,132.774,0.8756476683937823,0.8756474213190522,0.8756506265292504
996,EGY,2005,Egypt,False,723.11,697.717,125.131,930.95,898.258,161.096,896.31,864.835,155.102,0.7767441860465116,0.7767445433271954,0.776748026021751
997,EGY,2006,Egypt,False,814.04,753.212,141.988,1021.88,945.522,178.24,991.57,917.477,172.953,0.7966101694915254,0.7966097034230827,0.7966113105924596
998,EGY,2007,Egypt,False,878.99,765.201,155.976,1130.13,983.83,200.54,1091.16,949.905,193.625,0.7777777777777777,0.7777776648404704,0.7777799940161564
999,EGY,2008,Egypt,True,43.84,33.495,8.07,76.741,58.632,14.126,71.235,54.425,13.113,0.5712722013004783,0.5712750716332378,0.5712869885317854
1000,EGY,2009,Egypt,False,79.912,54.434,14.413,272.022,185.295,49.061,240.272,163.668,43.335,0.29377035680937574,0.2937693947489139,0.2937771345875543
1001,EGY,2010,Egypt,False,600.5,373.661,106.814,800.762,498.274,142.435,760.359,473.133,135.248,0.7499107100486787,0.7499106917077752,0.7499139958577596
1002,EGY,2011,Egypt,False,981.859,572.616,165.496,945.452,551.383,159.359,953.332,555.979,160.688,1.0385075075202126,1.0385086228628737,1.0385105328221187
1003,EGY,2012,Egypt,False,1332.892,771.598,220.092,1285.991,744.448,212.348,1296.577,750.576,214.096,1.0364707062491108,1.0364699750687758,1.0364684386007874
1004,EGY,2013,Egypt,False,1264.304,659.116,184.024,1437.857,749.593,209.285,1398.949,729.309,203.622,0.8792974544756538,0.8792984993189638,0.879298564158922
1005,EGY,2015,Egypt,False,1683.266,717.277,218.854,1855.046,790.476,241.189,1816.641,774.111,236.196,0.9073985227320509,0.9073988331081526,0.9073962742911161
1006,EGY,2016,Egypt,True,1742.14,656.772,173.773,2024.731,763.307,201.96,1961.061,739.303,195.609,0.8604303485253103,0.8604296829453942,0.8604327589621706
1007,EGY,2017,Egypt,False,1892.742,553.133,106.438,2229.71,651.608,125.388,2153.413,629.311,121.097,0.8488736203362769,0.8488738628132253,0.8488691102816857
1008,EGY,2018,Egypt,False,1950.08,531.707,109.757,2325.148,633.973,130.867,2245.307,612.203,126.373,0.8386906983985535,0.8386902912269135,0.8386911902924344
1009,EGY,2019,Egypt,False,2157.66,542.586,128.657,2665.639,670.327,158.947,2592.565,651.951,154.59,0.8094344357956946,0.8094347982402619,0.8094333331236199
1010,EGY,2020,Egypt,False,2350.276,576.993,149.137,2783.753,683.412,176.643,2705.454,664.189,171.675,0.8442832392098005,0.844282804516163,0.8442848004166595
1011,EGY,2021,Egypt,False,2621.784,637.214,167.585,2980.197,724.324,190.495,2912.839,707.953,186.189,0.8797351316037161,0.8797361401803614,0.8797343762303472
1012,EGY,2022,Egypt,False,2946.025,678.973,153.756,3306.615,762.078,172.575,3241.331,747.032,169.168,0.8909489009152866,0.8909494828613344,0.8909517601043025
1013,EGY,2023,Egypt,False,3385.253,606.729,110.534,3976.351,712.67,129.834,3889.176,697.046,126.988,0.8513466240782064,0.8513463454333704,0.8513486451930927
1014,ESP,1971,Spain,False,,,,,,,6054.806,,,,,
1015,ESP,1972,Spain,False,,,,,,,7074.611,,,,,
1016,ESP,1973,Spain,False,,,,,,,8458.741,,,,,
1017,ESP,1974,Spain,False,,,,,,,10682.8,,,,,
1018,ESP,1975,Spain,False,,,,,,,13746.788,,,,,
1019,ESP,1976,Spain,False,,,,,,,17900.702,,,,,
1020,ESP,1977,Spain,False,,,,,,,23522.587,,,,,
1021,ESP,1978,Spain,False,,,,,,,29572.82,,,,,
1022,ESP,1979,Spain,False,,,,,,,36432.495,,,,,
1023,ESP,1980,Spain,False,,,,,,,42987.295,,,,,
1024,ESP,1981,Spain,False,,,,,,,51828.654,,,,,
1025,ESP,1982,Spain,False,,,,,,,59755.389,,,,,
1026,ESP,1983,Spain,False,,,,,,,68901.622,,,,,
1027,ESP,1984,Spain,False,,,,,,,77438.106,,,,,
1028,ESP,1985,Spain,False,,,,,,,85059.967,,,,,
1029,ESP,1986,Spain,False,,,,,,,102282.453,,,,,
1030,ESP,1987,Spain,False,,,,,,,109926.376,,,,,
1031,ESP,1988,Spain,False,,,,,,,117189.96,,,,,
1032,ESP,1989,Spain,False,,,,,,,129836.159,,,,,
1033,ESP,1990,Spain,False,,,,,,,141852.847,,,,,
1034,ESP,1991,Spain,False,,,,,,,152493.476,,,,,
1035,ESP,1992,Spain,False,,,,,,,166527.978,,,,,
1036,ESP,1993,Spain,False,,,,,,,181495.738,,,,,
1037,ESP,1994,Spain,False,,,,,,,187714.04,,,,,
1038,ESP,1995,Spain,False,,,,,,,193721.761,,,,,
1039,ESP,2006,Spain,False,1324.208,1674.727,1662.674,1745.746,2207.845,2191.956,1572.821,1989.147,1974.832,0.7585341739290825,0.7585346797442757,0.7585343866391479
1040,ESP,2007,Spain,False,1669.911,2066.443,2288.577,2196.898,2718.566,3010.8,1976.1,2445.339,2708.202,0.7601222268853629,0.7601224321940319,0.7601225587883619
1041,ESP,2008,Spain,False,1851.946,2308.685,2723.76,2457.322,3063.363,3614.12,2191.699,2732.23,3223.454,0.7536440075822378,0.7536439527408276,0.7536440405963278
1042,ESP,2009,Spain,False,1570.78,1960.167,2190.896,2023.93,2525.651,2822.942,1815.18,2265.153,2531.781,0.7761039166374331,0.7761036659459284,0.7761037952604057
1043,ESP,2010,Spain,False,1595.78,1992.954,2115.552,2049.81,2559.987,2717.467,1838.82,2296.484,2437.754,0.7785014220830223,0.7785016095784861,0.778501450063607
1044,ESP,2011,Spain,False,1601.05,2022.434,2228.59,2058.04,2599.701,2864.7,1841.75,2326.485,2563.634,0.7779489222755631,0.7779486948691408,0.777948825356931
1045,ESP,2012,Spain,False,1595.48,2030.338,2049.855,2083.74,2651.676,2677.166,1850.26,2354.56,2377.193,0.7656809390806916,0.7656810258870239,0.7656809476887125
1046,ESP,2013,Spain,False,1621.61,2138.038,2153.69,2102.1,2771.548,2791.837,1869.11,2464.359,2482.399,0.7714238142809571,0.7714237675118742,0.7714239763997683
1047,ESP,2014,Spain,False,1618.1,2174.199,2149.647,2125.86,2856.463,2824.207,1881.32,2527.881,2499.335,0.7611507813308496,0.761150765824728,0.761150652200777
1048,ESP,2015,Spain,False,1643.79,2226.821,1823.806,2122.47,2875.282,2354.908,1893.7,2565.37,2101.085,0.7744703105344246,0.774470469331356,0.7744701703845756
1049,ESP,2016,Spain,False,1661.0,2312.115,1838.566,2075.65,2889.308,2297.543,1878.09,2614.304,2078.864,0.8002312528605496,0.800231404890029,0.8002313776064256
1050,ESP,2017,Spain,False,1668.68,2348.173,1885.076,2090.65,2941.971,2361.768,1888.95,2658.138,2133.911,0.7981632506636692,0.7981632041920195,0.7981630710552433
1051,ESP,2018,Spain,False,1708.39,2402.187,2017.531,2161.31,3039.044,2552.409,1944.42,2734.072,2296.272,0.7904419079169578,0.7904416652078746,0.7904418923456232
1052,ESP,2019,Spain,False,2120.385,3104.667,2373.717,2717.101,3978.379,3041.726,2435.809,3566.51,2726.826,0.7803850500956718,0.7803849256192031,0.7803848867386477
1053,ESP,2020,Spain,False,2349.408,3422.258,2683.484,2873.061,4185.036,3281.599,2626.703,3826.18,3000.21,0.8177369015137513,0.8177368127777156,0.817736719203047
1054,ESP,2021,Spain,False,2339.935,3575.023,2767.535,2821.374,4310.58,3336.952,2593.193,3961.959,3067.074,0.8293600919268413,0.8293600861137017,0.829360146624824
1055,ESP,2022,Spain,False,2400.771,3803.576,2528.129,2989.707,4736.635,3148.307,2708.794,4291.58,2852.492,0.8030121346339291,0.8030122650362546,0.8030122221244624
1056,ESP,2023,Spain,False,2624.343,4190.908,2837.619,3240.36,5174.649,3503.7,2944.235,4701.756,3183.509,0.8098924193608117,0.8098922265065708,0.8098921140508606
1057,EST,1992,Estonia,True,,,,,,,549.0,4929.2,,,,
1058,EST,1993,Estonia,False,,,,,,,1066.0,5191.239,80.619,,,
1059,EST,1994,Estonia,False,,,,,,,1734.0,5868.06,133.475,,,
1060,EST,1995,Estonia,False,,,,,,,2375.0,6581.39,207.157,,,
1061,EST,1996,Estonia,False,,,,,,,2985.0,6795.35,247.965,,,
1062,EST,1997,Estonia,False,,,,,,,3573.0,7539.263,257.388,,,
1063,EST,1998,Estonia,False,,,,,,,4125.0,8236.821,293.08,,,
1064,EST,1999,Estonia,False,,,,,,,4440.0,8681.625,302.502,,,
1065,EST,2000,Estonia,False,,,,,,,4907.0,9635.588,289.181,,,
1066,EST,2001,Estonia,False,,,,,,,5510.0,10327.326,315.252,,,
1067,EST,2002,Estonia,False,329.82,10995.471,311.869,451.22,15042.679,426.662,395.33,13179.429,373.814,0.7309516422144408,0.730951647642019,0.7309509635261636
1068,EST,2003,Estonia,False,,,,,,,6723.0,12688.545,485.191,,,
1069,EST,2004,Estonia,False,338.393,628.301,26.866,495.586,920.162,39.346,414.186,769.027,32.883,0.6828138809409466,0.6828156346382485,0.6828140090479338
1070,EST,2005,Estonia,False,359.666,649.094,28.582,535.064,965.636,42.52,445.495,803.99,35.402,0.6721924853849259,0.6721932488018261,0.6722013170272813
1071,EST,2006,Estonia,False,416.605,712.432,33.421,611.912,1046.425,49.089,512.271,876.031,41.095,0.6808250205911961,0.6808247127123301,0.6808246246613294
1072,EST,2007,Estonia,False,650.047,1057.875,56.853,962.96,1567.104,84.22,804.916,1309.905,70.398,0.6750508847719532,0.6750509219554031,0.6750534314889575
1073,EST,2008,Estonia,False,779.151,1246.409,72.856,1127.079,1802.989,105.389,948.293,1516.985,88.672,0.6913011421559624,0.6913014998982246,0.6913055442218827
1074,EST,2009,Estonia,False,841.205,1403.724,74.724,1221.729,2038.706,108.526,1017.959,1698.674,90.426,0.6885364921353263,0.6885367483099574,0.6885354661555757
1075,EST,2010,Estonia,False,862.178,1469.702,73.024,1251.419,2133.216,105.991,1040.87,1774.306,88.158,0.688960292276208,0.6889607053387937,0.6889641573341133
1076,EST,2011,Estonia,False,852.164,,,1260.796,,,1043.19,,,0.6758936417945488,,
1077,EST,2012,Estonia,False,918.127,1535.175,1179.599,1354.624,2265.03,1740.406,1129.167,1888.049,1450.74,0.6777725774827553,0.6777724798347041,0.6777723128971056
1078,EST,2013,Estonia,False,970.231,1621.999,1288.581,1490.048,2491.011,1978.96,1218.527,2037.092,1618.348,0.6511407686195344,0.6511408420115367,0.6511404980393741
1079,EST,2014,Estonia,False,1133.255,1891.978,1505.53,1689.055,2819.891,2243.911,1400.531,2338.197,1860.606,0.6709402594942142,0.6709401178981741,0.6709401576087465
1080,EST,2015,Estonia,False,1217.125,2017.757,1350.416,1653.322,2740.887,1834.382,1429.967,2370.607,1586.566,0.7361693608383606,0.7361693495572783,0.7361694565254129
1081,EST,2016,Estonia,False,1239.163,2087.317,1371.633,1714.109,2887.344,1897.353,1471.64,2478.915,1628.963,0.7229196042958762,0.7229194027452219,0.7229192459178656
1082,EST,2017,Estonia,False,1299.89,2143.18,1468.462,1674.764,2761.249,1891.949,1482.831,2444.802,1675.127,0.7761630892472015,0.7761632507607971,0.7761636280893407
1083,EST,2018,Estonia,False,1440.261,2351.735,1700.883,1842.367,3008.314,2175.751,1637.51,2673.813,1933.825,0.7817448966465422,0.781745190162995,0.7817452456646004
1084,EST,2019,Estonia,False,1510.551,2499.976,1691.023,1886.108,3121.527,2111.45,1693.642,2802.994,1895.989,0.800882558156797,0.8008823886514517,0.8008823320466978
1085,EST,2020,Estonia,False,1699.39,2817.048,1941.036,2149.896,3563.844,2455.603,1920.384,3183.385,2193.455,0.7904521893152041,0.7904521073312972,0.7904518767895299
1086,EST,2021,Estonia,False,1843.801,2922.831,2180.737,2248.34,3564.116,2659.203,2044.395,3240.816,2417.988,0.8200721421137371,0.8200717933984192,0.8200716530479245
1087,EST,2022,Estonia,False,1916.774,2864.464,2018.456,2361.554,3529.153,2486.831,2132.681,3187.121,2245.817,0.8116579167785279,0.8116576413660729,0.8116578890966052
1088,EST,2023,Estonia,False,2142.428,3086.592,2316.54,2716.815,3914.11,2937.607,2418.598,3484.47,2615.154,0.788580746204655,0.7885808012549469,0.7885806372329587
1089,ETH,2005,Ethiopia,False,237.638,109.966,27.42,393.268,181.982,45.378,334.991,155.015,38.654,0.6042647761831627,0.6042685540328164,0.6042575697474547
1090,ETH,2013,Ethiopia,False,1039.51,145.071,55.808,1516.786,211.678,81.431,1345.499,187.774,72.235,0.6853372855498402,0.6853381078808378,0.6853409635151233
1091,ETH,2021,Ethiopia,False,3439.449,255.973,78.645,4617.399,343.639,105.58,4195.965,312.275,95.943,0.7448888432643572,0.7448892587861099,0.7448853949611669
1092,FIN,2004,Finland,False,1887.637,1774.915,2348.036,2571.503,2417.944,3198.699,2227.584,2094.562,2770.896,0.7340598086022065,0.7340595977408906,0.7340596911431804
1093,FIN,2005,Finland,False,1925.481,1802.868,2395.472,2616.847,2450.209,3255.594,2265.635,2121.361,2818.655,0.7358019020599981,0.7358017214041741,0.7358018229545822
1094,FIN,2006,Finland,False,1984.211,1899.873,2491.373,2692.855,2578.397,3381.145,2336.174,2236.876,2933.297,0.7368428675142182,0.7368426972262224,0.7368429925365519
1095,FIN,2007,Finland,False,2606.696,2578.49,3572.42,3495.271,3457.45,4790.193,3052.066,3019.041,4182.79,0.745777938248565,0.7457779577434236,0.745777884106131
1096,FIN,2008,Finland,False,2647.005,2667.672,3893.097,3669.396,3698.045,5396.784,3156.464,3181.108,4642.387,0.7213734903510005,0.72137359064046,0.7213735068885471
1097,FIN,2009,Finland,False,2868.588,2911.486,4001.056,3933.499,3992.322,5486.375,3396.454,3447.245,4737.314,0.7292713179792344,0.7292713363300856,0.7292713312524208
1098,FIN,2010,Finland,False,3008.14,3073.457,3987.941,3908.195,3993.055,5181.159,3452.691,3527.66,4577.29,0.7697005906818876,0.769700642740959,0.7697005631365492
1099,FIN,2011,Finland,False,3137.946,3222.041,4367.88,3951.765,4057.671,5500.681,3541.288,3636.192,4929.314,0.7940618938626158,0.794061667394917,0.794061680726441
1100,FIN,2012,Finland,False,3232.304,3263.701,4152.828,4165.486,4205.947,5351.769,3691.604,3727.462,4742.931,0.7759728396638472,0.7759729259546067,0.7759729539896061
1101,FIN,2013,Finland,False,3326.753,3385.222,4418.32,4308.903,4384.635,5722.732,3809.484,3876.438,5059.444,0.7720649548156456,0.7720647214648426,0.7720648110028566
1102,FIN,2014,Finland,False,3532.456,3610.239,4692.871,4432.131,4529.724,5888.09,3965.993,4053.322,5268.825,0.7970107381753834,0.7970108112547254,0.7970107454199918
1103,FIN,2015,Finland,False,3634.316,3710.985,4032.32,4530.029,4625.593,5026.125,4081.802,4167.911,4528.812,0.8022721267347294,0.8022722708201955,0.8022721281305181
1104,FIN,2016,Finland,False,3680.155,3873.66,4073.575,4584.065,4825.098,5074.115,4128.517,4345.597,4569.869,0.8028147506634397,0.8028147822075323,0.8028148751062993
1105,FIN,2017,Finland,False,3707.211,3950.418,4187.966,4566.444,4866.021,5158.626,4135.847,4407.175,4672.188,0.811837613688025,0.8118374335005953,0.8118374931619389
1106,FIN,2018,Finland,False,3647.848,3932.142,4307.943,4576.121,4932.76,5404.191,4115.657,4436.409,4860.404,0.7971485019736148,0.7971484523877098,0.7971485463781721
1107,FIN,2019,Finland,False,3646.56,4056.746,4082.231,4621.77,5141.653,5173.954,4129.216,4593.693,4622.552,0.7889964234481593,0.7889964569759959,0.7889963845832415
1108,FIN,2020,Finland,False,3756.05,4234.874,4290.145,4674.024,5269.873,5338.652,4229.336,4768.496,4830.732,0.8036009228878584,0.8036007698857259,0.8036007966055851
1109,FIN,2021,Finland,False,3865.457,4433.484,4571.832,4779.46,5481.799,5652.86,4336.414,4973.648,5128.852,0.8087643792394956,0.8087644220446609,0.8087644130581689
1110,FIN,2022,Finland,False,4150.138,4885.102,4370.297,5090.332,5991.798,5360.367,4620.305,5438.532,4865.406,0.8152980984344439,0.8152981792777394,0.8152980943282427
1111,FIN,2023,Finland,False,4283.923,5008.158,4632.072,5240.5,6126.452,5666.388,4759.639,5564.298,5146.449,0.8174645549088827,0.8174646598063611,0.8174646706155668
1112,FJI,2005,Fiji,True,586.416,665.068,346.777,591.658,671.013,349.877,590.101,669.247,348.956,0.9911401519120844,0.9911402610679673,0.9911397433955361
1113,FJI,2011,Fiji,False,901.079,886.674,503.148,931.846,916.948,520.327,922.178,907.435,514.929,0.9669827417835135,0.9669839511073692,0.9669842233826037
1114,FJI,2016,Fiji,False,1033.795,1049.265,493.53,1075.061,1091.148,513.23,1060.948,1076.824,506.493,0.9616152013699689,0.9616156561712986,0.961615649903552
1115,FLK,2012,"Falkland Islands, Malvinas",False,122.833,,,173.083,,,139.583,,,0.7096768602346851,,
1116,FLK,2016,"Falkland Islands, Malvinas",False,1891.667,,,2363.083,,,2154.167,,,0.8005080650997023,,
1117,FRA,1999,France,False,1146.7,1186.951,1222.126,1558.4,1613.102,1660.906,1366.9,1414.88,1456.81,0.7358187885010267,0.735818937674121,0.7358188843920126
1118,FRA,2000,France,False,1171.1,1251.967,1081.643,1592.4,1702.359,1470.761,1396.3,1492.718,1289.64,0.735430796282341,0.7354306582806566,0.7354308415847307
1119,FRA,2001,France,False,1208.9,1326.495,1082.726,1629.9,1788.448,1459.787,1434.7,1574.26,1284.96,0.7417019449045954,0.7417017436347044,0.7417013578008299
1120,FRA,2002,France,False,1937.07,2139.116,1831.642,2350.07,2595.194,2222.164,2203.8,2433.667,2083.855,0.8242605539409463,0.824260536977197,0.8242604956249853
1121,FRA,2004,France,False,1694.399,1796.49,2107.667,2261.96,2398.247,2813.657,1992.726,2112.792,2478.757,0.7490844223593697,0.749084643908655,0.7490845543717659
1122,FRA,2005,France,True,1325.897,1427.031,1649.536,1772.226,1907.403,2204.809,1557.414,1676.206,1937.563,0.7481534522120767,0.7481539035012528,0.7481536949459113
1123,FRA,2006,France,False,1371.114,1478.087,1721.569,1801.633,1942.196,2262.128,1592.678,1716.938,1999.764,0.7610395679919273,0.7610390506416449,0.7610396051859134
1124,FRA,2007,France,False,1410.484,1523.068,1933.038,1847.072,1994.504,2531.372,1633.953,1764.374,2239.297,0.7636323868262851,0.7636324620055914,0.7636325281309899
1125,FRA,2008,France,False,1443.25,1559.936,2122.668,1898.871,2052.395,2792.776,1676.993,1812.578,2466.447,0.7600568969666712,0.7600564218875996,0.7600566604697263
1126,FRA,2009,France,False,1476.967,1625.231,2060.048,1951.293,2147.171,2721.629,1717.239,1889.622,2395.175,0.7569170801104704,0.7569173577698284,0.7569172727068971
1127,FRA,2010,France,False,1503.324,1675.357,1992.982,1969.879,2195.301,2611.501,1738.951,1937.948,2305.357,0.7631555034598573,0.7631559408026508,0.7631557483608086
1128,FRA,2011,France,False,1541.476,1746.385,2145.666,2023.092,2292.022,2816.053,1784.44,2021.646,2483.861,0.7619406334462299,0.7619407667116633,0.7619409151745369
1129,FRA,2012,France,False,1566.588,1767.192,2012.734,2067.191,2331.898,2655.903,1819.133,2052.076,2337.201,0.7578341817471148,0.7578341762804376,0.7578341528286237
1130,FRA,2013,France,False,1575.89,1830.106,2092.967,2075.444,2410.247,2756.435,1826.341,2120.959,2425.596,0.7593025877836261,0.7593022623822372,0.7593021420784456
1131,FRA,2014,France,False,1601.748,1863.642,2127.923,2084.425,2425.24,2769.161,1843.536,2144.964,2449.14,0.7684363793372272,0.7684361135392787,0.7684359992069799
1132,FRA,2015,France,False,1609.714,1846.131,1785.998,2093.43,2400.89,2322.687,1851.132,2123.006,2053.855,0.768936147853045,0.7689361028618554,0.7689361502432313
1133,FRA,2016,France,False,1625.982,1919.362,1799.804,2107.755,2488.063,2333.08,1866.954,2203.814,2066.538,0.7714283680978101,0.7714282154430977,0.7714283265040205
1134,FRA,2017,France,False,1659.395,1957.212,1874.587,2118.576,2498.804,2393.316,1889.213,2228.277,2134.209,0.7832596045645754,0.7832595113502299,0.7832592937998994
1135,FRA,2018,France,False,1687.112,2006.761,1992.403,2175.934,2588.197,2569.679,1931.652,2297.633,2281.193,0.775350722953913,0.775350948942449,0.7753509290460014
1136,FRA,2019,France,False,1739.648,2154.635,1947.492,2235.438,2768.694,2502.516,1986.284,2460.105,2223.595,0.7782134865739957,0.7782134826022667,0.7782136058270955
1137,FRA,2020,France,False,1780.588,2246.28,2033.781,2252.553,2841.682,2572.857,2015.55,2542.694,2302.154,0.7904755182231007,0.7904755000735482,0.7904757240686132
1138,FRA,2021,France,False,3220.355,4065.115,3808.844,4496.244,5675.693,5317.889,3856.986,4868.745,4561.813,0.716232259637155,0.7162323614050301,0.716232324518244
1139,FRA,2022,France,False,3385.675,4467.762,3565.28,4539.734,5990.668,4780.561,3958.107,5223.148,4168.079,0.7457870879659468,0.7457869472986985,0.7457869484355498
1140,FRA,2023,France,False,3571.583,4628.034,3861.841,4642.333,6015.504,5019.608,4107.888,5322.974,4441.731,0.7693508845660146,0.7693509970236907,0.7693511126765277
1141,GBR,1969,United Kingdom of Great Britain and Northern Ireland,False,52.436,,,107.514,,,,,,0.4877132280447198,,
1142,GBR,1970,United Kingdom of Great Britain and Northern Ireland,False,60.577,,,121.457,,,,,,0.4987526449690014,,
1143,GBR,1971,United Kingdom of Great Britain and Northern Ireland,False,68.414,,,133.927,,,,,,0.5108305270781844,,
1144,GBR,1972,United Kingdom of Great Britain and Northern Ireland,False,79.239,,,155.101,,,,,,0.5108864546327877,,
1145,GBR,1973,United Kingdom of Great Britain and Northern Ireland,False,91.623,,,177.184,,,,,,0.5171065107458913,,
1146,GBR,1974,United Kingdom of Great Britain and Northern Ireland,False,116.953,,,210.568,,,,,,0.5554167774780593,,
1147,GBR,1975,United Kingdom of Great Britain and Northern Ireland,False,148.043,,,257.981,,,,,,0.5738523379628733,,
1148,GBR,1976,United Kingdom of Great Britain and Northern Ireland,False,175.841,,,289.98,,,,,,0.6063900958686805,,
1149,GBR,1977,United Kingdom of Great Britain and Northern Ireland,False,191.862,,,315.614,,,,,,0.6079007902057577,,
1150,GBR,1978,United Kingdom of Great Britain and Northern Ireland,False,216.63,,,361.555,,,,,,0.599161953229799,,
1151,GBR,1979,United Kingdom of Great Britain and Northern Ireland,False,252.179,,,419.75,,,,,,0.6007837998808815,,
1152,GBR,1980,United Kingdom of Great Britain and Northern Ireland,True,297.601,,,489.55,,,,,,0.6079072617710142,,
1153,GBR,1981,United Kingdom of Great Britain and Northern Ireland,False,330.985,,,543.761,,,,,,0.6086957321323155,,
1154,GBR,1982,United Kingdom of Great Britain and Northern Ireland,False,363.547,,,593.47,,,554.197,,,0.6125785633646182,,
1155,GBR,1983,United Kingdom of Great Britain and Northern Ireland,True,395.156,,,643.568,,,600.744,,,0.6140081545384481,,
1156,GBR,1984,United Kingdom of Great Britain and Northern Ireland,False,421.482,,,689.769,,,643.828,,,0.611048046519922,,
1157,GBR,1985,United Kingdom of Great Britain and Northern Ireland,False,,,,,,,694.489,,,,,
1158,GBR,1986,United Kingdom of Great Britain and Northern Ireland,False,,,,,,,740.517,,,,,
1159,GBR,1987,United Kingdom of Great Britain and Northern Ireland,False,,,,,,,797.153,,,,,
1160,GBR,1988,United Kingdom of Great Britain and Northern Ireland,False,,,,,,,859.808,,,,,
1161,GBR,1989,United Kingdom of Great Britain and Northern Ireland,False,,,,,,,928.655,,,,,
1162,GBR,1990,United Kingdom of Great Britain and Northern Ireland,False,,,,,,,1003.91,1342.805,1782.584,,,
1163,GBR,1991,United Kingdom of Great Britain and Northern Ireland,False,,,,,,,1057.126,1346.822,1864.37,,,
1164,GBR,1998,United Kingdom of Great Britain and Northern Ireland,False,1365.867,1688.93,2262.029,1615.467,1997.567,2675.395,,,,0.8454935941124144,0.8454935428949317,0.8454934691886619
1165,GBR,1999,United Kingdom of Great Britain and Northern Ireland,False,1435.2,1775.728,2322.116,,,,1767.567,2186.955,2859.877,,,
1166,GBR,2000,United Kingdom of Great Britain and Northern Ireland,False,1494.567,1922.126,2261.306,2044.467,2629.34,3093.314,1959.533,2520.109,2964.808,0.7310301413522449,0.731029840188032,0.731030215490571
1167,GBR,2001,United Kingdom of Great Britain and Northern Ireland,False,1590.767,2104.047,2290.01,2037.1,2694.395,2932.535,1949.133,2578.045,2805.901,0.7808978449757008,0.7808977525566965,0.7808977556960106
1168,GBR,2002,United Kingdom of Great Britain and Northern Ireland,False,1676.133,2193.955,2512.102,2268.067,2968.759,3399.262,2046.2,2678.349,3066.739,0.7390138827468501,0.7390141806727997,0.7390139389079158
1169,GBR,2003,United Kingdom of Great Britain and Northern Ireland,False,1736.367,2284.906,2835.012,2336.967,3075.243,3815.627,2112.933,2780.435,3449.842,0.7430002220827251,0.7430001466550773,0.7430002985092621
1170,GBR,2004,United Kingdom of Great Britain and Northern Ireland,False,1829.1,2463.02,3348.896,2415.4,3252.516,4422.352,2193.1,2953.173,4015.343,0.7572658772874058,0.7572660672537813,0.7572658169227597
1171,GBR,2005,United Kingdom of Great Britain and Northern Ireland,True,1290.213,747.655,1605.142,2078.462,1204.43,2585.794,1680.222,973.657,2090.347,0.620753711157577,0.6207542156870884,0.6207540121138807
1172,GBR,2006,United Kingdom of Great Britain and Northern Ireland,False,1340.903,774.32,1683.636,2164.076,1249.672,2717.211,1750.45,1010.819,2197.864,0.6196191815814233,0.6196185879174696,0.6196191609705688
1173,GBR,2007,United Kingdom of Great Britain and Northern Ireland,False,1404.491,675.015,1924.824,2233.261,1073.332,3060.635,1819.758,874.597,2493.938,0.6288969359156856,0.6288967439711104,0.6288969445882961
1174,GBR,2008,United Kingdom of Great Britain and Northern Ireland,False,1458.775,706.708,2145.501,2324.054,1125.895,3418.116,1890.482,915.849,2780.437,0.6276855012835331,0.6276855301782137,0.6276852511734535
1175,GBR,2009,United Kingdom of Great Britain and Northern Ireland,False,1486.289,873.511,2073.05,2346.685,1379.177,3273.115,1912.966,1124.274,2668.171,0.6333568416724017,0.6333567047594326,0.6333569092439466
1176,GBR,2010,United Kingdom of Great Britain and Northern Ireland,False,1516.413,951.721,2010.334,2380.216,1493.855,3155.493,1944.876,1220.63,2578.354,0.6370904993496389,0.6370906145509437,0.6370903056986659
1177,GBR,2011,United Kingdom of Great Britain and Northern Ireland,False,1538.277,886.937,2141.213,2416.518,1393.311,3363.684,1973.769,1138.032,2747.398,0.6365675736741874,0.6365678588628095,0.6365678226611061
1178,GBR,2012,United Kingdom of Great Britain and Northern Ireland,False,1576.496,986.752,2025.464,2456.823,1537.762,3156.498,2014.78,1261.081,2588.567,0.6416807397195484,0.6416805721561594,0.6416807487284959
1179,GBR,2013,United Kingdom of Great Britain and Northern Ireland,False,1617.156,982.324,2147.774,2504.403,1521.272,3326.142,2057.561,1249.843,2732.684,0.6457251488678141,0.6457254192544134,0.6457252877357611
1180,GBR,2014,United Kingdom of Great Britain and Northern Ireland,False,1639.382,939.171,2177.921,2536.357,1453.031,3369.553,2086.503,1195.318,2771.921,0.6463530173394361,0.6463530372029228,0.6463530919383075
1181,GBR,2015,United Kingdom of Great Britain and Northern Ireland,False,1680.853,1230.582,1864.929,2581.271,1889.793,2863.953,2131.64,1560.611,2365.082,0.6511726199999922,0.6511729062389374,0.6511730464850506
1182,GBR,2016,United Kingdom of Great Britain and Northern Ireland,False,1715.012,1455.138,1898.352,2640.146,2240.088,2922.386,2173.03,1843.752,2405.333,0.6495898332895226,0.649589658977683,0.6495897530305716
1183,GBR,2017,United Kingdom of Great Britain and Northern Ireland,False,1764.867,1542.796,1993.737,2723.063,2380.424,3076.193,2243.247,1960.982,2534.154,0.6481183138252768,0.6481181503799324,0.6481183072713578
1184,GBR,2018,United Kingdom of Great Britain and Northern Ireland,False,1849.892,1503.13,2184.638,2786.275,2263.988,3290.464,2315.906,1881.789,2734.98,0.6639301576477555,0.6639301975098809,0.6639300718682836
1185,GBR,2019,United Kingdom of Great Britain and Northern Ireland,False,1997.0,2643.234,2548.998,2968.0,3928.451,3788.396,2482.0,3285.181,3168.059,0.6728436657681941,0.6728438257216394,0.6728435992435848
1186,GBR,2020,United Kingdom of Great Britain and Northern Ireland,False,2082.927,1893.336,2379.112,3023.062,2747.898,3452.93,2543.343,2311.844,2904.997,0.6890123325290716,0.6890124742621451,0.6890125198020233
1187,GBR,2021,United Kingdom of Great Britain and Northern Ireland,False,2099.43,1754.61,2483.08,3019.46,2523.53,3571.237,2553.992,2134.513,3020.709,0.695299821822445,0.6952998379254456,0.6952996958756867
1188,GBR,2022,United Kingdom of Great Britain and Northern Ireland,False,2271.927,2500.059,2392.449,3219.269,3542.527,3390.046,2744.647,3020.247,2890.247,0.7057276046208006,0.7057275780819737,0.7057275918969832
1189,GBR,2023,United Kingdom of Great Britain and Northern Ireland,False,2437.933,2552.656,2636.061,3388.911,3548.385,3664.324,2913.212,3050.3,3149.964,0.719385371879049,0.7193852978185851,0.7193853491121418
1190,GEO,1997,Georgia,False,,,,,,,43.4,94.169,33.449,,,
1191,GEO,1998,Georgia,False,,,,,,,55.4,117.868,39.861,,,
1192,GEO,1999,Georgia,False,47.4,86.46,23.413,90.9,165.807,44.9,67.5,123.124,33.341,0.5214521452145214,0.5214496372288263,0.5214476614699332
1193,GEO,2000,Georgia,False,58.8,106.546,29.755,95.9,173.772,48.528,72.3,131.009,36.586,0.6131386861313868,0.613136753907419,0.6131511704582921
1194,GEO,2001,Georgia,False,63.5,113.062,30.632,125.2,222.919,60.395,94.6,168.435,45.634,0.5071884984025559,0.5071887098004207,0.507194304164252
1195,GEO,2002,Georgia,False,75.7,129.676,34.477,150.1,257.124,68.362,113.5,194.428,51.693,0.5043304463690873,0.5043325399418178,0.5043298908750475
1196,GEO,2003,Georgia,False,85.7,148.891,39.941,163.0,283.188,75.968,125.9,218.733,58.677,0.5257668711656441,0.5257673347740723,0.5257608466722831
1197,GEO,2004,Georgia,False,108.0,182.344,56.348,200.7,338.855,104.714,156.6,264.398,81.705,0.5381165919282511,0.5381180741024921,0.5381133372805929
1198,GEO,2005,Georgia,False,131.1,211.418,72.324,267.9,432.029,147.793,204.2,329.303,112.651,0.4893617021276596,0.4893606679181259,0.48936011854418
1199,GEO,2006,Georgia,False,177.6,270.835,99.751,362.0,552.04,203.321,277.9,423.79,156.086,0.49060773480662984,0.49060756466922684,0.49060844674185156
1200,GEO,2007,Georgia,False,240.2,344.865,143.79,475.6,682.839,284.707,368.1,528.496,220.354,0.5050462573591252,0.5050458453603265,0.5050455380443755
1201,GEO,2008,Georgia,False,367.7,498.357,246.648,678.4,919.459,455.06,534.9,724.968,358.803,0.5420106132075472,0.542011117407084,0.5420120423680393
1202,GEO,2009,Georgia,False,398.3,528.776,238.433,690.8,917.093,413.532,556.8,739.198,333.316,0.5765778807180082,0.576578384089727,0.5765769033593531
1203,GEO,2010,Georgia,False,426.6,537.423,239.348,742.8,935.766,416.755,597.6,752.846,335.289,0.574313408723748,0.5743134501574112,0.5743134455495436
1204,GEO,2011,Georgia,False,460.2,550.983,272.874,771.138,923.26,457.243,635.967,761.424,377.094,0.596780342818017,0.5967798886554166,0.5967811426309425
1205,GEO,2012,Georgia,False,517.9,675.758,313.64,859.6,1121.609,520.573,712.5,929.672,431.489,0.6024895300139599,0.6024898159697364,0.6024899485758962
1206,GEO,2013,Georgia,False,585.0,745.906,351.7,920.3,1173.431,553.281,773.1,985.743,464.785,0.6356622840378138,0.6356624292352937,0.6356625295283952
1207,GEO,2014,Georgia,False,617.881,762.978,349.942,979.965,1210.09,555.011,818.021,1010.117,463.293,0.6305133346599113,0.6305134328851573,0.6305136294595963
1208,GEO,2015,Georgia,False,692.531,812.237,305.168,1074.322,1260.022,473.407,900.416,1056.055,396.774,0.6446214449671513,0.6446212843902726,0.6446208019737774
1209,GEO,2016,Georgia,False,731.224,840.705,308.96,1116.591,1283.771,471.788,940.01,1080.752,397.178,0.6548718375842185,0.6548714685095707,0.6548704078950714
1210,GEO,2017,Georgia,False,461.697,492.387,183.976,634.781,676.976,252.947,546.466,582.791,217.755,0.7273327336514483,0.7273330221455413,0.7273302312342111
1211,GEO,2018,Georgia,False,471.008,501.965,185.867,646.709,689.213,255.201,556.574,593.154,219.633,0.7283152082312138,0.7283162099380017,0.7283161116139827
1212,GEO,2019,Georgia,False,515.48,538.115,182.915,686.685,716.838,243.666,599.346,625.664,212.674,0.7506789867260827,0.7506786749586378,0.7506792084246469
1213,GEO,2020,Georgia,False,544.624,542.118,175.176,684.379,681.231,220.127,613.599,610.776,197.361,0.7957929743606978,0.795791735842908,0.7957951546152902
1214,GEO,2021,Georgia,False,575.975,536.551,178.788,753.966,702.359,234.038,663.756,618.324,206.036,0.7639270205818299,0.7639269945996279,0.763927225493296
1215,GEO,2022,Georgia,False,648.808,583.359,222.484,848.333,762.756,290.904,745.602,670.388,255.676,0.7648034439306263,0.7648042099963817,0.7648021340373456
1216,GEO,2023,Georgia,False,751.361,686.302,285.911,992.328,906.403,377.604,866.97,791.899,329.902,0.7571700083037061,0.7571709272806908,0.7571715341998496
1217,GGY,2005,Guernsey,False,,,,,,,1906.667,,,,,
1218,GGY,2006,Guernsey,False,,,,,,,1971.667,,,,,
1219,GGY,2007,Guernsey,False,,,,,,,2080.0,,,,,
1220,GGY,2008,Guernsey,False,,,,,,,2177.5,,,,,
1221,GGY,2009,Guernsey,False,,,,,,,2253.333,,,,,
1222,GGY,2010,Guernsey,False,,,,,,,2285.833,,,,,
1223,GGY,2011,Guernsey,False,,,,,,,2361.667,,,,,
1224,GGY,2012,Guernsey,False,,,,,,,2437.5,,,,,
1225,GGY,2013,Guernsey,False,2166.667,,,2730.0,,,2470.0,,,0.7936509157509157,,
1226,GGY,2014,Guernsey,False,,,,,,,2524.167,,,,,
1227,GGY,2015,Guernsey,False,,,,,,,2545.833,,,,,
1228,GGY,2016,Guernsey,False,,,,,,,2620.0,,,,,
1229,GHA,1975,Ghana,False,,,,,,,101.6,,,,,
1230,GHA,1976,Ghana,False,,,,,,,114.0,,,,,
1231,GHA,1977,Ghana,False,,,,,,,214.96,,,,,
1232,GHA,1978,Ghana,False,,,,,,,226.13,,,,,
1233,GHA,1979,Ghana,True,,,,,,,285.83,,,,,
1234,GHA,1980,Ghana,False,,,,,,,461.0,,,,,
1235,GHA,1981,Ghana,False,,,,,,,593.0,,,,,
1236,GHA,1982,Ghana,False,,,,,,,645.0,,,,,
1237,GHA,1983,Ghana,False,,,,,,,1110.0,,,,,
1238,GHA,1984,Ghana,False,,,,,,,2287.0,,,,,
1239,GHA,1985,Ghana,False,,,,,,,3633.0,,,,,
1240,GHA,1986,Ghana,False,,,,,,,7433.0,,,,,
1241,GHA,1987,Ghana,False,,,,,,,10524.0,,,,,
1242,GHA,1988,Ghana,False,,,,,,,13805.0,,,,,
1243,GHA,1989,Ghana,False,,,,,,,24257.0,,,,,
1244,GHA,1990,Ghana,False,,,,,,,30056.0,,,,,
1245,GHA,1991,Ghana,False,27343.181,,,32976.372,,,31533.845,,,0.8291749316753219,,
1246,GHA,2006,Ghana,True,941622.688,,,1236036.92,,,1159860.505,,,0.761807898100649,,
1247,GHA,2013,Ghana,True,500.584,532.517,252.648,679.554,722.905,342.975,625.753,665.672,315.822,0.7366360877869897,0.7366348275361218,0.7366367811064946
1248,GHA,2015,Ghana,True,710.52,539.172,191.275,1008.882,765.581,271.596,895.608,679.624,241.102,0.7042647207502959,0.7042651267468759,0.7042629493806978
1249,GHA,2017,Ghana,True,621.538,363.637,142.865,954.579,558.486,219.417,849.39,496.944,195.238,0.6511121656772253,0.6511121138220116,0.6511118099326852
1250,GHA,2022,Ghana,False,1299.269,435.618,157.061,2067.396,693.156,249.915,1797.204,602.566,217.253,0.6284567639678126,0.6284559319979919,0.6284576756097073
1251,GIB,1970,Gibraltar,False,,,,,,,59.408,,,,,
1252,GIB,1971,Gibraltar,False,,,,,,,69.54,,,,,
1253,GIB,1972,Gibraltar,False,,,,,,,76.208,,,,,
1254,GIB,1973,Gibraltar,False,,,,,,,101.322,,,,,
1255,GIB,1974,Gibraltar,False,,,,,,,105.825,,,,,
1256,GIB,1975,Gibraltar,False,,,,,,,131.892,,,,,
1257,GIB,1976,Gibraltar,False,,,,,,,146.744,,,,,
1258,GIB,1977,Gibraltar,False,,,,,,,177.92,,,,,
1259,GIB,1978,Gibraltar,False,,,,,,,263.177,,,,,
1260,GIB,1979,Gibraltar,False,,,,,,,300.415,,,,,
1261,GIB,1980,Gibraltar,False,278.289,,,422.175,,,398.187,,,0.65917925031089,,
1262,GIB,1981,Gibraltar,False,294.224,,,433.13,,,,,,0.6792972086902316,,
1263,GIB,1982,Gibraltar,False,310.331,,,500.375,,,462.617,,,0.6201968523607295,,
1264,GIB,1983,Gibraltar,False,328.127,,,526.961,,,485.999,,,0.6226779590899516,,
1265,GIB,1984,Gibraltar,False,326.309,,,543.761,,,498.859,,,0.6000963658666216,,
1266,GIB,1985,Gibraltar,False,373.419,,,580.177,,,538.479,,,0.6436294441179157,,
1267,GIB,1986,Gibraltar,False,394.29,,,621.312,,,571.387,,,0.6346086990111248,,
1268,GIB,1987,Gibraltar,False,411.61,,,655.562,,,602.216,,,0.6278734887012976,,
1269,GIB,1988,Gibraltar,False,461.838,,,745.756,,,685.569,,,0.6192883463223897,,
1270,GIB,1989,Gibraltar,False,538.003,,,807.328,,,750.172,,,0.6663995303024298,,
1271,GIB,1990,Gibraltar,False,574.374,,,856.344,,,796.33,,,0.6707281186065412,,
1272,GIB,1991,Gibraltar,False,630.664,,,972.258,,,905.143,,,0.648659100773663,,
1273,GIB,1992,Gibraltar,False,666.95,,,946.495,,,892.759,,,0.7046524281691927,,
1274,GIB,1993,Gibraltar,False,676.0,,,955.977,,,887.044,,,0.7071299832527351,,
1275,GIB,1994,Gibraltar,False,668.595,,,940.303,,,939.653,,,0.7110420789894322,,
1276,GIB,1995,Gibraltar,False,706.05,,,1010.276,,,934.847,,,0.6988684280335274,,
1277,GIB,1996,Gibraltar,False,743.591,,,1079.512,,,992.912,,,0.6888214304241176,,
1278,GIB,1997,Gibraltar,False,715.576,,,1009.02,,,930.95,,,0.7091792035836753,,
1279,GIB,1998,Gibraltar,False,804.254,,,1076.048,,,1009.15,,,0.7474146134744919,,
1280,GIB,1999,Gibraltar,False,859.072,,,1137.707,,,1067.302,,,0.755090721952137,,
1281,GIB,2000,Gibraltar,False,867.948,,,1118.829,,,1056.13,,,0.7757646610876193,,
1282,GIB,2001,Gibraltar,False,863.272,,,1233.963,,,1143.64,,,0.6995930996310262,,
1283,GIB,2002,Gibraltar,False,852.794,,,1235.003,,,1139.31,,,0.6905197801138945,,
1284,GIB,2003,Gibraltar,False,882.454,,,1300.905,,,1194.214,,,0.6783385412462862,,
1285,GIB,2004,Gibraltar,False,911.465,,,1266.785,,,1176.591,,,0.7195104141586772,,
1286,GIB,2005,Gibraltar,False,936.969,,,1370.185,,,1258.298,,,0.6838266365490792,,
1287,GIB,2006,Gibraltar,False,1013.913,,,1503.722,,,,,,0.6742689140678929,,
1288,GIB,2007,Gibraltar,False,995.9,,,1478.565,,,,,,0.6735584840707036,,
1289,GIB,2008,Gibraltar,False,1009.496,,,1641.763,,,,,,0.6148853397232122,,
1290,GIB,2009,Gibraltar,False,1094.884,,,1635.528,,,,,,0.6694376372645409,,
1291,GIB,2010,Gibraltar,False,1118.136,,,1651.592,,,,,,0.6770049745942096,,
1292,GIB,2011,Gibraltar,False,1130.433,,,1749.623,,,,,,0.6461009028802205,,
1293,GIB,2012,Gibraltar,False,1201.099,,,1733.992,,,1201.099,,,0.6926785129343157,,
1294,GIB,2013,Gibraltar,False,,,,617.891,,,1240.502,,,,,
1295,GIB,2014,Gibraltar,False,,,,615.553,,,1235.955,,,,,
1296,GIB,2015,Gibraltar,False,,,,714.407,,,1277.133,,,,,
1297,GIB,2016,Gibraltar,False,,,,644.564,,,1260.636,,,,,
1298,GIB,2017,Gibraltar,False,,,,621.355,,,1298.177,,,,,
1299,GIB,2018,Gibraltar,False,1331.735,,,1886.494,,,,,,0.705931214199462,,
1300,GIN,2019,Guinea,False,1495499.588,496.688,162.84,1846063.233,613.118,201.011,1765988.126,586.523,192.292,0.810102038362843,0.8101018074824095,0.810104919631264
1301,GMB,1983,Gambia,False,,,,,,,292.795,,,,,
1302,GMB,1984,Gambia,False,,,,,,,306.304,,,,,
1303,GMB,1985,Gambia,False,,,,,,,453.091,,,,,
1304,GMB,1986,Gambia,False,,,,,,,473.875,,,,,
1305,GMB,1987,Gambia,False,,,,,,,408.665,,,,,
1306,GMB,1993,Gambia,False,,,,,,,681.04,98.635,74.721,,,
1307,GMB,1994,Gambia,False,,,,,,,1133.04,165.545,118.25,,,
1308,GMB,1998,Gambia,False,,,,,,,1975.42,282.382,185.606,,,
1309,GMB,2012,Gambia,True,2779.67,252.142,86.656,3923.574,355.905,122.317,3603.209,326.845,112.33,0.7084535680988813,0.7084530984391902,0.7084542622857004
1310,GMB,2018,Gambia,True,3750.876,251.657,77.897,4087.448,274.239,84.887,3988.236,267.582,82.826,0.9176571787579928,0.9176557674145546,0.9176552357840424
1311,GNB,2019,Guinea-Bissau,False,41543.127,187.542,70.903,72243.768,326.138,123.302,64149.79,289.598,109.487,0.5750409779290582,0.575038787261834,0.5750352792331025
1312,GNB,2022,Guinea-Bissau,False,74487.455,337.364,119.417,92822.954,420.409,148.812,87940.423,398.295,140.984,0.8024680511676024,0.8024661698488852,0.8024688869177217
1313,GRC,2002,Greece,False,1015.29,1426.466,960.032,1419.37,1994.192,1342.119,1263.72,1775.506,1194.94,0.7153103137307397,0.7153102609979379,0.7153106393695343
1314,GRC,2006,Greece,False,1400.0,1850.19,1757.838,1837.0,2427.714,2306.535,1651.0,2181.903,2072.994,0.7621121393576483,0.762112011546665,0.7621119991675825
1315,GRC,2007,Greece,False,885.525,1135.906,1213.593,1037.536,1330.898,1421.92,973.424,1248.658,1334.056,0.8534884572679887,0.8534883965563101,0.8534889445257117
1316,GRC,2008,Greece,False,919.2,1196.956,1351.918,1077.279,1402.802,1584.414,1010.075,1315.291,1485.573,0.853260854430468,0.8532608308228816,0.85326057457205
1317,GRC,2009,Greece,False,979.151,1269.978,1365.702,1112.32,1442.702,1551.445,1054.278,1367.419,1470.488,0.8802781573647871,0.880277423889341,0.8802774187934475
1318,GRC,2010,Greece,False,983.038,1254.222,1303.23,1131.781,1443.997,1500.42,1065.925,1359.974,1413.114,0.8685761644699814,0.8685765967657827,0.868576798496421
1319,GRC,2011,Greece,False,968.021,1252.565,1347.442,1118.131,1446.799,1556.388,1051.049,1359.998,1463.013,0.865749183235238,0.8657491469098334,0.8657494146703779
1320,GRC,2012,Greece,False,876.781,1150.487,1126.478,1017.944,1335.718,1307.843,954.143,1252.0,1225.872,0.861325377427442,0.8613247706476966,0.8613250978901902
1321,GRC,2013,Greece,False,826.833,1148.601,1098.132,965.47,1341.19,1282.258,903.227,1254.724,1199.592,0.8564046526562192,0.8564043871487261,0.8564048732782327
1322,GRC,2014,Greece,False,820.697,1196.435,1090.297,932.446,1359.346,1238.755,880.729,1283.951,1170.049,0.8801549902085483,0.8801548685912196,0.8801554786862615
1323,GRC,2015,Greece,False,799.306,1164.467,886.841,921.626,1342.667,1022.556,864.998,1260.169,959.726,0.8672780498814053,0.8672790796228701,0.8672786624889003
1324,GRC,2016,Greece,False,805.462,1219.32,891.568,930.032,1407.896,1029.456,873.344,1322.081,966.707,0.866058372185043,0.866058288396302,0.8660574128471737
1325,GRC,2017,Greece,False,812.381,1246.15,917.732,930.607,1427.501,1051.289,877.024,1345.308,990.758,0.8729581875055743,0.8729591082598191,0.8729588153210012
1326,GRC,2018,Greece,False,824.894,1287.364,974.162,936.551,1461.62,1106.024,886.053,1382.812,1046.389,0.8807785160658629,0.8807788618108675,0.8807783556233862
1327,GRC,2019,Greece,False,815.188,1318.043,912.583,946.448,1530.271,1059.525,885.524,1431.766,991.322,0.8613130356871165,0.8613134536301086,0.8613133243670512
1328,GRC,2020,Greece,False,839.109,1352.856,958.427,964.115,1554.398,1101.209,905.562,1459.996,1034.33,0.8703411937372617,0.870340800747299,0.8703406891879742
1329,GRC,2021,Greece,False,1761.84,2914.208,2083.799,2073.609,3429.897,2452.541,1933.513,3198.167,2286.844,0.8496490900647132,0.8496488378513991,0.8496489966936331
1330,GRC,2022,Greece,False,1703.43,2891.747,1793.794,1995.069,3386.834,2100.904,1863.911,3164.181,1962.789,0.8538200934403773,0.853820116368266,0.8538200698366037
1331,GRC,2023,Greece,False,1732.967,2939.24,1873.803,2025.562,3435.502,2190.176,1893.231,3211.059,2047.091,0.8555487316606454,0.8555489125024522,0.855549051765703
1332,GTM,1980,Guatemala,False,,,,,,,115.78,,,,,
1333,GTM,1981,Guatemala,False,,,,,,,151.89,,,,,
1334,GTM,1982,Guatemala,False,,,,,,,161.31,,,,,
1335,GTM,1983,Guatemala,False,,,,,,,170.81,,,,,
1336,GTM,1984,Guatemala,False,,,,,,,160.79,,,,,
1337,GTM,1985,Guatemala,False,,,,,,,164.69,,,,,
1338,GTM,1986,Guatemala,False,,,,,,,184.36,,,,,
1339,GTM,1987,Guatemala,False,,,,,,,220.96,,,,,
1340,GTM,1988,Guatemala,False,,,,,,,257.67,,,,,
1341,GTM,1989,Guatemala,False,,,,,,,302.15,,,,,
1342,GTM,1990,Guatemala,False,,,,,,,348.86,302.818,77.771,,,
1343,GTM,1991,Guatemala,False,,,,,,,441.05,299.665,87.703,,,
1344,GTM,1992,Guatemala,False,,,,,,,559.08,355.637,108.126,,,
1345,GTM,1993,Guatemala,False,,,,,,,678.45,397.344,120.391,,,
1346,GTM,1994,Guatemala,False,,,,,,,768.13,416.395,133.56,,,
1347,GTM,1995,Guatemala,False,,,,,,,932.76,479.492,160.534,,,
1348,GTM,1996,Guatemala,False,,,,,,,1136.02,541.252,187.787,,,
1349,GTM,1997,Guatemala,False,,,,,,,1275.08,569.158,210.226,,,
1350,GTM,1998,Guatemala,False,,,,,,,1408.51,598.87,220.264,,,
1351,GTM,1999,Guatemala,False,,,,,,,1567.78,647.42,212.275,,,
1352,GTM,2000,Guatemala,False,,,,,,,1724.8,694.783,222.178,,,
1353,GTM,2001,Guatemala,False,,,,,,,1859.8,718.022,236.658,,,
1354,GTM,2002,Guatemala,True,1554.248,563.727,198.711,1733.579,628.771,221.639,1678.841,608.917,214.64,0.8965544691069747,0.8965537532742446,0.8965525020416082
1355,GTM,2003,Guatemala,True,1552.8,545.425,195.546,1833.144,643.896,230.85,1746.948,613.619,219.995,0.8470692973383432,0.8470700237305403,0.8470695256660169
1356,GTM,2004,Guatemala,True,1534.71,514.51,193.131,1748.068,586.038,219.98,1684.397,564.692,211.967,0.8779463956779714,0.8779464812861965,0.8779479952722975
1357,GTM,2005,Guatemala,False,,,,,,,2329.16,739.942,305.106,,,
1358,GTM,2006,Guatemala,True,1928.79,593.573,253.7,2227.444,685.482,292.983,2131.916,656.084,280.418,0.8659207593995629,0.8659206222774631,0.8659205482911977
1359,GTM,2007,Guatemala,False,,,,,,,2564.12,759.774,334.161,,,
1360,GTM,2008,Guatemala,False,,,,,,,2677.93,739.934,354.222,,,
1361,GTM,2010,Guatemala,True,2020.495,534.47,250.751,2229.345,589.716,276.67,2166.921,573.204,268.923,0.9063177749518356,0.9063176172937482,0.9063179961687208
1362,GTM,2011,Guatemala,False,1943.404,499.281,249.621,2277.189,585.034,292.494,2173.883,558.493,279.225,0.8534223553688342,0.8534221942656325,0.8534226343104473
1363,GTM,2012,Guatemala,False,2207.789,589.117,281.836,2287.789,610.464,292.048,2264.647,604.289,289.094,0.9650317402522698,0.9650315170100119,0.9650331452363995
1364,GTM,2013,Guatemala,True,2384.46,625.148,303.489,2491.139,653.117,317.067,2457.578,644.318,312.796,0.957176616800588,0.9571761261764739,0.9571762435068928
1365,GTM,2014,Guatemala,True,2499.835,660.699,323.3,2611.349,690.172,337.723,2577.006,681.095,333.281,0.9572964012087238,0.9572961522634936,0.9572934031736068
1366,GTM,2015,Guatemala,False,2634.562,708.9,344.171,2496.96,671.875,326.195,2536.131,682.415,331.312,1.0551078110982954,1.055106976744186,1.055108140836003
1367,GTM,2016,Guatemala,False,2528.944,684.008,332.759,2607.103,705.147,343.043,2584.206,698.954,340.03,0.9700207471664909,0.9700218535993204,0.9700212509801979
1368,GTM,2017,Guatemala,False,2615.981,704.078,356.016,2596.503,698.836,353.365,2602.034,700.325,354.118,1.0075016281514022,1.0075010445941537,1.007502157825478
1369,GTM,2018,Guatemala,False,2617.87,711.887,348.16,2681.135,729.091,356.574,2662.159,723.931,354.05,0.9764036499467575,0.9764034942140281,0.9764032150409172
1370,GTM,2019,Guatemala,False,2764.65,769.941,359.2,2744.702,764.386,356.608,2750.711,766.059,357.388,1.0072678199673406,1.007267270724477,1.0072684852835607
1371,GTM,2021,Guatemala,False,2795.505,811.938,361.438,2774.405,805.81,358.71,2780.84,807.679,359.542,1.0076052342754571,1.0076047703552948,1.007605029132168
1372,GTM,2022,Guatemala,False,2704.136,793.614,349.0,3126.857,917.674,403.557,2982.123,875.198,384.877,0.864809615534065,0.8648103792850185,0.8648096799212998
1373,GTM,2023,Guatemala,False,2612.324,751.58,333.546,2880.545,828.748,367.793,2792.624,803.453,356.567,0.9068853289915624,0.9068860498004219,0.9068851228816208
1374,GUM,1974,Guam,False,,,,,,,591.924,,,,,
1375,GUM,1975,Guam,False,,,,,,,573.552,,,,,
1376,GUM,1976,Guam,False,,,,,,,624.52,,,,,
1377,GUM,1977,Guam,False,,,,,,,605.594,,,,,
1378,GUM,1978,Guam,False,,,,,,,764.306,,,,,
1379,GUM,1979,Guam,False,,,,,,,808.602,,,,,
1380,GUM,1980,Guam,False,,,,,,,788.701,,,,,
1381,GUM,1981,Guam,False,,,,,,,909.906,,,,,
1382,GUM,1982,Guam,False,,,,,,,888.75,,,,,
1383,GUM,1983,Guam,False,,,,,,,893.816,,,,,
1384,GUM,1984,Guam,False,,,,,,,944.282,,,,,
1385,GUM,1985,Guam,False,,,,,,,962.594,,,,,
1386,GUM,1986,Guam,False,,,,,,,978.095,,,,,
1387,GUM,1987,Guam,False,,,,,,,990.016,,,,,
1388,GUM,1988,Guam,False,,,,,,,1044.604,,,,,
1389,GUM,1989,Guam,False,,,,,,,1156.526,,,,,
1390,GUM,1990,Guam,False,,,,,,,1273.02,,,,,
1391,GUM,1991,Guam,False,,,,,,,1374.489,,,,,
1392,GUM,1992,Guam,False,,,,,,,1409.233,,,,,
1393,GUM,1993,Guam,False,,,,,,,1430.909,,,,,
1394,GUM,1994,Guam,False,,,,,,,1525.286,,,,,
1395,GUM,1995,Guam,False,,,,,,,1545.083,,,,,
1396,GUM,2000,Guam,False,,,,,,,1630.938,,,,,
1397,GUM,2001,Guam,False,,,,,,,1511.876,,,,,
1398,GUM,2002,Guam,False,,,,,,,1506.156,,,,,
1399,GUM,2003,Guam,False,,,,,,,1706.938,,,,,
1400,GUM,2004,Guam,False,,,,,,,1733.684,,,,,
1401,GUM,2005,Guam,False,,,,,,,1686.6,,,,,
1402,GUM,2006,Guam,False,,,,,,,1671.021,,,,,
1403,GUM,2007,Guam,False,,,,,,,1779.439,,,,,
1404,GUM,2008,Guam,False,,,,,,,1802.843,,,,,
1405,GUM,2009,Guam,False,,,,,,,1911.297,,,,,
1406,GUM,2010,Guam,False,,,,,,,1944.304,,,,,
1407,GUM,2012,Guam,False,,,,,,,2035.468,1855.77,2035.468,,,
1408,GUM,2013,Guam,False,,,,,,,2007.176,1856.781,2007.176,,,
1409,GUM,2014,Guam,False,,,,,,,2074.763,1934.96,2074.763,,,
1410,GUM,2015,Guam,False,,,,,,,2082.622,1962.254,2082.622,,,
1411,GUM,2016,Guam,False,,,,,,,2065.332,1858.975,2065.332,,,
1412,GUY,2003,Guyana,False,,,,,,,53910.0,592.365,278.061,,,
1413,GUY,2004,Guyana,False,,,,,,,73922.0,796.805,372.764,,,
1414,GUY,2006,Guyana,False,,,,,,,62624.0,631.605,312.825,,,
1415,GUY,2007,Guyana,False,,,,,,,77750.0,718.831,384.242,,,
1416,GUY,2018,Guyana,True,68469.065,605.084,329.627,82316.024,727.454,396.29,76729.473,678.084,369.395,0.8317829466593284,0.8317831780428728,0.831782280653057
1417,GUY,2019,Guyana,False,74712.503,683.391,358.333,86863.156,794.533,416.61,81867.118,748.834,392.648,0.8601172976031403,0.8601165716213172,0.8601161757999088
1418,HKG,2003,"Hong Kong, China",False,,,,,,,10000.0,1712.652,1284.233,,,
1419,HKG,2004,"Hong Kong, China",False,,,,,,,9500.0,1675.181,1219.825,,,
1420,HKG,2005,"Hong Kong, China",False,8000.0,1446.584,1028.63,11000.0,1989.053,1414.367,,,,0.7272727272727273,0.7272727272727273,0.7272723416199616
1421,HKG,2007,"Hong Kong, China",False,8000.0,1475.699,1025.455,12000.0,2213.548,1538.182,10000.1,1844.642,1281.831,0.6666666666666666,0.6666668172544712,0.6666668833727087
1422,HKG,2010,"Hong Kong, China",False,9000.0,1626.96,1158.425,12000.0,2169.28,1544.567,11000.0,1988.507,1415.853,0.75,0.75,0.7499998381423402
1423,HKG,2011,"Hong Kong, China",False,9000.0,1593.768,1156.218,13000.0,2302.109,1670.092,11000.0,1947.938,1413.155,0.6923076923076923,0.6923077925502225,0.6923079686628042
1424,HKG,2012,"Hong Kong, China",False,10000.0,1740.778,1289.255,14000.0,2437.089,1804.957,12000.0,2088.934,1547.106,0.7142857142857143,0.7142857729036568,0.7142857142857143
1425,HKG,2013,"Hong Kong, China",False,10500.0,1722.469,1353.791,15000.0,2460.671,1933.987,12600.0,2066.963,1624.549,0.7,0.6999997155247493,0.7000000517066557
1426,HKG,2014,"Hong Kong, China",False,11000.0,1742.263,1418.607,15000.0,2375.813,1934.465,13000.0,2059.038,1676.536,0.7333333333333333,0.733333389454473,0.7333329887074721
1427,HKG,2015,"Hong Kong, China",False,11800.0,1865.071,1522.237,16500.0,2607.938,2128.552,14200.0,2244.407,1831.844,0.7151515151515152,0.7151515871926403,0.7151514268855071
1428,HKG,2016,"Hong Kong, China",False,12000.0,1858.858,1545.944,18000.0,2788.287,2318.915,15000.0,2323.573,1932.429,0.6666666666666666,0.6666666666666667,0.66666695415744
1429,HND,2005,Honduras,True,4451.138,558.433,236.356,4135.539,518.838,219.598,4243.588,532.394,225.335,1.076313873475743,1.0763147649169877,1.0763121704204957
1430,HND,2006,Honduras,False,4692.716,575.626,248.355,4493.369,551.174,237.805,4561.445,559.524,241.408,1.04436470719409,1.0443634859409188,1.0443640798132923
1431,HND,2007,Honduras,False,5321.134,627.786,281.615,4891.539,577.102,258.879,5035.409,594.076,266.493,1.087824097896388,1.0878250291976115,1.0878248139092008
1432,HND,2008,Honduras,True,5887.751,647.469,311.459,5596.2,615.407,296.036,5696.523,626.44,301.343,1.0520980308066188,1.0520988549041528,1.0520983934386359
1433,HND,2009,Honduras,False,6371.893,661.841,337.225,5616.147,583.343,297.228,5860.792,608.754,310.175,1.134566634384748,1.1345657700529534,1.1345667299177735
1434,HND,2010,Honduras,False,6787.823,684.445,359.237,5980.78,603.067,316.526,6255.095,630.728,331.043,1.134939422617117,1.1349402305216503,1.134936782444412
1435,HND,2011,Honduras,False,8018.433,781.228,423.871,7054.622,687.325,372.922,7385.085,719.521,390.391,1.1366212108884075,1.136620958062052,1.1366210628496038
1436,HND,2012,Honduras,False,7529.376,752.92,386.077,6638.761,663.861,340.41,6945.277,694.512,356.127,1.1341537976739937,1.1341530832508613,1.1341529332275784
1437,HND,2013,Honduras,False,6777.286,656.677,332.974,5666.894,549.087,278.42,6045.341,585.756,297.013,1.1959436686128238,1.1959434479417652,1.1959413835212986
1438,HND,2014,Honduras,False,7406.9,699.42,352.925,6286.042,593.579,299.519,6678.121,630.602,318.2,1.178309021797818,1.1783098795611031,1.178305883766973
1439,HND,2015,Honduras,False,7201.77,678.445,328.171,6373.994,600.464,290.451,6660.392,627.444,303.502,1.1298677093200904,1.1298679021556663,1.1298669999414703
1440,HND,2016,Honduras,False,7623.526,726.601,333.852,6707.003,639.247,293.716,7024.417,669.5,307.616,1.136651646048168,1.1366514039174216,1.1366490078851679
1441,HND,2017,Honduras,False,7198.0,674.213,306.466,6713.916,628.871,285.856,6875.838,644.038,292.75,1.0721015872108022,1.0721006374916318,1.0720992387775663
1442,HND,2018,Honduras,True,7315.927,656.195,306.071,6318.571,566.738,264.345,6650.171,596.48,278.218,1.157845183665737,1.1578454241642522,1.1578467532958823
1443,HND,2019,Honduras,False,7864.666,687.927,320.895,7067.458,618.195,288.367,7338.608,641.912,299.431,1.1127998213784929,1.112799359425424,1.1128007018833637
1444,HND,2020,Honduras,True,9356.567,807.596,380.629,7711.371,665.593,313.701,8296.334,716.084,337.498,1.2133467576647523,1.2133480971103963,1.2133496546074127
1445,HND,2021,Honduras,False,27798.25,2359.356,1157.457,23871.754,2026.098,993.967,25262.372,2144.125,1051.869,1.1644829282339286,1.1644826656953415,1.1644823218477074
1446,HND,2022,Honduras,False,9241.316,776.536,377.414,9205.795,773.551,375.964,9217.472,774.532,376.44,1.003858547795166,1.0038588276661784,1.003856752242236
1447,HND,2023,Honduras,False,11608.047,952.118,471.84,10774.6,883.757,437.962,11039.177,905.458,448.717,1.0773529411764706,1.0773527112090768,1.0773537430188007
1448,HRV,1981,Croatia,False,,,,,,,1.2,,,,,
1449,HRV,1982,Croatia,False,,,,,,,1.5,,,,,
1450,HRV,1983,Croatia,False,,,,,,,1.8,,,,,
1451,HRV,1984,Croatia,False,,,,,,,2.6,,,,,
1452,HRV,1985,Croatia,False,,,,,,,4.5,,,,,
1453,HRV,1986,Croatia,False,,,,,,,9.8,,,,,
1454,HRV,1987,Croatia,False,,,,,,,18.6,,,,,
1455,HRV,1988,Croatia,False,,,,,,,51.4,,,,,
1456,HRV,1989,Croatia,False,,,,,,,823.0,,,,,
1457,HRV,1990,Croatia,False,,,,,,,4786.0,,,,,
1458,HRV,1991,Croatia,False,,,,,,,8045.0,,,,,
1459,HRV,1992,Croatia,False,,,,,,,33340.0,,,,,
1460,HRV,1993,Croatia,True,,,,,,,526.0,2136.078,146.962,,,
1461,HRV,1994,Croatia,False,,,,,,,1247.0,2506.222,207.902,,,
1462,HRV,1995,Croatia,False,,,,,,,1818.0,3613.583,347.56,,,
1463,HRV,1996,Croatia,False,,,,,,,3243.0,6347.434,596.78,,,
1464,HRV,1997,Croatia,False,,,,,,,3668.0,6985.26,595.398,,,
1465,HRV,1998,Croatia,False,,,,,,,4131.0,7514.767,649.193,,,
1466,HRV,1999,Croatia,False,,,,,,,4551.0,8130.285,639.928,,,
1467,HRV,2000,Croatia,False,,,,,,,4869.0,8563.331,588.209,,,
1468,HRV,2001,Croatia,False,,,,,,,5061.0,8668.773,606.722,,,
1469,HRV,2002,Croatia,False,,,,,,,5366.0,9220.984,681.684,,,
1470,HRV,2003,Croatia,True,5251.0,8945.187,783.15,5868.0,9996.259,875.172,5599.0,9538.012,835.052,0.8948534423994546,0.8948534646811372,0.8948526689610727
1471,HRV,2004,Croatia,False,5540.0,9324.999,918.079,6206.0,10446.019,1028.447,5916.0,9957.887,980.389,0.8926844988720593,0.8926844762583717,0.8926847956190256
1472,HRV,2005,Croatia,False,5806.025,9437.528,975.928,6492.36,10553.146,1091.293,6191.67,10064.383,1040.75,0.8942857450911533,0.8942857419010407,0.8942859525352037
1473,HRV,2006,Croatia,False,6149.0,10131.239,1053.309,6909.0,11383.433,1183.495,6575.0,10833.127,1126.282,0.8899985526125344,0.8899985619452409,0.8899986903197733
1474,HRV,2007,Croatia,False,6549.0,10831.238,1220.795,7344.0,12146.07,1368.991,6995.0,11568.867,1303.934,0.891748366013072,0.8917483597575182,0.8917480100307453
1475,HRV,2008,Croatia,False,7016.0,11799.179,1421.67,7892.0,13272.394,1599.177,7507.0,12624.919,1521.163,0.8890015205271161,0.8890015621899109,0.8890010299047574
1476,HRV,2009,Croatia,False,7181.0,12164.717,1359.022,8033.0,13608.017,1520.265,7655.0,12967.679,1448.728,0.8939375077804058,0.8939375222708791,0.8939375700946873
1477,HRV,2010,Croatia,False,1165.939,8320.657,1545.704,1350.473,9637.574,1790.344,1262.145,9007.228,1673.247,0.8633560241485762,0.8633559648932396,0.8633558690396929
1478,HRV,2011,Croatia,False,1153.725,7777.63,1605.934,1336.908,9012.521,1860.915,1248.844,8418.854,1738.334,0.8629801003509591,0.8629805134434638,0.862980845444311
1479,HRV,2012,Croatia,False,1147.991,9301.747,1474.926,1319.585,10692.11,1695.388,1239.342,10041.929,1592.293,0.8699636628182345,0.8699636460904348,0.8699636897276611
1480,HRV,2013,Croatia,False,1109.55,8687.908,1473.613,1261.463,9877.405,1675.372,1190.134,9318.894,1580.639,0.8795739550030401,0.8795739366766877,0.8795736111144271
1481,HRV,2014,Croatia,False,1072.853,8654.496,1425.286,1246.168,10052.591,1655.535,1166.84,9412.668,1550.148,0.8609216413838264,0.8609219255015944,0.860921696007635
1482,HRV,2015,Croatia,False,1178.047,13656.085,1307.058,1357.66,15738.189,1506.342,1274.332,14772.239,1413.888,0.8677039906898634,0.8677037110178305,0.8677033502352055
1483,HRV,2016,Croatia,False,1150.663,13702.546,1273.673,1349.652,16072.178,1493.934,1255.883,14955.54,1390.141,0.8525627346901276,0.8525631062572852,0.8525630985036823
1484,HRV,2017,Croatia,False,1211.194,13804.878,1368.263,1454.196,16574.555,1642.778,1339.598,15268.397,1513.319,0.8328959782587767,0.8328958454691544,0.8328958629833123
1485,HRV,2018,Croatia,False,1217.037,12609.905,1437.266,1486.021,15396.885,1754.923,1359.636,14087.392,1605.668,0.8189904449533352,0.8189906594743028,0.8189909186898798
1486,HRV,2019,Croatia,False,1306.257,15473.886,1462.321,1591.588,18853.914,1781.742,1456.336,17251.726,1630.331,0.8207255897883121,0.8207253942072718,0.8207254473431057
1487,HRV,2020,Croatia,False,1331.197,15531.435,1520.488,1724.823,20123.968,1970.086,1541.129,17980.763,1760.272,0.7717875979158441,0.7717878998813752,0.7717876275451935
1488,HRV,2021,Croatia,False,1448.363,16206.13,1713.037,1766.881,19770.117,2089.762,1618.889,18114.186,1914.725,0.8197286631074758,0.8197285832956882,0.8197282752772803
1489,HRV,2022,Croatia,False,1486.15,20655.566,1564.989,1868.198,25965.53,1967.303,1682.082,23378.764,1771.314,0.7954991922697702,0.7954994949072867,0.7954997272916271
1490,HRV,2023,Croatia,False,1245.609,2073.122,1346.838,1605.844,2672.677,1736.349,1430.873,2381.465,1547.158,0.7756724812621898,0.7756724811864658,0.7756724022647521
1491,HUN,1970,Hungary,False,,,,,,,2141.0,,,,,
1492,HUN,1971,Hungary,False,,,,,,,2226.0,,,,,
1493,HUN,1972,Hungary,False,,,,,,,2320.0,,,,,
1494,HUN,1973,Hungary,False,,,,,,,2498.0,,,,,
1495,HUN,1974,Hungary,False,,,,,,,2677.0,,,,,
1496,HUN,1975,Hungary,False,,,,,,,2846.0,,,,,
1497,HUN,1976,Hungary,False,,,,,,,3009.0,,,,,
1498,HUN,1977,Hungary,False,,,,,,,3248.0,,,,,
1499,HUN,1978,Hungary,False,,,,,,,3515.0,,,,,
1500,HUN,1979,Hungary,False,,,,,,,3718.0,,,,,
1501,HUN,1980,Hungary,False,,,,,,,3941.0,,,,,
1502,HUN,1981,Hungary,False,,,,,,,4212.0,,,,,
1503,HUN,1982,Hungary,False,,,,,,,4478.0,,,,,
1504,HUN,1983,Hungary,False,,,,,,,4694.0,,,,,
1505,HUN,1984,Hungary,False,,,,,,,5286.0,,,,,
1506,HUN,1985,Hungary,False,,,,,,,5972.0,,,,,
1507,HUN,1986,Hungary,False,,,,,,,6260.0,,,,,
1508,HUN,1987,Hungary,False,,,,,,,6842.0,,,,,
1509,HUN,1988,Hungary,True,,,,,,,8832.0,,,,,
1510,HUN,1989,Hungary,False,,,,,,,10461.0,,,,,
1511,HUN,1990,Hungary,False,,,,,,,13107.0,532.722,207.37,,,
1512,HUN,1991,Hungary,False,,,,,,,16752.0,526.418,224.151,,,
1513,HUN,1992,Hungary,False,19799.0,524.918,250.657,24505.0,649.685,310.236,22294.0,591.066,282.244,0.8079575596816976,0.8079577025789422,0.8079558787503708
1514,HUN,1993,Hungary,False,23964.0,544.586,260.668,30106.0,684.165,327.477,27173.0,617.512,295.573,0.7959875107951904,0.7959863483224077,0.7959887259257903
1515,HUN,1994,Hungary,False,30126.0,586.901,286.476,37509.0,730.733,356.683,33939.0,661.184,322.735,0.803167239862433,0.8031675044099554,0.8031669577748309
1516,HUN,1995,Hungary,False,35310.0,545.047,280.948,44087.0,680.529,350.784,39854.0,615.188,317.103,0.8009163699049606,0.8009166398492937,0.8009145228972815
1517,HUN,1996,Hungary,False,41738.0,534.87,273.429,52879.0,677.641,346.414,47491.0,608.594,311.117,0.7893114468881787,0.7893117447143843,0.789312787589416
1518,HUN,1997,Hungary,False,50910.0,563.166,272.553,65186.0,721.087,348.982,58259.0,644.46,311.897,0.7809959193691897,0.7809959131145063,0.7809944352430783
1519,HUN,1998,Hungary,False,60521.0,597.33,282.279,76487.0,754.911,356.746,68718.0,678.232,320.511,0.7912586452599788,0.7912588371344438,0.791260448610496
1520,HUN,1999,Hungary,True,68431.0,629.873,288.561,84649.0,779.152,356.949,76973.0,708.498,324.581,0.8084088412148992,0.8084083721789843,0.8084096047334492
1521,HUN,2000,Hungary,False,77761.0,678.965,275.573,96563.0,843.134,342.205,87566.0,764.577,310.321,0.8052877396104098,0.8052871785505032,0.8052863049926213
1522,HUN,2001,Hungary,False,92217.0,762.633,321.886,113311.0,937.08,395.515,103280.0,854.124,360.501,0.8138397860754913,0.8138398002305033,0.813840183052476
1523,HUN,2002,Hungary,False,111725.0,895.463,433.233,131413.0,1053.26,509.577,122266.0,979.948,474.108,0.8501822498535152,0.8501822911721701,0.8501816212270177
1524,HUN,2003,Hungary,False,128488.0,997.32,572.823,146496.0,1137.098,653.106,138003.0,1071.176,615.242,0.8770751419833989,0.8770747991817769,0.8770750842895334
1525,HUN,2004,Hungary,False,133846.0,991.78,660.166,155183.0,1149.884,765.407,145187.0,1075.815,716.104,0.8625042691531933,0.8625043917473414,0.8625032172425913
1526,HUN,2005,Hungary,False,414.874,483.813,516.141,503.244,586.867,626.081,459.119,535.41,571.186,0.8243992973587365,0.8243997362264364,0.8243997182473194
1527,HUN,2006,Hungary,False,463.492,555.707,581.96,546.532,655.27,686.225,506.616,607.412,636.106,0.8480601318861475,0.8480580524058785,0.8480600386170717
1528,HUN,2007,Hungary,False,597.694,544.709,819.126,666.16,607.106,912.958,633.315,577.172,867.944,0.8972228893959409,0.8972222313731044,0.8972219970688684
1529,HUN,2008,Hungary,False,688.211,551.198,1012.19,792.506,634.73,1165.583,743.632,595.585,1093.701,0.8683984726929512,0.8683975863753092,0.8683980462995771
1530,HUN,2009,Hungary,False,740.5,744.558,1032.836,851.18,855.845,1187.211,798.765,803.143,1114.103,0.8699687492657253,0.8699682769660394,0.8699683544037243
1531,HUN,2010,Hungary,False,672.845,738.002,892.001,764.583,838.624,1013.621,720.388,790.149,955.03,0.8800156425136317,0.8800153584920059,0.8800143248807987
1532,HUN,2011,Hungary,False,702.568,727.086,977.943,813.923,842.327,1132.944,760.199,786.729,1058.163,0.8631873039587282,0.8631873369843304,0.8631874126170402
1533,HUN,2012,Hungary,False,719.728,879.091,924.699,824.028,1006.484,1058.701,774.353,945.81,994.88,0.8734266311338934,0.8734276948267433,0.8734279083518387
1534,HUN,2013,Hungary,False,694.844,828.666,922.836,819.942,977.856,1088.979,760.44,906.896,1009.955,0.8474306719255753,0.8474315236599255,0.847432319631508
1535,HUN,2014,Hungary,False,713.274,868.176,947.585,844.109,1027.425,1121.4,782.144,952.004,1039.079,0.8450022449707324,0.8450018249507264,0.8450017834849295
1536,HUN,2015,Hungary,False,704.708,1198.417,781.883,796.299,1354.176,883.504,753.44,1281.29,835.951,0.8849791347220076,0.8849787619925327,0.8849795813035368
1537,HUN,2016,Hungary,False,709.892,1232.966,785.782,841.486,1461.524,931.444,779.873,1354.511,863.244,0.8436171249432552,0.8436166631543512,0.8436170075710403
1538,HUN,2017,Hungary,False,774.36,1230.503,874.78,893.318,1419.533,1009.164,837.408,1330.69,946.005,0.866835774046868,0.8668364877745005,0.8668363120364975
1539,HUN,2018,Hungary,False,752.638,1109.569,888.831,935.181,1378.681,1104.406,847.867,1249.96,1001.293,0.8048046314029049,0.804804737281503,0.8048045736803314
1540,HUN,2019,Hungary,False,818.168,1361.539,915.918,977.466,1626.632,1094.248,901.438,1500.112,1009.137,0.8370296255828847,0.837029518661873,0.8370296313084419
1541,HUN,2020,Hungary,False,889.642,1468.798,1016.146,1036.499,1711.258,1183.885,967.429,1597.224,1104.994,0.8583143833230905,0.8583147602523991,0.8583147856421866
1542,HUN,2021,Hungary,False,749.279,1134.038,886.203,899.209,1360.957,1063.531,829.992,1256.196,981.664,0.8332645691935913,0.8332651215284538,0.8332648507659861
1543,HUN,2022,Hungary,False,891.799,1777.033,939.108,1071.28,2134.675,1128.11,987.405,1967.542,1039.785,0.8324611679486222,0.8324606790260811,0.8324613734476248
1544,HUN,2023,Hungary,False,942.742,1585.948,1019.358,1139.164,1916.382,1231.742,1045.717,1759.178,1130.701,0.8275735539395557,0.8275740431709336,0.8275742809776723
1545,IDN,1982,Indonesia,False,,,,,,,61964.0,,,,,
1546,IDN,1986,Indonesia,False,,,,,,,67043.0,,,,,
1547,IDN,1987,Indonesia,False,,,,,,,74333.0,,,,,
1548,IDN,1988,Indonesia,False,,,,,,,79769.0,,,,,
1549,IDN,1989,Indonesia,False,,,,,,,108230.0,,,,,
1550,IDN,1990,Indonesia,False,,,,,,,126453.0,157.138,68.62,,,
1551,IDN,1996,Indonesia,False,300633.805,271.065,128.35,450500.961,406.192,192.333,404770.879,364.96,172.809,0.6673322168562477,0.6673321975814394,0.6673321790852323
1552,IDN,1997,Indonesia,False,353267.131,306.862,121.424,514341.206,446.777,176.787,464434.204,403.426,159.633,0.6868342004859708,0.6868348191603418,0.6868378330985876
1553,IDN,1998,Indonesia,False,420141.547,233.9,41.957,616929.912,343.455,61.609,553069.117,307.903,55.232,0.6810199000368781,0.6810208033075658,0.6810206301027447
1554,IDN,1999,Indonesia,False,525819.84,248.293,66.94,750401.068,354.34,95.53,677691.823,320.007,86.274,0.7007184056939535,0.7007196477959023,0.700722286192819
1555,IDN,2000,Indonesia,False,326035.028,153.491,38.713,481307.615,226.591,57.15,430196.73,202.529,51.081,0.6773942855651681,0.6773923059609606,0.677392825896763
1556,IDN,2001,Indonesia,False,479151.411,208.027,46.697,642106.357,278.776,62.578,590866.355,256.529,57.584,0.7462181393728206,0.7462155996212012,0.746220716545751
1557,IDN,2002,Indonesia,False,561151.927,221.173,60.266,751114.126,296.045,80.668,691766.912,272.654,74.294,0.7470927620392004,0.7470925028289618,0.7470868250111568
1558,IDN,2003,Indonesia,False,642182.877,242.472,74.872,852098.624,321.73,99.345,786859.657,297.098,91.739,0.7536485318863747,0.7536505765704161,0.7536564497458352
1559,IDN,2004,Indonesia,False,676516.438,247.279,75.683,912644.785,333.588,102.099,840021.08,307.042,93.974,0.7412702610249396,0.7412706692087244,0.7412707274312188
1560,IDN,2005,Indonesia,False,684004.726,234.034,70.482,929171.431,317.918,95.744,850790.049,291.1,87.668,0.7361448094286059,0.7361457986021552,0.7361505681818181
1561,IDN,2006,Indonesia,False,824098.171,257.331,89.974,1080356.21,337.349,117.952,995447.946,310.836,108.682,0.7628022714841431,0.7628035061612752,0.7628018176885513
1562,IDN,2007,Indonesia,False,892041.457,269.243,97.587,1163855.841,351.285,127.323,1075350.928,324.572,117.64,0.7664535637279154,0.766451741463484,0.7664522513607126
1563,IDN,2008,Indonesia,True,950420.206,270.24,97.992,1235559.88,351.316,127.391,1139076.349,323.882,117.443,0.7692222945924726,0.7692220109531022,0.7692223155481941
1564,IDN,2009,Indonesia,False,1082934.459,293.931,104.229,1422047.951,385.974,136.868,1305004.134,354.206,125.603,0.7615316053431732,0.7615305694165928,0.7615293567524914
1565,IDN,2010,Indonesia,False,1154074.91,302.83,126.955,1492223.425,391.56,164.153,1373249.226,360.341,151.065,0.7733928382742014,0.7733936050669118,0.773394333335364
1566,IDN,2011,Indonesia,False,1130844.123,290.54,128.938,1428567.257,367.032,162.885,1331778.138,342.164,151.849,0.7915931976312963,0.7915931035985964,0.7915891579949044
1567,IDN,2012,Indonesia,False,1214266.183,315.615,129.361,1514927.804,393.764,161.392,1416851.816,368.272,150.944,0.8015340267660702,0.8015334057963653,0.8015329136512342
1568,IDN,2013,Indonesia,True,1341639.695,319.875,128.249,1688280.351,402.522,161.384,1575305.674,375.586,150.585,0.7946782619399212,0.794677061129578,0.7946822485500422
1569,IDN,2014,Indonesia,False,1432955.804,321.193,120.769,1833700.772,411.019,154.544,1703837.072,381.91,143.599,0.7814556365361011,0.781455358511407,0.7814538254477689
1570,IDN,2015,Indonesia,False,1597587.138,333.512,119.317,1923907.864,401.635,143.689,1818033.31,379.533,135.781,0.8303865106504913,0.8303857980504687,0.8303836758554934
1571,IDN,2016,Indonesia,False,1830763.079,368.55,137.565,2271850.423,457.345,170.709,2125593.661,427.902,159.719,0.805846661587192,0.8058467896227137,0.8058450345324499
1572,IDN,2017,Indonesia,False,2061855.943,396.336,154.09,2620257.918,503.674,195.822,2433700.752,467.813,181.88,0.7868904541175018,0.7868899327739769,0.7868880922470407
1573,IDN,2018,Indonesia,False,2083532.238,391.984,146.347,2658234.116,500.105,186.714,2465848.915,463.911,173.201,0.7838031366233508,0.7838034012857299,0.7838030356588152
1574,IDN,2019,Indonesia,False,2181905.693,404.671,154.224,2796506.274,518.659,197.666,2589312.729,480.231,183.02,0.7802255669103497,0.7802255431796228,0.7802252284156102
1575,IDN,2020,Indonesia,False,2186555.669,405.938,149.947,2752550.31,511.016,188.761,2561509.932,475.549,175.66,0.7943744610430028,0.7943743444432267,0.7943748973569753
1576,IDN,2021,Indonesia,True,2177332.312,406.707,152.174,2679556.797,500.519,187.275,2511508.115,469.129,175.53,0.8125718083071483,0.8125705517672656,0.8125697503671072
1577,IDN,2022,Indonesia,False,2269099.996,439.277,152.803,2895368.449,560.517,194.976,2690034.686,520.767,181.149,0.783699911071318,0.7836996915347794,0.7837015837846709
1578,IDN,2023,Indonesia,False,2307995.085,448.73,151.474,3007410.446,584.713,197.377,2776803.875,539.878,182.242,0.767436013953381,0.7674363320124574,0.7674349088292961
1579,IMN,1992,Isle of Man,False,,,,,,,1030.54,,,,,
1580,IMN,1993,Isle of Man,False,900.64,,,1290.34,,,1147.45,,,0.697986577181208,,
1581,IMN,1994,Isle of Man,False,925.711,,,1348.622,,,1134.373,,,0.6864125010566341,,
1582,IMN,1995,Isle of Man,False,922.42,,,1467.177,,,1199.28,,,0.6287039668697096,,
1583,IMN,1996,Isle of Man,False,978.234,,,1539.099,,,1246.607,,,0.6355887438040049,,
1584,IMN,1997,Isle of Man,False,243.7,,,370.77,,,306.84,,,0.6572807940232489,,
1585,IMN,1998,Isle of Man,False,1126.016,,,1701.733,,,1396.382,,,0.6616878205923021,,
1586,IMN,1999,Isle of Man,False,1181.917,,,1788.723,,,1492.075,,,0.6607602183233513,,
1587,IMN,2000,Isle of Man,False,1206.598,,,1834.621,,,1513.638,,,0.6576824314122643,,
1588,IMN,2001,Isle of Man,False,1251.024,,,1930.444,,,1596.558,,,0.6480498786807594,,
1589,IMN,2002,Isle of Man,False,1351.739,,,1957.42,,,1656.355,,,0.6905717730481961,,
1590,IMN,2003,Isle of Man,False,1438.816,,,2143.177,,,1798.855,,,0.6713472568994534,,
1591,IMN,2004,Isle of Man,False,1473.672,,,2180.068,,,1821.891,,,0.6759752448088775,,
1592,IMN,2005,Isle of Man,False,1489.52,,,2212.63,,,1857.57,,,0.6731898238747553,,
1593,IMN,2006,Isle of Man,False,1645.833,,,2404.016,,,2011.285,,,0.6846181556195966,,
1594,IMN,2007,Isle of Man,False,1767.073,,,2383.665,,,2080.132,,,0.7413260672116259,,
1595,IMN,2008,Isle of Man,False,1811.326,,,2534.262,,,2154.392,,,0.7147350984231307,,
1596,IMN,2013,Isle of Man,False,2437.735,,,2855.478,,,2689.203,,,0.853704703730864,,
1597,IMN,2014,Isle of Man,False,2632.337,,,3092.746,,,2895.298,,,0.851132618068215,,
1598,IMN,2016,Isle of Man,False,2449.697,,,3356.498,,,2966.464,,,0.7298371695737641,,
1599,IND,2005,India,False,3787.866,354.854,85.893,5436.252,509.278,123.271,5121.703,479.811,116.138,0.6967789572668817,0.6967785767301945,0.6967818870618394
1600,IND,2010,India,False,7604.418,525.336,166.305,10027.428,692.725,219.295,9585.423,662.19,209.628,0.758361765349998,0.758361543180916,0.7583620237579517
1601,IND,2012,India,False,9220.648,593.608,172.551,12562.921,808.777,235.097,11910.637,766.785,222.89,0.7339573336487588,0.7339575680317317,0.7339566221602146
1602,IND,2018,India,False,11861.509,598.427,173.441,16813.444,848.258,245.848,15678.987,791.023,229.26,0.7054776522882522,0.7054775787555201,0.70548062217305
1603,IND,2019,India,False,12150.884,622.225,172.548,17017.66,871.444,241.658,15799.338,809.056,224.358,0.7140161455805323,0.7140160469290052,0.714017330276672
1604,IND,2020,India,False,12780.065,646.282,172.471,18428.805,931.936,248.703,17037.051,861.556,229.921,0.6934831097295783,0.6934832434845312,0.6934817834927605
1605,IND,2021,India,False,13228.623,679.473,178.964,19036.947,977.811,257.541,17583.076,903.134,237.873,0.694892043351279,0.6948919576482571,0.6948951817380533
1606,IND,2022,India,False,14360.507,746.624,182.693,20268.842,1053.807,257.859,18799.404,977.408,239.165,0.7085016006341162,0.7085016516307066,0.7084996063740262
1607,IND,2023,India,False,15058.111,771.535,182.303,21513.812,1102.306,260.46,19783.492,1013.65,239.512,0.6999276092958329,0.6999281506224224,0.6999270521385242
1608,IRL,2002,Ireland,False,2298.92,2142.215,2173.798,3027.36,2821.001,2862.592,2641.09,2461.061,2497.345,0.75938111093494,0.7593811558379454,0.7593810085405114
1609,IRL,2004,Ireland,False,1823.497,1709.094,2268.253,2801.441,2625.683,3484.719,2336.965,2190.347,2906.956,0.6509139403614069,0.6509140669303949,0.6509141770111163
1610,IRL,2005,Ireland,False,1906.654,1785.402,2372.049,2807.203,2628.682,3492.414,2372.294,2221.43,2951.347,0.6792006135644626,0.6792004510245059,0.6792004040758054
1611,IRL,2006,Ireland,False,2019.329,1899.382,2535.468,2985.882,2808.521,3749.07,2521.797,2372.003,3166.366,0.6762922982220998,0.6762926109507459,0.6762925205450951
1612,IRL,2007,Ireland,False,2516.194,2360.704,3448.389,3927.23,3684.544,5382.183,3224.751,3025.475,4419.451,0.6407045169241424,0.6407045213736083,0.6407045245395782
1613,IRL,2008,Ireland,False,2707.209,2524.548,3981.643,4009.65,3739.111,5897.215,3361.282,3134.489,4943.624,0.675173394186525,0.6751733232845989,0.6751734505185922
1614,IRL,2009,Ireland,False,2597.654,2551.911,3623.163,3845.12,3777.41,5363.106,3227.006,3170.181,4500.972,0.6755716336551265,0.6755716218255365,0.6755717675541002
1615,IRL,2010,Ireland,False,2774.141,2872.621,3677.726,3963.397,4104.093,5254.341,3350.99,3469.946,4442.463,0.6999402280417532,0.6999405227902974,0.699940487303736
1616,IRL,2011,Ireland,False,2864.219,2985.35,3986.865,4100.542,4273.957,5707.77,3423.298,3568.072,4765.077,0.6984976620163871,0.6984979025292017,0.6984978371588203
1617,IRL,2012,Ireland,False,2906.058,3010.555,3733.671,3986.797,4130.154,5122.191,3418.78,3541.713,4392.41,0.7289204842885153,0.7289207617924173,0.7289206903842516
1618,IRL,2013,Ireland,False,3016.881,3122.092,4006.774,4296.427,4446.261,5706.162,3626.69,3753.168,4816.672,0.7021836982218015,0.7021836999672308,0.7021837094705687
1619,IRL,2014,Ireland,False,2951.622,2982.91,3921.233,4293.584,4339.097,5704.029,3595.739,3633.855,4776.942,0.6874494594725525,0.6874494854574581,0.6874496956449555
1620,IRL,2015,Ireland,False,2944.473,2947.323,3266.93,4213.507,4217.586,4674.941,3560.568,3564.014,3950.496,0.6988176357604248,0.6988175226302439,0.6988173754492303
1621,IRL,2016,Ireland,False,3071.79,3151.834,3400.174,4288.114,4399.853,4746.527,3678.744,3774.604,4072.014,0.7163498918172418,0.7163498416878927,0.7163498701260943
1622,IRL,2017,Ireland,False,3167.67,3210.358,3578.457,4277.941,4335.592,4832.71,3721.719,3771.873,4204.355,0.7404660326077429,0.7404658925470848,0.7404659083619749
1623,IRL,2018,Ireland,False,3228.284,3261.302,3812.457,4531.751,4578.1,5351.792,3887.973,3927.737,4591.519,0.7123701191879254,0.7123701972433979,0.7123701743266554
1624,IRL,2019,Ireland,False,3395.02,3498.189,3800.639,4566.786,4705.563,5112.401,3985.112,4106.213,4461.232,0.7434156100154463,0.743415612542006,0.7434156671200088
1625,IRL,2020,Ireland,False,3390.305,3409.233,3872.393,4630.093,4655.943,5288.474,4021.022,4043.471,4592.795,0.7322325923043015,0.7322325466613315,0.7322325873210306
1626,IRL,2021,Ireland,False,3596.217,3752.094,4253.391,4920.787,5134.077,5820.013,4278.008,4463.437,5059.773,0.7308215129002739,0.7308215283876731,0.7308215634569888
1627,IRL,2022,Ireland,False,3642.007,3907.259,3835.211,5094.519,5465.56,5364.776,4387.157,4706.679,4619.89,0.7148873132085679,0.7148872210715828,0.7148874435763953
1628,IRL,2023,Ireland,False,3818.318,4048.199,4128.628,5172.459,5483.866,5592.817,4504.735,4775.941,4870.828,0.7382016947838543,0.7382016628415063,0.7382018757273838
1629,ISL,2004,Iceland,False,2043.178,1138.083,2541.513,3287.014,1830.92,4088.724,2673.212,1489.023,3325.214,0.6215909028680742,0.6215907849605663,0.6215907456702873
1630,ISL,2005,Iceland,False,2191.623,1094.799,2726.577,3506.359,1751.559,4362.227,2849.297,1423.332,3544.782,0.6250423872740926,0.6250426049022614,0.6250424381858166
1631,ISL,2006,Iceland,False,2892.81,1547.561,3632.209,4524.282,2420.346,5680.682,3738.59,2000.026,4694.169,0.639396483243087,0.6393965986681243,0.639396642867881
1632,ISL,2007,Iceland,False,3275.733,1424.621,4489.32,5092.995,2214.952,6979.838,4219.754,1835.178,5783.08,0.6431840204044968,0.6431836897594169,0.6431839822070369
1633,ISL,2008,Iceland,False,3551.578,1782.186,5223.502,5603.3,2811.743,8241.084,4611.25,2313.931,6782.021,0.6338368461442364,0.6338367340116078,0.6338367622511796
1634,ISL,2009,Iceland,False,2401.492,1569.408,3349.559,3797.125,2481.473,5296.164,3104.274,2028.685,4329.787,0.6324500773611614,0.6324501616580152,0.6324500147654039
1635,ISL,2010,Iceland,False,2031.996,1325.812,2693.851,3036.211,1981.03,4025.155,2541.736,1658.401,3369.621,0.6692538825529584,0.6692538729852652,0.6692539790393165
1636,ISL,2011,Iceland,False,2156.217,1270.554,3001.357,3308.389,1949.473,4605.129,2730.881,1609.176,3801.265,0.6517422830265728,0.651742291378234,0.6517422204676568
1637,ISL,2012,Iceland,False,2320.387,1556.319,2981.206,3504.932,2350.811,4503.096,2921.164,1959.269,3753.079,0.662034812658277,0.6620349317746088,0.6620347423195065
1638,ISL,2013,Iceland,False,2133.973,1324.939,2834.168,3348.188,2078.82,4446.788,2746.691,1705.364,3647.93,0.6373516063016772,0.6373514782424644,0.6373517244357051
1639,ISL,2014,Iceland,False,2691.951,1576.34,3576.259,4023.486,2356.054,5345.205,3364.105,1969.937,4469.216,0.6690593679212504,0.6690593679092244,0.6690592783625698
1640,ISL,2015,Iceland,False,2719.717,2086.296,3017.561,3943.053,3024.718,4374.868,3351.985,2571.31,3719.071,0.6897490345678844,0.6897489286604569,0.6897490392852995
1641,ISL,2016,Iceland,False,20651.205,14099.689,22858.883,29381.792,20060.531,32522.797,25153.079,17173.361,27842.021,0.7028572321252564,0.7028572174884105,0.7028572296534029
1642,ISL,2017,Iceland,False,4518.56,2713.185,5104.532,5862.352,3520.07,6622.588,5232.809,3142.059,5911.406,0.7707759615935721,0.7707758652526796,0.7707760168683301
1643,ISL,2018,Iceland,False,5283.199,3047.601,6239.218,6879.357,3968.341,8124.207,6122.922,3531.993,7230.892,0.7679786061400796,0.7679786086931542,0.76797870856811
1644,ISL,2019,Iceland,False,5226.14,3619.932,5850.53,6896.771,4777.11,7720.76,6056.891,4195.359,6780.534,0.7577662068234541,0.7577660970754284,0.757766074842373
1645,ISR,1969,Israel,False,,,,,,,63.8,,,,,
1646,ISR,1970,Israel,False,,,,,,,69.2,,,,,
1647,ISR,1971,Israel,False,,,,,,,79.7,,,,,
1648,ISR,1972,Israel,False,,,,,,,90.4,,,,,
1649,ISR,1973,Israel,False,,,,,,,114.7,,,,,
1650,ISR,1974,Israel,False,,,,,,,156.1,,,,,
1651,ISR,1975,Israel,False,,,,,,,216.2,,,,,
1652,ISR,1976,Israel,False,,,,,,,287.5,,,,,
1653,ISR,1977,Israel,False,,,,,,,425.2,,,,,
1654,ISR,1978,Israel,False,,,,,,,656.5,,,,,
1655,ISR,1979,Israel,True,,,,,,,1260.0,,,,,
1656,ISR,1980,Israel,False,,,,,,,2851.0,,,,,
1657,ISR,1981,Israel,False,,,,,,,6826.0,,,,,
1658,ISR,1982,Israel,False,,,,,,,14927.0,,,,,
1659,ISR,1983,Israel,True,,,,,,,38189.0,,,,,
1660,ISR,1984,Israel,False,,,,,,,185000.0,,,,,
1661,ISR,1985,Israel,True,,,,,,,657.8,,,,,
1662,ISR,1986,Israel,False,,,,,,,1085.1,,,,,
1663,ISR,1987,Israel,True,,,,,,,1400.5,,,,,
1664,ISR,1988,Israel,False,,,,,,,1723.8,,,,,
1665,ISR,1989,Israel,False,,,,,,,2019.7,,,,,
1666,ISR,1990,Israel,True,,,,,,,2298.8,943.343,1140.179,,,
1667,ISR,1991,Israel,False,,,,,,,2699.3,975.638,1184.367,,,
1668,ISR,1992,Israel,False,,,,,,,3053.5,1017.858,1241.723,,,
1669,ISR,1993,Israel,False,,,,,,,3409.1,1052.638,1204.593,,,
1670,ISR,1994,Israel,False,,,,,,,3840.0,1086.566,1275.3,,,
1671,ISR,1995,Israel,False,,,,,,,4312.0,1187.041,1431.944,,,
1672,ISR,1996,Israel,False,,,,,,,4876.0,1277.224,1527.736,,,
1673,ISR,1997,Israel,False,,,,,,,5442.0,1363.788,1577.689,,,
1674,ISR,1998,Israel,False,,,,,,,5859.0,1403.038,1541.812,,,
1675,ISR,1999,Israel,False,,,,,,,6323.0,1455.752,1527.399,,,
1676,ISR,2000,Israel,False,,,,,,,6791.0,1686.474,1665.549,,,
1677,ISR,2001,Israel,False,,,,,,,7082.0,1779.897,1683.925,,,
1678,ISR,2002,Israel,False,,,,,,,7023.0,1723.894,1482.326,,,
1679,ISR,2003,Israel,False,,,,,,,6859.0,1671.8,1506.104,,,
1680,ISR,2004,Israel,True,,,,,,,7050.0,1752.636,1572.964,,,
1681,ISR,2005,Israel,False,,,,,,,7219.0,1773.384,1608.619,,,
1682,ISR,2006,Israel,False,,,,,,,7466.0,1782.867,1675.566,,,
1683,ISR,2007,Israel,False,,,,,,,7749.0,1873.563,1886.281,,,
1684,ISR,2008,Israel,False,,,,,,,8075.0,1867.124,2250.544,,,
1685,ISR,2009,Israel,False,6280.0,1450.634,1597.015,9526.0,2200.436,2422.479,7947.0,1835.699,2020.936,0.6592483728742389,0.659248439854647,0.6592482329052183
1686,ISR,2010,Israel,False,6386.0,1464.848,1707.955,9720.0,2229.615,2599.643,8100.0,1858.013,2166.369,0.6569958847736626,0.6569959387607278,0.6569959798326155
1687,ISR,2011,Israel,False,6600.0,1545.583,1844.539,9976.0,2336.172,2788.049,8325.0,1949.542,2326.635,0.6615878107457899,0.6615878454154916,0.6615877267580305
1688,ISR,2012,Israel,False,7244.0,1690.96,1878.669,10953.0,2556.748,2840.566,9149.0,2135.642,2372.714,0.6613713137953072,0.6613713983544721,0.6613713604964645
1689,ISR,2013,Israel,False,7280.0,1644.476,2016.197,10683.0,2413.178,2958.658,9030.0,2039.782,2500.86,0.681456519704203,0.6814565688896551,0.6814565928201232
1690,ISR,2014,Israel,False,7439.0,1625.79,2079.138,11114.0,2428.96,3106.27,9317.0,2036.226,2604.023,0.6693359726471118,0.66933584744088,0.6693358915998932
1691,ISR,2015,Israel,False,7666.0,1683.562,1972.3,11219.0,2463.85,2886.411,9503.0,2086.993,2444.921,0.6833051074070773,0.6833053960265438,0.6833053227693492
1692,ISR,2016,Israel,False,7633.0,1777.318,1987.467,11664.0,2715.923,3037.052,9724.0,2264.2,2531.918,0.6544067215363512,0.6544066234572925,0.6544066417038629
1693,ISR,2018,Israel,False,8546.0,2043.426,2380.131,12498.0,2988.385,3480.796,10584.0,2530.73,2947.731,0.6837894063050088,0.6837894046449837,0.6837892826813177
1694,ISR,2021,Israel,False,8670.0,2141.779,2684.046,13126.0,3242.56,4063.528,10928.0,2699.581,3383.074,0.6605211031540454,0.6605210080923715,0.660521103828988
1695,ITA,2002,Italy,False,1612.32,1836.811,1524.567,2008.9,2288.609,1899.563,1880.12,2141.899,1777.792,0.8025884812584001,0.8025883844728392,0.8025882795148147
1696,ITA,2006,Italy,False,1865.0,2118.16,2341.692,2271.0,2579.272,2851.465,2099.0,2383.924,2635.502,0.8212241303390577,0.8212239732761802,0.8212241777472281
1697,ITA,2007,Italy,False,2322.827,2651.684,3183.383,3023.628,3451.701,4143.815,2725.037,3110.837,3734.604,0.7682251255776174,0.7682252895021904,0.7682251741450813
1698,ITA,2008,Italy,True,1055.891,1246.572,1552.958,1327.267,1566.955,1952.085,1210.181,1428.724,1779.88,0.7955377478683641,0.7955378425034542,0.795538104129687
1699,ITA,2009,Italy,False,1076.051,1287.347,1500.857,1342.1,1605.638,1871.937,1226.329,1467.134,1710.462,0.8017666343789583,0.8017666497678805,0.8017668329649983
1700,ITA,2010,Italy,False,1096.278,1339.223,1453.355,1365.152,1667.681,1809.804,1247.144,1523.521,1653.359,0.8030446426478517,0.8030450667723623,0.8030455231616241
1701,ITA,2011,Italy,False,1104.727,1348.043,1537.73,1381.381,1685.63,1922.82,1258.837,1536.097,1752.245,0.7997265055766657,0.7997265117493162,0.7997264434528454
1702,ITA,2012,Italy,False,1102.635,1329.831,1416.652,1385.247,1670.675,1779.749,1258.506,1517.819,1616.914,0.7959843984502403,0.795984257859847,0.7959841528215496
1703,ITA,2013,Italy,False,1109.764,1354.099,1473.898,1392.136,1698.64,1848.92,1264.564,1542.981,1679.491,0.7971663688030479,0.7971665567748315,0.7971669947861454
1704,ITA,2014,Italy,False,1130.777,1370.058,1502.238,1414.914,1714.321,1879.715,1286.271,1558.455,1708.812,0.7991842613756031,0.7991840501283015,0.7991839188387602
1705,ITA,2015,Italy,False,1152.079,1390.436,1278.247,1435.25,1732.193,1592.428,1307.589,1578.12,1450.787,0.8027026650409336,0.8027027011424246,0.8027031677413359
1706,ITA,2016,Italy,False,1166.404,1483.492,1291.096,1444.427,1837.095,1598.841,1319.238,1677.874,1460.269,0.8075202138979679,0.8075205691594609,0.8075199472617978
1707,ITA,2017,Italy,False,1176.081,1512.355,1328.597,1450.359,1865.056,1638.443,1325.863,1704.964,1497.803,0.8108895797523233,0.8108898606797865,0.8108899729804454
1708,ITA,2018,Italy,False,1184.322,1553.648,1398.631,1466.293,1923.55,1731.625,1338.435,1755.819,1580.631,0.8076980521628351,0.8076982662265082,0.8076985490507472
1709,ITA,2019,Italy,False,1201.049,1660.389,1344.544,1482.538,2049.533,1659.664,1354.972,1873.179,1516.856,0.8101303305547648,0.8101304053167233,0.8101302432299551
1710,ITA,2020,Italy,False,1217.168,1705.166,1390.244,1487.645,2084.085,1699.182,1365.486,1912.95,1559.653,0.8181844458859472,0.8181844790399624,0.8181842792590788
1711,ITA,2021,Italy,False,2643.117,3776.314,3126.122,3421.677,4888.669,4046.956,3077.83,4397.403,3640.274,0.7724624504300085,0.7724626068977057,0.7724625619848596
1712,ITA,2022,Italy,False,2655.792,3947.226,2796.679,3482.43,5175.834,3667.169,3116.198,4631.514,3281.508,0.7626260972941309,0.7626260811301135,0.762626156580185
1713,ITA,2023,Italy,False,2804.042,4168.885,3031.923,3533.506,5253.409,3820.669,3203.698,4763.069,3464.058,0.793558012919746,0.7935580496397674,0.7935581438748031
1714,JAM,2001,Jamaica,False,,,,,,,8237.0,305.065,179.08,,,
1715,JAM,2002,Jamaica,False,,,,,,,8895.0,312.543,183.72,,,
1716,JAM,2003,Jamaica,False,,,,,,,39069.59,1275.31,676.637,,,
1717,JAM,2004,Jamaica,False,,,,,,,41702.23,1230.853,681.44,,,
1718,JAM,2005,Jamaica,False,,,,,,,45023.34,1194.2,722.91,,,
1719,JAM,2006,Jamaica,False,,,,,,,50591.72,1275.95,769.528,,,
1720,JAM,2007,Jamaica,False,,,,,,,56077.83,1331.558,810.465,,,
1721,JAM,2008,Jamaica,False,28111.792,568.038,386.383,33007.278,666.958,453.67,30578.195,617.875,420.283,0.851684649670294,0.8516848137363973,0.8516829413450304
1722,JAM,2009,Jamaica,False,26407.878,485.172,300.451,30762.205,565.17,349.992,28534.069,524.235,324.641,0.8584520517953768,0.8584532087690431,0.8584510503097214
1723,JAM,2010,Jamaica,False,27559.628,457.005,316.065,31000.854,514.069,355.53,29228.216,484.674,335.201,0.8889957676649811,0.8889954461366082,0.8889967091384694
1724,JAM,2011,Jamaica,False,30020.721,477.455,349.511,33069.946,525.951,385.011,31509.509,501.134,366.844,0.9077946785882263,0.9077936918077919,0.9077948422252871
1725,JAM,2012,Jamaica,False,29551.991,479.918,332.981,31830.334,516.917,358.652,30639.538,497.579,345.235,0.9284222716607373,0.9284237121239967,0.9284236530118333
1726,JAM,2013,Jamaica,False,35800.329,541.126,356.584,35922.63,542.974,357.803,35859.531,542.021,357.174,0.9965954330181281,0.9965965221170809,0.9965930973189158
1727,JAM,2014,Jamaica,False,37040.375,529.918,333.894,37247.371,532.879,335.76,37139.627,531.337,334.789,0.9944426681818698,0.9944433914641034,0.9944424588992138
1728,JEY,1997,Jersey,False,,,,,,,1558.8,,,,,
1729,JEY,1998,Jersey,False,,,,,,,1602.1,,,,,
1730,JEY,1999,Jersey,False,,,,,,,1688.7,,,,,
1731,JEY,2000,Jersey,False,,,,,,,1818.6,,,,,
1732,JEY,2001,Jersey,False,,,,,,,1948.5,,,,,
1733,JEY,2002,Jersey,False,,,,,,,2035.1,,,,,
1734,JEY,2003,Jersey,False,,,,,,,2121.7,,,,,
1735,JEY,2004,Jersey,False,,,,,,,2208.3,,,,,
1736,JEY,2005,Jersey,False,,,,,,,2294.9,,,,,
1737,JEY,2006,Jersey,False,,,,,,,2381.5,,,,,
1738,JEY,2007,Jersey,False,,,,,,,2511.4,,,,,
1739,JEY,2008,Jersey,False,,,,,,,2598.0,,,,,
1740,JEY,2012,Jersey,False,,,,,,,2857.8,,,,,
1741,JEY,2013,Jersey,False,,,,,,,2857.8,,,,,
1742,JEY,2015,Jersey,False,,,,,,,2944.4,,,,,
1743,JEY,2016,Jersey,False,,,,,,,3031.0,,,,,
1744,JOR,1973,Jordan,False,,,,,,,33.514,,,,,
1745,JOR,1974,Jordan,False,,,,,,,35.956,,,,,
1746,JOR,1975,Jordan,False,,,,,,,39.048,,,,,
1747,JOR,1976,Jordan,False,,,,,,,48.946,,,,,
1748,JOR,1977,Jordan,False,,,,,,,54.168,,,,,
1749,JOR,1978,Jordan,False,,,,,,,59.494,,,,,
1750,JOR,1979,Jordan,False,,,,,,,64.171,,,,,
1751,JOR,1980,Jordan,False,63.651,,,76.121,,,74.043,,,0.8361818683411937,,
1752,JOR,1981,Jordan,False,73.264,,,87.812,,,79.759,,,0.8343278822939917,,
1753,JOR,1982,Jordan,False,80.278,,,102.101,,,97.945,,,0.7862606634606909,,
1754,JOR,1983,Jordan,False,85.214,,,107.038,,,102.621,,,0.7961097927838712,,
1755,JOR,1984,Jordan,False,80.278,,,92.229,,,90.41,,,0.8704203666959417,,
1756,JOR,1985,Jordan,False,103.92,,,129.9,,,111.194,,,0.7999999999999999,,
1757,JOR,1986,Jordan,False,95.606,,,123.145,,,116.91,,,0.7763693207194771,,
1758,JOR,1987,Jordan,False,103.92,,,135.096,,,127.302,,,0.7692307692307693,,
1759,JOR,1988,Jordan,False,106.518,,,135.096,,,129.9,,,0.7884615384615384,,
1760,JOR,1989,Jordan,False,107.297,,,140.292,,,132.498,,,0.764811963618738,,
1761,JOR,1990,Jordan,False,111.714,436.312,168.317,142.89,558.074,215.289,135.096,527.633,203.546,0.7818181818181819,0.7818174650673567,0.7818188574427863
1762,JOR,1991,Jordan,False,119.508,449.833,175.524,150.684,567.181,221.312,135.096,508.507,198.418,0.7931034482758621,0.7931030834953922,0.7931065644881434
1763,JOR,1992,Jordan,False,122.885,458.245,180.762,152.762,569.657,224.711,145.488,542.531,214.01,0.8044212565952266,0.8044226613558685,0.804419899337371
1764,JOR,1993,Jordan,False,131.199,487.518,189.361,159.257,591.779,229.858,152.762,567.645,220.484,0.8238193611583793,0.8238176751794166,0.8238173132977751
1765,JOR,2016,Jordan,False,458.0,1257.3,645.07,507.0,1391.814,714.085,493.0,1353.381,694.366,0.903353057199211,0.9033534653337298,0.9033518418675648
1766,JOR,2017,Jordan,True,324.388,962.4,456.885,360.468,1069.443,507.702,353.086,1047.541,497.304,0.8999078975110133,0.8999077089662563,0.8999078199416193
1767,JOR,2018,Jordan,False,329.187,954.92,463.644,332.091,963.342,467.733,331.572,961.838,467.003,0.9912554089090039,0.9912575180984531,0.9912578329944648
1768,JOR,2019,Jordan,False,329.094,962.616,463.513,318.375,931.261,448.416,320.031,936.104,450.748,1.0336678445229681,1.0336694009520424,1.0336673981303075
1769,JOR,2020,Jordan,False,335.914,987.852,473.118,318.84,937.643,449.071,321.731,946.144,453.142,1.053550370091582,1.0535480987966634,1.053548325320495
1770,JOR,2021,Jordan,False,348.852,1013.776,491.34,334.678,972.587,471.377,337.059,979.506,474.731,1.042351155438959,1.042349938874363,1.0423503904518039
1771,JOR,2022,Jordan,False,357.104,1075.329,502.963,337.387,1015.959,475.193,340.545,1025.467,479.641,1.0584403074214477,1.0584373975721462,1.0584394130384918
1772,JOR,2023,Jordan,False,336.967,1034.884,474.601,342.413,1051.609,482.271,341.397,1048.491,480.841,0.9840952300292336,0.9840957998647787,0.9840960787606967
1773,JPN,1993,Japan,False,197000.0,965.905,1771.618,319900.0,1568.493,2876.856,281100.0,1378.254,2527.928,0.6158174429509221,0.6158172207335322,0.6158174062240167
1774,JPN,1994,Japan,False,203000.0,1007.74,1986.15,327400.0,1625.291,3203.278,288400.0,1431.686,2821.702,0.6200366524129505,0.6200366580507737,0.6200367248799512
1775,JPN,1995,Japan,False,206200.0,1048.672,2192.228,330000.0,1678.282,3508.415,291300.0,1481.466,3096.973,0.6248484848484849,0.6248485057934245,0.624848542718008
1776,JPN,1996,Japan,False,209600.0,1087.235,1926.842,334000.0,1732.522,3070.444,295600.0,1533.333,2717.435,0.6275449101796408,0.6275447007310729,0.627545071657389
1777,JPN,1997,Japan,False,212700.0,1108.9,1757.984,337000.0,1756.931,2785.334,298900.0,1558.299,2470.434,0.6311572700296736,0.6311573988961434,0.6311573405559262
1778,JPN,1998,Japan,False,214900.0,1128.236,1641.645,336400.0,1766.117,2569.797,299100.0,1570.29,2284.858,0.6388228299643282,0.6388229092410074,0.638822833087594
1779,JPN,2009,Japan,False,228000.0,1823.312,2436.676,326800.0,2613.414,3492.569,294500.0,2355.112,3147.373,0.6976744186046512,0.6976743830101162,0.69767440528734
1780,JPN,2010,Japan,False,227600.0,1880.498,2592.849,328300.0,2712.511,3740.037,296200.0,2447.292,3374.35,0.6932683521169661,0.6932683406629503,0.6932682751534277
1781,JPN,2011,Japan,False,231900.0,1997.36,2905.759,328300.0,2827.656,4113.673,296800.0,2556.346,3718.971,0.7063661285409686,0.7063659794543607,0.7063660626403704
1782,JPN,2012,Japan,False,233100.0,2068.975,2921.402,329000.0,2920.175,4123.3,297700.0,2642.359,3731.023,0.7085106382978723,0.7085106200827005,0.7085106589382291
1783,JPN,2013,Japan,False,232600.0,2182.185,2383.303,326000.0,3058.437,3340.312,295700.0,2774.171,3029.848,0.7134969325153374,0.713496795912422,0.713497122424492
1784,JPN,2014,Japan,False,238000.0,2179.853,2246.453,329600.0,3018.822,3111.055,299600.0,2744.051,2827.888,0.7220873786407767,0.7220872910029144,0.722087201929892
1785,JPN,2015,Japan,False,241700.0,2218.188,1996.794,334000.0,3065.266,2759.327,303500.0,2785.354,2507.352,0.7236526946107784,0.7236526944154276,0.7236525428120697
1786,JPN,2016,Japan,False,243900.0,2122.18,2241.874,334600.0,2911.364,3075.568,303600.0,2641.632,2790.623,0.7289300657501494,0.7289298074716868,0.7289300708031816
1787,JPN,2017,Japan,False,246300.0,2123.58,2195.85,334400.0,2883.171,2981.292,303800.0,2619.34,2708.482,0.7365430622009569,0.7365432019120615,0.7365430826634896
1788,JPN,2018,Japan,False,246900.0,2159.751,2235.944,336100.0,2940.025,3043.745,305300.0,2670.603,2764.818,0.7346027967866706,0.734602937049855,0.7346029315859246
1789,JPN,2019,Japan,False,249800.0,2152.37,2291.54,336100.0,2895.963,3083.213,306000.0,2636.61,2807.09,0.7432311811960726,0.7432311807851135,0.7432311682650533
1790,JPN,2020,Japan,False,251800.0,2228.537,2358.239,338800.0,2998.524,3173.04,307700.0,2723.276,2881.772,0.7432113341204251,0.7432113266393732,0.743211242215667
1791,JPN,2021,Japan,False,253600.0,2317.158,2310.615,337200.0,3081.016,3072.316,307400.0,2808.732,2800.801,0.7520759193357058,0.7520759385864922,0.7520759583324111
1792,KAZ,1982,Kazakhstan,False,,,,,,,174.0,,,,,
1793,KAZ,1983,Kazakhstan,False,,,,,,,178.0,,,,,
1794,KAZ,1984,Kazakhstan,False,,,,,,,179.0,,,,,
1795,KAZ,1985,Kazakhstan,False,,,,,,,184.0,,,,,
1796,KAZ,1986,Kazakhstan,False,,,,,,,189.0,,,,,
1797,KAZ,1987,Kazakhstan,False,,,,,,,195.0,,,,,
1798,KAZ,1988,Kazakhstan,False,,,,,,,213.0,,,,,
1799,KAZ,1989,Kazakhstan,False,,,,,,,232.0,,,,,
1800,KAZ,1990,Kazakhstan,False,,,,,,,259.0,,,,,
1801,KAZ,1991,Kazakhstan,False,,,,,,,447.0,,,,,
1802,KAZ,1992,Kazakhstan,False,,,,,,,4578.0,,,,,
1803,KAZ,1993,Kazakhstan,True,,,,,,,135.0,317.634,,,,
1804,KAZ,1994,Kazakhstan,False,,,,,,,1038.0,126.731,29.208,,,
1805,KAZ,1995,Kazakhstan,False,,,,,,,2392.0,108.72,39.245,,,
1806,KAZ,1996,Kazakhstan,False,,,,,,,3512.0,118.049,52.182,,,
1807,KAZ,1997,Kazakhstan,False,,,,,,,3875.0,113.532,51.367,,,
1808,KAZ,1998,Kazakhstan,False,8260.0,229.371,105.487,10904.0,302.793,139.253,9683.0,268.887,123.66,0.7575201760821717,0.7575175119636187,0.7575204842983635
1809,KAZ,1999,Kazakhstan,False,9485.0,248.533,79.357,14034.0,367.729,117.416,11864.0,310.869,99.261,0.6758586290437509,0.6758591245183273,0.6758618927573755
1810,KAZ,2000,Kazakhstan,False,10819.0,258.931,76.119,17603.0,421.293,123.848,14374.0,344.013,101.13,0.6146111458274158,0.6146102593681831,0.61461630385634
1811,KAZ,2001,Kazakhstan,False,12635.0,286.966,86.107,21511.0,488.558,146.597,17303.0,392.986,117.919,0.5873739017246989,0.5873734541241777,0.5873721836053943
1812,KAZ,2002,Kazakhstan,False,15340.0,334.408,100.079,24847.0,541.659,162.103,20323.0,443.037,132.588,0.6173783555358796,0.6173773536486978,0.6173790737987576
1813,KAZ,2003,Kazakhstan,False,17304.0,362.451,115.687,28476.0,596.461,190.378,23128.0,484.441,154.624,0.6076696165191741,0.6076692357086214,0.6076700038870038
1814,KAZ,2004,Kazakhstan,False,21445.0,431.518,157.643,34648.0,697.189,254.699,28329.0,570.038,208.248,0.6189390441006696,0.6189397709946657,0.6189384332093961
1815,KAZ,2005,Kazakhstan,False,25564.0,494.379,192.384,41840.0,809.138,314.871,33807.0,653.789,254.417,0.6109942638623327,0.6109946634566662,0.6109930733538497
1816,KAZ,2006,Kazakhstan,False,30984.0,568.907,245.73,49737.0,913.236,394.458,40800.0,749.141,323.58,0.622956752518246,0.6229572640587976,0.62295605615807
1817,KAZ,2007,Kazakhstan,False,,,,,,,52436.668,893.369,427.865,,,
1818,KAZ,2008,Kazakhstan,False,,,,,,,60920.832,920.064,506.411,,,
1819,KAZ,2009,Kazakhstan,False,53276.0,747.088,361.201,80491.0,1128.724,545.714,67333.0,944.209,456.505,0.6618876644593805,0.6618872284101339,0.6618869957523538
1820,KAZ,2010,Kazakhstan,False,61273.0,813.145,415.819,92853.0,1232.239,630.131,77611.0,1029.965,526.694,0.6598925182815849,0.6598922773909931,0.6598929428960011
1821,KAZ,2011,Kazakhstan,False,72430.0,914.27,493.995,106533.0,1344.745,726.588,90028.0,1136.406,614.019,0.6798832286709282,0.6798835466947265,0.6798832350658145
1822,KAZ,2012,Kazakhstan,False,82625.0,1027.815,554.112,118799.0,1477.803,796.707,101263.0,1259.663,679.105,0.695502487394675,0.6955020391757223,0.695502863662551
1823,KAZ,2013,Kazakhstan,False,,,,,,,109140.8,1184.821,717.422,,,
1824,KAZ,2014,Kazakhstan,False,,,,,,,121020.6,1243.037,675.37,,,
1825,KAZ,2015,Kazakhstan,False,99911.0,953.991,450.601,151694.0,1448.436,684.144,126021.0,1203.3,568.358,0.6586351470723958,0.6586352451886035,0.6586347318693141
1826,KAZ,2016,Kazakhstan,False,116108.0,999.569,339.338,169352.0,1457.944,494.95,142898.0,1230.203,417.635,0.6856015872266049,0.6856017789434985,0.6856005657137085
1827,KAZ,2017,Kazakhstan,False,121793.0,970.301,373.597,179575.0,1430.638,550.842,150827.0,1201.609,462.658,0.6782291521648336,0.6782295730995542,0.6782289658377538
1828,KAZ,2018,Kazakhstan,False,,,,195959.0,1493.871,568.482,162673.0,1240.119,471.918,,,
1829,KAZ,2019,Kazakhstan,False,150779.0,1142.311,393.939,222514.0,1685.78,581.36,186815.0,1415.322,488.09,0.6776157904671167,0.6776157031166581,0.6776162790697675
1830,KAZ,2020,Kazakhstan,False,182679.0,1336.166,442.372,243524.0,1781.203,589.713,213003.0,1557.964,515.804,0.7501478293720537,0.7501480740825162,0.7501479533264487
1831,KAZ,2022,Kazakhstan,False,265762.0,1752.805,577.536,355296.0,2343.317,772.106,309867.0,2043.695,673.382,0.7480016662163379,0.7480016574795472,0.7480009221531758
1832,KEN,1969,Kenya,False,,,,,,,535.6,,,,,
1833,KEN,1970,Kenya,False,,,,,,,578.2,,,,,
1834,KEN,1971,Kenya,False,,,,,,,591.6,,,,,
1835,KEN,1972,Kenya,False,,,,,,,634.7,,,,,
1836,KEN,1973,Kenya,False,,,,,,,679.8,,,,,
1837,KEN,1974,Kenya,False,,,,,,,719.1,,,,,
1838,KEN,1975,Kenya,False,,,,,,,802.1,,,,,
1839,KEN,1976,Kenya,False,,,,,,,905.9,,,,,
1840,KEN,1977,Kenya,False,932.4,,,996.8,,,986.5,,,0.9353932584269663,,
1841,KEN,1978,Kenya,False,930.2,,,1093.5,,,1066.7,,,0.8506630086877001,,
1842,KEN,1979,Kenya,False,989.9,,,1197.1,,,1162.5,,,0.8269150446913375,,
1843,KEN,1980,Kenya,False,1071.1,,,1346.4,,,1299.5,,,0.795528817587641,,
1844,KEN,1981,Kenya,False,1345.7,,,1561.5,,,1522.2,,,0.8617995517130964,,
1845,KEN,1982,Kenya,False,1387.4,,,1657.6,,,1608.2,,,0.8369932432432433,,
1846,KEN,1983,Kenya,False,1508.0,,,1753.2,,,1707.8,,,0.8601414556240018,,
1847,KEN,1984,Kenya,False,1614.4,,,1932.3,,,1870.4,,,0.8354810329658956,,
1848,KEN,1985,Kenya,False,1770.2,,,2077.3,,,2015.6,,,0.8521638665575506,,
1849,KEN,1986,Kenya,False,1817.9,,,2304.1,,,2204.1,,,0.7889848530879737,,
1850,KEN,1987,Kenya,False,1884.8,,,2468.9,,,2344.6,,,0.763416906314553,,
1851,KEN,1988,Kenya,False,2218.3,,,2768.1,,,2683.7,,,0.8013800079476898,,
1852,KEN,1989,Kenya,False,2452.9,,,2952.8,,,2849.7,,,0.8307030615009482,,
1853,KEN,1990,Kenya,False,2727.3,584.946,119.019,3484.8,747.412,152.077,3106.1,666.19,135.55,0.7826274104683195,0.7826285903892365,0.7826232763665775
1854,KEN,1991,Kenya,False,2976.6,554.153,108.209,3513.5,654.107,127.727,3394.1,631.878,123.386,0.8471894122669702,0.847190138616465,0.8471897093018704
1855,KEN,1994,Kenya,False,,,,,,,4253.8,359.968,75.892,,,
1856,KEN,1995,Kenya,False,,,,,,,5187.0,444.345,100.856,,,
1857,KEN,1997,Kenya,False,5846.1,435.143,99.539,5495.7,409.062,93.573,5608.3,417.443,95.49,1.0637589388067035,1.0637580611252082,1.0637577078858218
1858,KEN,2005,Kenya,True,7095.794,355.137,93.917,8257.07,413.258,109.287,7896.366,395.205,104.513,0.8593597971193172,0.8593590444710084,0.8593611316991041
1859,KEN,2016,Kenya,False,11291.57,271.744,111.242,16522.039,397.622,162.772,14493.296,348.798,142.785,0.6834247274201446,0.6834229494343875,0.683422210208144
1860,KEN,2019,Kenya,False,12667.807,292.817,124.205,14662.588,338.926,143.763,13932.869,322.059,136.608,0.8639543714929452,0.8639555537196911,0.8639566508767902
1861,KEN,2021,Kenya,False,103189.375,2432.108,941.185,132830.31,3130.725,1211.538,122416.983,2885.29,1116.559,0.7768511192964919,0.7768513682932868,0.7768514070545042
1862,KEN,2022,Kenya,False,411056.706,9719.204,3487.492,425554.429,10061.995,3610.494,420785.998,9949.248,3570.038,0.9659321534167372,0.9659321039217371,0.9659320857478229
1863,KGZ,1985,Kyrgyzstan,False,,,,,,,0.81,,,,,
1864,KGZ,1986,Kyrgyzstan,False,,,,,,,0.83,,,,,
1865,KGZ,1987,Kyrgyzstan,False,,,,,,,0.86,,,,,
1866,KGZ,1988,Kyrgyzstan,False,,,,,,,0.92,,,,,
1867,KGZ,1989,Kyrgyzstan,False,,,,,,,0.99,,,,,
1868,KGZ,1990,Kyrgyzstan,False,,,,,,,1.1,,,,,
1869,KGZ,1991,Kyrgyzstan,False,,,,,,,1.81,,,,,
1870,KGZ,1992,Kyrgyzstan,False,,,,,,,12.13,,,,,
1871,KGZ,1993,Kyrgyzstan,False,,,,,,,88.54,,,,,
1872,KGZ,1994,Kyrgyzstan,False,,,,,,,233.42,,,,,
1873,KGZ,1995,Kyrgyzstan,False,,,,,,,368.2,106.642,34.024,,,
1874,KGZ,1996,Kyrgyzstan,False,,,,,,,490.9,110.914,38.323,,,
1875,KGZ,1997,Kyrgyzstan,False,,,,,,,680.2,127.416,39.176,,,
1876,KGZ,1998,Kyrgyzstan,False,,,,,,,840.6,144.768,40.341,,,
1877,KGZ,1999,Kyrgyzstan,False,,,,,,,1049.9,134.838,26.915,,,
1878,KGZ,2000,Kyrgyzstan,False,,,,,,,1227.0,137.239,25.721,,,
1879,KGZ,2001,Kyrgyzstan,False,,,,,,,1455.1,156.521,30.078,,,
1880,KGZ,2002,Kyrgyzstan,False,,,,,,,1684.4,180.214,35.886,,,
1881,KGZ,2003,Kyrgyzstan,False,,,,,,,1916.0,203.59,43.896,,,
1882,KGZ,2004,Kyrgyzstan,False,,,,,,,2240.3,234.772,52.528,,,
1883,KGZ,2005,Kyrgyzstan,False,,,,,,,2612.5,271.294,63.701,,,
1884,KGZ,2006,Kyrgyzstan,False,,,,,,,3270.0,332.089,81.439,,,
1885,KGZ,2007,Kyrgyzstan,False,,,,,,,3970.0,376.194,106.388,,,
1886,KGZ,2008,Kyrgyzstan,False,,,,,,,5378.0,424.976,147.042,,,
1887,KGZ,2009,Kyrgyzstan,False,,,,,,,6161.3,454.097,143.606,,,
1888,KGZ,2013,Kyrgyzstan,False,9113.0,493.657,188.137,12440.0,673.882,256.823,10601.0,574.263,218.857,0.7325562700964631,0.7325570352079445,0.7325551060457981
1889,KGZ,2014,Kyrgyzstan,False,9732.0,501.079,181.384,13695.0,705.126,255.246,11516.0,592.934,214.634,0.7106243154435925,0.7106233495857478,0.7106242605173048
1890,KGZ,2015,Kyrgyzstan,False,11125.3,547.857,172.587,14742.8,725.998,228.705,12715.6,626.17,197.257,0.7546259869224299,0.7546260458017789,0.7546271397651996
1891,KGZ,2016,Kyrgyzstan,False,11743.0,602.069,167.963,15592.0,799.409,223.017,13428.0,688.46,192.064,0.7531426372498717,0.7531426341209568,0.7531398951649426
1892,KGZ,2017,Kyrgyzstan,False,12183.0,629.816,176.907,16802.0,868.601,243.979,14217.0,734.966,206.442,0.7250922509225092,0.7250924187285072,0.725091093905623
1893,KGZ,2018,Kyrgyzstan,False,12574.0,613.058,182.655,17556.0,855.96,255.025,14760.0,719.638,214.409,0.716222374117111,0.7162227206878826,0.7162238996176845
1894,KGZ,2019,Kyrgyzstan,False,14421.0,683.515,206.636,18724.0,887.465,268.293,16287.0,771.958,233.374,0.7701879940183721,0.7701881200948769,0.7701878170507617
1895,KGZ,2020,Kyrgyzstan,False,15078.0,700.332,194.942,19992.0,928.574,258.474,17198.0,798.801,222.351,0.7542016806722689,0.754201603749405,0.7542035175684982
1896,KGZ,2022,Kyrgyzstan,False,24954.0,972.904,296.661,31353.0,1222.387,372.734,27684.0,1079.341,329.116,0.795904698115013,0.7959050611631178,0.7959053909758702
1897,KHM,1996,Cambodia,False,73343.571,75.746,27.95,90022.31,92.971,34.306,85534.384,88.336,32.596,0.8147266049938066,0.8147271729894268,0.8147262869468898
1898,KHM,1997,Cambodia,False,86151.738,84.34,29.241,106336.654,104.1,36.092,100896.964,98.775,34.246,0.8101791316473057,0.8101825168107589,0.8101795411725591
1899,KHM,1999,Cambodia,False,140578.905,119.604,36.918,153197.88,130.34,40.232,148625.025,126.449,39.031,0.9176295716363698,0.9176308117231855,0.9176277589978127
1900,KHM,2000,Cambodia,True,164522.773,145.857,42.836,149308.969,132.369,38.875,155565.221,137.916,40.504,1.1018947763278706,1.1018969698343268,1.1018906752411575
1901,KHM,2001,Cambodia,False,151676.003,139.103,38.729,160149.425,146.875,40.893,156499.312,143.527,39.961,0.9470905249893967,0.947084255319149,0.9470814075758687
1902,KHM,2003,Cambodia,False,180946.511,170.438,45.54,195676.083,184.312,49.247,189725.83,178.707,47.75,0.9247247196786946,0.9247254655149962,0.9247263792718338
1903,KHM,2007,Cambodia,True,258002.972,214.107,63.608,319615.962,265.237,78.798,295074.854,244.871,72.747,0.8072280570267639,0.8072290065111579,0.8072286098631944
1904,KHM,2008,Cambodia,False,289856.29,201.274,71.496,360939.22,250.634,89.029,331752.151,230.367,81.83,0.8030612190052386,0.8030594412569724,0.8030641701018769
1905,KHM,2009,Cambodia,False,280092.189,196.239,67.666,369435.857,258.836,89.25,331703.379,232.4,80.134,0.7581618938521173,0.758159606855306,0.7581624649859944
1906,KHM,2010,Cambodia,False,319696.003,218.912,76.392,411132.609,281.523,98.242,373571.416,255.803,89.266,0.7775982639217023,0.7775989883597432,0.7775900327762056
1907,KHM,2011,Cambodia,False,332202.537,222.469,81.854,459394.196,307.646,113.193,404130.953,270.638,99.576,0.7231317676464507,0.72313308152877,0.7231365897184455
1908,KHM,2012,Cambodia,True,419432.673,291.302,104.0,512990.284,356.28,127.198,474675.536,329.67,117.698,0.8176230351372503,0.817620972269002,0.8176229185993491
1909,KHM,2013,Cambodia,False,434135.032,292.146,107.799,542595.928,365.133,134.731,497094.711,334.514,123.433,0.8001074272713673,0.8001084536319644,0.8001053951948699
1910,KHM,2014,Cambodia,False,547601.338,360.153,135.629,656486.238,431.766,162.597,610121.425,401.272,151.114,0.8341398589988416,0.8341393254679618,0.8341420813422141
1911,KHM,2015,Cambodia,False,593957.912,390.386,146.016,702116.48,461.474,172.606,655840.741,431.059,161.229,0.8459535261157807,0.8459544849764018,0.8459497352351598
1912,KHM,2016,Cambodia,False,677219.075,442.234,166.856,776808.275,507.267,191.394,736010.77,480.626,181.342,0.8717969372815962,0.8717972980698527,0.871793264156661
1913,KHM,2019,Cambodia,True,989757.638,628.473,243.714,1129400.327,717.143,278.099,1069006.114,678.794,263.228,0.8763567836296544,0.8763565983353389,0.8763569807874174
1914,KHM,2020,Cambodia,False,959838.046,607.455,234.52,1168823.995,739.717,285.582,1076082.625,681.023,262.922,0.8211998128939848,0.8211991883382429,0.8212002156998691
1915,KHM,2021,Cambodia,False,990326.807,627.817,241.618,1149011.394,728.414,280.334,1081316.447,685.499,263.818,0.8618946793490195,0.8618958449453196,0.8618933129766635
1916,KIR,2019,Kiribati,False,419.056,451.199,291.313,547.884,589.909,380.87,499.046,537.325,346.92,0.7648626351563469,0.7648620380431559,0.7648620264132118
1917,KOR,1969,Republic of Korea,False,,,,,,,11610.0,,,,,
1918,KOR,1970,Republic of Korea,False,,,,,,,17831.0,,,,,
1919,KOR,1971,Republic of Korea,False,,,,,,,20581.0,,,,,
1920,KOR,1972,Republic of Korea,False,,,,,,,24179.0,,,,,
1921,KOR,1973,Republic of Korea,False,,,,,,,26954.0,,,,,
1922,KOR,1974,Republic of Korea,False,,,,,,,35542.0,,,,,
1923,KOR,1975,Republic of Korea,False,,,,,,,46019.0,,,,,
1924,KOR,1976,Republic of Korea,False,37015.0,,,78716.0,,,62362.0,,,0.4702347680268306,,
1925,KOR,1977,Republic of Korea,False,47384.0,,,107648.0,,,82355.0,,,0.44017538644470866,,
1926,KOR,1978,Republic of Korea,False,62100.0,,,145733.0,,,111201.0,,,0.4261217431878847,,
1927,KOR,1979,Republic of Korea,False,80274.0,,,185366.0,,,142665.0,,,0.43305676337623944,,
1928,KOR,1980,Republic of Korea,False,99380.0,,,223825.0,,,176058.0,,,0.4440075952194795,,
1929,KOR,1981,Republic of Korea,False,120517.0,,,269023.0,,,212477.0,,,0.4479802842136174,,
1930,KOR,1982,Republic of Korea,False,139689.0,,,309910.0,,,245981.0,,,0.45074053757542515,,
1931,KOR,1983,Republic of Korea,False,159050.0,,,340960.0,,,273119.0,,,0.46647700610042236,,
1932,KOR,1984,Republic of Korea,False,174245.0,,,366353.0,,,296907.0,,,0.47562050808919265,,
1933,KOR,1985,Republic of Korea,False,189845.0,,,397265.0,,,324283.0,,,0.47788000453098056,,
1934,KOR,1986,Republic of Korea,False,208914.0,,,426871.0,,,350966.0,,,0.4894078070424086,,
1935,KOR,1987,Republic of Korea,False,234071.0,,,467286.0,,,386536.0,,,0.5009159272907813,,
1936,KOR,1988,Republic of Korea,False,274832.0,,,534658.0,,,446370.0,,,0.5140332698659704,,
1937,KOR,1989,Republic of Korea,False,336879.0,,,639578.0,,,540611.0,,,0.5267207439905688,,
1938,KOR,1990,Republic of Korea,False,402953.0,775.514,569.331,752731.0,1448.688,1063.531,642309.0,1236.172,907.516,0.5353213830704462,0.5353216151441856,0.5353214903937921
1939,KOR,1991,Republic of Korea,False,480903.0,861.003,655.78,881980.0,1579.087,1202.707,754673.0,1351.158,1029.105,0.5452538606317604,0.5452536813994416,0.5452533326903393
1940,KOR,1992,Republic of Korea,False,561887.0,953.948,719.749,1005298.0,1706.753,1287.736,869284.0,1475.834,1113.509,0.558925811053041,0.5589256324728886,0.5589258978548398
1941,KOR,2009,Republic of Korea,False,1952160.0,2166.122,1528.414,3072300.0,3409.032,2405.41,2710360.0,3007.422,2122.035,0.6354066985645933,0.6354067664955917,0.6354068537172457
1942,KOR,2010,Republic of Korea,False,2018540.0,2222.12,1745.447,3159440.0,3478.086,2731.992,2785030.0,3065.915,2408.237,0.6388917023269947,0.6388916202762094,0.638891695144056
1943,KOR,2011,Republic of Korea,False,2120970.0,2325.57,1913.83,3312440.0,3631.976,2988.937,2915720.0,3196.986,2630.962,0.6403044281556798,0.6403043412181137,0.6403045631272924
1944,KOR,2012,Republic of Korea,False,2204000.0,2408.918,1955.97,3404000.0,3720.489,3020.926,2997420.0,3276.107,2660.101,0.6474735605170387,0.647473490715871,0.6474736554288321
1945,KOR,2013,Republic of Korea,False,2291000.0,2346.54,2092.271,3547000.0,3632.989,3239.321,3116400.0,3191.95,2846.073,0.6458979419227516,0.6458979094073778,0.645898013812154
1946,KOR,2014,Republic of Korea,False,2368000.0,2380.477,2249.155,3718000.0,3737.591,3531.401,3235210.0,3252.257,3072.841,0.6369015599784831,0.6369014159120139,0.6369016149681105
1947,KOR,2015,Republic of Korea,False,2362000.0,2461.237,2088.505,3780000.0,3938.812,3342.315,3269000.0,3406.343,2890.484,0.6248677248677249,0.6248678535558437,0.6248677937297951
1948,KOR,2016,Republic of Korea,False,2454000.0,2537.444,2114.118,3868000.0,3999.525,3332.278,3351000.0,3464.945,2886.883,0.6344364012409514,0.6344363393152936,0.6344362625207141
1949,KOR,2017,Republic of Korea,False,2544000.0,2564.324,2249.335,3981000.0,4012.804,3519.891,3446000.0,3473.53,3046.859,0.6390354182366239,0.6390354475324487,0.6390354133125145
1950,KOR,2018,Republic of Korea,False,2703000.0,2757.15,2456.908,4144000.0,4227.017,3766.713,3593000.0,3664.979,3265.879,0.6522683397683398,0.6522684909949499,0.652268436697991
1951,KOR,2019,Republic of Korea,False,2827000.0,2872.682,2425.865,4277000.0,4346.113,3670.118,3720000.0,3780.113,3192.154,0.6609773205517886,0.6609772916626879,0.6609773854682601
1952,KOR,2020,Republic of Korea,False,2863000.0,2947.052,2425.725,4316000.0,4442.709,3656.803,3757000.0,3867.298,3183.181,0.6633456904541242,0.6633457199199858,0.6633458242076481
1953,KOR,2021,Republic of Korea,False,2934000.0,3053.107,2564.794,4442000.0,4622.325,3883.031,3858000.0,4014.617,3372.52,0.6605132823052678,0.6605132698371491,0.6605133979100347
1954,KOR,2022,Republic of Korea,False,3129000.0,3353.263,2422.864,4726000.0,5064.724,3659.462,4091000.0,4384.212,3167.765,0.662082099026661,0.6620820798922112,0.6620820218928356
1955,KOS,2000,Kosovo,False,414.351,,,464.754,,,455.077,,,0.8915490775765244,,
1956,KOS,2009,Kosovo,False,,,,,,,270.0,713.415,376.591,,,
1957,KOS,2010,Kosovo,False,,,,,,,310.0,804.538,410.972,,,
1958,KOS,2012,Kosovo,False,,,,,,,383.0,951.49,492.074,,,
1959,KOS,2013,Kosovo,False,,,,,,,386.005,956.106,512.661,,,
1960,KOS,2014,Kosovo,False,,,,,,,403.058,979.502,535.462,,,
1961,KOS,2015,Kosovo,False,,,,,,,414.647,1009.344,460.056,,,
1962,KOS,2016,Kosovo,False,,,,,,,421.83,1057.665,466.925,,,
1963,KOS,2017,Kosovo,False,,,,,,,431.191,1071.291,487.108,,,
1964,KOS,2018,Kosovo,False,,,,,,,453.241,1123.096,535.258,,,
1965,KOS,2019,Kosovo,False,,,,,,,476.748,1186.457,533.743,,,
1966,KWT,2015,Kuwait,False,,,,,,,355.0,1798.316,1179.982,,,
1967,KWT,2016,Kuwait,False,,,,,,,353.0,1828.093,1168.342,,,
1968,LAO,2010,Lao People's Democratic Republic,True,961765.971,321.024,116.519,1192081.663,397.9,144.422,1111897.615,371.135,134.708,0.8067953738837103,0.8067956773058558,0.8067953635872651
1969,LAO,2017,Lao People's Democratic Republic,True,1822339.493,571.854,221.028,2073605.571,650.701,251.503,1977052.518,620.403,239.793,0.8788264839205527,0.8788276028467761,0.8788284831592467
1970,LAO,2022,Lao People's Democratic Republic,True,2115601.114,569.99,150.735,2727132.538,734.75,194.306,2503995.654,674.632,178.408,0.7757602846657099,0.7757604627424294,0.7757609131987689
1971,LBN,2019,Lebanon,True,1215150.593,1623.821,806.07,1160202.209,1550.393,769.62,1175959.958,1571.45,780.073,1.047361040664938,1.047360894947281,1.04736103531613
1972,LBR,2010,Liberia,True,286.885,504.349,286.885,272.345,478.788,272.345,275.684,484.657,275.684,1.0533881657456534,1.05338688521851,1.0533881657456534
1973,LBR,2014,Liberia,True,6763.374,13295.296,80.62,8270.237,16257.455,98.581,7995.283,15716.957,95.304,0.8177968781305784,0.8177968814922139,0.817804647954474
1974,LBR,2016,Liberia,False,8342.195,18050.164,88.345,12428.132,26890.983,131.616,11477.563,24834.218,121.549,0.6712348243485022,0.6712348150307484,0.6712329807926087
1975,LBR,2017,Liberia,True,1465.521,3635.42,1465.521,1258.594,3122.11,1258.594,1308.613,3246.188,1308.613,1.1644112398438256,1.164411247521708,1.1644112398438256
1976,LIE,2005,Liechtenstein,False,5092.0,,,6381.0,,,5819.0,,,0.797994044820561,,
1977,LIE,2006,Liechtenstein,False,5176.0,,,6468.0,,,5885.0,,,0.8002473716759431,,
1978,LIE,2012,Liechtenstein,False,5694.0,,,6875.0,,,6380.0,,,0.8282181818181819,,
1979,LIE,2014,Liechtenstein,False,5873.0,,,7036.0,,,6522.0,,,0.8347072200113701,,
1980,LIE,2016,Liechtenstein,False,5976.0,,,7050.0,,,6603.0,,,0.8476595744680852,,
1981,LIE,2018,Liechtenstein,False,7125.0,,,6078.0,,,6675.0,,,1.1722606120434353,,
1982,LKA,1969,Sri Lanka,False,,,,,,,177.203,,,,,
1983,LKA,1970,Sri Lanka,False,,,,,,,190.835,,,,,
1984,LKA,1971,Sri Lanka,False,,,,,,,201.016,,,,,
1985,LKA,1972,Sri Lanka,False,,,,,,,221.359,,,,,
1986,LKA,1973,Sri Lanka,False,,,,,,,210.522,,,,,
1987,LKA,1974,Sri Lanka,False,,,,,,,258.574,,,,,
1988,LKA,1975,Sri Lanka,False,,,,,,,287.072,,,,,
1989,LKA,1978,Sri Lanka,False,638.242,,,666.82,,,664.438,,,0.957142857142857,,
1990,LKA,1979,Sri Lanka,False,515.616,,,619.19,,,598.926,,,0.8327266267220077,,
1991,LKA,1980,Sri Lanka,False,567.663,,,617.025,,,608.798,,,0.92,,
1992,LKA,1981,Sri Lanka,False,643.784,,,689.769,,,685.17,,,0.9333327534290465,,
1993,LKA,1982,Sri Lanka,False,618.259,,,772.282,,,737.572,,,0.8005611939680065,,
1994,LKA,1983,Sri Lanka,False,642.111,,,899.829,,,871.437,,,0.7135922491940135,,
1995,LKA,1984,Sri Lanka,False,732.908,,,1029.097,,,957.752,,,0.7121855374177556,,
1996,LKA,1985,Sri Lanka,False,968.067,,,1361.539,,,1103.388,,,0.7110093798267989,,
1997,LKA,1986,Sri Lanka,False,940.05,,,1271.326,,,1204.641,,,0.7394248210136503,,
1998,LKA,1987,Sri Lanka,False,1065.874,,,1487.406,,,1414.821,,,0.7165992338339364,,
1999,LKA,1988,Sri Lanka,False,1160.418,,,1518.136,,,1476.569,,,0.7643702540483855,,
2000,LKA,1989,Sri Lanka,False,1435.421,,,1856.746,,,1761.941,,,0.7730842021471973,,
2001,LKA,1990,Sri Lanka,False,1932.214,192.321,48.23,2168.668,215.857,54.132,2103.006,209.321,52.493,0.8909680965458981,0.8909648517305438,0.8909702209414024
2002,LKA,1991,Sri Lanka,False,2084.598,192.784,50.387,2547.75,235.616,61.582,2505.654,231.723,60.565,0.8182113629673241,0.8182126850468558,0.8182098665194375
2003,LKA,1992,Sri Lanka,False,2449.674,209.553,55.891,2801.625,239.66,63.921,2715.152,232.263,61.948,0.8743761210012047,0.8743761996161229,0.8743761831010153
2004,LKA,1994,Sri Lanka,False,3138.584,234.031,63.515,3530.43,263.249,71.444,3444.753,256.86,69.71,0.8890089875737517,0.8890100247294386,0.8890179721180225
2005,LKA,1995,Sri Lanka,False,2937.106,209.103,57.308,4050.234,288.351,79.026,3910.579,278.408,76.302,0.7251694593448181,0.7251682844866153,0.7251790549945588
2006,LKA,1996,Sri Lanka,False,,,,,,,3293.389,208.168,59.586,,,
2007,LKA,1997,Sri Lanka,False,3035.763,179.212,51.458,3299.734,194.795,55.933,3087.07,182.241,52.328,0.920002339582524,0.9200030801611951,0.9199935637280318
2008,LKA,1998,Sri Lanka,False,3255.18,178.439,50.507,3961.425,217.153,61.465,3447.646,188.989,53.493,0.8217194570135746,0.8217201696499703,0.8217196778654519
2009,LKA,1999,Sri Lanka,False,3358.468,179.698,47.547,4094.287,219.068,57.964,4001.684,214.114,56.653,0.8202815288718158,0.8202841126956013,0.8202850044855428
2010,LKA,2000,Sri Lanka,False,3842.637,200.183,49.901,4703.32,245.02,61.078,4445.278,231.577,57.727,0.8170052218432937,0.8170067749571462,0.8170044860669963
2011,LKA,2001,Sri Lanka,False,4185.773,196.412,46.83,4945.743,232.073,55.332,4864.662,228.268,54.425,0.8463385582307855,0.846337143915923,0.8463456950769898
2012,LKA,2002,Sri Lanka,False,4468.612,194.439,46.712,5321.431,231.547,55.627,5220.876,227.172,54.576,0.8397387845487427,0.8397388003299546,0.8397360993762022
2013,LKA,2003,Sri Lanka,False,4879.746,204.251,50.556,5772.236,241.607,59.803,5633.832,235.814,58.369,0.8453822747372076,0.8453852744332739,0.8453756500510008
2014,LKA,2004,Sri Lanka,False,5293.793,211.491,52.313,6165.197,246.304,60.924,6015.756,240.334,59.447,0.8586575579012317,0.8586584058724179,0.8586599697984374
2015,LKA,2005,Sri Lanka,False,6043.572,223.61,60.136,6433.371,238.032,64.015,6411.141,237.209,63.794,0.9394098366159825,0.9394115076964442,0.9394048269936734
2016,LKA,2006,Sri Lanka,False,6516.858,226.231,62.714,7592.053,263.556,73.061,7162.478,248.643,68.927,0.8583788864487643,0.8583792438798585,0.8583786151298229
2017,LKA,2007,Sri Lanka,False,8202.124,252.807,74.145,8385.062,258.445,75.798,8372.596,258.061,75.686,0.978182868534544,0.9781849136179844,0.9781920367292012
2018,LKA,2008,Sri Lanka,False,8464.042,221.022,78.129,10284.456,268.559,94.933,9362.504,244.484,86.423,0.8229936517789564,0.8229923406029959,0.8229909515131725
2019,LKA,2009,Sri Lanka,False,11021.0,277.166,95.881,13506.0,339.661,117.5,12687.0,319.064,110.375,0.8160077002813564,0.8160077253496869,0.8160085106382978
2020,LKA,2010,Sri Lanka,True,11876.08,285.798,105.038,14658.657,352.761,129.649,13749.943,330.893,121.612,0.8101751749836291,0.8101745941303035,0.810172080000617
2021,LKA,2011,Sri Lanka,True,13392.288,311.535,121.126,16101.667,374.561,145.631,15227.925,354.236,137.728,0.831733012488707,0.8317336828981129,0.8317322548083856
2022,LKA,2012,Sri Lanka,False,11221.0,261.149,87.937,16385.0,381.332,128.406,14497.0,337.392,113.61,0.6848336893500152,0.6848336882296792,0.684835599582574
2023,LKA,2013,Sri Lanka,False,16796.851,371.184,130.138,20432.546,451.528,158.307,19209.289,424.496,148.83,0.8220635353029426,0.8220619762229585,0.8220609322392567
2024,LKA,2014,Sri Lanka,False,18529.496,397.545,141.918,21796.725,467.643,166.942,20709.87,444.324,158.618,0.8501045914007724,0.8501036046727953,0.8501036288052138
2025,LKA,2015,Sri Lanka,False,21354.722,447.002,157.185,25263.566,528.822,185.957,23924.724,500.798,176.102,0.8452774244142732,0.8452787516404385,0.8452760584436187
2026,LKA,2016,Sri Lanka,False,23354.651,480.547,160.423,28887.14,594.384,198.426,27007.9,555.717,185.517,0.8084791710082757,0.8084790303911277,0.8084777196536744
2027,LKA,2017,Sri Lanka,False,25628.441,498.231,168.114,31744.161,617.124,208.232,29562.582,574.713,193.921,0.8073434670394974,0.8073434188266864,0.8073398901225556
2028,LKA,2018,Sri Lanka,False,27398.711,526.209,168.644,32970.947,633.227,202.942,31083.061,596.969,191.322,0.8309955731632458,0.8309958356166114,0.8309960481319786
2029,LKA,2019,Sri Lanka,False,31574.491,584.955,176.646,39713.374,735.737,222.179,36468.978,675.631,204.028,0.795059392334683,0.7950599195092812,0.7950616394888805
2030,LKA,2020,Sri Lanka,False,32352.327,527.803,174.319,40220.001,656.158,216.711,37032.148,604.151,199.535,0.8043840426557922,0.8043840050719491,0.8043846412964731
2031,LKA,2021,Sri Lanka,False,35749.565,613.241,179.859,42566.272,730.174,214.155,39797.378,682.676,200.224,0.8398566122962331,0.8398559795336454,0.8398543111297893
2032,LKA,2022,Sri Lanka,False,40597.401,502.355,125.832,47039.725,582.073,145.8,44294.45,548.102,137.291,0.8630450326824827,0.8630446696548372,0.8630452674897118
2033,LSO,2019,Lesotho,False,3062.682,552.455,211.973,3619.483,652.892,250.511,3350.693,604.407,231.907,0.8461655987885561,0.8461659815099588,0.8461624439645365
2034,LTU,1983,Lithuania,False,,,,,,,177.0,,,,,
2035,LTU,1984,Lithuania,False,,,,,,,182.0,,,,,
2036,LTU,1985,Lithuania,False,,,,,,,188.0,,,,,
2037,LTU,1986,Lithuania,False,,,,,,,193.0,,,,,
2038,LTU,1987,Lithuania,False,,,,,,,202.0,,,,,
2039,LTU,1988,Lithuania,False,,,,,,,222.0,,,,,
2040,LTU,1989,Lithuania,False,,,,,,,243.0,,,,,
2041,LTU,1990,Lithuania,False,,,,,,,283.0,,,,,
2042,LTU,1991,Lithuania,False,,,,,,,751.0,225432.028,,,,
2043,LTU,1992,Lithuania,True,,,,,,,6327.0,,,,,
2044,LTU,1993,Lithuania,False,,,,,,,166.0,,,,,
2045,LTU,1994,Lithuania,False,313.0,,,450.0,,,374.0,,,0.6955555555555556,,
2046,LTU,1995,Lithuania,False,436.0,,,620.0,,,518.0,,,0.7032258064516129,,
2047,LTU,1996,Lithuania,False,534.0,,,709.0,,,612.0,,,0.7531734837799718,,
2048,LTU,1997,Lithuania,False,,,,,,,778.0,,,,,
2049,LTU,1998,Lithuania,False,,,,,,,930.0,,,,,
2050,LTU,1999,Lithuania,False,,,,,,,987.0,,,,,
2051,LTU,2000,Lithuania,False,,,,,,,971.0,,,,,
2052,LTU,2001,Lithuania,False,,,,,,,982.0,,,,,
2053,LTU,2002,Lithuania,False,,,,,,,1014.0,,,,,
2054,LTU,2003,Lithuania,False,,,,,,,1073.0,,,,,
2055,LTU,2004,Lithuania,False,,,,,,,1149.0,,,,,
2056,LTU,2005,Lithuania,False,305.642,,,378.023,,,341.947,,,0.8085275234575673,,
2057,LTU,2006,Lithuania,False,353.212,,,427.611,,,390.874,,,0.8260124271826497,,
2058,LTU,2007,Lithuania,False,428.279,,,554.592,,,491.214,,,0.7722415757890485,,
2059,LTU,2008,Lithuania,False,476.993,,,661.593,,,567.794,,,0.7209764915892399,,
2060,LTU,2009,Lithuania,False,558.565,,,749.278,,,650.87,,,0.7454709733903838,,
2061,LTU,2010,Lithuania,False,673.017,,,779.164,,,720.787,,,0.8637680899014842,,
2062,LTU,2011,Lithuania,False,654.712,,,664.188,,,659.276,,,0.9857329551271627,,
2063,LTU,2012,Lithuania,False,684.501,,,753.807,,,717.823,,,0.9080586940689062,,
2064,LTU,2013,Lithuania,False,678.923,,,795.192,,,735.697,,,0.8537849978370003,,
2065,LTU,2014,Lithuania,False,736.013,,,904.603,,,819.99,,,0.8136309519203453,,
2066,LTU,2015,Lithuania,False,804.366,1611.333,892.455,909.099,1821.138,1008.657,856.993,1716.757,950.845,0.8847947253269445,0.8847945625207975,0.8847953268554127
2067,LTU,2016,Lithuania,False,886.118,1806.082,980.847,1022.624,2084.308,1131.946,953.298,1943.007,1055.208,0.8665139875457647,0.8665139701042265,0.8665139503121174
2068,LTU,2017,Lithuania,False,943.099,1903.432,1065.402,1095.443,2210.904,1237.502,1016.515,2051.606,1148.338,0.8609293226575916,0.8609292850345379,0.8609295176896684
2069,LTU,2018,Lithuania,False,991.902,1991.163,1171.391,1207.946,2424.855,1426.53,1096.164,2200.46,1294.52,0.8211476340829806,0.8211472438558182,0.8211471192333846
2070,LTU,2019,Lithuania,False,1049.576,2168.791,1174.973,1328.743,2745.648,1487.494,1184.715,2448.037,1326.259,0.7899014331590082,0.7899013274826198,0.7899010012813498
2071,LTU,2020,Lithuania,False,1182.688,2409.357,1350.862,1439.451,2932.43,1644.135,1308.616,2665.896,1494.696,0.8216243553966062,0.8216247276149815,0.8216247449266636
2072,LTU,2021,Lithuania,False,1337.431,2696.347,1581.834,1628.229,3282.615,1925.773,1477.096,2977.921,1747.021,0.8214022720391296,0.8214021443270078,0.8214021071019274
2073,LTU,2022,Lithuania,False,1427.01,2681.356,1502.71,1739.712,3268.925,1832.001,1577.433,2964.001,1661.113,0.820256456241033,0.8202562004328641,0.8202561024802935
2074,LTU,2023,Lithuania,False,1627.419,2882.362,1759.677,1994.607,3532.698,2156.706,1801.334,3190.388,1947.726,0.8159096002370393,0.8159095399606761,0.8159095398260123
2075,LUX,1980,Luxembourg,True,36929.0,,,74251.0,,,68368.0,,,0.49735357099567684,,
2076,LUX,1981,Luxembourg,False,39497.0,,,77862.0,,,71978.0,,,0.5072692712748196,,
2077,LUX,1982,Luxembourg,False,44704.0,,,84806.0,,,78671.0,,,0.5271325142089003,,
2078,LUX,1983,Luxembourg,False,48535.0,,,89534.0,,,83282.0,,,0.5420845712243394,,
2079,LUX,1984,Luxembourg,False,51804.0,,,96233.0,,,89323.0,,,0.5383184562468176,,
2080,LUX,1985,Luxembourg,False,54939.0,,,99560.0,,,92529.0,,,0.5518179991964645,,
2081,LUX,1986,Luxembourg,False,57651.0,,,105397.0,,,97775.0,,,0.5469890034820726,,
2082,LUX,1987,Luxembourg,False,58950.0,,,106641.0,,,98594.0,,,0.5527892649168706,,
2083,LUX,1988,Luxembourg,False,60870.0,,,109888.0,,,100805.0,,,0.5539276354105999,,
2084,LUX,1989,Luxembourg,False,64735.0,,,118371.0,,,107996.0,,,0.54688226001301,,
2085,LUX,1990,Luxembourg,False,69556.0,,,124891.0,,,113595.0,,,0.5569336461394336,,
2086,LUX,1991,Luxembourg,False,73963.0,,,130455.0,,,119300.0,,,0.5669617875895903,,
2087,LUX,1992,Luxembourg,False,79669.0,,,139279.0,,,127442.0,,,0.5720101379245974,,
2088,LUX,1993,Luxembourg,False,84030.0,,,141465.0,,,130097.0,,,0.5939985155338776,,
2089,LUX,1994,Luxembourg,False,86535.0,,,142879.0,,,131397.0,,,0.6056523351927156,,
2090,LUX,2002,Luxembourg,False,2384.35,2522.951,2254.579,3018.83,3194.313,2854.526,2808.82,2972.095,2655.946,0.7898258596873623,0.7898258561387065,0.7898260516807345
2091,LUX,2004,Luxembourg,False,2659.75,2753.969,3308.469,4113.92,4259.651,5117.314,3534.375,3659.577,4396.418,0.6465244827317984,0.6465245626930469,0.646524524389162
2092,LUX,2005,Luxembourg,False,2645.72,2746.965,3291.515,4244.814,4407.252,5280.931,3589.323,3726.677,4465.442,0.62328290473976,0.6232829436574082,0.6232830915609388
2093,LUX,2006,Luxembourg,False,2824.436,2981.902,3546.359,4351.054,4593.63,5463.179,3708.261,3915.0,4656.088,0.6491383467086366,0.6491384808963717,0.6491383496678399
2094,LUX,2007,Luxembourg,False,3336.119,3441.026,4572.078,5233.263,5397.826,7172.072,4434.411,4573.854,6077.262,0.6374835356067524,0.6374836832458104,0.6374835612358605
2095,LUX,2008,Luxembourg,False,3365.612,3512.439,4949.992,5390.486,5625.649,7928.086,4525.925,4723.372,6656.529,0.6243615139710965,0.624361562550383,0.6243615419913457
2096,LUX,2009,Luxembourg,False,3624.555,3746.081,5055.465,5387.903,5568.552,7514.952,4656.283,4812.403,6494.502,0.67272090830143,0.6727208437669254,0.6727208636861552
2097,LUX,2010,Luxembourg,False,3592.112,3674.204,4762.122,5231.004,5350.551,6934.829,4508.324,4611.356,5976.76,0.6866964735641571,0.6866963794943736,0.6866963842944074
2098,LUX,2011,Luxembourg,False,3586.788,3700.967,4992.649,5305.085,5473.962,7384.44,4547.447,4692.207,6329.843,0.6761037759055698,0.6761038896506771,0.6761039428853103
2099,LUX,2012,Luxembourg,False,3748.473,3846.43,4815.996,5226.652,5363.238,6715.144,4573.975,4693.505,5876.591,0.7171843466907688,0.7171842830767532,0.7171843224806497
2100,LUX,2013,Luxembourg,False,4001.998,4148.39,5315.125,5374.041,5570.623,7137.361,4771.52,4946.062,6337.142,0.7446906341056944,0.7446904951205638,0.7446905095594857
2101,LUX,2014,Luxembourg,False,4148.755,4263.174,5511.624,5366.377,5514.377,7129.236,4821.604,4954.58,6405.504,0.7731016661706771,0.773101657721262,0.7731016338917662
2102,LUX,2015,Luxembourg,False,4052.668,4148.006,4496.488,5322.387,5447.594,5905.257,4736.131,4847.547,5254.798,0.7614380540159895,0.7614381688503219,0.7614381558668828
2103,LUX,2016,Luxembourg,False,4432.61,4600.066,4906.47,5793.9,6012.784,6413.286,5195.178,5391.443,5750.559,0.7650477226048085,0.7650476052357776,0.7650477461943846
2104,LUX,2017,Luxembourg,False,4678.91,4843.637,5285.676,6228.456,6447.737,7036.169,5526.18,5720.736,6242.821,0.7512150683893407,0.7512150387027262,0.7512150432998412
2105,LUX,2018,Luxembourg,False,3183.312,3398.589,3759.347,3959.256,4227.007,4675.701,3596.301,3839.507,4247.068,0.8040177245421867,0.8040178310563479,0.8040178360421251
2106,LUX,2019,Luxembourg,False,5363.567,5707.938,6004.376,6916.779,7360.875,7743.157,6190.946,6588.44,6930.606,0.775442875939798,0.7754428651485048,0.7754428846012034
2107,LUX,2020,Luxembourg,False,5532.861,5739.798,6319.612,6982.256,7243.402,7975.105,6305.456,6541.289,7202.067,0.7924173791393497,0.7924174303731865,0.7924174039087887
2108,LUX,2021,Luxembourg,False,5728.68,5962.803,6775.54,7404.023,7706.616,8757.037,6645.866,6917.473,7860.333,0.7737253112260727,0.7737251992314136,0.7737251766779105
2109,LUX,2022,Luxembourg,False,6330.64,6849.489,6666.472,7622.175,8246.875,8026.521,7043.999,7621.313,7417.673,0.8305555828880864,0.8305556953391435,0.8305556043521222
2110,LUX,2023,Luxembourg,False,6484.001,7037.897,7010.946,8402.144,9119.899,9084.975,7522.332,8164.928,8133.662,0.7717079116949198,0.771707778781322,0.7717077922613986
2111,LVA,1990,Latvia,False,,,,,,,1.46,,,,,
2112,LVA,1991,Latvia,False,,,,,,,2.81,265.067,,,,
2113,LVA,1992,Latvia,False,18.69,172.714,25.378,22.97,212.265,31.189,21.5,198.681,29.193,0.8136700043535047,0.8136715897580855,0.813684311776588
2114,LVA,1993,Latvia,False,,,,,,,47.23,215.003,69.936,,,
2115,LVA,1994,Latvia,False,53.65,184.364,95.846,69.72,239.588,124.556,61.37,210.893,109.638,0.7695065978198509,0.7695043157420238,0.7695012685057324
2116,LVA,1995,Latvia,False,72.64,215.411,137.684,92.82,275.255,175.934,82.35,244.206,156.089,0.7825899590605474,0.7825870556393163,0.7825889253924767
2117,LVA,1996,Latvia,False,79.07,210.034,143.568,100.73,267.57,182.896,89.41,237.5,162.342,0.7849697210364339,0.7849684194790149,0.784970693727583
2118,LVA,1997,Latvia,False,97.91,245.993,168.544,122.83,308.603,211.442,109.81,275.891,189.029,0.7971179679231458,0.7971179800585217,0.7971169398700353
2119,LVA,1998,Latvia,False,109.26,264.965,185.239,137.71,333.959,233.473,123.07,298.456,208.652,0.7934064338101808,0.7934057773559029,0.7934065180984524
2120,LVA,1999,Latvia,False,118.48,283.812,202.472,148.1,354.765,253.09,132.61,317.66,226.619,0.8,0.8,0.8
2121,LVA,2000,Latvia,False,126.16,305.679,208.013,160.45,388.761,264.551,141.75,343.452,233.718,0.7862885634153942,0.7862902914644214,0.7862869541222676
2122,LVA,2001,Latvia,False,133.39,331.08,212.433,166.41,413.038,265.019,149.14,370.173,237.516,0.8015744246139054,0.8015727366489281,0.8015764907421732
2123,LVA,2002,Latvia,False,246.4,390.72,232.989,312.52,495.567,295.511,281.43,446.268,266.113,0.7884295405094075,0.7884302223513673,0.7884275035447073
2124,LVA,2003,Latvia,False,161.69,373.986,282.934,194.46,449.782,340.277,177.21,409.883,310.092,0.8314820528643422,0.831482807226612,0.8314814107330205
2125,LVA,2004,Latvia,False,179.2,393.397,331.708,211.71,464.767,391.886,194.89,427.842,360.752,0.8464408861178025,0.8464391835048529,0.846440036132957
2126,LVA,2005,Latvia,False,204.06,414.365,361.349,249.13,505.884,441.159,225.64,458.185,399.563,0.8190904347128005,0.8190909378434582,0.8190901693040378
2127,LVA,2006,Latvia,False,428.0,351.004,537.396,511.0,419.073,641.611,465.0,381.348,583.854,0.837573385518591,0.8375724515776488,0.837572921910628
2128,LVA,2007,Latvia,False,484.802,808.42,943.578,627.842,1046.943,1221.978,556.238,927.542,1082.614,0.772171979574479,0.7721719329514596,0.7721726577728895
2129,LVA,2008,Latvia,False,712.323,1111.275,1481.486,889.678,1387.962,1850.348,799.756,1247.678,1663.329,0.8006525956582045,0.8006523233345005,0.8006526339910115
2130,LVA,2009,Latvia,False,857.885,1404.911,1696.934,1055.789,1729.008,2088.397,947.843,1552.23,1874.874,0.8125534552832052,0.812553209701748,0.8125533603045781
2131,LVA,2010,Latvia,False,765.803,1353.047,1443.617,911.828,1611.05,1718.891,833.628,1472.883,1571.475,0.8398546655728931,0.8398541323981255,0.8398537196366727
2132,LVA,2011,Latvia,False,705.523,1220.975,1407.574,853.274,1476.671,1702.349,774.536,1340.409,1545.261,0.8268422570006821,0.8268429460590747,0.8268422045068315
2133,LVA,2012,Latvia,False,760.45,1309.987,1390.537,908.766,1565.482,1661.743,829.881,1429.592,1517.497,0.8367940702006899,0.836794674100373,0.8367942575957895
2134,LVA,2013,Latvia,False,760.486,1347.785,1436.529,957.453,1696.863,1808.592,852.819,1511.424,1610.942,0.7942802414322165,0.794280386807892,0.7942803020250007
2135,LVA,2014,Latvia,False,824.411,1447.081,1095.23,1030.35,1808.565,1368.821,922.808,1619.797,1225.951,0.8001271412626777,0.8001266197233717,0.8001265322492861
2136,LVA,2015,Latvia,False,917.451,1611.497,1017.924,1111.64,1952.589,1233.379,1012.796,1778.97,1123.71,0.8253130509877298,0.8253129562852193,0.8253132248887001
2137,LVA,2016,Latvia,False,945.408,1685.004,1046.476,1182.274,2107.169,1308.662,1060.314,1889.8,1173.664,0.7996521956839109,0.7996529941357338,0.7996533864359171
2138,LVA,2017,Latvia,False,1004.47,1787.193,1134.731,1224.892,2179.376,1383.737,1111.082,1976.881,1255.168,0.8200478082965682,0.8200480320972607,0.8200481738943166
2139,LVA,2018,Latvia,False,1111.815,1964.6,1313.003,1397.901,2470.122,1650.858,1247.526,2204.405,1473.271,0.7953460223578065,0.7953453311212969,0.7953458141160535
2140,LVA,2019,Latvia,False,1217.525,2195.728,1362.988,1546.835,2789.619,1731.643,1378.653,2486.313,1543.367,0.787107222166553,0.7871067697775216,0.7871068112769203
2141,LVA,2020,Latvia,False,1301.799,2363.216,1486.909,1635.674,2969.315,1868.261,1463.113,2656.058,1671.162,0.7958792522226311,0.7958791842563014,0.7958786272367727
2142,LVA,2021,Latvia,False,1407.712,2703.365,1664.958,1750.738,3362.111,2070.669,1573.225,3021.214,1860.716,0.8040677702774487,0.8040677419633081,0.8040676708831784
2143,LVA,2022,Latvia,False,1433.242,2637.434,1509.274,1820.282,3349.66,1916.845,1619.13,2979.502,1705.023,0.7873736047491543,0.787373643892216,0.7873740443280494
2144,LVA,2023,Latvia,False,1599.777,2835.177,1729.789,2062.13,3654.573,2229.716,1815.548,3217.573,1963.095,0.7757886263232676,0.7757888541287861,0.7757889345548941
2145,MAC,1989,"Macao, China",False,,,,,,,2261.0,,,,,
2146,MAC,1990,"Macao, China",False,,,,,,,2585.0,574.405,322.279,,,
2147,MAC,1991,"Macao, China",False,,,,,,,2911.0,615.355,363.682,,,
2148,MAC,1992,"Macao, China",False,,,,4121.0,833.246,516.912,3501.0,707.885,439.143,,,
2149,MAC,1993,"Macao, China",False,,,,4651.0,907.323,583.743,4069.0,793.786,510.696,,,
2150,MAC,1994,"Macao, China",False,3529.0,664.827,443.326,5109.0,962.483,641.811,4476.0,843.232,562.292,0.6907418281464083,0.6907415507598577,0.6907422901757683
2151,MAC,1995,"Macao, China",False,3806.0,679.012,477.675,5591.0,997.466,701.703,4832.0,862.056,606.444,0.6807368985870148,0.6807369875263918,0.6807367219464646
2152,MAC,1996,"Macao, China",False,3924.0,687.433,492.569,5716.0,1001.367,717.514,4914.0,860.867,616.841,0.6864940517844647,0.6864945619338365,0.6864939220698133
2153,MAC,1997,"Macao, China",False,4032.0,698.482,505.561,6094.0,1055.691,764.11,5221.0,904.458,654.647,0.6616343944863801,0.6616348912702675,0.661633796181178
2154,MAC,2009,"Macao, China",False,7100.0,1426.497,889.247,10000.0,2009.151,1252.461,8500.0,1707.779,1064.592,0.71,0.7099998954782393,0.709999752487303
2155,MAC,2010,"Macao, China",False,7500.0,1489.723,937.24,10000.0,1986.298,1249.654,8900.0,1767.805,1112.192,0.75,0.749999748275435,0.7499995998892494
2156,MAC,2011,"Macao, China",False,8300.0,1607.345,1035.144,11000.0,2130.217,1371.878,10000.0,1936.561,1247.161,0.7545454545454545,0.7545451942219971,0.754545229240501
2157,MAC,2012,"Macao, China",False,10000.0,1945.994,1251.586,12000.0,2335.193,1501.903,11000.0,2140.594,1376.744,0.8333333333333334,0.833333261961645,0.8333334443036601
2158,MAC,2013,"Macao, China",False,11000.0,2039.381,1376.849,13000.0,2410.177,1627.185,12000.0,2224.779,1502.017,0.8461538461538461,0.846154037649517,0.8461539407012725
2159,MAC,2014,"Macao, China",False,12000.0,2130.894,1502.417,15000.0,2663.617,1878.022,13000.0,2308.468,1627.619,0.8,0.80000015017174,0.7999996805149248
2160,MAC,2015,"Macao, China",False,13500.0,2323.883,1690.678,15000.0,2582.092,1878.532,15000.0,2582.092,1878.532,0.9,0.9000000774565738,0.8999995741355485
2161,MAC,2016,"Macao, China",False,13500.0,2296.344,1688.542,15000.0,2551.493,1876.158,15000.0,2551.493,1876.158,0.9,0.900000117578218,0.89999989339917
2162,MAC,2017,"Macao, China",False,15000.0,2525.128,1868.926,16000.0,2693.47,1993.521,15000.0,2525.128,1868.926,0.9375,0.9374999535914639,0.9375000313515633
2163,MAC,2018,"Macao, China",False,15000.0,2511.354,1858.159,17000.0,2846.201,2105.913,15800.0,2645.292,1957.261,0.8823529411764706,0.882353003178623,0.8823531646369057
2164,MDA,1981,Republic of Moldova,False,,,,,,,143.9,,,,,
2165,MDA,1982,Republic of Moldova,False,,,,,,,147.4,,,,,
2166,MDA,1983,Republic of Moldova,False,,,,,,,136.9,,,,,
2167,MDA,1984,Republic of Moldova,False,,,,,,,154.5,,,,,
2168,MDA,1985,Republic of Moldova,False,,,,,,,159.9,,,,,
2169,MDA,1986,Republic of Moldova,False,,,,,,,161.0,,,,,
2170,MDA,1987,Republic of Moldova,False,,,,,,,166.3,,,,,
2171,MDA,1988,Republic of Moldova,False,,,,,,,183.6,,,,,
2172,MDA,1989,Republic of Moldova,False,,,,,,,214.9,,,,,
2173,MDA,1990,Republic of Moldova,False,,,,,,,245.1,,,,,
2174,MDA,1991,Republic of Moldova,False,,,,,,,410.9,,,,,
2175,MDA,1992,Republic of Moldova,False,,,,,,,3307.9,,,,,
2176,MDA,1993,Republic of Moldova,True,,,,,,,31.8,210.226,,,,
2177,MDA,1994,Republic of Moldova,False,,,,,,,107.6,124.462,,,,
2178,MDA,1995,Republic of Moldova,False,,,,,,,167.1,153.011,37.168,,,
2179,MDA,1996,Republic of Moldova,False,,,,,,,187.1,142.784,40.634,,,
2180,MDA,1997,Republic of Moldova,False,,,,,,,219.8,153.579,47.539,,,
2181,MDA,1998,Republic of Moldova,False,,,,,,,250.4,164.98,46.623,,,
2182,MDA,1999,Republic of Moldova,False,,,,,,,304.6,147.269,28.966,,,
2183,MDA,2000,Republic of Moldova,False,,,,,,,407.9,155.274,32.805,,,
2184,MDA,2001,Republic of Moldova,False,,,,,,,543.7,193.885,42.261,,,
2185,MDA,2002,Republic of Moldova,False,,,,,,,691.5,237.891,50.956,,,
2186,MDA,2003,Republic of Moldova,False,,,,,,,890.8,280.467,63.88,,,
2187,MDA,2004,Republic of Moldova,False,,,,,,,1103.1,316.916,89.467,,,
2188,MDA,2005,Republic of Moldova,False,,,,,,,1318.7,349.869,104.662,,,
2189,MDA,2006,Republic of Moldova,False,,,,,,,1697.1,412.129,129.243,,,
2190,MDA,2007,Republic of Moldova,False,1199.308,266.583,98.79,1538.594,341.999,126.738,1359.036,302.087,111.948,0.7794830865062518,0.7794847353354835,0.7794820811437769
2191,MDA,2008,Republic of Moldova,False,1463.505,299.511,140.829,1880.097,384.768,180.917,1660.551,339.837,159.791,0.7784199432263336,0.7784197230538923,0.7784177274661862
2192,MDA,2009,Republic of Moldova,False,1604.111,327.324,144.39,1959.052,399.751,176.339,1769.551,361.083,159.282,0.8188200211122524,0.8188197152727573,0.8188205672029443
2193,MDA,2010,Republic of Moldova,False,1745.003,336.715,141.076,2033.29,392.342,164.382,1876.597,362.107,151.714,0.8582164865808616,0.8582180852419572,0.8582204864279543
2194,MDA,2011,Republic of Moldova,False,1879.084,347.333,160.077,2159.155,399.102,183.936,2007.839,371.132,171.046,0.8702867556984097,0.8702862927271726,0.8702864039665971
2195,MDA,2012,Republic of Moldova,False,2057.02,382.74,169.841,2377.034,442.284,196.264,2201.769,409.673,181.793,0.8653725609309753,0.8653715712076404,0.8653701137243712
2196,MDA,2013,Republic of Moldova,False,2167.762,364.609,172.226,2532.414,425.942,201.197,2335.221,392.775,185.53,0.856006166448298,0.8560062168088612,0.8560067993061526
2197,MDA,2014,Republic of Moldova,False,2194.674,358.24,156.364,2625.532,428.57,187.062,2389.648,390.066,170.256,0.8358968772804901,0.8358961196537322,0.835893981674525
2198,MDA,2015,Republic of Moldova,False,2431.278,379.555,129.196,2889.909,451.154,153.568,2636.726,411.629,140.114,0.8412991550945029,0.8412980933339835,0.8412950614711397
2199,MDA,2016,Republic of Moldova,False,2630.146,414.62,132.01,3039.857,479.208,152.574,2815.201,443.793,141.298,0.8652203047709153,0.8652192784761523,0.8652195000458792
2200,MDA,2017,Republic of Moldova,False,2774.766,435.074,149.995,3198.661,501.54,172.91,2969.106,465.546,160.501,0.8674773600578493,0.8674761733859712,0.8674744086518998
2201,MDA,2018,Republic of Moldova,False,3102.778,487.84,184.667,3743.914,588.644,222.825,3396.982,534.096,202.177,0.8287524766861631,0.8287521829832631,0.828753506114664
2202,MDA,2019,Republic of Moldova,False,3862.841,604.794,219.811,4447.796,696.379,253.097,4134.908,647.391,235.293,0.8684843009886244,0.8684839720899108,0.8684852052770282
2203,MDA,2020,Republic of Moldova,False,4140.923,658.101,239.058,4758.774,756.294,274.727,4435.534,704.922,256.066,0.8701659292918721,0.8701655705320946,0.8701656553596844
2204,MDA,2021,Republic of Moldova,False,4669.623,737.37,264.112,5233.074,826.344,295.98,4936.973,779.587,279.233,0.8923288682713066,0.8923281345299294,0.89233056287587
2205,MDA,2022,Republic of Moldova,False,5153.377,682.694,272.706,5817.304,770.648,307.84,5460.064,723.323,288.935,0.8858703275606707,0.885870072977546,0.8858692827442829
2206,MDA,2023,Republic of Moldova,False,6010.117,730.9,330.882,6620.26,805.101,364.473,6284.122,764.222,345.967,0.9078370033805319,0.9078364081028343,0.9078367944950655
2207,MDG,2005,Madagascar,False,255773.1,551.789,127.693,398351.34,859.378,198.875,338727.24,730.749,169.108,0.6420791756342529,0.6420795040133678,0.6420766813324953
2208,MDG,2012,Madagascar,True,116293.083,164.619,52.982,167640.082,237.303,76.375,148474.229,210.173,67.643,0.6937069083514288,0.6937080441460917,0.693708674304419
2209,MDG,2015,Madagascar,False,192285.158,228.135,65.548,219208.96,260.078,74.726,209429.056,248.475,71.392,0.8771774566149121,0.8771791539461239,0.877177956802184
2210,MDV,2016,Maldives,True,9220.362,939.408,599.956,11659.523,1187.92,758.668,10765.814,1096.865,700.516,0.7908009615830768,0.7908007273217051,0.7908017736348443
2211,MDV,2019,Maldives,False,9804.345,968.042,637.389,12682.154,1252.186,824.478,11551.156,1140.515,750.951,0.7730820016852026,0.7730816348369971,0.7730818772605212
2212,MEX,1991,Mexico,False,654.4,375.005,216.801,898.8,515.058,297.771,809.7,464.0,268.252,0.7280818869603917,0.7280830508408762,0.728079631663258
2213,MEX,1993,Mexico,False,866.4,356.748,278.083,1139.8,469.323,365.834,1043.5,429.67,334.926,0.7601333567292508,0.760133213160233,0.7601343778872386
2214,MEX,1994,Mexico,False,,,,,,,1288.608,509.347,381.797,,,
2215,MEX,1995,Mexico,False,1076.8,319.059,167.741,1370.9,406.202,213.555,1274.1,377.52,198.476,0.785469399664454,0.7854688061604818,0.7854697853012105
2216,MEX,1996,Mexico,False,1316.7,306.536,173.263,1497.1,348.535,197.001,1437.6,334.683,189.172,0.8795003673769288,0.8794984721763954,0.8795031497302044
2217,MEX,1997,Mexico,False,1531.6,309.326,193.421,1851.6,373.954,233.833,1745.0,352.425,220.371,0.8271764960034564,0.8271766046091231,0.8271758049548181
2218,MEX,1998,Mexico,False,1820.0,326.004,199.211,2163.8,387.586,236.842,2048.5,366.933,224.222,0.8411128570108143,0.8411139721248961,0.8411134849393267
2219,MEX,1999,Mexico,False,2091.666,336.03,218.784,2533.222,406.967,264.97,2384.862,383.132,249.452,0.8256939186537935,0.8256934837468394,0.8256934747329885
2220,MEX,2000,Mexico,False,2563.661,378.382,271.127,3134.851,462.687,331.535,2938.493,433.705,310.769,0.8177935729640738,0.8177925898069321,0.8177929931983048
2221,MEX,2001,Mexico,False,2894.592,421.238,309.836,3543.762,515.709,379.323,3320.05,483.153,355.377,0.8168133187273863,0.8168133579208431,0.8168131117807252
2222,MEX,2002,Mexico,True,3181.091,439.524,329.443,3867.204,534.322,400.499,3632.084,501.837,376.15,0.8225816377930928,0.8225826374358532,0.8225813297910856
2223,MEX,2003,Mexico,False,3418.338,477.274,316.835,4088.679,570.867,378.967,3859.539,538.875,357.728,0.8360494917796188,0.8360511292472678,0.8360490491256495
2224,MEX,2004,Mexico,False,3544.441,468.328,314.057,4263.338,563.316,377.756,4013.575,530.315,355.625,0.8313769633090315,0.8313770601225599,0.8313752792808057
2225,MEX,2005,Mexico,True,3773.775,493.412,346.285,4499.455,588.292,412.874,4233.036,553.459,388.427,0.8387182447651994,0.8387195474356272,0.8387183499082045
2226,MEX,2006,Mexico,False,4048.423,533.955,371.441,4784.467,631.033,438.973,4512.283,595.134,414.0,0.8461596662700359,0.8461601849665549,0.8461591031794665
2227,MEX,2007,Mexico,True,4195.474,529.824,383.913,5039.519,636.414,461.148,4726.691,596.909,432.523,0.8325147697627492,0.8325146838378791,0.8325158083738843
2228,MEX,2008,Mexico,False,4292.359,526.115,385.666,5171.872,633.917,464.69,4849.117,594.357,435.691,0.8299430070968501,0.8299430367066982,0.8299425423400547
2229,MEX,2009,Mexico,False,4409.291,519.293,326.288,5123.432,603.399,379.135,4859.461,572.31,359.601,0.8606127689408194,0.8606129609097795,0.8606116554789192
2230,MEX,2010,Mexico,False,4444.104,498.547,351.702,5194.036,582.676,411.05,4918.187,551.73,389.22,0.8556167111664225,0.8556161571782602,0.8556185378907675
2231,MEX,2011,Mexico,False,4551.406,509.094,366.36,5266.743,589.107,423.94,5003.336,559.644,402.737,0.8641784875396425,0.8641791728837037,0.8641788932396094
2232,MEX,2012,Mexico,False,4679.074,507.301,355.297,5436.319,589.401,412.798,5154.991,558.899,391.435,0.8607062977724448,0.8607060388428253,0.8607042669780377
2233,MEX,2013,Mexico,False,4831.1,526.212,378.257,5604.205,610.421,438.789,5315.2,578.942,416.161,0.8620491220431802,0.862047668740099,0.8620475900717658
2234,MEX,2014,Mexico,False,4857.145,519.279,365.406,5642.258,603.216,424.471,5353.102,572.302,402.717,0.8608512762089221,0.8608508395002785,0.8608503289977407
2235,MEX,2015,Mexico,False,5015.797,531.696,316.489,5861.225,621.314,369.834,5548.15,588.127,350.079,0.8557591629736103,0.8557605333213159,0.8557596110687496
2236,MEX,2016,Mexico,False,5229.588,552.814,280.196,6130.542,648.053,328.468,5796.809,612.775,310.587,0.8530384426042591,0.853038254587202,0.8530389566106896
2237,MEX,2017,Mexico,False,5429.877,535.735,286.893,6366.233,628.12,336.366,6016.1,593.574,317.866,0.8529183584703859,0.8529182321849328,0.8529191416492748
2238,MEX,2018,Mexico,False,5689.689,549.649,295.655,6701.921,647.435,348.254,6320.605,610.599,328.44,0.8489639015440499,0.8489639886629546,0.8489636874235471
2239,MEX,2019,Mexico,False,5945.536,551.844,308.64,7038.78,653.315,365.392,6621.173,614.555,343.714,0.8446827433163133,0.8446828865095705,0.8446818759031396
2240,MEX,2020,Mexico,True,6531.387,584.965,303.989,7382.123,661.159,343.585,7048.628,631.29,328.063,0.8847572710451993,0.8847569192887037,0.8847563193969469
2241,MEX,2021,Mexico,False,6842.96,610.524,337.55,7912.056,705.908,390.287,7499.104,669.065,369.917,0.8648775994507623,0.8648775761147345,0.8648763602169686
2242,MEX,2022,Mexico,False,7322.495,677.881,363.808,8540.64,790.651,424.33,8060.331,746.186,400.467,0.8573707591000207,0.8573706983232805,0.857370442815733
2243,MEX,2023,Mexico,False,7985.893,746.162,449.689,9557.041,892.962,538.161,8921.288,833.561,502.361,0.8356030909567094,0.8356033067476556,0.8356031001874905
2244,MHL,2019,Marshall Islands,False,872.328,878.07,872.328,766.335,771.38,766.335,798.347,803.603,798.347,1.1383115739200218,1.1383105602945371,1.1383115739200218
2245,MKD,2001,North Macedonia,False,,,,,,,10552.0,421.619,155.092,,,
2246,MKD,2002,North Macedonia,False,,,,,,,11279.0,461.603,175.276,,,
2247,MKD,2003,North Macedonia,False,,,,,,,11824.0,478.312,217.664,,,
2248,MKD,2004,North Macedonia,False,,,,,,,20771.0,850.303,420.381,,,
2249,MKD,2005,North Macedonia,False,,,,,,,12597.0,516.997,255.602,,,
2250,MKD,2006,North Macedonia,False,,,,,,,13517.0,549.116,276.978,,,
2251,MKD,2007,North Macedonia,False,,,,,,,14584.0,585.561,326.046,,,
2252,MKD,2008,North Macedonia,False,,,,,,,16096.0,647.978,384.449,,,
2253,MKD,2009,North Macedonia,False,,,,,,,29922.0,1268.472,678.495,,,
2254,MKD,2010,North Macedonia,False,,,,,,,30225.0,1285.623,650.204,,,
2255,MKD,2014,North Macedonia,False,28760.0,1248.463,619.332,31766.0,1378.952,684.065,30416.0,1320.349,654.993,0.9053705219416986,0.9053708903573148,0.9053701037182138
2256,MLI,2013,Mali,True,53389.796,247.223,108.098,87224.312,403.894,176.603,77081.377,356.927,156.067,0.6120976454362862,0.6120987189708191,0.6120960572583705
2257,MLI,2014,Mali,True,46948.418,221.968,95.084,81795.085,386.719,165.659,72802.307,344.202,147.446,0.5739760280217325,0.573977487529705,0.5739742483052536
2258,MLI,2015,Mali,False,45550.632,218.1,77.046,71338.636,341.575,120.665,64630.832,309.458,109.319,0.6385127969085364,0.6385127717192417,0.6385115816516803
2259,MLI,2016,Mali,False,49174.695,249.148,82.981,76606.821,388.136,129.271,70076.466,355.049,118.251,0.6419101374797944,0.6419090215800647,0.6419150466848713
2260,MLI,2017,Mali,False,42860.198,216.583,73.813,80043.366,404.478,137.85,69595.744,351.684,119.857,0.5354622143201724,0.5354629918067237,0.5354588320638376
2261,MLI,2018,Mali,False,35629.446,183.354,64.146,92591.086,476.487,166.697,73226.196,376.833,131.833,0.3848042780273687,0.38480378268452237,0.38480596531431277
2262,MLI,2019,Mali,False,59611.313,312.775,101.741,112442.023,589.973,191.91,97658.209,512.404,166.678,0.5301515519691423,0.5301513798089065,0.530149549267886
2263,MLI,2020,Mali,False,61707.624,323.02,107.208,86919.141,454.995,151.01,81011.207,424.068,140.746,0.7099428651739667,0.7099418674930493,0.7099397390901265
2264,MLI,2022,Mali,False,65033.383,332.223,104.26,100274.837,512.254,160.759,92314.674,471.59,147.997,0.6485513708688452,0.6485513046262206,0.6485484482983846
2265,MLT,1994,Malta,False,,,,,,,273.656,,,,,
2266,MLT,1995,Malta,False,,,,,,,295.696,,,,,
2267,MLT,1997,Malta,False,,,,,,,330.899,,,,,
2268,MLT,1998,Malta,False,,,,,,,332.371,,,,,
2269,MLT,2000,Malta,False,335.298,,,436.913,,,401.858,,,0.7674250937829727,,
2270,MLT,2001,Malta,False,299.566,,,384.286,,,356.967,,,0.7795391973686264,,
2271,MLT,2002,Malta,False,363.328,,,442.982,,,414.647,,,0.8201868247468294,,
2272,MLT,2003,Malta,False,362.398,,,433.749,,,410.822,,,0.8355016380441223,,
2273,MLT,2004,Malta,False,412.991,,,458.236,,,443.923,,,0.9012626681447987,,
2274,MLT,2005,Malta,False,383.039,,,456.241,,,432.46,,,0.839554095313661,,
2275,MLT,2006,Malta,False,408.848,,,473.094,,,452.325,,,0.8642003491906471,,
2276,MLT,2007,Malta,False,403.264,,,517.05,,,471.942,,,0.7799323082873998,,
2277,MLT,2008,Malta,True,1037.634,1580.821,1526.105,1247.899,1901.157,1835.354,1172.766,1786.693,1724.851,0.8315047932565056,0.8315047100265786,0.8315044400153867
2278,MLT,2009,Malta,False,1347.046,2064.715,1878.836,1695.08,2598.173,2364.268,1569.428,2405.576,2189.01,0.7946798971140006,0.7946795690664172,0.794679790954325
2279,MLT,2010,Malta,False,1429.846,2238.749,1895.571,1697.153,2657.278,2249.944,1595.928,2498.787,2115.748,0.8424968167277788,0.8424970966530412,0.842496968813446
2280,MLT,2011,Malta,False,1473.645,2306.528,2051.247,1780.659,2787.063,2478.598,1661.787,2601.006,2313.133,0.8275840573630324,0.8275837324093498,0.8275835774901779
2281,MLT,2012,Malta,False,1447.106,2244.664,1859.225,1802.975,2796.668,2316.442,1664.365,2581.664,2138.357,0.8026212232560075,0.8026208330770761,0.8026210023821014
2282,MLT,2013,Malta,False,1484.019,2275.745,1970.952,1921.404,2946.476,2551.851,1745.733,2677.084,2318.54,0.7723617729535277,0.7723616279243407,0.772361709206376
2283,MLT,2014,Malta,False,1563.148,2407.947,2076.643,2078.315,3201.534,2761.043,1867.239,2876.383,2480.628,0.7521227532881204,0.7521228885902821,0.7521226579955473
2284,MLT,2015,Malta,False,1687.734,2583.903,1872.563,2139.419,3275.428,2373.713,1951.813,2988.204,2165.561,0.7888749235189554,0.7888749195524981,0.7888750661937648
2285,MLT,2016,Malta,False,1725.517,2708.2,1909.98,2124.568,3334.511,2351.691,1955.805,3069.637,2164.886,0.8121731100157773,0.8121730592581641,0.812173027834014
2286,MLT,2017,Malta,False,1821.405,2813.888,2057.607,2207.503,3410.371,2493.775,2042.337,3155.206,2307.19,0.8250974064361407,0.8250973281206062,0.8250972922577217
2287,MLT,2018,Malta,False,1798.863,2816.799,2124.375,2176.153,3407.589,2569.938,2017.595,3159.306,2382.688,0.8266252418832685,0.8266252180060447,0.8266250002918358
2288,MLT,2019,Malta,False,1878.295,3051.999,2102.703,2236.045,3633.299,2503.195,2082.988,3384.6,2331.852,0.8400076921528861,0.8400076624577277,0.8400076701974876
2289,MLT,2020,Malta,False,1998.75,3179.632,2282.964,2434.878,3873.429,2781.108,2252.467,3583.248,2572.759,0.820883017547491,0.8208829954027813,0.8208828999089571
2290,MLT,2021,Malta,False,2131.603,3357.856,2521.132,2602.446,4099.562,3078.017,2401.398,3782.856,2840.23,0.8190767454925098,0.8190767696646618,0.81907669775703
2291,MMR,2015,Myanmar,True,97061.366,274.22,83.485,131281.973,370.901,112.92,116877.588,330.205,100.53,0.7393350646855376,0.7393347550963735,0.7393287283032235
2292,MMR,2017,Myanmar,True,163297.811,402.536,120.04,183736.82,452.919,135.065,173499.773,427.685,127.54,0.8887593188997175,0.8887593587374343,0.8887572650205458
2293,MMR,2018,Myanmar,False,181509.597,435.792,126.947,202352.481,485.835,141.524,192257.84,461.598,134.464,0.89699714133972,0.8969958936676031,0.8969998021536983
2294,MMR,2019,Myanmar,False,198659.363,464.904,130.847,219039.151,512.597,144.27,208855.024,488.764,137.562,0.9069582405384689,0.9069580976868769,0.9069591737714009
2295,MMR,2020,Myanmar,False,173165.369,397.616,125.335,197567.656,453.648,142.997,187872.518,431.386,135.98,0.8764864275152408,0.8764857334320882,0.8764869193059993
2296,MNE,2007,Montenegro,False,,,,,,,497.0,1055.611,681.128,,,
2297,MNE,2008,Montenegro,False,,,,,,,609.0,1241.48,895.69,,,
2298,MNE,2009,Montenegro,False,,,,,,,643.0,1341.802,896.845,,,
2299,MNE,2010,Montenegro,False,,,,,,,715.0,1562.374,947.887,,,
2300,MNE,2011,Montenegro,False,,,,,,,722.0,1617.198,1004.992,,,
2301,MNE,2012,Montenegro,False,,,,,,,727.0,1596.09,934.041,,,
2302,MNE,2014,Montenegro,False,692.0,1575.403,919.322,761.0,1732.488,1010.989,724.0,1648.254,961.835,0.9093298291721419,0.9093298193118797,0.9093293794492323
2303,MNE,2015,Montenegro,False,,,,,,,725.0,1658.366,804.397,,,
2304,MNE,2017,Montenegro,False,,,,,,,765.0,1793.138,864.206,,,
2305,MNE,2018,Montenegro,False,,,,,,,766.0,1804.341,904.611,,,
2306,MNE,2019,Montenegro,False,,,,,,,773.0,1902.39,865.413,,,
2307,MNE,2022,Montenegro,False,,,,,,,883.0,2129.616,928.579,,,
2308,MNG,2000,Mongolia,False,59800.0,205.299,55.542,64700.0,222.122,60.093,62300.0,213.882,57.864,0.9242658423493045,0.9242623423163847,0.9242673855523937
2309,MNG,2001,Mongolia,False,61000.0,202.619,55.571,69200.0,229.856,63.041,65200.0,216.57,59.397,0.8815028901734104,0.8815040721147153,0.8815056867752733
2310,MNG,2002,Mongolia,False,71300.0,238.401,64.216,75600.0,252.779,68.089,71300.0,238.401,64.216,0.9431216931216931,0.9431202750228461,0.9431185654070408
2311,MNG,2003,Mongolia,False,76000.0,247.206,66.286,86900.0,282.66,75.793,81500.0,265.096,71.083,0.8745684695051784,0.8745701549564847,0.8745662528201812
2312,MNG,2004,Mongolia,False,88000.0,271.525,74.243,98300.0,303.306,82.933,93100.0,287.261,78.546,0.8952187182095626,0.8952180306357276,0.8952166206455813
2313,MNG,2005,Mongolia,False,92300.0,261.235,76.582,110000.0,311.331,91.268,101200.0,286.424,83.966,0.8390909090909091,0.8390908711307258,0.8390892755401673
2314,MNG,2006,Mongolia,False,117300.0,326.087,99.432,131800.0,366.396,111.723,127700.0,354.998,108.248,0.8899848254931715,0.8899851526763392,0.8899868424585806
2315,MNG,2007,Mongolia,False,159300.0,415.464,136.107,186700.0,486.925,159.518,173010.0,451.221,147.821,0.8532404927691484,0.8532402320685937,0.8532391328878246
2316,MNG,2008,Mongolia,False,258100.0,546.27,221.392,291300.0,616.538,249.87,274200.0,580.345,235.202,0.8860281496738758,0.8860281118114374,0.8860287349421699
2317,MNG,2009,Mongolia,False,224396.208,439.741,156.07,253445.646,496.668,176.274,238700.194,467.772,166.018,0.8853819804819216,0.8853821868934579,0.885382983310074
2318,MNG,2010,Mongolia,False,242010.924,438.032,178.334,281486.616,509.482,207.423,261584.125,473.459,192.757,0.8597599681258026,0.8597595204541082,0.8597600073280205
2319,MNG,2011,Mongolia,False,300583.999,517.679,237.519,351476.988,605.329,277.734,326790.425,562.813,258.227,0.855202500483474,0.8552027079489005,0.8552031800211715
2320,MNG,2012,Mongolia,False,363707.775,569.776,267.909,436555.099,683.897,321.569,400689.865,627.711,295.15,0.8331314325113404,0.8331313048602347,0.8331306811290888
2321,MNG,2013,Mongolia,False,423388.94,581.537,277.828,499765.737,686.442,327.946,462373.872,635.084,303.409,0.8471748034219481,0.847175726426996,0.8471760594732058
2322,MNG,2014,Mongolia,False,492366.455,608.275,270.838,587324.961,725.588,323.072,541133.448,668.523,297.663,0.8383203297909895,0.8383200934965849,0.8383208696513471
2323,MNG,2015,Mongolia,False,492140.786,599.236,249.779,577788.904,703.522,293.248,536763.45,653.569,272.426,0.8517657272282959,0.8517658296400112,0.8517671049759931
2324,MNG,2016,Mongolia,False,499341.954,598.613,233.306,580116.788,695.446,271.046,540260.936,647.667,252.424,0.8607610817841046,0.8607612956289921,0.8607616419353173
2325,MNG,2017,Mongolia,False,502303.207,560.541,205.881,585030.782,652.86,239.789,545034.005,608.226,223.395,0.8585927825589184,0.8585929602058635,0.8585923457706568
2326,MNG,2018,Mongolia,False,524116.864,565.768,211.98,643518.227,694.658,260.272,585427.262,631.951,236.777,0.8144553518606087,0.8144554586573537,0.8144556464006885
2327,MNG,2019,Mongolia,True,702313.819,733.683,263.677,865773.976,904.445,325.046,787549.528,822.726,295.678,0.8111976548946304,0.8111969218692126,0.8111990302910973
2328,MNG,2020,Mongolia,False,770694.98,826.374,273.948,928076.893,995.126,329.89,850568.978,912.019,302.34,0.8304214724156481,0.8304214742655704,0.8304222619661099
2329,MNG,2021,Mongolia,False,802919.396,838.261,281.796,996508.495,1040.371,349.739,901897.734,941.596,316.534,0.805732615455526,0.8057327626394813,0.805732274639088
2330,MNG,2022,Mongolia,False,908982.709,890.106,289.422,1219296.962,1193.976,388.227,1068709.455,1046.516,340.28,0.7454973950800347,0.7454973969326015,0.7454968356142155
2331,MNG,2023,Mongolia,False,1063998.79,983.068,307.005,1455669.529,1344.946,420.017,1268986.008,1172.463,366.152,0.7309343012290257,0.730934922294278,0.7309347002621323
2332,MRT,2019,Mauritania,False,46472.266,,,65659.564,,,60522.504,,,0.7077760370141966,,
2333,MUS,1980,Mauritius,True,,,,,,,1539.0,,,,,
2334,MUS,1981,Mauritius,False,,,,,,,1732.0,,,,,
2335,MUS,1982,Mauritius,False,,,,,,,1904.0,,,,,
2336,MUS,1983,Mauritius,False,,,,,,,2037.0,,,,,
2337,MUS,1984,Mauritius,False,,,,,,,2136.0,,,,,
2338,MUS,1985,Mauritius,False,,,,,,,2232.0,,,,,
2339,MUS,1986,Mauritius,False,,,,,,,2367.0,,,,,
2340,MUS,1987,Mauritius,False,,,,,,,2681.0,,,,,
2341,MUS,1988,Mauritius,False,,,,,,,3100.0,,,,,
2342,MUS,1989,Mauritius,False,,,,,,,3703.0,,,,,
2343,MUS,1990,Mauritius,False,,,,,,,4024.0,449.836,270.731,,,
2344,MUS,1991,Mauritius,False,,,,,,,5306.0,577.815,338.991,,,
2345,MUS,1992,Mauritius,False,,,,,,,4530.0,485.698,291.071,,,
2346,MUS,1993,Mauritius,True,,,,,,,4779.0,477.316,270.795,,,
2347,MUS,1994,Mauritius,False,,,,,,,5779.0,551.831,321.764,,,
2348,MUS,1995,Mauritius,False,,,,,,,6334.0,586.437,364.31,,,
2349,MUS,1996,Mauritius,False,,,,,,,6731.0,602.022,375.026,,,
2350,MUS,1997,Mauritius,False,,,,,,,7572.0,648.742,359.591,,,
2351,MUS,1998,Mauritius,False,,,,,,,8080.0,658.184,336.77,,,
2352,MUS,1999,Mauritius,False,,,,,,,7494.0,583.492,297.548,,,
2353,MUS,2000,Mauritius,False,,,,,,,8178.0,631.724,311.548,,,
2354,MUS,2001,Mauritius,True,5123.292,386.132,175.881,7964.876,600.297,273.432,7000.31,527.599,240.319,0.6432356260160234,0.6432349320419726,0.643234881067322
2355,MUS,2002,Mauritius,False,5575.579,401.135,186.088,8317.57,598.407,277.604,7375.737,530.647,246.17,0.6703374903968347,0.6703380809382242,0.6703361623031369
2356,MUS,2003,Mauritius,True,5996.116,424.537,214.903,8942.468,633.145,320.502,7926.851,561.237,284.102,0.6705213817930351,0.6705209707097111,0.6705199967550904
2357,MUS,2004,Mauritius,False,6339.139,440.109,230.527,9359.686,649.817,340.371,8313.252,577.166,302.316,0.6772811609278346,0.677281450008233,0.6772815545390177
2358,MUS,2005,Mauritius,False,7407.451,506.71,251.132,10554.909,722.013,357.839,9474.654,648.118,321.216,0.7018015029783772,0.7018017681122084,0.7018016482272754
2359,MUS,2006,Mauritius,False,7388.76,479.037,233.025,10939.62,709.251,345.011,9708.755,629.45,306.192,0.6754128571193515,0.6754125126365701,0.6754132476935518
2360,MUS,2007,Mauritius,False,7963.074,487.929,254.3,11460.761,702.246,365.999,10237.751,627.307,326.942,0.6948119762727797,0.6948120744012781,0.69481064155913
2361,MUS,2008,Mauritius,False,8914.696,516.902,313.315,13149.241,762.435,462.142,11625.665,674.093,408.594,0.6779627812738392,0.6779620557818045,0.6779626175504498
2362,MUS,2009,Mauritius,False,10155.645,572.362,317.763,15040.261,847.654,470.599,13253.402,746.948,414.69,0.6752306359577138,0.6752306955432287,0.6752309290924969
2363,MUS,2010,Mauritius,False,10967.19,610.34,356.258,16081.684,894.968,522.397,14188.838,789.629,460.91,0.6819677590978657,0.6819685173101162,0.6819679286060217
2364,MUS,2011,Mauritius,False,11412.56,615.058,397.568,16765.538,903.546,584.044,14763.001,795.623,514.284,0.6807154056135866,0.6807157576924694,0.6807158364780735
2365,MUS,2012,Mauritius,False,12125.016,668.978,403.495,17547.891,968.176,583.957,15508.836,855.675,516.102,0.6909671367345511,0.6909673447802878,0.6909669718832038
2366,MUS,2013,Mauritius,False,13805.664,745.29,449.676,18665.505,1007.645,607.97,16746.821,904.066,545.475,0.7396351719388251,0.7396354867041468,0.739635179367403
2367,MUS,2014,Mauritius,False,15648.078,838.147,511.014,21052.542,1127.622,687.506,18927.411,1013.795,618.106,0.7432868676856219,0.743287200852768,0.7432866040441829
2368,MUS,2015,Mauritius,False,16554.027,893.105,472.207,22572.119,1217.786,643.875,20151.44,1087.188,574.824,0.7333838263035916,0.7333841906541871,0.7333830324208891
2369,MUS,2016,Mauritius,False,16298.148,903.15,458.562,22804.566,1263.698,641.625,20197.576,1119.234,568.275,0.7146879269704146,0.7146881612537171,0.7146884862653419
2370,MUS,2017,Mauritius,False,17535.386,958.334,508.546,23707.126,1295.628,687.534,21207.072,1158.996,615.029,0.7396673050963664,0.7396675588980788,0.7396666928471901
2371,MUS,2018,Mauritius,False,18590.888,994.677,547.847,24336.47,1302.085,717.161,21977.675,1175.882,647.651,0.763910624671532,0.7639109581939735,0.7639107536522483
2372,MUS,2019,Mauritius,False,17509.553,948.584,493.595,22655.605,1227.373,638.662,20525.542,1111.976,578.616,0.7728574452105782,0.7728571510046253,0.7728579436384191
2373,MUS,2020,Mauritius,True,17537.547,941.514,445.716,21309.956,1144.038,541.591,19745.578,1060.054,501.833,0.822974341195261,0.8229744116891222,0.8229752710070883
2374,MUS,2021,Mauritius,False,19902.393,1060.552,477.366,24759.711,1319.387,593.87,22664.117,1207.718,543.607,0.8038217005036933,0.803821774809059,0.8038223853705356
2375,MUS,2022,Mauritius,False,20061.952,1042.313,454.067,25663.164,1333.322,580.841,23230.734,1206.946,525.787,0.7817411757957826,0.781741394801856,0.7817406140406755
2376,MUS,2023,Mauritius,False,12626.212,637.996,278.926,20405.106,1031.06,450.77,18463.853,932.969,407.886,0.6187770845199235,0.6187767928151611,0.6187767597666216
2377,MWI,1969,Malawi,False,,,,,,,36.27,,,,,
2378,MWI,1970,Malawi,False,,,,,,,37.13,,,,,
2379,MWI,1971,Malawi,False,,,,,,,37.06,,,,,
2380,MWI,1972,Malawi,False,,,,,,,36.84,,,,,
2381,MWI,1973,Malawi,False,,,,,,,37.71,,,,,
2382,MWI,1974,Malawi,False,,,,,,,40.99,,,,,
2383,MWI,1975,Malawi,False,,,,,,,42.64,,,,,
2384,MWI,1976,Malawi,False,,,,,,,44.94,,,,,
2385,MWI,1977,Malawi,True,,,,,,,48.76,,,,,
2386,MWI,1978,Malawi,False,,,,,,,55.87,,,,,
2387,MWI,1979,Malawi,False,,,,,,,60.39,,,,,
2388,MWI,1980,Malawi,False,,,,,,,70.66,,,,,
2389,MWI,1981,Malawi,False,,,,,,,77.4,,,,,
2390,MWI,1982,Malawi,False,,,,,,,88.29,,,,,
2391,MWI,1983,Malawi,False,,,,,,,87.5,,,,,
2392,MWI,1984,Malawi,False,,,,,,,90.32,,,,,
2393,MWI,1985,Malawi,False,,,,,,,99.39,,,,,
2394,MWI,1986,Malawi,False,,,,,,,106.52,,,,,
2395,MWI,1987,Malawi,False,,,,,,,121.37,,,,,
2396,MWI,1988,Malawi,False,,,,,,,136.51,,,,,
2397,MWI,1989,Malawi,False,,,,,,,164.7,,,,,
2398,MWI,1990,Malawi,False,,,,,,,175.0,66.337,64.129,,,
2399,MWI,1991,Malawi,False,,,,,,,109.71,38.493,39.136,,,
2400,MWI,1992,Malawi,False,,,,,,,131.18,38.319,36.406,,,
2401,MWI,1993,Malawi,False,,,,,,,145.17,35.559,32.972,,,
2402,MWI,1994,Malawi,False,,,,,,,167.82,31.325,19.209,,,
2403,MWI,1995,Malawi,False,,,,,,,187.96,19.674,12.298,,,
2404,MWI,2013,Malawi,True,16273.427,136.852,44.657,24067.889,202.399,66.047,21062.003,177.121,57.798,0.6761468361433776,0.6761495857192971,0.6761397186851787
2405,MYS,1987,Malaysia,False,522.0,,,768.0,,,648.0,,,0.6796875,,
2406,MYS,1988,Malaysia,False,537.0,,,888.0,,,701.0,,,0.6047297297297297,,
2407,MYS,2011,Malaysia,False,1751.0,1103.789,572.222,1842.0,1161.153,601.96,1809.0,1140.35,591.176,0.9505971769815418,0.95059738036245,0.9505980463818193
2408,MYS,2012,Malaysia,False,1857.0,1230.917,601.204,1933.0,1281.294,625.809,1906.0,1263.397,617.068,0.9606828763579928,0.9606827160667262,0.9606828920645116
2409,MYS,2013,Malaysia,False,1977.0,1277.295,627.438,2048.0,1323.167,649.971,2023.0,1307.015,642.037,0.96533203125,0.9653316625943665,0.9653322994410519
2410,MYS,2014,Malaysia,False,2125.0,1349.563,649.279,2232.0,1417.517,681.972,2193.0,1392.749,670.056,0.9520609318996416,0.9520612451208699,0.9520610816866382
2411,MYS,2015,Malaysia,False,2254.0,1407.551,577.135,2345.0,1464.378,600.435,2312.0,1443.77,591.986,0.9611940298507463,0.9611937628126072,0.9611948004363504
2412,MYS,2016,Malaysia,False,2532.0,1580.711,610.37,2741.0,1711.189,660.753,2657.0,1658.748,640.503,0.9237504560379424,0.9237500942327235,0.9237491165382525
2413,MYS,2017,Malaysia,False,2772.0,1664.659,644.585,2953.0,1773.354,686.674,2879.0,1728.915,669.466,0.9387064002709109,0.9387065413899313,0.9387059944020016
2414,MYS,2018,Malaysia,False,2959.0,1812.675,733.31,3174.0,1944.384,786.592,3087.0,1891.088,765.031,0.9322621298046628,0.9322618371679668,0.9322622147186851
2415,MYS,2019,Malaysia,False,3108.0,1926.298,750.277,3304.0,2047.776,797.592,3224.0,1998.193,778.28,0.940677966101695,0.9406780819777163,0.9406776898464378
2416,MYS,2020,Malaysia,False,2889.0,1837.898,687.287,2963.0,1884.974,704.892,2933.0,1865.889,697.755,0.9750253121835977,0.9750256502211702,0.9750245427668351
2417,NAM,1992,Namibia,False,,,,,,,1761.0,,,,,
2418,NAM,2012,Namibia,True,4996.821,926.49,609.832,6080.545,1127.43,742.094,5624.347,1042.844,686.417,0.8217718970914614,0.8217716399244298,0.8217719049069254
2419,NAM,2013,Namibia,False,6172.478,1080.321,633.07,7353.964,1287.107,754.247,6843.447,1197.755,701.887,0.8393402524135283,0.8393404744127722,0.8393404282681934
2420,NAM,2014,Namibia,False,6217.501,1037.681,573.418,6949.783,1159.897,640.953,6638.015,1107.864,612.2,0.8946323935581874,0.894632023360695,0.8946334598636718
2421,NAM,2016,Namibia,False,6799.372,1039.001,462.267,7028.962,1074.084,477.876,6927.219,1058.537,470.958,0.9673365711750895,0.9673368190942234,0.9673367149637144
2422,NAM,2018,Namibia,False,6820.226,950.599,515.359,7593.122,1058.325,573.761,7233.303,1008.173,546.572,0.8982110388849276,0.8982108520539532,0.8982119732780723
2423,NCL,1999,New Caledonia,False,224335.0,,,275779.0,,,255118.0,,,0.813459327940126,,
2424,NCL,2017,New Caledonia,False,205187.319,1625.84,1942.453,232445.013,1841.821,2200.495,220065.411,1743.729,2083.3,0.8827348728707721,0.8827350757755504,0.8827345665407101
2425,NER,2009,Niger,False,,,,,,,28737.333,123.436,61.105,,,
2426,NER,2010,Niger,False,,,,,,,25305.167,109.595,51.143,,,
2427,NER,2011,Niger,True,28459.135,123.512,60.391,73405.7,318.578,155.768,56188.383,243.855,119.233,0.38769652765384705,0.38769783224202553,0.3876983719377536
2428,NER,2012,Niger,True,59482.768,262.741,116.506,79544.087,351.354,155.799,75505.819,333.516,147.889,0.7477962252555617,0.7477956704634072,0.7477968408012888
2429,NER,2014,Niger,False,104964.54,444.047,212.583,121172.345,512.613,245.409,118006.745,499.221,238.998,0.866241715467337,0.8662421748960717,0.8662396244636505
2430,NER,2019,Niger,False,72892.229,324.694,124.408,87304.92,388.894,149.007,84228.541,375.191,143.756,0.8349154778447768,0.8349164553837293,0.8349137959961612
2431,NER,2022,Niger,False,68605.921,337.475,109.988,76692.731,377.255,122.952,75078.919,369.316,120.365,0.8945557174121235,0.8945540814568396,0.8945604788860694
2432,NGA,2011,Nigeria,True,43271.63,517.706,281.236,50061.374,598.94,325.364,47816.395,572.08,310.774,0.8643716011470239,0.8643703876849099,0.8643734402085049
2433,NGA,2013,Nigeria,False,45661.934,497.33,290.264,65418.37,712.509,415.852,58714.022,639.488,373.234,0.6979986508376775,0.697998200724482,0.6979983263276358
2434,NGA,2019,Nigeria,True,34042.288,257.045,110.915,54057.34,408.174,176.128,45512.69,343.656,148.288,0.6297440458594522,0.6297436877410125,0.6297408702761629
2435,NIC,1969,Nicaragua,False,,,,,,,4.12,,,,,
2436,NIC,1970,Nicaragua,False,,,,,,,4.4,,,,,
2437,NIC,1971,Nicaragua,False,,,,,,,4.42,,,,,
2438,NIC,1972,Nicaragua,False,,,,,,,4.6,,,,,
2439,NIC,1973,Nicaragua,False,,,,,,,4.62,,,,,
2440,NIC,1974,Nicaragua,False,,,,,,,5.44,,,,,
2441,NIC,1989,Nicaragua,False,,,,,,,1373.2,,,,,
2442,NIC,1990,Nicaragua,False,,,,,,,135147.0,,,,,
2443,NIC,1991,Nicaragua,True,,,,,,,642.0,,,,,
2444,NIC,1992,Nicaragua,False,,,,,,,944.9,,,,,
2445,NIC,1993,Nicaragua,False,,,,,,,1056.5,,,,,
2446,NIC,1994,Nicaragua,False,,,,,,,1198.2,,,,,
2447,NIC,1995,Nicaragua,False,,,,,,,1357.5,,,,,
2448,NIC,1996,Nicaragua,False,,,,,,,1482.3,,,,,
2449,NIC,1997,Nicaragua,False,,,,,,,1617.3,,,,,
2450,NIC,1998,Nicaragua,False,,,,,,,1964.1,,,,,
2451,NIC,1999,Nicaragua,False,,,,,,,2282.3,462.497,193.264,,,
2452,NIC,2000,Nicaragua,False,,,,,,,2585.0,505.77,203.794,,,
2453,NIC,2001,Nicaragua,False,,,,,,,2896.9,549.896,216.64,,,
2454,NIC,2002,Nicaragua,False,,,,,,,3135.0,582.68,219.98,,,
2455,NIC,2003,Nicaragua,False,,,,,,,3388.0,611.57,224.302,,,
2456,NIC,2004,Nicaragua,False,,,,,,,3686.0,629.828,231.282,,,
2457,NIC,2005,Nicaragua,False,2730.037,440.067,163.15,2655.928,428.121,158.721,2680.762,432.124,160.205,1.0279032413529283,1.0279033263960422,1.0279043100786915
2458,NIC,2006,Nicaragua,False,,,,,,,4926.0,751.015,280.364,,,
2459,NIC,2009,Nicaragua,False,,,,,,,3662.2,430.358,180.054,,,
2460,NIC,2010,Nicaragua,False,,,,,,,3831.3,433.942,179.398,,,
2461,NIC,2012,Nicaragua,True,4213.675,453.222,178.95,4594.308,494.163,195.115,4449.921,478.633,188.983,0.9171511792417922,0.9171508186570018,0.9171514235194628
2462,NIC,2013,Nicaragua,False,,,,,,,7463.0,747.424,301.868,,,
2463,NIC,2014,Nicaragua,True,10791.913,1033.188,415.731,9421.582,901.997,362.942,9897.546,947.564,381.278,1.145445955891484,1.1454450513693506,1.1454474819668157
2464,NLD,1969,Netherlands,False,718.78,,,1060.85,,,943.94,,,0.6775510204081633,,
2465,NLD,1970,Netherlands,False,805.38,,,1177.76,,,1052.19,,,0.6838235294117647,,
2466,NLD,1971,Netherlands,False,917.96,,,1342.3,,,1199.41,,,0.6838709677419356,,
2467,NLD,1972,Netherlands,False,1030.54,,,1493.85,,,1333.64,,,0.6898550724637681,,
2468,NLD,1973,Netherlands,False,1186.42,,,1684.37,,,1511.17,,,0.7043701799485862,,
2469,NLD,1974,Netherlands,False,1394.26,,,1926.85,,,1753.65,,,0.7235955056179776,,
2470,NLD,1975,Netherlands,False,1580.45,,,2156.34,,,1974.48,,,0.7329317269076305,,
2471,NLD,1976,Netherlands,False,1719.01,,,2325.21,,,2139.02,,,0.739292364990689,,
2472,NLD,1977,Netherlands,True,2190.98,,,2771.2,,,2528.72,,,0.790625,,
2473,NLD,1978,Netherlands,False,2312.22,,,2944.4,,,2688.93,,,0.7852941176470587,,
2474,NLD,1979,Netherlands,False,2420.47,,,3134.92,,,2844.81,,,0.7720994475138121,,
2475,NLD,1980,Netherlands,False,2528.72,,,3251.83,,,2970.38,,,0.77762982689747,,
2476,NLD,1981,Netherlands,False,2606.66,,,3394.72,,,3104.61,,,0.7678571428571429,,
2477,NLD,1982,Netherlands,False,2727.9,,,3572.25,,,3282.14,,,0.7636363636363637,,
2478,NLD,1983,Netherlands,False,2710.58,,,3572.25,,,3299.46,,,0.7587878787878788,,
2479,NLD,1984,Netherlands,False,2688.93,,,3576.58,,,3308.12,,,0.7518159806295399,,
2480,NLD,1985,Netherlands,False,2688.93,,,3602.56,,,3338.43,,,0.7463942307692307,,
2481,NLD,1986,Netherlands,False,2753.88,,,3663.18,,,3394.72,,,0.7517730496453902,,
2482,NLD,1987,Netherlands,False,2792.85,,,3710.81,,,3446.68,,,0.7526254375729288,,
2483,NLD,1988,Netherlands,False,2840.48,,,3767.1,,,3494.31,,,0.7540229885057471,,
2484,NLD,1989,Netherlands,False,2905.43,,,3840.71,,,3567.92,,,0.7564825253664036,,
2485,NLD,1990,Netherlands,False,3026.67,3346.261,1662.146,3992.26,4413.81,2192.415,3710.81,4102.641,2037.852,0.7581344902386117,0.75813435557942,0.7581347509481553
2486,NLD,1991,Netherlands,False,3165.23,3491.354,1692.938,4161.13,4589.865,2225.6,3875.35,4274.64,2072.749,0.7606659729448491,0.7606659455125586,0.7606658878504674
2487,NLD,1992,Netherlands,False,3299.46,3624.231,1876.328,4325.67,4751.452,2459.911,4035.56,4432.786,2294.932,0.7627627627627628,0.7627628354448283,0.7627625552306567
2488,NLD,1993,Netherlands,False,3412.04,3759.211,1837.092,4442.58,4894.607,2391.949,4165.46,4589.29,2242.744,0.7680311890838206,0.768031222935774,0.7680314254191875
2489,NLD,1994,Netherlands,False,3376.0,3702.497,1854.95,4351.0,4771.791,2390.666,4147.0,4548.062,2278.578,0.7759135830843484,0.7759134882479136,0.7759134902156972
2490,NLD,1995,Netherlands,False,3496.0,3833.586,2177.277,4609.0,5054.061,2870.443,4382.0,4805.141,2729.07,0.7585159470600998,0.7585159735903465,0.7585160200010939
2491,NLD,1996,Netherlands,False,3649.0,4034.425,2164.427,4750.0,5251.718,2817.492,4532.0,5010.691,2688.184,0.7682105263157895,0.7682105170155747,0.7682105219819613
2492,NLD,1997,Netherlands,False,3785.0,4164.979,1939.762,4901.0,5393.016,2511.698,4676.0,5145.428,2396.388,0.7722913691083453,0.7722912374077883,0.7722910955059088
2493,NLD,1998,Netherlands,False,3954.0,4352.564,1993.212,5096.0,5609.678,2568.894,4860.0,5349.889,2449.926,0.7759026687598116,0.7759026453924807,0.7759027815083067
2494,NLD,1999,Netherlands,False,4102.0,,,5276.0,,,5028.0,,,0.7774829416224412,,
2495,NLD,2000,Netherlands,False,4287.0,,,5481.0,,,5220.0,,,0.7821565407772304,,
2496,NLD,2001,Netherlands,True,2094.0,2315.276,1875.448,2634.0,2912.338,2359.088,2517.0,2782.974,2254.3,0.7949886104783599,0.7949887684739888,0.7949885718548863
2497,NLD,2002,Netherlands,False,2201.0,2441.365,2081.208,2737.0,3035.9,2588.035,2623.0,2909.45,2480.24,0.804165144318597,0.8041651569551038,0.8041653223391493
2498,NLD,2003,Netherlands,False,2290.0,2455.738,2590.357,2926.0,3137.768,3309.775,2712.0,2908.28,3067.707,0.7826384142173616,0.7826384869754551,0.7826383968698778
2499,NLD,2004,Netherlands,False,2373.0,2605.459,2951.78,2904.0,3188.476,3612.292,2792.0,3065.504,3472.975,0.8171487603305785,0.8171486942351142,0.8171487797774931
2500,NLD,2005,Netherlands,False,2052.956,2270.585,2554.063,3208.888,3549.054,3992.146,2736.421,3026.502,3404.355,0.6397717838703003,0.639771894144186,0.6397719422085264
2501,NLD,2006,Netherlands,False,1959.227,2202.089,2460.003,3334.838,3748.218,4187.219,2717.815,3054.71,3412.485,0.5875029011904026,0.5875029147184075,0.5875028270553797
2502,NLD,2007,Netherlands,False,2564.0,2927.819,3513.905,4370.764,4990.955,5990.036,3529.859,4030.729,4837.594,0.5866251300687935,0.5866250046333817,0.5866250219531235
2503,NLD,2008,Netherlands,False,2626.901,3025.847,3863.529,4306.652,4960.7,6334.032,3524.153,4059.364,5183.167,0.6099636097831912,0.6099637147983148,0.6099636061200827
2504,NLD,2009,Netherlands,False,2720.843,3116.68,3794.984,4408.682,5050.072,6149.152,3620.82,4147.589,5050.256,0.6171556487857369,0.6171555573861125,0.6171556663422859
2505,NLD,2010,Netherlands,False,2923.202,3318.178,3875.337,4536.439,5149.392,6014.033,3789.356,4301.365,5023.613,0.6443825211801592,0.6443824824367614,0.644382396970552
2506,NLD,2011,Netherlands,False,2955.225,3363.044,4113.54,4465.047,5081.221,6215.146,3750.284,4267.821,5220.227,0.6618575347583128,0.6618574551274192,0.6618573401171911
2507,NLD,2012,Netherlands,False,2940.469,3331.187,3777.881,4618.401,5232.076,5933.669,3839.282,4349.431,4932.666,0.63668551085105,0.6366855145070522,0.6366854976238142
2508,NLD,2013,Netherlands,False,3065.623,3512.509,4071.509,4696.008,5380.561,6236.853,3940.746,4515.202,5233.776,0.6528146885610076,0.6528146414472394,0.6528146486697698
2509,NLD,2014,Netherlands,False,3266.821,3705.215,4339.974,4840.745,5490.353,6430.934,4127.249,4681.109,5483.054,0.6748591384177436,0.6748591575077231,0.6748590484679209
2510,NLD,2015,Netherlands,False,3324.545,3742.066,3688.625,4822.913,5428.61,5351.084,4105.642,4621.258,4555.262,0.6893230294637287,0.6893230495467533,0.6893229483969977
2511,NLD,2016,Netherlands,False,3252.54,3725.829,3600.247,4809.802,5509.693,5323.985,4071.095,4663.494,4506.308,0.6762315787635333,0.6762316884080474,0.6762316197359685
2512,NLD,2017,Netherlands,False,3316.381,3851.885,3746.453,5030.806,5843.143,5683.207,4204.289,4883.166,4749.506,0.6592146467186372,0.6592145699668825,0.6592145948581496
2513,NLD,2018,Netherlands,False,3351.494,3971.594,3957.961,5104.572,6049.032,6028.268,4249.662,5035.945,5018.658,0.6565670931862652,0.6565668688808391,0.6565668613273331
2514,NLD,2019,Netherlands,False,3450.209,4140.178,3862.421,5187.978,6225.464,5807.809,4350.85,5220.928,4870.665,0.6650392503591958,0.665039264543173,0.6650392600720857
2515,NLD,2020,Netherlands,False,3649.923,4477.489,4168.928,5364.716,6581.085,6127.558,4552.732,5584.996,5200.113,0.6803571708176164,0.6803572663170282,0.6803571667538684
2516,NLD,2021,Netherlands,False,3836.887,4795.498,4538.041,5471.032,6837.918,6470.81,4668.565,5834.962,5521.699,0.7013095518359242,0.7013096676502993,0.7013095732991697
2517,NLD,2022,Netherlands,False,4040.604,5223.516,4254.953,5710.45,7382.22,6013.381,4887.956,6318.936,5147.256,0.7075806635203881,0.7075806464721993,0.7075808101964602
2518,NLD,2023,Netherlands,False,4248.751,5282.217,4594.041,5928.114,7370.068,6409.884,5086.429,6323.652,5499.796,0.7167120942680928,0.7167121117471371,0.7167120341023332
2519,NOR,2002,Norway,False,3070.57,2618.788,2903.45,3896.2,3322.94,3684.144,3610.77,3079.506,3414.249,0.7880935270263334,0.7880936760820237,0.7880935164314967
2520,NOR,2004,Norway,False,2575.318,1401.652,3203.444,3745.42,2038.495,4658.936,3181.547,1731.6,3957.534,0.6875912447736169,0.6875915810438584,0.687591329865875
2521,NOR,2005,Norway,False,2442.592,1270.958,3038.805,3608.573,1877.655,4489.391,3056.226,1590.251,3802.22,0.6768858493371203,0.676885796378994,0.6768857958685265
2522,NOR,2006,Norway,False,2630.946,1371.825,3303.413,3930.878,2049.635,4935.606,3307.001,1724.333,4152.266,0.669302379773679,0.6693020952511056,0.6693024119024088
2523,NOR,2007,Norway,False,3159.649,1421.685,4330.229,4718.913,2123.276,6467.166,3975.118,1788.605,5447.811,0.6695713610316614,0.6695714546766413,0.6695713392852449
2524,NOR,2008,Norway,False,3332.434,1327.932,4901.196,5086.119,2026.753,7480.437,4249.632,1693.424,6250.17,0.6552017363337351,0.6552016945330783,0.6552018284493272
2525,NOR,2009,Norway,False,3559.465,1658.632,4964.68,5307.986,2473.404,7403.486,4464.753,2080.476,6227.359,0.6705867347803857,0.670586770297129,0.6705868019470829
2526,NOR,2010,Norway,False,3463.418,1617.482,4591.511,5305.445,2477.744,7033.517,4401.39,2055.533,5834.996,0.652804430165613,0.652804325224882,0.6528044220267045
2527,NOR,2011,Norway,False,3942.223,1622.951,5487.399,5867.767,2415.667,8167.669,4934.277,2031.364,6868.292,0.6718438206561371,0.6718438427150762,0.6718439496017775
2528,NOR,2012,Norway,False,4300.054,1986.816,5524.661,6339.478,2929.119,8144.889,5337.993,2466.389,6858.193,0.6782978030683283,0.6782981503994887,0.6782978871780818
2529,NOR,2013,Norway,False,4662.172,2111.799,6191.914,6608.073,2993.224,8776.301,5654.392,2561.24,7509.7,0.7055267095263625,0.7055265492993508,0.7055266222067816
2530,NOR,2014,Norway,False,4919.816,2369.023,6535.979,7157.25,3446.408,9508.413,6050.181,2913.325,8037.671,0.687389150861015,0.6873890148815811,0.687389052200404
2531,NOR,2015,Norway,False,4687.836,3214.657,5201.215,6653.998,4562.941,7382.696,5680.127,3895.115,6302.174,0.7045141883120495,0.7045142595532137,0.704514312928502
2532,NOR,2016,Norway,False,4530.177,3217.004,5014.467,6374.665,4526.826,7056.137,5470.695,3884.892,6055.53,0.7106533441365154,0.7106533363553182,0.7106532937214796
2533,NOR,2017,Norway,False,4535.049,3197.918,5123.16,6061.542,4274.333,6847.609,5325.052,3754.993,6015.611,0.7481675454859505,0.748167725818274,0.7481677181042317
2534,NOR,2018,Norway,False,4614.588,3081.561,5449.619,6175.255,4123.754,7292.695,5433.003,3628.087,6416.129,0.7472708414470333,0.7472708119834501,0.7472709334477857
2535,NOR,2019,Norway,False,4615.374,3576.593,5166.793,6226.834,4825.363,6970.782,5462.48,4233.042,6115.108,0.7412071688437495,0.7412070345795746,0.7412070840832491
2536,NOR,2020,Norway,False,4733.515,3818.963,5406.602,6437.947,5194.086,7353.398,5630.716,4542.818,6431.382,0.7352522473390974,0.7352521694866045,0.7352521922517997
2537,NOR,2021,Norway,False,4426.427,3228.635,5235.313,5695.657,4154.411,6736.483,5151.511,3757.511,6092.9,0.7771582804231364,0.7771583023441831,0.7771581996124683
2538,NOR,2022,Norway,False,4879.831,4610.795,5138.699,6193.117,5851.676,6521.653,5617.962,5308.231,5915.987,0.7879442613469114,0.7879443427831616,0.787944252783765
2539,NOR,2023,Norway,False,5132.92,5139.144,5550.065,6519.098,6527.002,7048.896,5912.514,5919.683,6393.016,0.7873665958081931,0.7873666960727146,0.7873665606642515
2540,NPL,1999,Nepal,False,1368.0,79.006,20.047,2389.0,137.971,35.009,2143.0,123.764,31.404,0.5726245290916702,0.5726275811583593,0.5726241823531092
2541,NPL,2008,Nepal,True,4813.119,237.408,68.994,6732.059,332.06,96.501,6286.505,310.083,90.114,0.7149549640013553,0.7149551285912185,0.7149563216961482
2542,NPL,2017,Nepal,True,13629.275,449.034,130.409,19454.035,640.938,186.142,17801.374,586.489,170.329,0.700588592546482,0.7005888245040862,0.7005887977995293
2543,NZL,1969,New Zealand,False,,,,,,,165.752,,,,,
2544,NZL,1970,New Zealand,False,,,,,,,184.328,,,,,
2545,NZL,1971,New Zealand,False,,,,,,,220.051,,,,,
2546,NZL,1972,New Zealand,False,,,,,,,245.771,,,,,
2547,NZL,1973,New Zealand,False,,,,,,,277.207,,,,,
2548,NZL,1974,New Zealand,False,286.715,,,448.865,,,390.674,,,0.6387555278313077,,
2549,NZL,1975,New Zealand,False,335.939,,,503.077,,,442.898,,,0.6677685523289676,,
2550,NZL,1976,New Zealand,False,391.415,,,560.025,,,499.422,,,0.6989241551716442,,
2551,NZL,1977,New Zealand,False,446.587,,,637.757,,,568.105,,,0.7002463320669158,,
2552,NZL,1978,New Zealand,False,503.059,,,689.063,,,623.52,,,0.7300624180952976,,
2553,NZL,1979,New Zealand,False,592.738,,,834.105,,,744.717,,,0.7106275588804767,,
2554,NZL,1980,New Zealand,True,699.52,,,987.972,,,880.926,,,0.708036260136927,,
2555,NZL,1981,New Zealand,False,851.863,,,1200.276,,,1064.669,,,0.7097225971359921,,
2556,NZL,1982,New Zealand,True,988.426,,,1392.537,,,1239.87,,,0.7098023248215308,,
2557,NZL,1983,New Zealand,False,1026.946,,,1420.318,,,1271.699,,,0.7230394883399351,,
2558,NZL,1984,New Zealand,False,1074.035,,,1490.767,,,1334.108,,,0.7204579924294005,,
2559,NZL,1985,New Zealand,False,1123.635,,,1583.247,,,1407.752,,,0.7097029080111947,,
2560,NZL,1986,New Zealand,False,1427.133,,,1953.371,,,1738.27,,,0.7306000754592957,,
2561,NZL,1987,New Zealand,False,1584.988,,,2174.084,,,1925.326,,,0.7290371485186405,,
2562,NZL,1988,New Zealand,False,1754.377,,,2378.772,,,2113.07,,,0.7375137255693274,,
2563,NZL,2009,New Zealand,False,3120.0,1945.467,1948.931,4520.0,2818.433,2823.452,3830.0,2388.186,2392.438,0.6902654867256637,0.6902654773060066,0.69026532060754
2564,NZL,2010,New Zealand,False,3210.0,2012.1,2312.957,4640.0,2908.456,3343.34,3940.0,2469.681,2838.957,0.6918103448275862,0.69181036261164,0.6918102855228603
2565,NZL,2014,New Zealand,False,3590.0,2242.588,2978.182,5200.0,3248.317,4313.801,4420.0,2761.069,3666.731,0.6903846153846154,0.6903845899276456,0.6903846514941231
2566,NZL,2015,New Zealand,False,3691.0,2262.934,2573.964,5305.0,3252.47,3699.507,4522.0,2772.417,3153.472,0.6957587181903865,0.6957586080732491,0.695758651085131
2567,NZL,2016,New Zealand,False,3810.0,2402.623,2652.234,5430.0,3424.211,3779.955,4640.0,2926.029,3230.017,0.7016574585635359,0.7016574037055544,0.7016575594153899
2568,NZL,2017,New Zealand,False,3910.0,2473.808,2778.156,5560.0,3517.743,3950.524,4760.0,3011.593,3382.103,0.7032374100719424,0.703237274582026,0.7032373426917543
2569,NZL,2019,New Zealand,False,4260.0,2719.251,2806.555,5940.0,3791.631,3913.366,5120.0,3268.208,3373.137,0.7171717171717171,0.7171718450450479,0.7171716113443005
2570,NZL,2020,New Zealand,False,4450.0,2880.764,2885.753,6050.0,3916.545,3923.328,5270.0,3411.602,3417.51,0.7355371900826446,0.7355370613640339,0.7355370236697009
2571,NZL,2021,New Zealand,False,4760.0,3056.504,3366.813,6430.0,4128.848,4548.027,5610.0,3602.308,3968.029,0.7402799377916018,0.7402800974993509,0.740279905990004
2572,NZL,2022,New Zealand,False,5100.0,3457.608,3233.613,6840.0,4637.263,4336.845,5990.0,4060.995,3797.91,0.7456140350877193,0.7456139537481484,0.7456141503789044
2573,PAK,2002,Pakistan,False,2029.92,154.058,33.989,3653.82,277.302,61.179,3432.37,260.495,57.471,0.5555610292789465,0.5555603637911013,0.5555664525409045
2574,PAK,2004,Pakistan,False,2593.64,186.93,44.52,4329.43,312.032,74.315,4088.49,294.667,70.179,0.5990719332568027,0.5990731719823609,0.5990715198815852
2575,PAK,2005,Pakistan,False,2507.923,171.354,42.14,4502.461,307.631,75.653,4223.248,288.554,70.962,0.5570115987678738,0.5570114845382943,0.5570169061372318
2576,PAK,2006,Pakistan,True,3546.985,231.804,58.85,5443.278,355.732,90.313,5196.045,339.575,86.211,0.6516266485011422,0.651625380904726,0.651622689978187
2577,PAK,2007,Pakistan,False,3804.595,237.673,62.639,6330.447,395.463,104.225,6013.814,375.682,99.012,0.6009994238953426,0.6009993349567468,0.6009978412089231
2578,PAK,2008,Pakistan,False,4080.972,220.08,57.962,7265.804,391.832,103.196,6878.627,370.952,97.697,0.5616683301669024,0.561669286837216,0.5616690569401915
2579,PAK,2009,Pakistan,False,5443.397,257.382,66.616,8278.717,391.446,101.315,7922.301,374.593,96.953,0.65751697998615,0.657515979215524,0.6575136949119084
2580,PAK,2010,Pakistan,False,6081.35,258.78,71.382,9334.499,397.211,109.568,8939.575,380.406,104.932,0.6514918476074614,0.6514925316771186,0.6514858352803738
2581,PAK,2011,Pakistan,False,6720.52,263.596,77.835,10589.114,415.332,122.64,10093.031,395.874,116.894,0.6346631077916435,0.6346633536544258,0.6346624266144814
2582,PAK,2012,Pakistan,False,4316.72,163.175,46.22,10527.952,397.964,112.725,9401.493,355.383,100.664,0.41002466576595337,0.4100245248313918,0.4100243956531382
2583,PAK,2013,Pakistan,True,8256.712,287.177,81.244,13245.306,460.686,130.33,12568.74,437.154,123.673,0.6233689127302909,0.6233681943883688,0.6233714417248523
2584,PAK,2014,Pakistan,False,8665.547,284.06,85.713,14539.412,476.608,143.812,13635.743,446.985,134.874,0.5960039511914237,0.5960034241976635,0.5960072872917419
2585,PAK,2015,Pakistan,False,10254.985,329.939,99.786,16383.328,527.11,159.418,15494.822,498.523,150.773,0.6259402851484144,0.6259395572081728,0.625939354401636
2586,PAK,2016,Pakistan,False,9719.0,306.229,92.766,15834.0,498.902,151.132,14921.0,470.135,142.418,0.6138057344953897,0.6138059177954789,0.6138077971574518
2587,PAK,2017,Pakistan,False,11948.0,364.3,113.299,20015.0,610.267,189.796,18827.0,574.045,178.531,0.5969522857856607,0.5969518260040277,0.5969514636767899
2588,PAK,2018,Pakistan,False,12374.939,361.822,101.58,20336.832,594.613,166.936,19192.732,561.162,157.545,0.6084988556723093,0.6084999823414556,0.6084966693822782
2589,PAK,2019,Pakistan,False,15798.355,423.506,105.297,22363.697,599.502,149.055,21544.745,577.549,143.597,0.7064285927322302,0.7064296699593996,0.7064305122270302
2590,PAK,2021,Pakistan,False,20020.482,470.764,122.896,24698.793,580.77,151.613,24068.182,565.942,147.743,0.8105854403492511,0.8105859462437799,0.8105901208999229
2591,PAN,1997,Panama,True,407.52,743.71,407.52,462.769,844.539,462.769,442.173,806.952,442.173,0.8806121412627034,0.8806106053124841,0.8806121412627034
2592,PAN,1998,Panama,False,281.9,519.54,281.9,288.0,530.782,288.0,285.9,526.912,285.9,0.9788194444444444,0.9788199298393689,0.9788194444444444
2593,PAN,1999,Panama,False,292.0,543.155,292.0,298.0,554.315,298.0,296.0,550.595,296.0,0.9798657718120806,0.9798670431072584,0.9798657718120806
2594,PAN,2003,Panama,False,366.453,729.175,366.453,401.482,798.877,401.482,387.5,771.054,387.5,0.9127507584399798,0.9127500228445681,0.9127507584399798
2595,PAN,2006,Panama,True,395.194,813.851,395.194,429.722,884.956,429.722,416.234,857.18,416.234,0.9196503786168733,0.9196513724976156,0.9196503786168733
2596,PAN,2007,Panama,False,410.247,834.177,410.247,431.44,877.27,431.44,423.037,860.184,423.037,0.9508784535508994,0.9508782928858847,0.9508784535508994
2597,PAN,2008,Panama,False,467.971,908.51,467.971,497.216,965.285,497.216,486.108,943.719,486.108,0.9411825041832925,0.9411831738812889,0.9411825041832925
2598,PAN,2009,Panama,False,521.831,985.724,521.831,561.736,1061.103,561.736,546.177,1031.713,546.177,0.9289612914251535,0.9289616559372653,0.9289612914251535
2599,PAN,2010,Panama,True,505.335,937.488,505.335,524.604,973.235,524.604,516.936,959.009,516.936,0.9632694375185853,0.9632699193925414,0.9632694375185853
2600,PAN,2011,Panama,False,566.978,1024.835,566.978,599.858,1084.266,599.858,586.166,1059.517,586.166,0.9451870275965312,0.9451878044686451,0.9451870275965312
2601,PAN,2012,Panama,False,630.47,1173.015,630.47,644.338,1198.816,644.338,638.648,1188.229,638.648,0.9784771346715545,0.9784779315591384,0.9784771346715545
2602,PAN,2013,Panama,False,655.433,1199.156,655.433,711.554,1301.832,711.554,688.745,1260.102,688.745,0.9211289656161022,0.9211296081214779,0.9211289656161022
2603,PAN,2014,Panama,False,679.288,1262.524,679.288,713.566,1326.232,713.566,699.21,1299.551,699.21,0.9519623973115311,0.9519631557676183,0.9519623973115311
2604,PAN,2015,Panama,False,733.036,1421.909,733.036,759.834,1473.89,759.834,748.53,1451.964,748.53,0.9647317703603682,0.9647321034812639,0.9647317703603682
2605,PAN,2016,Panama,False,792.59,1601.246,792.59,804.206,1624.715,804.206,799.327,1614.857,799.327,0.9855559396473044,0.9855550050316518,0.9855559396473044
2606,PAN,2017,Panama,False,865.558,1790.0,865.558,836.936,1730.809,836.936,849.081,1755.926,849.081,1.034198552816464,1.0341984586398616,1.034198552816464
2607,PAN,2018,Panama,False,870.604,1680.752,870.604,851.59,1644.044,851.59,859.609,1659.525,859.609,1.022327645932902,1.0223278695704008,1.022327645932902
2608,PAN,2019,Panama,False,874.245,1635.597,874.245,902.744,1688.916,902.744,890.356,1665.738,890.356,0.9684306957454162,0.9684300462545207,0.9684306957454162
2609,PAN,2020,Panama,True,971.214,1764.185,971.214,886.271,1609.888,886.271,924.526,1679.377,924.526,1.0958431450425434,1.0958433133236598,1.0958431450425434
2610,PAN,2021,Panama,True,980.74,1742.388,980.74,890.617,1582.275,890.617,929.478,1651.315,929.478,1.1011916457916253,1.101191638621605,1.1011916457916253
2611,PAN,2022,Panama,False,875.851,1633.845,875.851,792.789,1478.899,792.789,827.381,1543.428,827.381,1.1047718876018713,1.1047711845095576,1.1047718876018713
2612,PAN,2023,Panama,False,919.514,1759.746,919.514,891.277,1705.706,891.277,903.684,1729.451,903.684,1.031681508666778,1.0316818959422083,1.031681508666778
2613,PER,1997,Peru,False,567.717,385.702,213.094,701.4,476.525,263.272,652.978,443.628,245.097,0.8094054747647562,0.8094055925712188,0.8094062414537057
2614,PER,1998,Peru,False,642.542,413.355,219.298,798.835,513.9,272.64,740.65,476.468,252.781,0.8043488329880388,0.8043490951546994,0.8043500586854461
2615,PER,1999,Peru,False,769.596,488.958,227.467,781.694,496.644,231.043,776.922,493.612,229.632,0.9845233556864963,0.9845241259332641,0.9845223616383098
2616,PER,2000,Peru,False,631.008,399.436,180.805,749.717,474.581,214.819,706.449,447.191,202.421,0.8416615869721509,0.8416603277417342,0.8416620503772945
2617,PER,2001,Peru,False,618.657,394.879,176.415,760.08,485.146,216.742,710.278,453.359,202.541,0.8139366908746448,0.8139384844974503,0.8139400762196528
2618,PER,2002,Peru,True,728.762,471.623,207.241,878.126,568.286,249.716,822.496,532.285,233.896,0.8299059588259543,0.8299043087459484,0.8299067740953724
2619,PER,2003,Peru,False,710.648,459.949,204.299,921.926,596.694,265.038,842.628,545.37,242.241,0.7708297629093875,0.770828934093522,0.7708290886589847
2620,PER,2004,Peru,False,616.009,394.907,180.48,828.067,530.852,242.609,750.341,481.024,219.836,0.7439120264423048,0.7439116740635808,0.7439130452703733
2621,PER,2005,Peru,False,640.492,417.78,194.333,840.955,548.539,255.156,767.266,500.473,232.798,0.7616245815768976,0.761623148035053,0.7616242612362633
2622,PER,2006,Peru,False,693.399,457.717,211.787,880.601,581.29,268.965,811.478,535.661,247.853,0.7874156400004089,0.7874159197646614,0.7874147193872809
2623,PER,2007,Peru,False,765.57,510.684,244.744,941.677,628.158,301.043,874.889,583.606,279.692,0.8129857690057207,0.8129865416025904,0.8129868490547861
2624,PER,2008,Peru,False,756.192,495.145,258.58,1049.478,687.185,358.868,937.622,613.943,320.62,0.7205410689885828,0.7205410478983097,0.7205434867416431
2625,PER,2009,Peru,False,851.712,539.856,282.819,1128.966,715.593,374.884,1023.49,648.737,339.86,0.7544177592593577,0.7544176647899016,0.7544173664386851
2626,PER,2010,Peru,False,856.386,543.416,303.132,1152.929,731.586,408.098,1038.095,658.719,367.451,0.7427916202992552,0.7427916881952361,0.7427921724683777
2627,PER,2011,Peru,False,927.163,587.118,336.648,1212.21,767.622,440.148,1099.145,696.024,399.094,0.7648534494848253,0.7648530135926277,0.7648518225687724
2628,PER,2012,Peru,False,1015.828,644.935,385.135,1300.249,825.51,492.969,1188.566,754.604,450.626,0.7812565131755532,0.7812564354156823,0.7812560221839507
2629,PER,2013,Peru,False,1067.182,647.153,394.975,1387.592,841.454,513.562,1263.449,766.172,467.615,0.7690891847171214,0.7690889816912155,0.7690892238911757
2630,PER,2014,Peru,False,1137.872,666.377,400.794,1446.738,847.26,509.586,1325.708,776.381,466.956,0.7865086836732014,0.7865082737294337,0.7865090485217411
2631,PER,2015,Peru,False,1174.637,658.954,368.868,1495.905,839.181,469.754,1370.425,768.788,430.35,0.7852350249514508,0.7852346514041666,0.7852365280551097
2632,PER,2016,Peru,False,1262.745,683.988,374.14,1598.581,865.899,473.645,1465.353,793.734,434.171,0.7899161819138348,0.7899166069021908,0.7899164986434988
2633,PER,2017,Peru,False,1277.488,667.501,391.809,1611.938,842.255,494.385,1477.662,772.094,453.203,0.7925168337740037,0.7925165181566153,0.7925179768803666
2634,PER,2018,Peru,False,1320.718,688.887,401.849,1668.831,870.462,507.768,1528.417,797.222,465.045,0.7914030839551759,0.7914038751835232,0.7914027666178255
2635,PER,2019,Peru,False,1404.612,733.602,420.887,1704.991,890.484,510.894,1585.081,827.858,474.964,0.8238237034682295,0.823823898015012,0.8238245115425118
2636,PER,2020,Peru,True,1379.345,728.205,394.669,1565.036,826.237,447.8,1495.503,789.528,427.905,0.8813503331552757,0.881351234573131,0.8813510495757034
2637,PER,2021,Peru,False,1489.581,776.603,383.858,1730.906,902.419,446.046,1638.272,854.124,422.175,0.8605787951512098,0.8605791766352436,0.8605794021244446
2638,PER,2022,Peru,True,1425.591,740.971,371.714,1756.146,912.782,457.904,1624.76,844.492,423.646,0.8117724836089938,0.8117721427460226,0.8117727733324016
2639,PER,2023,Peru,False,1578.771,802.557,421.7,1904.674,968.227,508.751,1770.391,899.965,472.883,0.8288930284132613,0.8288934309826105,0.8288927196211899
2640,PHL,1978,Philippines,False,,,,,,,649.0,,,,,
2641,PHL,1979,Philippines,False,,,,,,,711.0,,,,,
2642,PHL,1980,Philippines,False,,,,,,,889.0,,,,,
2643,PHL,1981,Philippines,False,,,,,,,986.0,,,,,
2644,PHL,1982,Philippines,False,,,,,,,1123.0,,,,,
2645,PHL,1983,Philippines,True,,,,,,,1383.0,,,,,
2646,PHL,1984,Philippines,False,,,,,,,1805.0,,,,,
2647,PHL,1985,Philippines,False,,,,,,,2805.0,,,,,
2648,PHL,1986,Philippines,False,,,,,,,2375.0,,,,,
2649,PHL,1987,Philippines,False,,,,,,,2700.0,,,,,
2650,PHL,1988,Philippines,False,,,,,,,3038.0,,,,,
2651,PHL,1989,Philippines,False,,,,,,,3592.0,,,,,
2652,PHL,1990,Philippines,False,,,,,,,4259.0,482.786,175.192,,,
2653,PHL,1991,Philippines,False,,,,,,,5025.0,497.847,182.869,,,
2654,PHL,1992,Philippines,False,,,,,,,5517.0,518.308,216.247,,,
2655,PHL,1993,Philippines,False,5606.0,508.09,206.712,6039.0,547.334,222.678,5873.0,532.289,216.557,0.9282993873157808,0.9282997219248211,0.9283000565839463
2656,PHL,1994,Philippines,False,6144.0,517.609,232.576,6756.0,569.167,255.743,6461.0,544.315,244.576,0.9094138543516874,0.9094149871654541,0.9094129653597557
2657,PHL,1995,Philippines,False,6633.0,537.743,257.948,7164.0,580.792,278.598,6959.0,564.172,270.626,0.9258793969849246,0.9258787999834709,0.9258788648877593
2658,PHL,1996,Philippines,False,6858.0,532.473,261.595,7406.0,575.021,282.498,7194.0,558.561,274.412,0.9260059411288145,0.9260061806438373,0.9260065557986252
2659,PHL,1997,Philippines,False,7518.0,565.737,255.101,8125.0,611.414,275.698,7887.0,593.504,267.622,0.9252923076923077,0.9252928457640812,0.9252914420851802
2660,PHL,1998,Philippines,False,8407.0,588.14,205.585,8674.0,606.819,212.114,8565.0,599.194,209.449,0.9692183537007147,0.9692181688444166,0.9692193820304176
2661,PHL,1999,Philippines,True,8723.0,588.64,223.158,9338.0,630.141,238.891,9086.0,613.136,232.444,0.9341400728207325,0.9341401368899976,0.9341415122377988
2662,PHL,2001,Philippines,True,6915.146,452.854,135.611,6670.748,436.849,130.818,6764.709,443.003,132.661,1.0366372706629001,1.0366373735547065,1.0366386888654464
2663,PHL,2003,Philippines,False,7070.891,457.844,130.451,6967.53,451.152,128.544,7007.358,453.73,129.279,1.014834668813769,1.0148331382771216,1.0148353871048044
2664,PHL,2004,Philippines,False,7228.207,458.422,128.983,7072.913,448.574,126.212,7131.76,452.306,127.262,1.0219561586576846,1.0219540142763512,1.0219551231261688
2665,PHL,2005,Philippines,False,7439.709,457.998,135.058,7491.001,461.155,135.989,7470.595,459.899,135.618,0.9931528510008208,0.9931541455692772,0.9931538580326349
2666,PHL,2006,Philippines,False,7656.913,461.273,149.216,7860.427,473.533,153.182,7779.03,468.63,151.596,0.9741090401322982,0.9741095129589702,0.9741092295439413
2667,PHL,2007,Philippines,False,7978.579,480.43,172.89,8132.008,489.669,176.214,8070.828,485.985,174.889,0.9811327042472167,0.9811321525356925,0.9811365725765262
2668,PHL,2008,Philippines,False,8476.763,489.582,191.249,8504.437,491.181,191.873,8493.399,490.543,191.624,0.9967459339166133,0.9967445809182358,0.9967478488375123
2669,PHL,2009,Philippines,False,8828.677,487.526,185.166,8839.969,488.149,185.403,8835.451,487.9,185.309,0.9987226199548891,0.9987237503303295,0.9987217035323054
2670,PHL,2010,Philippines,False,9392.308,507.907,208.21,9253.844,500.419,205.141,9309.254,503.416,206.369,1.0149628630005003,1.0149634606200004,1.01496044184244
2671,PHL,2011,Philippines,False,9844.696,524.432,227.291,9548.792,508.669,220.459,9666.602,514.945,223.179,1.030988631860449,1.0309887176140085,1.0309898892764642
2672,PHL,2012,Philippines,False,10423.695,571.58,246.839,9957.212,546.0,235.792,10141.655,556.114,240.16,1.0468487564591373,1.0468498168498168,1.0468506141005631
2673,PHL,2013,Philippines,False,10977.483,580.445,258.621,10407.071,550.284,245.183,10631.893,562.171,250.479,1.054810042133853,1.054809879989242,1.0548080413405496
2674,PHL,2014,Philippines,False,11519.05,593.304,259.466,10924.928,562.702,246.084,11160.633,574.843,251.393,1.054382234830289,1.0543840256476784,1.0543798052697453
2675,PHL,2015,Philippines,False,11871.744,608.733,260.901,11253.363,577.025,247.311,11497.51,589.544,252.677,1.0549507733821437,1.0549508253541873,1.0549510535317879
2676,PHL,2016,Philippines,True,12586.36,645.328,265.018,11955.262,612.97,251.73,12194.434,625.233,256.766,1.0527883035938486,1.0527888803693493,1.0527867159257935
2677,PHL,2017,Philippines,False,13043.743,648.773,258.785,12386.596,616.087,245.748,12630.924,628.24,250.595,1.0530530744685627,1.0530541952678762,1.053050279147745
2678,PHL,2018,Philippines,False,13848.802,671.534,262.978,13221.644,641.123,251.069,13452.754,652.33,255.457,1.0474341919960937,1.0474339557308034,1.0474331757405335
2679,PHL,2019,Philippines,False,15151.769,735.298,292.529,14305.021,694.206,276.181,14623.306,709.652,282.326,1.0591923632967752,1.059192804441333,1.0591930654172446
2680,PHL,2020,Philippines,False,16028.574,774.601,323.0,14744.095,712.527,297.116,15229.753,735.997,306.902,1.0871181988450291,1.087118102191215,1.087117489465394
2681,PHL,2021,Philippines,True,16293.453,785.369,330.801,15075.726,726.673,306.078,15528.057,748.476,315.261,1.0807740204352347,1.0807736079364447,1.0807735283163116
2682,PHL,2022,Philippines,False,17090.785,840.786,313.72,16107.227,792.399,295.666,16487.742,811.119,302.651,1.0610631488585838,1.0610639337000678,1.0610621444467745
2683,PLW,2000,Palau,False,709.445,857.94,,839.072,1014.699,,781.718,945.341,,0.845511469814271,0.8455118217323562,
2684,PNG,1973,Papua New Guinea,False,,,,,,,146.58,,,,,
2685,PNG,1974,Papua New Guinea,False,,,,,,,157.73,,,,,
2686,PNG,1975,Papua New Guinea,False,,,,,,,321.31,,,,,
2687,PNG,1976,Papua New Guinea,False,,,,,,,248.79,,,,,
2688,PNG,1977,Papua New Guinea,False,,,,,,,247.12,,,,,
2689,PNG,1978,Papua New Guinea,False,,,,,,,241.51,,,,,
2690,PNG,1979,Papua New Guinea,False,,,,,,,374.93,,,,,
2691,PNG,1980,Papua New Guinea,False,,,,,,,252.32,,,,,
2692,POL,1969,Poland,False,,,,,,,2212.0,,,,,
2693,POL,1970,Poland,False,,,,,,,2277.0,,,,,
2694,POL,1971,Poland,False,,,,,,,2399.0,,,,,
2695,POL,1972,Poland,False,,,,,,,2542.0,,,,,
2696,POL,1973,Poland,False,,,,,,,2830.0,,,,,
2697,POL,1974,Poland,False,,,,,,,3221.0,,,,,
2698,POL,1975,Poland,False,,,,,,,3697.0,,,,,
2699,POL,1976,Poland,False,,,,,,,4128.0,,,,,
2700,POL,1977,Poland,False,,,,,,,4416.0,,,,,
2701,POL,1978,Poland,False,,,,,,,4670.0,,,,,
2702,POL,1979,Poland,False,,,,,,,5095.0,,,,,
2703,POL,1980,Poland,False,,,,,,,5786.0,,,,,
2704,POL,1981,Poland,False,,,,,,,7213.0,,,,,
2705,POL,1982,Poland,False,,,,,,,11063.0,,,,,
2706,POL,1983,Poland,False,,,,,,,13953.0,,,,,
2707,POL,1984,Poland,False,,,,,,,16720.0,,,,,
2708,POL,1985,Poland,False,,,,,,,20027.0,,,,,
2709,POL,1986,Poland,False,,,,,,,24141.0,,,,,
2710,POL,1987,Poland,False,,,,,,,29342.0,,,,,
2711,POL,1988,Poland,False,,,,,,,56513.0,,,,,
2712,POL,1989,Poland,False,,,,,,,207443.0,,,,,
2713,POL,1990,Poland,False,,,,,,,1036300.0,,,,,
2714,POL,1991,Poland,False,,,,,,,1764500.0,,,,,
2715,POL,1992,Poland,False,,,,,,,2935000.0,,,,,
2716,POL,1993,Poland,False,,,,,,,3995000.0,,,,,
2717,POL,1994,Poland,False,,,,,,,5472500.0,,,,,
2718,POL,1996,Poland,False,,,,,,,874.3,584.406,324.283,,,
2719,POL,1997,Poland,False,,,,,,,1061.93,631.471,323.829,,,
2720,POL,1998,Poland,False,,,,,,,1239.49,676.662,356.647,,,
2721,POL,1999,Poland,False,,,,,,,1697.12,887.614,427.798,,,
2722,POL,2000,Poland,False,,,,,,,1893.74,935.132,435.736,,,
2723,POL,2001,Poland,False,,,,,,,2045.13,999.297,499.555,,,
2724,POL,2002,Poland,False,,,,,,,2097.83,1034.669,514.17,,,
2725,POL,2003,Poland,False,,,,,,,2185.02,1084.184,561.835,,,
2726,POL,2004,Poland,False,,,,,,,2273.44,1111.567,621.559,,,
2727,POL,2005,Poland,False,415.568,510.392,517.004,476.908,585.729,593.317,448.599,550.96,558.097,0.8713798049099616,0.8713790848668923,0.8713790435804132
2728,POL,2006,Poland,False,495.124,585.701,621.678,572.631,677.386,718.995,537.291,635.581,674.622,0.8646475653605901,0.8646488117557789,0.8646485719650345
2729,POL,2007,Poland,False,577.943,576.931,792.058,693.643,692.428,950.622,641.847,640.722,879.637,0.8331994988776646,0.8331999861357426,0.8331997365935145
2730,POL,2008,Poland,False,665.828,543.749,979.27,799.922,653.257,1176.49,740.103,604.406,1088.511,0.8323661557001807,0.8323661284915432,0.8323657659648616
2731,POL,2009,Poland,False,785.074,866.237,1095.008,929.775,1025.897,1296.833,861.583,950.655,1201.72,0.8443698744319862,0.844370341272077,0.8443708634804944
2732,POL,2010,Poland,False,669.111,780.67,887.052,779.575,909.552,1033.496,727.052,848.271,963.865,0.8583022800885097,0.8583016693932837,0.8583023059595779
2733,POL,2011,Poland,False,751.423,832.954,1045.948,862.396,955.967,1200.416,809.492,897.323,1126.776,0.8713201359932097,0.871320871954785,0.8713212752912325
2734,POL,2012,Poland,False,759.909,1009.53,976.322,886.47,1177.666,1138.927,826.694,1098.253,1062.127,0.8572303631256557,0.8572294691364105,0.8572296556320116
2735,POL,2013,Poland,False,774.736,984.546,1028.941,901.587,1145.75,1197.414,841.062,1068.834,1117.029,0.8593025409638781,0.859302640192014,0.8593026305020653
2736,POL,2014,Poland,False,798.188,1008.508,1060.393,946.084,1195.373,1256.873,875.513,1106.207,1163.119,0.8436756144274716,0.8436764089535232,0.8436755344414273
2737,POL,2015,Poland,False,782.372,1416.682,868.052,964.459,1746.397,1070.079,876.793,1587.655,972.813,0.8112029645635532,0.8112027219469571,0.8112036587952852
2738,POL,2016,Poland,False,820.791,1590.114,908.536,999.202,1935.749,1106.02,913.182,1769.103,1010.804,0.8214465143184262,0.8214463755373244,0.8214462667944521
2739,POL,2017,Poland,False,815.113,1453.176,920.818,1000.754,1784.135,1130.533,910.845,1623.846,1028.964,0.8144988678536385,0.8144989028296625,0.8144990017982668
2740,POL,2018,Poland,False,886.711,1445.883,1047.166,1058.895,1726.649,1250.506,974.301,1588.708,1150.605,0.8373927537668986,0.8373925447499753,0.8373938229804574
2741,POL,2019,Poland,False,956.374,1791.043,1070.636,1175.466,2201.347,1315.905,1066.971,1998.163,1194.447,0.8136126438365722,0.8136123019224137,0.8136119248729962
2742,POL,2020,Poland,False,1047.785,1942.117,1196.775,1265.572,2345.796,1445.531,1159.714,2149.584,1324.621,0.8279141763566199,0.8279138509913053,0.8279137562598105
2743,POL,2021,Poland,False,1072.007,1829.988,1267.906,1252.297,2137.755,1481.142,1164.874,1988.519,1377.743,0.856032554577708,0.856032613653108,0.8560327098954725
2744,POL,2022,Poland,False,1193.833,2594.914,1257.164,1359.4,2954.79,1431.514,1279.565,2781.261,1347.444,0.8782058260997498,0.8782058961889001,0.87820587154579
2745,POL,2023,Poland,False,1264.518,2333.343,1367.284,1534.864,2832.196,1659.6,1401.922,2586.886,1515.855,0.8238632217577584,0.8238635320436862,0.8238635815859244
2746,PRT,1995,Portugal,False,,,,,,,116300.0,175222.908,769.661,,,
2747,PRT,1996,Portugal,False,,,,,,,124100.0,184780.132,804.571,,,
2748,PRT,1997,Portugal,False,106600.0,155959.679,608.057,150900.0,220772.191,860.749,132800.0,194291.232,757.505,0.7064280980781975,0.706428098093206,0.7064277739503618
2749,PRT,1998,Portugal,True,90133.618,127486.896,500.452,109685.627,155141.671,609.011,100671.312,142391.634,558.961,0.8217450222534627,0.821745022973228,0.8217454200334642
2750,PRT,1999,Portugal,False,93593.003,,,114413.812,,,104717.603,,,0.8180218923218815,,
2751,PRT,2000,Portugal,False,98480.431,,,119927.588,,,109793.424,,,0.8211657771354494,,
2752,PRT,2001,Portugal,False,104448.398,,,126705.417,,,116026.331,,,0.8243404305279229,,
2753,PRT,2002,Portugal,False,554.481,,,662.336,,,610.432,,,0.8371596893419654,,
2754,PRT,2003,Portugal,False,581.173,814.119,657.4,692.83,970.529,783.701,638.885,894.962,722.681,0.8388392534965287,0.8388404674151931,0.8388403230313601
2755,PRT,2004,Portugal,False,612.278,856.149,761.614,723.962,1012.318,900.538,668.381,934.599,831.401,0.8457322345647976,0.8457312820674926,0.8457322178519951
2756,PRT,2005,Portugal,False,627.129,890.514,780.205,742.558,1054.421,923.809,685.535,973.45,852.868,0.8445522100630524,0.8445526028028653,0.8445522829935626
2757,PRT,2006,Portugal,False,645.056,924.619,809.932,773.973,1109.406,971.799,710.558,1018.508,892.176,0.8334347580600358,0.8334360910252875,0.8334357207611862
2758,PRT,2007,Portugal,False,654.158,911.578,896.509,785.695,1094.877,1076.777,720.728,1004.345,987.742,0.832585163454012,0.8325848474303507,0.8325855771436426
2759,PRT,2008,Portugal,False,676.868,946.998,995.507,826.05,1155.717,1214.917,752.502,1052.816,1106.746,0.819403183826645,0.8194030199434637,0.8194033008016186
2760,PRT,2009,Portugal,False,698.061,988.424,973.643,831.585,1177.489,1159.88,763.768,1081.463,1065.291,0.8394343332311189,0.8394337441793511,0.8394342518191537
2761,PRT,2010,Portugal,False,718.429,1026.395,952.434,831.496,1187.929,1102.328,773.823,1105.534,1025.87,0.8640197908348326,0.86402049280723,0.8640205093220893
2762,PRT,2011,Portugal,False,730.048,1052.061,1016.195,869.454,1252.956,1210.241,798.203,1150.278,1111.063,0.839662592845625,0.8396631645484758,0.839663339781085
2763,PRT,2012,Portugal,False,740.994,1074.702,952.021,878.283,1273.819,1128.408,807.076,1170.544,1036.922,0.8436847804181568,0.8436850133339195,0.8436850855364372
2764,PRT,2013,Portugal,False,731.088,1099.693,970.972,878.319,1321.157,1166.512,801.549,1205.68,1064.552,0.8323718375669887,0.8323711716321376,0.8323720630392144
2765,PRT,2014,Portugal,False,742.181,1112.233,985.988,888.999,1332.255,1181.036,811.931,1216.76,1078.65,0.8348502079304926,0.834849934884838,0.8348500807765386
2766,PRT,2015,Portugal,False,757.726,1125.834,840.706,899.769,1336.883,998.305,825.463,1226.479,915.862,0.842133925485319,0.8421335300097316,0.842133416140358
2767,PRT,2016,Portugal,False,766.495,1164.856,848.436,901.6,1370.177,997.983,830.914,1262.754,919.741,0.8501497338065661,0.8501500171145773,0.8501507540709612
2768,PRT,2017,Portugal,False,784.114,1175.356,885.799,926.343,1388.551,1046.472,852.152,1277.341,962.66,0.8464618397289125,0.8464622473355319,0.8464622082578416
2769,PRT,2018,Portugal,False,810.094,1245.153,956.684,947.049,1455.659,1118.422,875.271,1345.333,1033.655,0.8553876304182784,0.8553878346508351,0.8553873224954445
2770,PRT,2019,Portugal,False,825.562,1320.068,924.196,972.146,1554.454,1088.293,895.558,1431.99,1002.554,0.8492160642537232,0.8492165094624865,0.8492161577810389
2771,PRT,2020,Portugal,False,876.554,1383.695,1001.197,1016.962,1605.337,1161.57,943.504,1489.379,1077.666,0.86193387756868,0.8619342854490988,0.8619342786056803
2772,PRT,2021,Portugal,False,932.061,1521.782,1102.386,1086.111,1773.301,1284.588,1005.916,1642.366,1189.738,0.8581636683543394,0.8581633913249922,0.8581630841950882
2773,PRT,2022,Portugal,False,967.161,1643.353,1018.467,1115.26,1894.995,1174.423,1037.934,1763.608,1092.995,0.8672067499955167,0.8672070374855871,0.867206279168579
2774,PRT,2023,Portugal,False,988.449,1656.956,1068.779,1133.818,1900.641,1225.962,1058.826,1774.931,1144.876,0.8717880647511329,0.8717879915249643,0.8717880325817603
2775,PRT,2024,Portugal,False,1088.037,1785.171,,1260.453,2068.059,,1171.414,1921.97,,0.8632110836342173,0.8632108658408681,
2776,PRY,1983,Paraguay,False,33022.0,,,40646.0,,,38900.0,,,0.8124292673325788,,
2777,PRY,1984,Paraguay,False,42786.0,,,50375.0,,,48569.0,,,0.8493498759305211,,
2778,PRY,1985,Paraguay,False,59123.0,,,67144.0,,,65174.0,,,0.8805403312284046,,
2779,PRY,1986,Paraguay,False,75400.0,,,88641.0,,,85609.0,,,0.850622172583793,,
2780,PRY,1988,Paraguay,False,134113.0,,,160915.0,,,154932.0,,,0.8334400149147065,,
2781,PRY,1989,Paraguay,False,196032.0,,,202915.0,,,201293.0,,,0.9660793928492226,,
2782,PRY,1990,Paraguay,False,196800.0,411.473,160.025,259052.0,541.63,210.644,245183.0,512.632,199.367,0.7596930346030912,0.7596938869708104,0.7596940810087162
2783,PRY,1991,Paraguay,False,268860.0,471.677,202.885,361236.0,633.738,272.593,339252.0,595.17,256.004,0.7442779789389762,0.7442776036784917,0.744278099584362
2784,PRY,1992,Paraguay,False,281293.0,441.379,187.496,403197.0,632.659,268.752,370520.0,581.385,246.971,0.6976564805789726,0.6976570316710898,0.6976543430374472
2785,PRY,1993,Paraguay,False,376062.0,513.92,215.589,498260.0,680.914,285.643,466505.0,637.519,267.438,0.754750531850841,0.7547502327753578,0.7547498100776144
2786,PRY,1994,Paraguay,False,491975.0,572.18,258.287,662351.0,770.332,347.735,617861.0,718.589,324.377,0.7427708269482495,0.7427706495381212,0.7427696377988985
2787,PRY,1995,Paraguay,False,603788.0,636.473,307.581,747442.0,787.903,380.761,710049.0,748.486,361.713,0.8078058230605184,0.8078062908759073,0.8078059465123791
2788,PRY,1996,Paraguay,False,682925.0,674.861,332.031,825610.0,815.861,401.403,787852.0,778.549,383.045,0.8271762696672763,0.8271764430460581,0.8271761795502276
2789,PRY,1997,Paraguay,False,773147.0,731.072,355.003,948077.0,896.482,435.324,900601.0,851.59,413.525,0.8154896701428259,0.8154898815592505,0.8154914500464021
2790,PRY,1998,Paraguay,True,609802.698,524.922,223.659,758698.75,653.093,278.269,704482.77,606.423,258.384,0.8037481253264224,0.8037477051507214,0.8037510466491057
2791,PRY,1999,Paraguay,True,695111.627,572.773,222.858,826197.732,680.789,264.886,777157.115,640.379,249.163,0.8413380962900053,0.8413370368792681,0.8413355179209169
2792,PRY,2000,Paraguay,False,606598.0,474.13,173.992,899758.0,703.27,258.08,787514.0,615.538,225.885,0.6741790570353362,0.6741791914911769,0.6741785492870428
2793,PRY,2001,Paraguay,True,757906.772,567.865,184.589,884497.612,662.714,215.42,835030.998,625.651,203.372,0.8568782568968655,0.8568779292424786,0.8568795840683316
2794,PRY,2002,Paraguay,True,599929.181,413.201,104.951,824220.254,567.681,144.189,737552.677,507.989,129.027,0.7278748345342166,0.7278753384383131,0.7278710581250997
2795,PRY,2003,Paraguay,False,683218.142,421.272,106.348,927338.879,571.797,144.348,833219.657,513.763,129.697,0.7367513187161433,0.7367509798057702,0.7367473051237287
2796,PRY,2004,Paraguay,False,679616.45,412.44,113.751,884462.721,536.755,148.038,804576.105,488.274,134.667,0.7683946805938924,0.7683952641335432,0.7683905483727151
2797,PRY,2005,Paraguay,False,765672.161,449.809,123.937,1024539.58,601.886,165.839,918977.298,539.871,148.751,0.7473329249027159,0.7473325513469329,0.7473332569540337
2798,PRY,2006,Paraguay,False,873955.48,483.61,155.092,1156150.564,639.765,205.17,1047254.39,579.506,185.845,0.7559183961095226,0.755918188709917,0.7559194814056637
2799,PRY,2007,Paraguay,False,865948.1,455.79,172.064,1181841.552,622.061,234.832,1061324.364,558.626,210.885,0.7327108261971145,0.7327094931204496,0.732711044491381
2800,PRY,2008,Paraguay,False,1010714.079,501.486,231.64,1338597.349,664.172,306.786,1216062.833,603.374,278.703,0.7550545948376893,0.7550544136157501,0.7550540115911416
2801,PRY,2009,Paraguay,False,1069208.271,515.268,215.276,1386143.966,668.004,279.088,1262973.16,608.646,254.289,0.7713544171644866,0.7713546625469309,0.7713552714555982
2802,PRY,2010,Paraguay,False,1167335.104,546.37,245.319,1528108.718,715.23,321.137,1393409.774,652.184,292.83,0.763908411914446,0.7639081134739873,0.7639076157527783
2803,PRY,2011,Paraguay,False,1405119.544,626.699,335.047,1782085.647,794.83,424.933,1633673.763,728.637,389.545,0.7884691436494129,0.7884692324144784,0.78847018235816
2804,PRY,2012,Paraguay,False,1458619.588,659.616,329.881,1823791.061,824.753,412.468,1680374.219,759.897,380.033,0.7997734056225863,0.7997739929409168,0.7997735581911808
2805,PRY,2013,Paraguay,False,1655693.221,726.578,384.698,2082879.73,914.043,483.954,1903658.703,835.394,442.312,0.7949058206063583,0.7949057101252348,0.7949061274418643
2806,PRY,2014,Paraguay,False,1710404.014,726.42,383.311,2250058.002,955.615,504.25,2035461.723,864.474,456.158,0.7601599658674044,0.7601596877403556,0.7601606346058503
2807,PRY,2015,Paraguay,False,1861511.52,775.367,357.644,2256790.413,940.011,433.588,2093259.272,871.896,402.169,0.8248490906718505,0.8248488581516599,0.8248475511314889
2808,PRY,2016,Paraguay,False,1847331.033,756.812,325.777,2224502.525,911.331,392.291,2075944.677,850.47,366.093,0.8304468132712055,0.8304468958040493,0.8304472955025733
2809,PRY,2017,Paraguay,False,2220584.943,886.576,395.197,2600819.147,1038.385,462.867,2451865.076,978.915,436.358,0.8538021359775848,0.8538027802789909,0.8538024961814085
2810,PRY,2018,Paraguay,False,2299073.266,881.846,401.087,2787709.961,1069.271,486.333,2590061.358,993.459,451.852,0.8247175273482475,0.8247170268341703,0.824716809264434
2811,PRY,2019,Paraguay,False,2400176.73,905.08,384.599,2820604.192,1063.619,451.968,2646762.073,998.065,424.111,0.8509441830964989,0.8509438060057221,0.850942987114132
2812,PRY,2020,Paraguay,False,2325361.0,869.688,343.425,2621320.0,980.377,387.134,2505151.0,936.929,369.977,0.8870954328353654,0.8870954744960358,0.8870959409403463
2813,PRY,2021,Paraguay,False,2421507.498,879.107,357.462,2704082.225,981.693,399.176,2590196.53,940.348,382.364,0.8955006898874904,0.8955009356285519,0.8954997294426519
2814,PRY,2022,Paraguay,False,2575103.364,919.855,368.781,2961908.289,1058.026,424.175,2803691.163,1001.51,401.517,0.86940685286019,0.8694068009670839,0.8694076737195733
2815,PRY,2023,Paraguay,False,2722461.516,967.7,373.509,3168094.337,1126.101,434.648,2980586.552,1059.451,408.923,0.8593372628474226,0.8593367735220908,0.8593367506580037
2816,PSE,2015,Occupied Palestinian Territory,False,1810.676,,,2342.028,,,2255.985,,,0.7731231223537891,,
2817,PSE,2016,Occupied Palestinian Territory,False,1867.254,,,2431.439,,,2341.693,,,0.7679625110891123,,
2818,PSE,2017,Occupied Palestinian Territory,False,1889.867,,,2535.59,,,2435.791,,,0.745336193943027,,
2819,PSE,2018,Occupied Palestinian Territory,False,2045.212,,,2735.796,,,2621.965,,,0.747574746070248,,
2820,PSE,2019,Occupied Palestinian Territory,False,2211.151,,,2891.029,,,2775.75,,,0.7648318297741046,,
2821,PSE,2020,Occupied Palestinian Territory,False,2444.932,,,2983.688,,,2893.606,,,0.819432862953499,,
2822,PSE,2021,Occupied Palestinian Territory,False,2298.93,,,3047.657,,,2928.24,,,0.7543270125214221,,
2823,PSE,2022,Occupied Palestinian Territory,False,2288.269,,,3214.543,,,3067.468,,,0.711848931558856,,
2824,PYF,1995,French Polynesia,False,166682.0,,,190977.0,,,,,,0.8727857281243291,,
2825,PYF,1996,French Polynesia,False,170358.0,,,194192.0,,,,,,0.8772657987970668,,
2826,PYF,1997,French Polynesia,False,173814.0,,,198441.0,,,,,,0.8758976219632032,,
2827,PYF,1998,French Polynesia,False,177205.0,,,203305.0,,,,,,0.8716214554487101,,
2828,PYF,1999,French Polynesia,False,180336.0,,,203162.0,,,,,,0.8876463118102795,,
2829,PYF,2000,French Polynesia,False,183968.0,,,207778.0,,,,,,0.8854065396721501,,
2830,PYF,2001,French Polynesia,False,189437.0,,,212781.0,,,,,,0.8902909564293805,,
2831,PYF,2002,French Polynesia,False,194863.0,,,218416.0,,,,,,0.8921644934437037,,
2832,PYF,2003,French Polynesia,False,201481.0,,,225524.0,,,,,,0.8933905038931554,,
2833,QAT,2001,Qatar,False,2887.0,1243.407,793.132,2904.0,1250.729,797.802,2902.0,1249.867,797.253,0.9941460055096418,0.9941458141611811,0.9941464172814808
2834,QAT,2009,Qatar,False,6106.0,1920.741,1677.473,8484.0,2668.779,2330.769,7792.0,2451.099,2140.659,0.7197076850542197,0.7197077764775577,0.7197079590469927
2835,QAT,2011,Qatar,False,6094.0,2036.685,1674.176,7882.0,2634.256,2165.385,7401.0,2473.5,2033.242,0.7731540218218727,0.7731537861164595,0.7731539656920131
2836,QAT,2012,Qatar,False,7445.0,2465.222,2045.33,9089.0,3009.59,2496.978,8654.0,2865.551,2377.472,0.8191220156232809,0.8191222060147728,0.8191221548607956
2837,QAT,2013,Qatar,False,8510.0,2807.09,2337.912,10075.0,3323.318,2767.857,9667.0,3188.736,2655.769,0.8446650124069479,0.8446648800987446,0.8446650242407754
2838,QAT,2014,Qatar,False,9294.0,3184.562,2553.297,10893.0,3732.455,2992.582,10483.0,3591.97,2879.945,0.8532084825117048,0.853208411086001,0.8532087007139655
2839,QAT,2015,Qatar,False,9406.0,3143.376,2584.066,11034.0,3687.435,3031.319,10568.0,3531.703,2903.297,0.8524560449519667,0.8524559754951614,0.8524559770845628
2840,QAT,2016,Qatar,False,9845.0,3292.706,2704.67,11166.0,3734.521,3067.582,10793.0,3609.77,2965.11,0.8816944295181802,0.8816943324190706,0.8816944420719642
2841,QAT,2017,Qatar,False,9960.0,3450.435,2736.264,11560.0,4004.722,3175.824,11099.0,3845.018,3049.176,0.8615916955017301,0.8615916410677195,0.8615918262472984
2842,QAT,2018,Qatar,False,10034.0,3647.862,2756.593,11571.0,4206.638,3178.846,11121.0,4043.041,3055.22,0.8671679197994987,0.867168032999274,0.8671678338617221
2843,QAT,2019,Qatar,False,10391.0,3816.547,2854.67,11693.0,4294.763,3212.363,11308.0,4153.355,3106.593,0.8886513298554691,0.888651364464116,0.8886511269118715
2844,QAT,2020,Qatar,False,11002.0,4025.576,3022.528,11758.0,4302.193,3230.22,11554.0,4227.55,3174.176,0.9357033509100187,0.9357032564554867,0.9357034505389725
2845,QAT,2022,Qatar,False,12237.0,4322.715,3361.813,11863.0,4190.599,3259.066,11963.0,4225.924,3286.538,1.0315265952962993,1.031526757869221,1.031526517106435
2846,REU,2012,Réunion,False,2603.608,,,2803.628,,,2714.258,,,0.9286567262133207,,
2847,ROU,1979,Romania,False,,,,,,,2036.0,,,,,
2848,ROU,1992,Romania,False,,,,,,,25322.0,,,,,
2849,ROU,1993,Romania,False,,,,,,,76452.0,,,,,
2850,ROU,1994,Romania,False,,,,,,,184719.0,,,,,
2851,ROU,1995,Romania,False,,,,,,,275825.0,,,,,
2852,ROU,1996,Romania,False,,,,,,,426038.0,,,,,
2853,ROU,1997,Romania,False,,,,,,,843316.0,,,,,
2854,ROU,1998,Romania,False,,,,,,,1318605.0,,,,,
2855,ROU,1999,Romania,False,,,,,,,1921754.0,,,,,
2856,ROU,2000,Romania,False,,,,,,,2840449.0,,,,,
2857,ROU,2001,Romania,False,,,,,,,4220357.0,,,,,
2858,ROU,2002,Romania,False,,,,,,,5320559.0,,,,,
2859,ROU,2003,Romania,False,5906760.0,,,7273615.0,,,6637868.0,,,0.812080375439173,,
2860,ROU,2004,Romania,False,7433008.0,,,8859646.0,,,8183317.0,,,0.8389734759154034,,
2861,ROU,2005,Romania,True,891.0,542.575,305.802,1037.0,631.482,355.911,968.0,589.464,332.229,0.8592092574734812,0.8592089719105217,0.8592091843185516
2862,ROU,2006,Romania,False,1062.0,626.382,378.073,1222.0,720.752,435.033,1146.0,675.926,407.977,0.8690671031096563,0.8690673074788554,0.8690674040819891
2863,ROU,2007,Romania,False,259.189,259.291,355.213,316.743,316.868,434.09,291.743,291.858,399.827,0.818294326946452,0.8182934218665185,0.8182934414522335
2864,ROU,2008,Romania,False,302.84,280.906,445.404,364.646,338.235,536.304,338.295,313.793,497.549,0.8305041053514914,0.8305054178307981,0.8305065783585429
2865,ROU,2009,Romania,False,320.814,372.953,447.466,380.99,442.908,531.398,355.054,412.758,495.224,0.8420535972072758,0.8420552349472125,0.8420543547397619
2866,ROU,2010,Romania,False,295.723,383.077,392.045,348.159,451.002,461.561,325.846,422.097,431.979,0.8493906519722312,0.8493909117919655,0.8493893548198397
2867,ROU,2011,Romania,False,299.513,355.064,416.909,350.16,415.104,487.407,328.304,389.195,456.985,0.8553604066712359,0.8553615479494296,0.8553611253018525
2868,ROU,2012,Romania,False,299.65,431.884,384.987,354.398,510.792,455.327,331.07,477.169,425.355,0.8455183155661148,0.8455183323153065,0.8455176170093143
2869,ROU,2013,Romania,False,302.002,401.672,401.095,348.826,463.949,463.282,328.856,437.388,436.76,0.8657668866426241,0.8657675735910628,0.8657685815550789
2870,ROU,2014,Romania,False,322.19,430.016,428.029,369.367,492.982,490.704,349.127,465.969,463.816,0.8722760831368259,0.8722752554860015,0.8722753431804101
2871,ROU,2015,Romania,False,335.101,634.191,371.798,390.885,739.765,433.692,366.938,694.445,407.122,0.8572879491410518,0.8572871114475543,0.8572858157402027
2872,ROU,2016,Romania,False,373.851,753.42,413.816,421.924,850.302,467.029,401.397,808.936,444.308,0.8860624188242433,0.8860616580932421,0.8860606086559935
2873,ROU,2017,Romania,False,421.032,805.117,475.632,452.272,864.855,510.923,438.849,839.187,495.759,0.9309265220928998,0.9309271496378005,0.9309269694259213
2874,ROU,2018,Romania,False,536.136,934.792,633.153,580.152,1011.537,685.134,561.465,978.955,663.065,0.9241302279402638,0.9241303086293433,0.9241301701564949
2875,ROU,2019,Romania,False,771.231,1557.929,863.374,818.879,1654.18,916.714,798.701,1613.42,894.126,0.9418131372278444,0.9418134664909502,0.9418139136088245
2876,ROU,2020,Romania,False,798.438,1577.448,911.973,860.141,1699.353,982.45,833.648,1647.011,952.19,0.928264086934584,0.9282638745451945,0.9282640337930682
2877,ROU,2021,Romania,False,910.275,1677.702,1076.619,988.41,1821.708,1169.032,954.474,1759.163,1128.895,0.9209487965520381,0.9209500095514759,0.9209491271410877
2878,ROU,2022,Romania,False,943.104,2108.094,993.134,1073.489,2399.542,1130.437,1015.684,2270.331,1069.565,0.8785409072659338,0.8785401547461974,0.8785398920948272
2879,ROU,2023,Romania,False,1135.142,2309.742,1227.393,1308.706,2662.902,1415.062,1231.55,2505.909,1331.636,0.8673773941588104,0.8673777705675989,0.867377542468104
2880,RUS,1995,Russian Federation,False,,,,,,,472392.0,,,,,
2881,RUS,1996,Russian Federation,False,,,,,,,790210.0,,,,,
2882,RUS,1997,Russian Federation,False,,,,,,,950.0,289.906,164.222,,,
2883,RUS,1998,Russian Federation,False,,,,,,,1095.0,276.714,112.828,,,
2884,RUS,1999,Russian Federation,False,,,,,,,1581.0,230.395,64.216,,,
2885,RUS,2000,Russian Federation,False,,,,,,,2223.0,294.269,79.028,,,
2886,RUS,2001,Russian Federation,False,,,,,,,3240.0,365.01,111.079,,,
2887,RUS,2002,Russian Federation,False,,,,,,,4414.0,439.242,140.804,,,
2888,RUS,2004,Russian Federation,False,,,,,,,6831.8,554.647,237.102,,,
2889,RUS,2005,Russian Federation,False,,,,,,,7637.7,570.367,270.032,,,
2890,RUS,2006,Russian Federation,False,,,,,,,12203.0,897.47,448.789,,,
2891,RUS,2007,Russian Federation,False,,,,,,,13593.0,947.499,531.374,,,
2892,RUS,2008,Russian Federation,False,,,,,,,17290.0,1147.169,695.694,,,
2893,RUS,2009,Russian Federation,False,,,,,,,18638.0,1169.029,587.202,,,
2894,RUS,2010,Russian Federation,False,,,,,,,20952.0,1253.611,689.939,,,
2895,RUS,2011,Russian Federation,False,,,,,,,23369.0,1235.747,795.342,,,
2896,RUS,2012,Russian Federation,False,,,,,,,26629.0,1344.265,863.461,,,
2897,RUS,2013,Russian Federation,False,,,,,,,29792.0,1388.097,935.762,,,
2898,RUS,2014,Russian Federation,False,,,,,,,32495.0,1438.981,846.705,,,
2899,RUS,2015,Russian Federation,False,,,,,,,34030.0,1347.663,558.44,,,
2900,RUS,2016,Russian Federation,False,,,,,,,36709.0,1425.398,547.438,,,
2901,RUS,2017,Russian Federation,False,32658.0,1263.324,559.761,45557.0,1762.302,780.85,38609.0,1493.529,661.761,0.7168601971157013,0.7168601068375342,0.7168611128897995
2902,RUS,2019,Russian Federation,False,37872.0,1485.843,585.007,52533.0,2061.042,811.475,44729.0,1754.866,690.927,0.7209182799383245,0.7209183510088587,0.7209180812717582
2903,RUS,2021,Russian Federation,False,48594.0,1886.74,659.757,67056.0,2603.557,910.415,57240.0,2222.435,777.144,0.7246778811739442,0.7246778157728062,0.724677207647062
2904,RWA,2014,Rwanda,True,47486.984,177.381,69.584,68202.166,254.759,99.939,60387.79,225.57,88.488,0.6962679748323536,0.6962698079361279,0.696264721480103
2905,RWA,2017,Rwanda,True,34099.954,114.576,41.008,54981.265,184.737,66.119,45647.63,153.376,54.894,0.6202104298618811,0.6202114357167215,0.6202150667735448
2906,RWA,2021,Rwanda,False,31612.177,108.41,31.976,47886.643,164.222,48.438,40708.075,139.604,41.176,0.6601460244352481,0.6601429771894143,0.6601428630414137
2907,RWA,2022,Rwanda,False,31764.669,99.968,30.83,49715.666,156.462,48.253,41784.348,131.501,40.555,0.6389267519819608,0.6389283020797383,0.6389240047250948
2908,RWA,2023,Rwanda,False,41355.652,113.122,35.648,65506.865,179.185,56.467,54569.446,149.267,47.039,0.631317832108131,0.6313140050785501,0.6313067809517063
2909,SDN,1988,Sudan,False,,,,,,,218.8,,,,,
2910,SDN,1990,Sudan,False,,,,,,,225.4,,,,,
2911,SDN,1992,Sudan,True,,,,,,,1055.0,,,,,
2912,SDN,2011,Sudan,False,403.07,275.178,151.154,462.656,315.858,173.499,452.718,309.074,169.772,0.8712088463134596,0.8712079478753111,0.8712096323321749
2913,SDN,2022,Sudan,True,68495.762,305.398,125.276,170748.426,761.306,312.292,155379.238,692.78,284.182,0.40115018102714456,0.4011501288575159,0.40115020557683195
2914,SEN,2011,Senegal,True,90938.174,364.807,192.973,110551.034,443.486,234.592,105131.304,421.744,223.091,0.8225899904292167,0.8225896646117352,0.8225898581366798
2915,SEN,2019,Senegal,False,58507.003,251.568,99.856,98897.264,425.237,168.792,85966.014,369.635,146.722,0.5915937472243924,0.5915948047794524,0.5915920185790795
2916,SEN,2022,Senegal,False,89516.111,388.98,143.511,140155.948,609.029,224.695,123334.164,535.932,197.727,0.6386893476686413,0.638688798070371,0.6386924497652373
2917,SGP,1986,Singapore,False,570.71,,,960.85,,,782.88,,,0.5939636779934433,,
2918,SGP,1987,Singapore,False,615.3,,,1003.8,,,816.66,,,0.6129707112970711,,
2919,SGP,1988,Singapore,False,655.72,,,1060.52,,,865.58,,,0.6183004563798892,,
2920,SGP,1989,Singapore,False,709.09,,,1154.6,,,941.48,,,0.6141434262948208,,
2921,SGP,1990,Singapore,False,767.84,598.404,423.628,1241.47,967.519,684.936,1023.48,797.632,564.668,0.6184925934577558,0.6184932802353236,0.6184928226870832
2922,SGP,1991,Singapore,False,1366.5,1073.292,791.005,1910.3,1500.41,1105.786,1668.8,1310.728,965.992,0.7153326702612155,0.7153324757899506,0.7153328039964333
2923,SGP,1992,Singapore,False,1468.0,1161.647,901.185,2075.8,1642.607,1274.305,1803.9,1427.449,1107.389,0.7071972251662009,0.707197156714905,0.707197256543763
2924,SGP,1993,Singapore,False,1579.1,1257.653,977.292,2191.3,1745.232,1356.178,1917.7,1527.327,1186.849,0.720622461552503,0.7206222439194331,0.7206222192072131
2925,SGP,2007,Singapore,False,3148.0,3083.771,2088.778,4335.0,4246.552,2876.382,3773.0,3696.019,2503.481,0.7261822376009227,0.7261823239183225,0.7261824055358432
2926,SGP,2008,Singapore,False,3332.0,3178.651,2355.002,4560.0,4350.135,3222.932,3977.0,3793.966,2810.877,0.730701754385965,0.7307016908670649,0.7307017337008662
2927,SGP,2009,Singapore,False,3247.0,3068.241,2232.36,4436.0,4191.782,3049.814,3872.0,3658.833,2662.056,0.731965734896303,0.7319657844802043,0.7319659493988815
2928,SGP,2010,Singapore,False,3434.0,3207.593,2518.503,4686.0,4377.048,3436.723,4089.0,3819.408,2998.882,0.7328211694408877,0.7328210702738467,0.732821062389957
2929,SGP,2011,Singapore,False,3099.0,2837.172,2463.873,3441.0,3150.277,2735.782,3249.0,2974.498,2583.131,0.9006102877070619,0.900610327282331,0.9006101363339623
2930,SGP,2012,Singapore,False,3230.0,3000.383,2584.67,3640.0,3381.237,2912.754,3480.0,3232.611,2784.721,0.8873626373626373,0.8873625244252324,0.8873629561576433
2931,SGP,2013,Singapore,False,3480.0,3134.364,2781.108,3915.0,3526.16,3128.746,3705.0,3337.017,2960.921,0.8888888888888888,0.8888887628468363,0.8888890309408306
2932,SGP,2014,Singapore,False,3518.0,3160.214,2776.528,4000.0,3593.193,3156.939,3770.0,3386.585,2975.415,0.8795,0.8795002105369791,0.879500047355999
2933,SGP,2015,Singapore,False,3744.0,3380.542,2723.256,4118.0,3718.235,2995.29,3949.0,3565.642,2872.366,0.9091792132102963,0.9091792207862063,0.9091794116763318
2934,SGP,2016,Singapore,False,3803.0,3449.353,2752.712,4241.0,3846.622,3069.749,4056.0,3678.826,2935.841,0.896722471115303,0.8967226309213643,0.8967221750051878
2935,SGP,2017,Singapore,False,4027.0,3664.307,2916.161,4437.0,4037.38,3213.064,4232.0,3850.843,3064.613,0.9075952219968447,0.9075952721814642,0.9075950556851654
2936,SGP,2018,Singapore,False,4095.0,3781.666,3035.938,4680.0,4321.904,3469.644,4437.0,4097.497,3289.489,0.875,0.875,0.8749998558929966
2937,SGP,2019,Singapore,False,4329.0,4046.805,3173.385,4810.0,4496.45,3525.984,4563.0,4265.551,3344.92,0.9,0.9,0.8999998298347356
2938,SGP,2020,Singapore,False,4374.0,4079.078,3170.159,4719.0,4400.816,3420.206,4534.0,4228.29,3286.122,0.9268912905276542,0.9268912856161221,0.9268912457319822
2939,SGP,2021,Singapore,False,4437.0,4190.15,3302.609,4875.0,4603.782,3628.627,4680.0,4419.631,3483.482,0.9101538461538462,0.9101538691449768,0.9101538956745898
2940,SHN,1994,Saint Helena,False,180.94,,,243.07,,,218.37,,,0.7443946188340808,,
2941,SHN,1995,Saint Helena,False,190.68,,,256.15,,,230.11,,,0.7444075736872927,,
2942,SHN,1996,Saint Helena,False,202.25,,,256.7,,,234.93,,,0.7878846902999611,,
2943,SHN,1997,Saint Helena,False,196.16,,,257.61,,,232.4,,,0.7614611234035945,,
2944,SHN,1998,Saint Helena,False,201.59,,,265.25,,,238.48,,,0.76,,
2945,SHN,1999,Saint Helena,False,202.8,,,240.6,,,224.6,,,0.8428927680798005,,
2946,SHN,2000,Saint Helena,False,202.5,,,247.3,,,228.3,,,0.8188435099069955,,
2947,SHN,2001,Saint Helena,False,234.7,,,271.6,,,256.0,,,0.8641384388807068,,
2948,SHN,2002,Saint Helena,False,245.7,,,281.0,,,265.6,,,0.8743772241992882,,
2949,SLB,1969,Solomon Islands,False,,,,,,,126.0,,,,,
2950,SLB,1970,Solomon Islands,False,,,,,,,131.0,,,,,
2951,SLB,1971,Solomon Islands,False,,,,,,,137.5,,,,,
2952,SLB,1972,Solomon Islands,False,,,,,,,143.8,,,,,
2953,SLB,1973,Solomon Islands,False,,,,,,,149.6,,,,,
2954,SLB,1974,Solomon Islands,False,,,,,,,159.9,,,,,
2955,SLB,1975,Solomon Islands,False,,,,,,,166.4,,,,,
2956,SLB,1976,Solomon Islands,False,,,,,,,175.0,,,,,
2957,SLB,1977,Solomon Islands,False,,,,,,,179.2,,,,,
2958,SLB,1978,Solomon Islands,False,,,,,,,183.0,,,,,
2959,SLB,1979,Solomon Islands,False,,,,,,,185.9,,,,,
2960,SLB,1980,Solomon Islands,False,,,,,,,192.5,,,,,
2961,SLB,1981,Solomon Islands,False,,,,,,,196.6,,,,,
2962,SLB,1982,Solomon Islands,False,,,,,,,202.1,,,,,
2963,SLB,1983,Solomon Islands,False,,,,,,,204.6,,,,,
2964,SLB,1990,Solomon Islands,False,,,,,,,449.0,240.565,177.556,,,
2965,SLB,1991,Solomon Islands,False,,,,,,,544.0,264.066,200.387,,,
2966,SLB,1993,Solomon Islands,False,,,,,,,641.0,272.971,201.083,,,
2967,SLB,1994,Solomon Islands,False,,,,,,,700.0,270.069,212.678,,,
2968,SLB,1995,Solomon Islands,False,,,,,,,744.0,269.178,218.445,,,
2969,SLB,1996,Solomon Islands,False,,,,,,,1067.0,355.496,299.185,,,
2970,SLB,2005,Solomon Islands,False,11929.336,2370.221,1584.268,15151.922,3010.512,2012.241,14206.702,2822.708,1886.712,0.7873150350166797,0.7873149152037925,0.7873152370913822
2971,SLE,2018,Sierra Leone,False,1707039.809,,,2144271.795,,,2059613.435,,,0.7960930200082215,,
2972,SLV,1998,El Salvador,False,1684.37,3439.955,192.39,2183.48,4459.277,249.398,1968.13,4019.472,224.801,0.7714153553043764,0.7714154110632733,0.771417573517029
2973,SLV,1999,El Salvador,False,1706.12,3542.376,194.874,2178.3,4522.752,248.806,1969.35,4088.914,224.94,0.7832346325115915,0.783234632365427,0.7832367386638586
2974,SLV,2000,El Salvador,False,1809.79,3798.244,206.715,2287.29,4800.384,261.255,2073.25,4351.173,236.808,0.7912376655343223,0.791237534330587,0.7912384451972211
2975,SLV,2001,El Salvador,False,1803.58,,,2349.74,,,2108.02,,,0.7675657732344856,,
2976,SLV,2002,El Salvador,True,204.59,424.383,204.59,277.58,575.787,277.58,243.71,505.53,243.71,0.7370487787304562,0.737048596095431,0.7370487787304562
2977,SLV,2003,El Salvador,False,199.9,415.262,199.9,258.31,536.6,258.31,232.0,481.945,232.0,0.7738763501219466,0.7738762579202385,0.7738763501219466
2978,SLV,2004,El Salvador,False,206.75,422.195,206.75,255.12,520.969,255.12,234.01,477.861,234.01,0.8104029476324867,0.8104033061468148,0.8104029476324867
2979,SLV,2005,El Salvador,False,217.3,438.236,217.3,270.6,545.728,270.6,246.7,497.528,246.7,0.803030303030303,0.8030300809194324,0.803030303030303
2980,SLV,2006,El Salvador,False,230.3,460.832,230.3,260.2,520.662,260.2,247.4,495.05,247.4,0.8850883935434282,0.8850885987454432,0.8850883935434282
2981,SLV,2010,El Salvador,True,299.892,568.876,299.892,290.83,551.686,290.83,294.188,558.054,294.188,1.0311590963793282,1.0311590288678705,1.0311590963793282
2982,SLV,2011,El Salvador,False,303.688,565.27,303.688,292.212,543.908,292.212,296.44,551.78,296.44,1.0392728566930858,1.0392750244526647,1.0392728566930858
2983,SLV,2012,El Salvador,False,310.612,597.095,310.612,305.332,586.945,305.332,307.289,590.706,307.289,1.017292651932978,1.0172929320464439,1.017292651932978
2984,SLV,2013,El Salvador,False,333.65,631.705,333.65,321.096,607.936,321.096,325.789,616.822,325.789,1.0390973416050029,1.0390978655647962,1.0390973416050029
2985,SLV,2014,El Salvador,False,337.535,637.865,337.535,326.28,616.596,326.28,330.575,624.712,330.575,1.0344949123452252,1.0344942231217849,1.0344949123452252
2986,SLV,2015,El Salvador,False,334.503,639.705,334.503,329.841,630.789,329.841,331.55,634.058,331.55,1.014134082785342,1.0141346789496963,1.014134082785342
2987,SLV,2016,El Salvador,False,325.724,626.684,325.724,324.141,623.639,324.141,324.722,624.758,324.722,1.0048836771651841,1.0048826324203586,1.0048836771651841
2988,SLV,2017,El Salvador,False,345.496,658.626,345.496,344.682,657.076,344.682,344.977,657.638,344.977,1.0023615970662814,1.0023589356482354,1.0023615970662814
2989,SLV,2018,El Salvador,False,360.705,700.874,360.705,356.735,693.159,356.735,358.185,695.977,358.185,1.0111287089856615,1.011130202449943,1.0111287089856615
2990,SLV,2019,El Salvador,False,381.393,756.681,381.393,379.67,753.263,379.67,380.286,754.486,380.286,1.0045381515526641,1.0045375917840118,1.0045381515526641
2991,SLV,2020,El Salvador,False,54.933,111.566,54.933,38.278,77.74,38.278,44.092,89.549,44.092,1.4351063273943259,1.4351170568561875,1.4351063273943259
2992,SLV,2021,El Salvador,False,1235.89,2500.52,1235.89,1644.469,3327.177,1644.469,1498.59,3032.027,1498.59,0.7515435073570861,0.7515440266628436,0.7515435073570861
2993,SLV,2022,El Salvador,False,1368.017,2788.61,1368.017,1777.244,3622.79,1777.244,1624.254,3310.931,1624.254,0.7697406771383108,0.7697410007204393,0.7697406771383108
2994,SLV,2023,El Salvador,False,1606.116,3276.185,1606.116,1992.19,4063.706,1992.19,1842.831,3759.04,1842.831,0.806206235349038,0.8062062068466567,0.806206235349038
2995,SMR,1974,San Marino,False,,,,,,,219985.65,,,,,
2996,SMR,1975,San Marino,False,,,,,,,292188.4,,,,,
2997,SMR,1976,San Marino,False,,,,,,,341853.5,,,,,
2998,SMR,1977,San Marino,False,,,,,,,417238.8,,,,,
2999,SMR,1978,San Marino,False,,,,,,,481842.4,,,,,
3000,SMR,1979,San Marino,False,,,,,,,587819.15,,,,,
3001,SMR,1980,San Marino,False,,,,,,,745344.55,,,,,
3002,SMR,1981,San Marino,False,,,,,,,888732.5,,,,,
3003,SMR,1982,San Marino,False,,,,,,,959095.0,,,,,
3004,SMR,1984,San Marino,False,,,,,,,1297744.3,,,,,
3005,SMR,1985,San Marino,False,,,,,,,1482050.75,,,,,
3006,SMR,1986,San Marino,False,,,,,,,1591751.3,,,,,
3007,SMR,1987,San Marino,False,,,,,,,1623879.9,,,,,
3008,SMR,1989,San Marino,False,,,,,,,1904896.9,,,,,
3009,SMR,1990,San Marino,False,,,,,,,1953977.45,,,,,
3010,SMR,1991,San Marino,False,,,,,,,2248222.6,,,,,
3011,SMR,1992,San Marino,False,,,,,,,2499925.5,,,,,
3012,SMR,1993,San Marino,False,,,,,,,2535539.75,,,,,
3013,SMR,1994,San Marino,False,,,,,,,2718655.45,,,,,
3014,SMR,1995,San Marino,False,,,,,,,2848274.0,,,,,
3015,SMR,1996,San Marino,False,,,,,,,3059101.7,,,,,
3016,SMR,1997,San Marino,False,,,,,,,3207793.9,,,,,
3017,SMR,1998,San Marino,False,,,,,,,3090191.1,,,,,
3018,SMR,1999,San Marino,False,,,,,,,3198614.3,,,,,
3019,SMR,2001,San Marino,False,,,,,,,3287274.34,,,,,
3020,SMR,2002,San Marino,True,,,,,,,1832.07,,,,,
3021,SMR,2003,San Marino,False,,,,,,,1970.6,,,,,
3022,SMR,2004,San Marino,False,,,,,,,1967.0,,,,,
3023,SMR,2005,San Marino,False,,,,,,,2034.8,,,,,
3024,SMR,2006,San Marino,False,,,,,,,2070.7,,,,,
3025,SMR,2016,San Marino,False,,,,,,,2115.0,,,,,
3026,SMR,2017,San Marino,False,,,,,,,2132.0,2690.014,2408.48,,,
3027,SMR,2018,San Marino,False,,,,,,,2154.0,2739.025,2543.776,,,
3028,SMR,2019,San Marino,False,,,,,,,2161.0,2771.295,2419.349,,,
3029,SMR,2020,San Marino,False,,,,,,,2049.0,2650.953,2335.109,,,
3030,SMR,2021,San Marino,False,,,,,,,2516.0,3322.61,2976.189,,,
3031,SMR,2022,San Marino,False,,,,,,,2200.0,2979.155,2313.56,,,
3032,SRB,2004,Serbia,False,,,,,,,20555.0,686.872,352.116,,,
3033,SRB,2005,Serbia,False,,,,,,,25514.0,766.206,382.416,,,
3034,SRB,2006,Serbia,False,,,,,,,31745.0,890.628,472.712,,,
3035,SRB,2007,Serbia,False,,,,,,,38744.0,1035.571,662.862,,,
3036,SRB,2008,Serbia,False,,,,,,,45674.0,1189.168,819.57,,,
3037,SRB,2013,Serbia,False,511.953,688.809,679.934,558.954,752.046,742.357,537.263,722.861,713.548,0.915912579568265,0.9159133882767808,0.9159124248845232
3038,SRB,2014,Serbia,False,718.065,1000.568,953.95,777.454,1083.322,1032.849,749.956,1045.006,996.317,0.9236109146007353,0.9236108931601131,0.9236103244520739
3039,SRB,2015,Serbia,False,687.755,1397.591,763.073,771.371,1567.509,855.846,731.397,1486.278,811.495,0.8916007990966733,0.8915999844339011,0.8916008253821365
3040,SRB,2016,Serbia,False,682.5,1436.879,755.461,780.602,1643.416,864.051,733.784,1544.847,812.227,0.874325200294132,0.8743245775871721,0.874324547972284
3041,SRB,2017,Serbia,False,709.731,1383.383,801.77,812.465,1583.628,917.826,763.622,1488.425,862.649,0.8735527068858351,0.8735530061352793,0.873553375040585
3042,SRB,2018,Serbia,False,698.145,1216.192,824.477,829.539,1445.085,979.648,768.782,1339.245,907.896,0.8416060004412089,0.8416058570949113,0.841605352126478
3043,SRB,2019,Serbia,False,785.078,1558.126,878.874,924.758,1835.347,1035.244,860.217,1707.253,962.991,0.8489550779771572,0.8489544483958619,0.8489534834299934
3044,SRB,2020,Serbia,False,624.493,1165.917,713.294,742.553,1386.332,848.141,688.566,1285.539,786.477,0.8410079819218292,0.841008503013708,0.8410087473662988
3045,SRB,2021,Serbia,False,674.682,1168.066,797.974,811.086,1404.22,959.305,748.059,1295.103,884.76,0.83182547843262,0.8318254974291778,0.8318251233966257
3046,SRB,2022,Serbia,False,721.968,1535.756,760.267,821.056,1746.536,864.612,775.185,1648.959,816.307,0.8793163925481331,0.879315399167266,0.8793158087095716
3047,SUR,2016,Suriname,False,2182.415,835.954,350.384,2403.406,920.602,385.864,2310.033,884.836,370.873,0.9080509077534132,0.9080514706681063,0.908050504841084
3048,SVK,1982,Slovakia,False,2184.0,,,3158.0,,,2699.0,,,0.6915769474350855,,
3049,SVK,1983,Slovakia,False,2224.0,,,3215.0,,,2746.0,,,0.6917573872472784,,
3050,SVK,1984,Slovakia,False,2258.0,,,3265.0,,,2788.0,,,0.6915773353751914,,
3051,SVK,1985,Slovakia,False,2302.0,,,3329.0,,,2842.0,,,0.6914989486332231,,
3052,SVK,1986,Slovakia,False,2350.0,,,3381.0,,,2886.0,,,0.6950606329488317,,
3053,SVK,1987,Slovakia,False,2428.0,,,3420.0,,,2939.0,,,0.7099415204678362,,
3054,SVK,1988,Slovakia,False,2480.0,,,3500.0,,,3016.0,,,0.7085714285714285,,
3055,SVK,1989,Slovakia,False,2535.0,,,3580.0,,,3084.0,,,0.7081005586592178,,
3056,SVK,1990,Slovakia,False,2638.0,,,3728.0,,,3210.0,,,0.7076180257510729,,
3057,SVK,1991,Slovakia,False,,,,,,,3770.0,12687.414,,,,
3058,SVK,1992,Slovakia,False,,,,,,,4538.0,14318.02,,,,
3059,SVK,1993,Slovakia,False,,,,,,,5372.0,14153.715,174.588,,,
3060,SVK,1994,Slovakia,False,,,,,,,6285.0,14902.865,196.131,,,
3061,SVK,1995,Slovakia,False,,,,,,,7195.0,15947.567,242.147,,,
3062,SVK,1996,Slovakia,False,,,,,,,8154.0,17660.513,266.003,,,
3063,SVK,1997,Slovakia,True,,,,,,,9226.0,19498.071,274.451,,,
3064,SVK,1998,Slovakia,False,,,,,,,10003.0,20308.557,283.907,,,
3065,SVK,1999,Slovakia,False,,,,,,,10728.0,20201.411,259.363,,,
3066,SVK,2000,Slovakia,False,,,,,,,11430.0,20573.206,248.288,,,
3067,SVK,2001,Slovakia,False,,,,,,,12365.0,22588.559,255.714,,,
3068,SVK,2002,Slovakia,False,,,,,,,13511.0,24388.131,298.08,,,
3069,SVK,2003,Slovakia,False,,,,,,,14365.0,24003.636,390.641,,,
3070,SVK,2004,Slovakia,False,,,,,,,15825.0,25441.263,490.592,,,
3071,SVK,2005,Slovakia,False,304.204,495.09,9.807,403.972,657.462,13.024,354.367,576.731,11.424,0.7530323883833534,0.7530321144035701,0.7529944717444719
3072,SVK,2006,Slovakia,False,339.576,542.943,11.435,440.092,703.656,14.819,390.847,624.919,13.161,0.7716023013369933,0.7716028855008698,0.7716445104258047
3073,SVK,2007,Slovakia,False,528.756,846.067,21.412,687.042,1099.342,27.822,610.223,976.422,24.711,0.7696123381103338,0.7696121861986533,0.7696067859966933
3074,SVK,2008,Slovakia,False,629.813,1035.177,29.484,821.024,1349.456,38.435,726.922,1194.787,34.03,0.7671066862844448,0.7671068934444695,0.767113308182646
3075,SVK,2009,Slovakia,False,773.231,,,987.485,,,883.282,,,0.7830306283133415,,
3076,SVK,2010,Slovakia,False,816.024,1436.856,1081.816,1026.107,1806.772,1360.328,923.697,1626.448,1224.561,0.7952620925498023,0.7952613832846646,0.7952611429008298
3077,SVK,2011,Slovakia,False,792.876,1403.83,1103.648,999.162,1769.07,1390.788,898.328,1590.537,1250.432,0.7935409873473971,0.7935412391821691,0.7935415030903343
3078,SVK,2012,Slovakia,False,856.687,1504.367,1100.662,1080.408,1897.227,1388.096,970.216,1703.727,1246.523,0.7929291526904652,0.7929293648045278,0.7929293074830559
3079,SVK,2013,Slovakia,False,821.515,1493.815,1091.069,1045.373,1900.872,1388.379,935.266,1700.657,1242.144,0.7858582534655094,0.7858577537046155,0.7858581842566044
3080,SVK,2014,Slovakia,False,936.199,1717.966,1243.741,1185.024,2174.572,1574.305,1063.539,1951.64,1412.912,0.7900253496975589,0.7900248876560536,0.7900254397972438
3081,SVK,2015,Slovakia,False,968.984,1761.908,1075.101,1196.071,2174.821,1327.056,1086.339,1975.294,1205.307,0.8101391974222267,0.8101393172127729,0.8101398885955077
3082,SVK,2016,Slovakia,False,956.13,1628.073,1058.343,1202.298,2047.241,1330.827,1083.932,1845.692,1199.808,0.795252092243354,0.7952522443620463,0.7952521251823115
3083,SVK,2017,Slovakia,False,975.473,1578.233,1101.973,1175.717,1902.212,1328.186,1079.203,1746.059,1219.155,0.8296835037683387,0.8296830216610976,0.829682740218614
3084,SVK,2018,Slovakia,False,1039.542,1666.208,1227.652,1232.636,1975.705,1455.688,1139.425,1826.303,1345.609,0.8433487258201123,0.843348576837129,0.8433482999104204
3085,SVK,2019,Slovakia,False,1109.688,1812.17,1242.267,1377.932,2250.226,1542.56,1249.534,2040.546,1398.822,0.8053285648348395,0.8053279981655176,0.8053281557929676
3086,SVK,2020,Slovakia,False,1204.126,2062.746,1375.348,1487.284,2547.815,1698.77,1351.013,2314.374,1543.122,0.8096140347102503,0.8096137278413071,0.8096140148460357
3087,SVK,2021,Slovakia,False,1191.928,2087.976,1409.741,1455.086,2548.969,1720.989,1332.586,2334.377,1576.103,0.8191460848362228,0.8191453093387955,0.819145851600446
3088,SVK,2022,Slovakia,False,1155.45,2011.244,1216.745,1400.27,2437.392,1474.552,1281.814,2231.202,1349.813,0.8251622901297607,0.8251623046272409,0.8251624900308704
3089,SVK,2023,Slovakia,False,1210.77,2100.191,1309.168,1372.153,2380.124,1483.666,1293.46,2243.624,1398.578,0.8823870224384598,0.8823872201616386,0.8823872758424065
3090,SVN,1983,Slovenia,False,,,,,,,2.564,,,,,
3091,SVN,1984,Slovenia,False,,,,,,,3.744,,,,,
3092,SVN,1985,Slovenia,False,,,,,,,7.52,,,,,
3093,SVN,1986,Slovenia,False,,,,,,,17.27,,,,,
3094,SVN,1987,Slovenia,False,,,,,,,38.28,,,,,
3095,SVN,1988,Slovenia,False,,,,,,,120.0,,,,,
3096,SVN,1989,Slovenia,False,,,,,,,2121.0,,,,,
3097,SVN,1990,Slovenia,False,,,,,,,10171.0,273831.376,,,,
3098,SVN,1991,Slovenia,False,,,,,,,16823.0,219753.377,610.166,,,
3099,SVN,1992,Slovenia,False,,,,,,,51044.0,225072.645,627.948,,,
3100,SVN,1993,Slovenia,False,,,,,,,75432.0,259592.056,666.114,,,
3101,SVN,1994,Slovenia,False,,,,,,,94618.0,276338.424,734.563,,,
3102,SVN,1995,Slovenia,False,,,,,,,111996.0,263606.835,944.967,,,
3103,SVN,1996,Slovenia,False,,,,,,,129125.0,280351.207,953.907,,,
3104,SVN,1997,Slovenia,False,,,,,,,144251.0,294043.545,903.328,,,
3105,SVN,1998,Slovenia,False,,,,,,,158069.0,305771.135,951.454,,,
3106,SVN,1999,Slovenia,False,,,,,,,173245.0,320763.485,953.104,,,
3107,SVN,2000,Slovenia,False,,,,,,,191669.0,340960.679,860.83,,,
3108,SVN,2001,Slovenia,False,,,,,,,214561.0,359593.214,883.881,,,
3109,SVN,2002,Slovenia,False,,,,,,,235436.0,378576.551,979.97,,,
3110,SVN,2003,Slovenia,False,,,,,,,253200.0,392275.944,1222.517,,,
3111,SVN,2004,Slovenia,False,,,,,,,267571.0,409355.929,1390.838,,,
3112,SVN,2005,Slovenia,False,1140.885,1722.234,5.92,1286.224,1941.631,6.675,1217.835,1838.393,6.32,0.8870033524487182,0.8870037612708078,0.8868913857677903
3113,SVN,2006,Slovenia,False,1194.464,1791.958,6.253,1293.646,1940.754,6.772,1247.506,1871.533,6.53,0.9233314214244082,0.9233308291519688,0.9233608978145305
3114,SVN,2007,Slovenia,False,1515.231,,,1655.874,,,1590.637,,,0.9150641896666051,,
3115,SVN,2008,Slovenia,False,1612.594,2349.049,2371.732,1775.479,2586.322,2611.296,1699.122,2475.094,2498.994,0.9082585600843491,0.9082585231073316,0.9082585811796136
3116,SVN,2009,Slovenia,False,1685.048,2374.671,2350.275,1903.392,2682.375,2654.817,1801.389,2538.627,2512.546,0.8852868983372841,0.885286732839368,0.8852870084830706
3117,SVN,2010,Slovenia,False,1759.852,2519.711,2333.065,1955.415,2799.714,2592.326,1863.089,2667.523,2469.928,0.8999890048915449,0.8999887131328413,0.8999890445877563
3118,SVN,2011,Slovenia,False,1803.977,2647.55,2511.056,1955.921,2870.546,2722.555,1884.161,2765.23,2622.668,0.9223158808561287,0.9223158242369223,0.9223159862702499
3119,SVN,2012,Slovenia,False,1873.357,2764.4,2406.867,2044.12,3016.385,2626.262,1963.002,2896.684,2522.043,0.9164613623466333,0.9164612607475504,0.9164611146945735
3120,SVN,2013,Slovenia,False,1854.476,2785.912,2462.962,2088.227,3137.068,2773.412,1976.194,2968.765,2624.619,0.8880624568114482,0.8880623563148773,0.888062069393224
3121,SVN,2014,Slovenia,False,1873.761,2812.906,2489.294,2090.056,3137.609,2776.641,1989.283,2986.328,2642.764,0.8965123422530306,0.8965125992435641,0.8965127288691623
3122,SVN,2015,Slovenia,False,1905.843,2847.139,2114.558,2156.086,3220.976,2392.205,2040.241,3047.915,2263.674,0.8839364478040302,0.883936732220296,0.8839367863540123
3123,SVN,2016,Slovenia,False,1876.969,2866.017,2077.622,2151.639,3285.422,2381.656,2023.05,3089.075,2239.321,0.8723438271940599,0.8723436441346043,0.8723434450651143
3124,SVN,2017,Slovenia,False,1914.452,2949.145,2162.721,2174.759,3350.139,2456.785,2052.266,3161.442,2318.406,0.8803053579729984,0.8803052649457231,0.8803053584257475
3125,SVN,2018,Slovenia,False,1959.395,3049.139,2313.956,2216.899,3449.858,2618.057,2093.595,3257.976,2472.44,0.8838449564008104,0.883844784336051,0.8838447749609731
3126,SVN,2019,Slovenia,False,2031.514,3285.486,2274.229,2332.108,3771.623,2610.735,2187.969,3538.513,2449.375,0.8711063124006263,0.8711066827198795,0.8711067955958761
3127,SVN,2020,Slovenia,False,2104.617,3436.328,2403.885,2471.075,4034.665,2822.452,2295.388,3747.811,2621.783,0.8517009803425636,0.8517009466709132,0.8517009323807809
3128,SVN,2021,Slovenia,False,2243.881,3716.653,2653.928,2626.851,4350.986,3106.883,2443.081,4046.598,2889.53,0.8542094698176638,0.8542093677157315,0.8542091865062186
3129,SVN,2022,Slovenia,False,2434.51,4086.278,2563.658,2815.758,4726.194,2965.13,2633.521,4420.313,2773.226,0.8646020005980629,0.8646022571227502,0.8646022265465595
3130,SVN,2023,Slovenia,False,2534.43,4116.413,2740.4,2976.045,4833.682,3217.904,2762.815,4487.355,2987.345,0.8516101067020155,0.8516102217729672,0.8516102407032653
3131,SWE,1993,Sweden,False,85.6,8.865,10.998,99.35,10.289,12.764,95.88,9.93,12.318,0.8616004026170105,0.86159976674118,0.8616421184581636
3132,SWE,1994,Sweden,False,12555.538,1293.282,1627.215,17173.198,1768.924,2225.669,15310.121,1577.018,1984.212,0.7311123996823422,0.7311122467669611,0.7311127575573906
3133,SWE,1995,Sweden,False,11991.128,1224.398,1681.014,16262.251,1660.516,2279.776,14559.939,1486.696,2041.131,0.7373596681049874,0.7373599531711829,0.7373592844209256
3134,SWE,1996,Sweden,False,13080.325,1354.757,1950.553,17411.629,1803.359,2596.442,15673.444,1623.332,2337.242,0.7512407368661485,0.7512408788266784,0.7512407363615287
3135,SWE,1997,Sweden,True,12380.019,1278.689,1621.505,16410.288,1694.962,2149.38,14775.878,1526.149,1935.309,0.7544059555810355,0.7544057034906978,0.7544059217076552
3136,SWE,1998,Sweden,False,12235.826,1262.71,1539.123,15932.682,1644.218,2004.144,14503.26,1496.705,1824.34,0.76797026388903,0.7679699407256215,0.7679702656096569
3137,SWE,1999,Sweden,False,13354.089,1395.609,1616.243,17387.997,1817.185,2104.466,15795.426,1650.749,1911.717,0.7680061711535837,0.7680060092945957,0.7680062305592013
3138,SWE,2000,Sweden,False,13821.609,1481.916,1508.54,18267.775,1958.622,1993.81,16502.083,1769.309,1801.096,0.7566115194652879,0.756611536069747,0.7566117132525165
3139,SWE,2001,Sweden,False,13584.482,1427.544,1315.161,17732.565,1863.451,1716.752,16119.253,1693.914,1560.562,0.7660754098462349,0.7660754159889367,0.7660751232560091
3140,SWE,2002,Sweden,False,2303.35,2476.676,2177.987,2738.77,2944.861,2589.709,2589.97,2784.864,2449.008,0.84101622261088,0.8410162652838283,0.841016114165723
3141,SWE,2003,Sweden,False,14276.227,1466.313,1765.482,18582.595,1908.621,2298.033,16921.333,1737.993,2092.592,0.7682579854966435,0.7682578154594338,0.768257897079807
3142,SWE,2004,Sweden,False,1856.543,1151.287,2309.358,2567.433,1592.127,3193.636,2210.65,1370.877,2749.833,0.7231125408141127,0.7231125406453129,0.723112464914599
3143,SWE,2005,Sweden,False,1876.996,1183.229,2335.152,2699.728,1701.867,3358.706,2285.978,1441.045,2843.963,0.6952537440808852,0.6952535068839105,0.6952534696397958
3144,SWE,2006,Sweden,False,1876.964,1189.543,2356.714,2602.822,1649.562,3268.1,2234.02,1415.831,2805.032,0.7211265311266002,0.721126577843088,0.7211266485113674
3145,SWE,2007,Sweden,False,2405.155,1311.17,3296.213,3308.538,1803.649,4534.279,2854.046,1555.883,3911.407,0.7269540201744699,0.726954080311635,0.7269541640468087
3146,SWE,2008,Sweden,False,2494.85,1252.443,3669.315,3448.561,1731.216,5071.99,2976.379,1494.176,4377.526,0.7234466781941801,0.7234469875509468,0.7234468127894574
3147,SWE,2009,Sweden,False,2537.679,1533.164,3539.51,3566.969,2155.02,4975.146,3056.13,1846.391,4262.636,0.7114384789999577,0.7114384089242791,0.7114384180886351
3148,SWE,2010,Sweden,False,2385.734,1418.103,3162.807,3210.511,1908.358,4256.228,2804.145,1666.811,3717.502,0.7431010203671627,0.7431011372080082,0.7431009335026224
3149,SWE,2011,Sweden,False,2680.566,1385.458,3731.228,3576.071,1848.302,4977.731,3129.247,1617.36,4355.772,0.749584110606305,0.7495842129695256,0.749584097654132
3150,SWE,2012,Sweden,False,3005.019,1768.334,3860.814,3990.314,2348.14,5126.71,3496.859,2057.762,4492.724,0.753078329174095,0.7530786068973742,0.7530782899754423
3151,SWE,2013,Sweden,False,3217.014,1743.127,4272.574,4227.907,2290.876,5615.159,3719.624,2015.464,4940.099,0.760899896804731,0.7608997606155897,0.7608999139650364
3152,SWE,2014,Sweden,False,3233.555,1830.509,4295.781,4225.329,2391.95,5613.353,3729.411,2111.212,4954.526,0.765278869408749,0.7652789564999269,0.765278969628313
3153,SWE,2015,Sweden,False,3165.767,2587.491,3512.46,4160.947,3400.886,4616.624,3663.803,2994.553,4065.037,0.7608284844772115,0.7608285017492501,0.7608286921352053
3154,SWE,2016,Sweden,False,3323.845,2757.38,3679.175,4256.354,3530.966,4711.371,3807.776,3158.837,4214.84,0.7809136646059044,0.7809137782691763,0.7809138783593991
3155,SWE,2017,Sweden,False,3460.839,2761.513,3909.644,4251.979,3392.788,4803.38,3875.71,3092.551,4378.316,0.813936051894894,0.81393620821578,0.8139360200525463
3156,SWE,2018,Sweden,False,3507.463,2726.094,4142.154,4323.932,3360.675,5106.366,3943.622,3065.089,4657.238,0.8111744125485786,0.8111745408288513,0.8111745221552863
3157,SWE,2019,Sweden,False,3446.923,3137.267,3858.743,4035.567,3673.029,4517.714,3762.35,3424.357,4211.855,0.8541359863434307,0.8541361911381586,0.8541361848049699
3158,SWE,2020,Sweden,False,3366.798,2955.378,3845.543,4123.983,3620.036,4710.397,3766.951,3306.633,4302.597,0.8163947329559796,0.8163946435891798,0.816394669069295
3159,SWE,2021,Sweden,False,3574.586,2865.326,4227.807,4338.179,3477.409,5130.939,3969.069,3181.537,4694.378,0.8239830583293127,0.8239830287435271,0.8239830954918778
3160,SWE,2022,Sweden,False,3854.146,4209.619,4058.603,4615.04,5040.692,4859.862,4249.867,4641.839,4475.317,0.8351273228401055,0.835127200789098,0.8351272114311065
3161,SWE,2023,Sweden,False,3854.717,4192.497,4167.985,4515.127,4910.777,4882.065,4197.516,4565.334,4538.642,0.8537339038303905,0.8537339406778195,0.8537340244343327
3162,SWZ,1972,Eswatini,False,63.0,,,208.0,,,,,,0.30288461538461536,,
3163,SWZ,1973,Eswatini,False,84.0,,,204.0,,,,,,0.4117647058823529,,
3164,SWZ,1974,Eswatini,False,148.0,,,187.0,,,,,,0.7914438502673797,,
3165,SWZ,1975,Eswatini,False,94.0,,,283.0,,,,,,0.3321554770318021,,
3166,SWZ,1976,Eswatini,True,141.0,,,315.0,,,,,,0.44761904761904764,,
3167,SWZ,1977,Eswatini,False,154.0,,,284.0,,,,,,0.5422535211267606,,
3168,SWZ,1978,Eswatini,False,146.0,,,404.0,,,,,,0.3613861386138614,,
3169,SWZ,1979,Eswatini,False,227.0,,,477.0,,,,,,0.4758909853249476,,
3170,SWZ,1980,Eswatini,False,159.0,,,358.0,,,,,,0.4441340782122905,,
3171,SWZ,1981,Eswatini,False,211.0,,,515.0,,,,,,0.4097087378640777,,
3172,SWZ,1982,Eswatini,False,211.0,,,568.0,,,,,,0.3714788732394366,,
3173,SWZ,1983,Eswatini,False,344.0,,,535.0,,,,,,0.6429906542056075,,
3174,SWZ,1984,Eswatini,False,414.0,,,638.0,,,,,,0.6489028213166145,,
3175,SWZ,1985,Eswatini,False,488.0,,,730.0,,,,,,0.6684931506849315,,
3176,SWZ,1986,Eswatini,False,630.0,,,775.0,,,,,,0.8129032258064516,,
3177,SWZ,1987,Eswatini,False,,,,1084.0,,,,,,,,
3178,SWZ,1988,Eswatini,False,,,,994.0,,,,,,,,
3179,SWZ,1989,Eswatini,False,930.0,,,745.0,,,,,,1.2483221476510067,,
3180,SWZ,1990,Eswatini,False,1025.0,750.95,396.163,986.0,722.377,381.089,,,,1.039553752535497,1.0395541386284448,1.0395550645649705
3181,SWZ,1991,Eswatini,False,1007.0,705.936,364.681,968.0,678.596,350.558,,,,1.040289256198347,1.0402890674274532,1.0402871992651714
3182,SWZ,1992,Eswatini,False,1118.0,750.745,392.004,1276.0,856.843,447.403,,,,0.8761755485893417,0.8761756821261305,0.8761765120037193
3183,SWZ,1993,Eswatini,False,1291.0,796.712,395.074,1205.0,743.639,368.756,,,,1.071369294605809,1.0713693068814303,1.071369686188157
3184,SWZ,1994,Eswatini,False,1517.0,844.334,427.228,1579.0,878.842,444.689,,,,0.9607346421785941,0.9607346940633242,0.9607343559206546
3185,SWZ,1995,Eswatini,False,1630.0,830.609,449.397,1597.0,813.793,440.298,,,,1.0206637445209767,1.0206637314403049,1.0206655492416499
3186,SWZ,1996,Eswatini,False,1441.0,710.192,335.167,1727.0,851.146,401.689,,,,0.8343949044585988,0.8343950391589693,0.8343942701941053
3187,SWZ,1997,Eswatini,False,2120.0,998.139,460.073,2289.0,1077.708,496.749,,,,0.926168632590651,0.9261683127526193,0.926167943971704
3188,SWZ,1998,Eswatini,False,,,,2306.0,1019.855,417.128,,,,,,
3189,SWZ,1999,Eswatini,False,,,,2275.0,969.15,372.372,,,,,,
3190,SWZ,2000,Eswatini,False,2042.0,801.424,294.244,2391.0,938.397,344.533,,,,0.8540359682141363,0.8540351258582455,0.854037203983363
3191,SWZ,2016,Eswatini,False,4288.234,744.238,291.526,4795.073,832.202,325.982,4573.403,793.73,310.913,0.8943000450670928,0.8942997012744502,0.8943009123203122
3192,SWZ,2021,Eswatini,False,5317.799,859.23,359.713,5823.277,940.903,393.906,5586.983,902.724,377.922,0.9131969851339719,0.9131972158660351,0.9131950262245307
3193,SYC,1990,Seychelles,False,,,,,,,2241.0,430.51,419.907,,,
3194,SYC,1991,Seychelles,False,,,,,,,2307.0,452.959,436.163,,,
3195,SYC,1992,Seychelles,False,,,,,,,2637.0,516.659,514.84,,,
3196,SYC,1993,Seychelles,False,,,,,,,2725.0,542.158,525.906,,,
3197,SYC,1994,Seychelles,False,,,,,,,2757.0,553.218,545.308,,,
3198,SYC,1995,Seychelles,False,,,,,,,2920.0,603.836,613.191,,,
3199,SYC,1996,Seychelles,False,,,,,,,2948.0,634.476,593.161,,,
3200,SYC,1997,Seychelles,False,,,,,,,2985.0,653.419,593.871,,,
3201,SYC,1998,Seychelles,False,,,,,,,3177.0,688.481,603.741,,,
3202,SYC,1999,Seychelles,False,,,,,,,3274.0,681.753,612.812,,,
3203,SYC,2000,Seychelles,False,,,,,,,3343.0,677.178,585.073,,,
3204,SYC,2001,Seychelles,False,,,,,,,3417.0,671.635,583.35,,,
3205,SYC,2002,Seychelles,False,,,,,,,3465.0,690.663,632.295,,,
3206,SYC,2003,Seychelles,False,,,,,,,3603.0,710.992,667.134,,,
3207,SYC,2004,Seychelles,False,,,,,,,3708.0,723.398,674.182,,,
3208,SYC,2005,Seychelles,False,,,,,,,3750.0,749.613,681.818,,,
3209,SYC,2006,Seychelles,False,,,,,,,3938.0,815.47,713.446,,,
3210,SYC,2007,Seychelles,False,,,,,,,4015.0,811.933,599.159,,,
3211,SYC,2008,Seychelles,False,,,,,,,4645.0,712.152,491.158,,,
3212,SYC,2009,Seychelles,False,,,,,,,5958.0,690.836,437.768,,,
3213,SYC,2010,Seychelles,True,,,,,,,6987.0,843.725,578.981,,,
3214,SYC,2011,Seychelles,False,,,,,,,7928.0,962.935,640.334,,,
3215,SYC,2012,Seychelles,False,,,,,,,8722.0,1032.856,636.455,,,
3216,SYC,2018,Seychelles,False,,,,,,,14181.0,1565.358,1019.401,,,
3217,SYC,2019,Seychelles,False,,,,,,,14732.615,1636.501,1049.836,,,
3218,SYC,2022,Seychelles,False,,,,,,,14972.0,1602.598,1048.989,,,
3219,SYR,2005,Syrian Arab Republic,False,7503.0,,,7768.0,,,7727.0,,,0.965885684860968,,
3220,SYR,2006,Syrian Arab Republic,False,8832.0,,,8666.0,,,8693.0,,,1.0191553196399723,,
3221,SYR,2007,Syrian Arab Republic,False,9306.0,,,8961.0,,,9017.0,,,1.0385001673920322,,
3222,SYR,2008,Syrian Arab Republic,False,10977.0,,,10552.0,,,10622.0,,,1.0402767247915088,,
3223,SYR,2009,Syrian Arab Republic,False,11779.0,,,10967.0,,,11096.0,,,1.074040302726361,,
3224,SYR,2010,Syrian Arab Republic,False,11981.0,,,11227.0,,,11344.0,,,1.0671595261423354,,
3225,TCD,2018,Chad,False,100983.92,439.578,181.807,125376.298,545.756,225.722,121734.157,529.902,219.165,0.805446656273102,0.8054478558183511,0.8054465227137806
3226,TGO,2011,Togo,True,85255.272,360.355,180.914,128009.278,541.067,271.639,113912.543,481.483,241.725,0.66600853728743,0.6660080914193621,0.6660089309708841
3227,TGO,2015,Togo,False,110524.82,454.062,186.946,176256.79,724.104,298.128,152478.292,626.417,257.908,0.6270670196592143,0.6270673825859269,0.6270662265872378
3228,TGO,2017,Togo,True,80587.71,333.737,138.787,92284.011,382.175,158.93,89279.318,369.732,153.756,0.8732575570431156,0.8732570157650291,0.8732586673378216
3229,TGO,2019,Togo,False,74546.08,323.011,127.231,77705.975,336.703,132.624,76890.756,333.17,131.233,0.9593352377342926,0.9593350816595042,0.959336168415973
3230,TGO,2022,Togo,False,65344.862,296.22,104.76,92903.217,421.147,148.941,85868.237,389.256,137.662,0.703364900700909,0.7033648583511222,0.7033657622817089
3231,THA,2000,Thailand,False,6202.262,499.428,154.624,7412.969,596.918,184.808,6860.362,552.42,171.031,0.8366771802229309,0.8366777346302172,0.8366737370676595
3232,THA,2007,Thailand,False,8993.05,728.236,260.531,9980.784,808.221,289.146,9526.116,771.403,275.974,0.9010364316069759,0.9010357315635203,0.9010361547453535
3233,THA,2011,Thailand,False,10028.0,785.974,328.876,10599.0,830.728,347.602,10340.0,810.428,339.108,0.9461269931125578,0.9461267707360292,0.9461280429916974
3234,THA,2012,Thailand,False,10917.0,893.902,351.22,11404.0,933.778,366.888,11184.0,915.764,359.81,0.9572956857243072,0.9572960596630035,0.9572948692789082
3235,THA,2013,Thailand,False,13276.446,1058.671,432.092,13940.771,1111.644,453.713,13638.31,1087.526,443.869,0.952346609810892,0.9523471543047954,0.9523465274303359
3236,THA,2014,Thailand,False,14005.044,1109.225,431.192,14393.256,1139.972,443.144,14218.865,1126.16,437.775,0.9730282015410551,0.9730282849052432,0.9730290830971422
3237,THA,2015,Thailand,False,11019.33,881.637,321.754,11178.145,894.344,326.391,11106.65,888.623,324.303,0.9857923653701038,0.9857918205969961,0.9857931131679488
3238,THA,2016,Thailand,False,14743.374,1182.986,417.702,14725.118,1181.521,417.185,14733.381,1182.184,417.419,1.0012397863297258,1.0012399271786114,1.0012392583625969
3239,THA,2017,Thailand,False,14833.571,1182.026,437.055,14667.2,1168.769,432.153,14742.789,1174.792,434.38,1.0113430647976436,1.0113427033057858,1.0113432048371758
3240,THA,2018,Thailand,False,15042.474,1213.934,465.564,14823.273,1196.244,458.78,14922.795,1204.276,461.86,1.01478762483832,1.0147879529594297,1.0147870438990367
3241,THA,2019,Thailand,False,15325.834,1252.348,493.624,14962.558,1222.663,481.923,15128.268,1236.204,487.26,1.0242790036302616,1.0242789713927714,1.0242798123351655
3242,THA,2020,Thailand,False,15602.957,1301.719,498.598,15124.149,1261.773,483.297,15342.49,1279.989,490.274,1.0316585085217027,1.0316586263931786,1.031659621309464
3243,THA,2021,Thailand,False,15783.98,1347.662,493.603,15322.684,1308.276,479.177,15534.329,1326.346,485.796,1.0301054306151585,1.030105268307299,1.0301057855447986
3244,THA,2022,Thailand,False,16464.083,1431.245,469.579,16314.692,1418.259,465.318,16384.75,1424.349,467.317,1.0091568385109568,1.0091562965579628,1.0091571785316709
3245,THA,2023,Thailand,False,16605.174,1484.698,477.13,16512.931,1476.45,474.48,16556.41,1480.338,475.729,1.0055861070333303,1.0055863727183447,1.0055850615410553
3246,TJK,1991,Tajikistan,False,,,,,,,340.8,,,,,
3247,TJK,1992,Tajikistan,False,,,,,,,1909.0,,,,,
3248,TJK,1993,Tajikistan,False,,,,,,,17452.3,,,,,
3249,TJK,1994,Tajikistan,False,,,,,,,40449.0,,,,,
3250,TJK,1995,Tajikistan,True,,,,,,,731.0,,,,,
3251,TJK,1996,Tajikistan,False,,,,,,,2805.0,,,,,
3252,TJK,1997,Tajikistan,False,,,,,,,4975.0,,,,,
3253,TJK,2000,Tajikistan,False,,,,,,,15.57,26.462,7.499,,,
3254,TJK,2001,Tajikistan,False,,,,,,,23.5,29.632,9.906,,,
3255,TJK,2002,Tajikistan,True,,,,,,,32.55,37.145,11.776,,,
3256,TJK,2003,Tajikistan,False,25.477,25.565,8.322,54.118,54.305,17.678,43.049,43.198,14.062,0.47076758195055246,0.4707669643679219,0.47075461025002824
3257,TJK,2004,Tajikistan,False,,,,,,,61.81,59.44,20.808,,,
3258,TJK,2005,Tajikistan,False,,,,,,,83.6,77.617,26.824,,,
3259,TJK,2006,Tajikistan,False,,,,,,,116.3,101.318,35.259,,,
3260,TJK,2007,Tajikistan,False,135.11,106.994,39.248,328.407,260.065,95.398,258.563,204.756,75.109,0.41141023181600883,0.411412531482514,0.4114132371747835
3261,TJK,2008,Tajikistan,False,,,,,,,231.53,158.036,67.487,,,
3262,TJK,2009,Tajikistan,False,175.016,111.826,42.247,475.416,303.765,114.76,370.614,236.802,89.462,0.3681323304221987,0.3681332609089263,0.3681334959916347
3263,TJK,2010,Tajikistan,False,,,,,,,354.4,216.22,80.932,,,
3264,TJK,2011,Tajikistan,False,,,,,,,442.1,247.476,95.896,,,
3265,TJK,2012,Tajikistan,False,,,,,,,555.3,307.792,117.209,,,
3266,TJK,2013,Tajikistan,False,,,,,,,695.0,352.046,145.879,,,
3267,TJK,2014,Tajikistan,False,,,,,,,816.3,403.81,165.324,,,
3268,TJK,2015,Tajikistan,False,,,,,,,879.0,391.096,142.623,,,
3269,TJK,2016,Tajikistan,False,,,,,,,962.0,395.63,122.772,,,
3270,TJK,2017,Tajikistan,False,,,,,,,1144.0,423.044,133.805,,,
3271,TJK,2018,Tajikistan,False,,,,,,,1237.0,445.188,135.173,,,
3272,TJK,2019,Tajikistan,False,,,,,,,1335.52,459.982,140.133,,,
3273,TKL,2016,Tokelau,False,776.732,,,744.336,,,758.781,,,1.0435233550439587,,
3274,TKM,2000,Turkmenistan,False,,,,,,,596800.0,,,,,
3275,TKM,2001,Turkmenistan,False,,,,,,,878100.0,,,,,
3276,TKM,2002,Turkmenistan,False,,,,,,,950000.0,,,,,
3277,TKM,2003,Turkmenistan,False,,,,,,,1750000.0,,,,,
3278,TLS,2001,Timor-Leste,False,1183690.461,,,1591484.032,,,1498488.384,,,0.7437652135990768,,
3279,TLS,2007,Timor-Leste,False,163.629,399.673,163.629,161.713,394.994,161.713,162.044,395.802,162.044,1.0118481507361807,1.0118457495556894,1.0118481507361807
3280,TLS,2010,Timor-Leste,True,174.04,381.381,174.04,173.7,380.637,173.7,173.774,380.8,173.774,1.0019573978123202,1.0019546181795254,1.0019573978123202
3281,TLS,2013,Timor-Leste,True,387.409,734.948,387.409,420.983,798.641,420.983,412.772,783.063,412.772,0.9202485611057929,0.9202482717516381,0.9202485611057929
3282,TLS,2016,Timor-Leste,False,650.0,1552.05,650.0,228.93,546.633,228.93,340.374,812.734,340.374,2.8392958546280522,2.8392907124158255,2.8392958546280522
3283,TLS,2021,Timor-Leste,False,243.256,545.972,243.256,262.842,589.933,262.842,257.594,578.152,257.594,0.9254837506943335,0.9254813682231711,0.9254837506943335
3284,TON,1990,Tonga,False,,,,,,,283.182,333.294,221.076,,,
3285,TON,1994,Tonga,False,,,,,,,417.412,457.798,316.169,,,
3286,TON,2018,Tonga,True,1240.946,705.844,554.843,1401.381,797.099,626.576,1334.408,759.005,596.631,0.8855165012227223,0.8855161027676612,0.8855158831490513
3287,TON,2021,Tonga,False,1096.001,631.579,483.894,1415.524,815.706,624.966,1287.277,741.803,568.344,0.7742722836207652,0.7742728384981843,0.7742725204251111
3288,TON,2023,Tonga,False,1499.15,823.119,634.239,1619.59,889.248,685.193,1566.627,860.168,662.786,0.9256355003426794,0.9256349184929289,0.925635550859393
3289,TTO,2010,Trinidad and Tobago,True,4203.5,947.466,659.32,4783.316,1078.157,750.264,4529.413,1020.927,710.439,0.8787836722474535,0.878782960181124,0.8787840013648529
3290,TTO,2011,Trinidad and Tobago,False,4569.466,1010.844,712.943,5036.569,1114.175,785.822,4837.277,1070.088,754.728,0.90725769864366,0.9072578365158077,0.907257623227652
3291,TTO,2012,Trinidad and Tobago,False,4637.943,1067.512,721.342,5242.984,1206.774,815.444,4980.742,1146.414,774.658,0.8845998767114299,0.8845997676449775,0.8846002913750055
3292,TTO,2013,Trinidad and Tobago,False,4839.618,1057.821,751.187,5371.04,1173.977,833.672,5138.545,1123.159,797.585,0.9010578956775598,0.9010576868200993,0.901058209943479
3293,TTO,2014,Trinidad and Tobago,False,5083.942,1116.281,793.239,5706.596,1252.997,890.39,5434.253,1193.199,847.897,0.8908887189490898,0.8908888050011292,0.8908893855501522
3294,TTO,2015,Trinidad and Tobago,False,5224.598,1144.537,819.231,5822.262,1275.466,912.946,5560.678,1218.161,871.929,0.8973484875809437,0.8973481064959788,0.8973488026674086
3295,TTO,2016,Trinidad and Tobago,False,5369.559,1190.288,805.156,6075.56,1346.79,911.02,5758.393,1276.482,863.461,0.8837965553792572,0.8837962859837094,0.8837961844964984
3296,TUN,2019,Tunisia,False,678.151,826.794,231.101,780.544,951.63,265.995,739.678,901.806,252.068,0.8688184138242047,0.8688187635950947,0.8688170830278764
3297,TUR,2005,Türkiye,False,566.377,,,605.495,,,597.153,,,0.9353950073906472,,
3298,TUR,2006,Türkiye,False,647.987,,,683.993,,,676.075,,,0.9473591104002526,,
3299,TUR,2007,Türkiye,False,726.964,,,770.744,,,761.017,,,0.9431977414031119,,
3300,TUR,2008,Türkiye,False,841.671,,,875.502,,,867.804,,,0.9613581693702585,,
3301,TUR,2009,Türkiye,False,938.517,,,964.858,,,958.723,,,0.9726996096834976,,
3302,TUR,2010,Türkiye,False,1005.712,902.354,669.204,1043.31,936.088,694.222,1034.533,928.212,688.381,0.9639627723303716,0.9639627898231791,0.9639625364796851
3303,TUR,2011,Türkiye,False,1097.766,956.019,655.4,1158.88,1009.242,691.888,1144.197,996.454,683.121,0.9472646003037415,0.9472643825762305,0.9472631408551673
3304,TUR,2012,Türkiye,False,1244.899,1011.733,693.15,1300.243,1056.711,723.966,1286.271,1045.356,716.186,0.9574356485672293,0.9574358552149074,0.9574344651544409
3305,TUR,2013,Türkiye,False,1345.831,1037.369,706.93,1433.458,1104.913,752.958,1410.372,1087.118,740.832,0.9388702005918553,0.9388693951469481,0.9388704283638662
3306,TUR,2014,Türkiye,False,1443.529,1054.175,659.585,1578.465,1152.716,721.24,1541.999,1126.086,704.578,0.9145144174878759,0.9145140693804893,0.9145152792413067
3307,TUR,2015,Türkiye,False,1562.526,1080.822,574.456,1731.206,1197.5,636.471,1683.984,1164.837,619.11,0.9025650326997481,0.9025653444676408,0.9025642959380711
3308,TUR,2016,Türkiye,False,1870.234,1202.604,619.255,2015.094,1295.752,667.22,1973.197,1268.812,653.348,0.9281125347006144,0.9281127870147992,0.9281121669014717
3309,TUR,2017,Türkiye,False,2028.828,1187.975,556.128,2189.012,1281.77,600.036,2141.934,1254.204,587.132,0.9268236080935143,0.9268238451516262,0.926824390536568
3310,TUR,2018,Türkiye,False,2271.428,1176.132,470.434,2510.959,1300.16,520.043,2438.058,1262.412,504.944,0.9046057701459881,0.9046055870046763,0.9046059652759484
3311,TUR,2019,Türkiye,False,2769.98,1294.102,488.204,3033.881,1417.394,534.716,2951.546,1378.928,520.204,0.9130153753558561,0.913015012057339,0.9130155072973317
3312,TUR,2020,Türkiye,False,3224.123,1271.422,460.024,3517.642,1387.17,501.903,3426.625,1351.278,488.917,0.9165580238125427,0.9165581723941549,0.916559574260365
3313,TUR,2021,Türkiye,False,3776.37,1227.5,426.689,4138.465,1345.197,467.602,4025.438,1308.458,454.831,0.9125049988341087,0.9125057519456259,0.9125046513915681
3314,TUR,2022,Türkiye,False,6352.613,1306.368,383.87,7024.576,1444.552,424.475,6804.076,1399.208,411.151,0.9043411303401088,0.9043412767418549,0.9043406561045998
3315,TUR,2023,Türkiye,False,13288.283,1726.634,559.776,15032.96,1953.331,633.272,14445.936,1877.056,608.543,0.8839432154412704,0.8839433767241702,0.8839424449525637
3316,TZA,2001,"Tanzania, United Republic of",True,46575.497,129.065,53.143,59370.048,164.519,67.742,55659.06,154.236,63.508,0.784494851680093,0.7844990548204158,0.7844911576274689
3317,TZA,2006,"Tanzania, United Republic of",True,90506.146,218.218,72.295,119709.956,288.63,95.623,111132.724,267.95,88.771,0.756045269952317,0.7560475349062814,0.7560419564330757
3318,TZA,2010,"Tanzania, United Republic of",False,407663.737,756.373,292.101,412206.537,764.802,295.356,410807.015,762.205,294.353,0.9889793111165532,0.9889788468126391,0.9889794011294845
3319,TZA,2011,"Tanzania, United Republic of",False,302489.0,513.751,194.223,379775.0,645.014,243.847,368589.0,626.016,236.664,0.7964952932657494,0.7964958900116896,0.7964953433915529
3320,TZA,2012,"Tanzania, United Republic of",False,358104.629,559.766,227.846,424186.243,663.06,269.89,402648.777,629.394,256.187,0.844215565472735,0.844216209694447,0.8442180147467487
3321,TZA,2014,"Tanzania, United Republic of",False,261336.559,364.17,158.076,325319.828,453.33,196.778,304324.0,424.072,184.078,0.8033219512214915,0.8033220832506122,0.8033215095183405
3322,TZA,2020,"Tanzania, United Republic of",True,413703.937,595.449,180.33,431666.178,621.303,188.16,425957.245,613.086,185.671,0.9583885837819797,0.9583874534647345,0.9583864795918369
3323,UGA,2002,Uganda,False,32000.0,57.914,17.802,60000.0,108.59,33.379,54300.0,98.274,30.208,0.5333333333333333,0.5333271940325996,0.533329338805836
3324,UGA,2005,Uganda,False,20000.0,32.147,11.232,48000.0,77.152,26.958,36200.0,58.185,20.331,0.4166666666666667,0.4166709871422646,0.4166481192966837
3325,UGA,2009,Uganda,False,,,,,,,247264.8,302.699,121.776,,,
3326,UGA,2010,Uganda,False,497749.344,595.647,228.582,764216.979,914.523,350.952,681218.15,815.2,312.836,0.6513193996963,0.6513198683904068,0.6513198386104082
3327,UGA,2011,Uganda,False,569754.186,603.39,225.842,745116.172,789.104,295.353,688634.933,729.289,272.964,0.7646514830978598,0.7646520610717978,0.7646511123977072
3328,UGA,2012,Uganda,True,192012.342,188.795,76.665,301730.998,296.675,120.472,265557.974,261.108,106.03,0.6363692934194318,0.6363697648942445,0.6363719370476129
3329,UGA,2014,Uganda,False,787783.657,729.215,303.018,888954.821,822.864,341.934,858312.551,794.5,330.147,0.8861908821348301,0.8861913997938906,0.8861885627050833
3330,UGA,2017,Uganda,True,296209.409,242.957,82.025,427093.579,350.31,118.268,383573.202,314.614,106.217,0.6935468561563178,0.6935485712654506,0.6935519328981635
3331,UGA,2019,Uganda,False,359503.822,280.94,97.057,430081.066,336.093,116.111,407686.528,318.593,110.065,0.8358978118790283,0.8358995873166057,0.8358984075582847
3332,UGA,2021,Uganda,False,371136.778,282.176,103.466,672011.955,510.932,187.344,577858.029,439.346,161.095,0.552277046916524,0.5522770153366788,0.5522781620975318
3333,UKR,1969,Ukraine,False,,,,,,,189.4,,,,,
3334,UKR,1970,Ukraine,False,,,,,,,199.2,,,,,
3335,UKR,1971,Ukraine,False,,,,,,,205.4,,,,,
3336,UKR,1972,Ukraine,False,,,,,,,210.5,,,,,
3337,UKR,1973,Ukraine,False,,,,,,,215.2,,,,,
3338,UKR,1974,Ukraine,False,,,,,,,221.0,,,,,
3339,UKR,1975,Ukraine,False,,,,,,,235.1,,,,,
3340,UKR,1976,Ukraine,True,,,,,,,241.8,,,,,
3341,UKR,1983,Ukraine,False,,,,,,,167.3,,,,,
3342,UKR,1984,Ukraine,False,,,,,,,170.8,,,,,
3343,UKR,1985,Ukraine,False,,,,,,,295.7,,,,,
3344,UKR,1986,Ukraine,True,,,,,,,299.8,,,,,
3345,UKR,1987,Ukraine,False,,,,,,,304.5,,,,,
3346,UKR,1988,Ukraine,False,,,,,,,195.0,,,,,
3347,UKR,1989,Ukraine,False,,,,,,,212.8,,,,,
3348,UKR,1990,Ukraine,False,,,,,,,244.3,,,,,
3349,UKR,1991,Ukraine,False,,,,,,,479.7,,,,,
3350,UKR,1992,Ukraine,False,,,,,,,6505.4,,,,,
3351,UKR,1993,Ukraine,True,124.3,,,201.4,,,162.8,,,0.6171797418073486,,
3352,UKR,1994,Ukraine,False,1104.9,,,1753.9,,,1427.7,,,0.6299675009977764,,
3353,UKR,1995,Ukraine,False,,,,,,,73.4,176.057,49.828,,,
3354,UKR,1996,Ukraine,False,,,,,,,125.8,172.237,68.763,,,
3355,UKR,1997,Ukraine,False,,,,,,,143.1,172.936,76.867,,,
3356,UKR,1998,Ukraine,False,,,,,,,153.5,170.364,62.665,,,
3357,UKR,1999,Ukraine,False,,,,,,,177.5,164.09,42.974,,,
3358,UKR,2000,Ukraine,False,,,,,,,230.1,171.524,42.296,,,
3359,UKR,2007,Ukraine,False,1150.3,570.997,227.782,1578.1,783.352,312.495,1351.1,670.672,267.545,0.7289145174577023,0.7289149705368723,0.728914062625002
3360,UKR,2008,Ukraine,False,1564.73,644.061,297.069,2080.44,856.333,394.979,1806.33,743.506,342.938,0.7521149372248178,0.7521151234391295,0.7521134034974012
3361,UKR,2009,Ukraine,False,1677.0,593.555,215.242,2173.0,769.108,278.903,1906.0,674.607,244.634,0.771744132535665,0.7717446704494038,0.7717450152920549
3362,UKR,2010,Ukraine,False,1974.0,649.277,248.751,2538.0,834.784,319.823,2239.0,736.439,282.145,0.7777777777777778,0.7777784432859279,0.7777770829490063
3363,UKR,2011,Ukraine,False,2272.0,714.074,285.156,3035.0,953.88,380.92,2633.0,827.534,330.465,0.7485996705107084,0.7485994045372583,0.7485981308411215
3364,UKR,2012,Ukraine,False,2661.0,815.048,332.998,3429.0,1050.282,429.106,3026.0,926.845,378.675,0.7760279965004374,0.7760277715889637,0.7760273685289881
3365,UKR,2013,Ukraine,False,2866.0,863.087,358.564,3711.0,1117.556,464.281,3265.0,983.245,408.482,0.7722985718135273,0.7722986588591533,0.7722995341183465
3366,UKR,2014,Ukraine,False,3037.0,843.156,255.496,3979.0,1104.682,334.745,3480.0,966.145,292.765,0.7632570997738125,0.7632567562429731,0.7632556124811424
3367,UKR,2015,Ukraine,False,3631.0,653.232,166.219,4848.0,872.175,221.93,4195.0,754.698,192.037,0.7489686468646864,0.7489689569180497,0.748970396070833
3368,UKR,2016,Ukraine,False,4480.0,721.061,175.333,6001.0,965.868,234.86,5183.0,834.21,202.847,0.7465422429595068,0.7465419705384173,0.7465426211359959
3369,UKR,2017,Ukraine,False,6321.0,889.527,237.662,8021.0,1128.761,301.58,7104.0,999.715,267.102,0.788056352075801,0.7880561075373795,0.7880562371510048
3370,UKR,2018,Ukraine,False,7830.0,1008.41,287.862,10083.0,1298.569,370.692,8865.0,1141.705,325.913,0.7765545968461768,0.7765548076382541,0.7765530413389014
3371,UKR,2019,Ukraine,False,9237.0,1170.147,357.392,11961.0,1515.224,462.787,10497.0,1329.764,406.143,0.7722598444946075,0.7722600750780083,0.7722602406722747
3372,UKR,2020,Ukraine,False,10369.0,1336.472,384.642,13031.0,1679.581,483.39,11591.0,1493.977,429.973,0.7957179034609777,0.795717503353515,0.7957177434369763
3373,UKR,2021,Ukraine,False,12668.0,1462.361,464.264,15563.0,1796.552,570.362,14014.0,1617.74,513.593,0.8139818801002378,0.8139820055305943,0.8139812960891505
3374,UKR,2022,Ukraine,False,,,,,,,14847.0,1540.192,459.058,,,
3375,URY,1996,Uruguay,True,,,,,,,113.16,17.362,14.195,,,
3376,URY,1998,Uruguay,True,4661.841,559.87,445.176,7016.103,842.609,669.992,5957.616,715.488,568.914,0.6644487687823284,0.6644481604160412,0.6644497247728332
3377,URY,1999,Uruguay,False,5104.59,592.906,450.168,7548.879,876.814,665.727,6448.421,748.994,568.679,0.6762050365358884,0.6762049876028439,0.6762051111041013
3378,URY,2000,Uruguay,False,5315.336,609.211,439.299,7706.037,883.218,636.884,6619.009,758.63,547.044,0.68976258484095,0.6897628897961772,0.6897629709648853
3379,URY,2001,Uruguay,False,5436.097,613.898,408.142,7612.617,859.692,571.556,6609.574,746.419,496.247,0.7140904369679967,0.7140906278062376,0.7140892580954447
3380,URY,2002,Uruguay,False,5481.924,551.793,257.888,7715.324,776.6,362.955,6672.623,671.645,313.903,0.710524146490802,0.7105240793201133,0.7105233431141601
3381,URY,2003,Uruguay,False,5759.798,496.671,204.185,7854.458,677.294,278.441,6861.93,591.708,243.256,0.7333157806687616,0.733316698509067,0.7333151367794255
3382,URY,2004,Uruguay,False,6085.536,493.606,212.012,8607.855,698.194,299.886,7445.954,603.951,259.407,0.7069747341236581,0.706975425168363,0.7069753172872357
3383,URY,2005,Uruguay,False,6669.684,534.236,272.47,8977.397,719.082,366.745,7884.203,631.518,322.086,0.7429418571998097,0.7429416951057042,0.7429412807263903
3384,URY,2006,Uruguay,False,7453.391,579.213,309.612,10409.285,808.92,432.398,9063.285,704.32,376.486,0.7160329455865604,0.7160324877614597,0.7160347642681049
3385,URY,2007,Uruguay,False,8556.382,632.566,364.551,11595.824,857.27,494.048,10205.725,754.501,434.822,0.7378847764505566,0.7378842138416135,0.7378857924736058
3386,URY,2008,Uruguay,False,9419.153,670.285,449.616,13219.795,940.746,631.037,11447.949,814.658,546.459,0.7125037112905306,0.712503693876987,0.7125033872815698
3387,URY,2009,Uruguay,False,10919.219,723.196,483.837,15174.097,1005.003,672.373,13211.219,874.998,585.396,0.7195959667319907,0.7195958619028998,0.7195961170362284
3388,URY,2010,Uruguay,False,11779.542,743.188,587.237,15923.54,1004.638,793.824,14011.868,884.028,698.523,0.7397564863089489,0.7397570070015269,0.739757175394042
3389,URY,2011,Uruguay,False,13785.008,830.0,713.724,18271.236,1100.118,946.0,16207.058,975.833,839.126,0.7544649962378024,0.7544645210786479,0.7544651162790699
3390,URY,2012,Uruguay,False,15374.38,894.426,756.964,20277.057,1179.646,998.35,17979.648,1045.991,885.236,0.7582155536673788,0.7582156002733024,0.7582150548404868
3391,URY,2013,Uruguay,False,17097.882,903.922,834.792,22878.401,1209.524,1117.022,20207.959,1068.344,986.639,0.7473372811325407,0.747336968923312,0.7473371160102488
3392,URY,2014,Uruguay,False,19350.741,943.464,832.432,26028.022,1269.022,1119.676,22932.928,1118.117,986.531,0.7434579930814567,0.7434575602314224,0.7434579289008607
3393,URY,2015,Uruguay,False,21439.278,962.262,784.535,28543.287,1281.112,1044.495,25231.879,1132.486,923.319,0.7511145440257108,0.7511146566420421,0.7511141747926031
3394,URY,2016,Uruguay,False,22750.726,940.958,754.269,28816.815,1191.848,955.382,25950.029,1073.279,860.338,0.7894948140521428,0.7894949691571409,0.7894946733348546
3395,URY,2017,Uruguay,False,26169.86,1020.677,912.592,33889.982,1321.777,1181.807,30239.285,1179.393,1054.501,0.7722004691533917,0.7722006056997511,0.7722005369743113
3396,URY,2018,Uruguay,False,28200.875,1068.76,917.84,35596.476,1349.039,1158.541,32084.575,1215.945,1044.241,0.7922378327562537,0.7922380301829672,0.7922378232621893
3397,URY,2019,Uruguay,True,30401.395,1113.551,862.319,38530.088,1411.29,1092.886,34682.006,1270.342,983.737,0.7890299913148394,0.789030603206995,0.7890292308621393
3398,URY,2020,Uruguay,True,33062.334,1190.836,786.949,40527.977,1459.733,964.646,36970.875,1331.613,879.98,0.815790385984477,0.8157902849356697,0.8157904557734132
3399,USA,1969,United States of America,False,,,,,,,496.261,,,,,
3400,USA,1970,United States of America,False,,,,,,,518.864,,,,,
3401,USA,1971,United States of America,False,,,,,,,551.252,,,,,
3402,USA,1972,United States of America,False,,,,,,,592.777,,,,,
3403,USA,1973,United States of America,False,,,,,,,629.539,,,,,
3404,USA,1974,United States of America,False,,,,,,,670.111,,,,,
3405,USA,1975,United States of America,False,,,,,,,708.085,,,,,
3406,USA,1976,United States of America,False,,,,,,,759.698,,,,,
3407,USA,1977,United States of America,False,,,,,,,818.37,,,,,
3408,USA,1978,United States of America,False,,,,,,,882.021,,,,,
3409,USA,1979,United States of America,False,788.06,,,1264.36,,,1043.53,,,0.6232876712328768,,
3410,USA,1980,United States of America,False,870.33,,,1355.29,,,1134.46,,,0.6421725239616614,,
3411,USA,1981,United States of America,False,948.27,,,1472.2,,,1229.72,,,0.6441176470588235,,
3412,USA,1982,United States of America,False,1034.87,,,1576.12,,,1307.66,,,0.6565934065934066,,
3413,USA,1983,United States of America,False,1091.16,,,1641.07,,,1355.29,,,0.6649076517150396,,
3414,USA,1984,United States of America,False,1147.45,,,1697.36,,,1411.58,,,0.6760204081632654,,
3415,USA,1985,United States of America,False,1199.41,,,1762.31,,,1489.52,,,0.6805896805896806,,
3416,USA,1986,United States of America,False,1260.03,,,1814.27,,,1554.47,,,0.6945107398568019,,
3417,USA,1987,United States of America,False,1311.99,,,1879.22,,,1619.42,,,0.6981566820276498,,
3418,USA,1988,United States of America,False,1363.95,,,1944.17,,,1667.05,,,0.7015590200445434,,
3419,USA,1989,United States of America,False,1420.24,,,2026.44,,,1727.67,,,0.7008547008547008,,
3420,USA,1990,United States of America,False,1498.18,1498.18,1498.18,2082.73,2082.73,2082.73,1783.96,1783.96,1783.96,0.7193347193347194,0.7193347193347194,0.7193347193347194
3421,USA,1991,United States of America,False,1584.78,1584.78,1584.78,2134.69,2134.69,2134.69,1844.58,1844.58,1844.58,0.742393509127789,0.742393509127789,0.742393509127789
3422,USA,1992,United States of America,False,1645.4,1645.4,1645.4,2169.33,2169.33,2169.33,1905.2,1905.2,1905.2,0.7584830339321358,0.7584830339321358,0.7584830339321358
3423,USA,1993,United States of America,False,1701.69,1701.69,1701.69,2208.3,2208.3,2208.3,1987.47,1987.47,1987.47,0.7705882352941176,0.7705882352941176,0.7705882352941176
3424,USA,1994,United States of America,True,1670.101,1670.101,1670.101,2435.497,2435.497,2435.497,2070.286,2070.286,2070.286,0.6857331378359326,0.6857331378359326,0.6857331378359326
3425,USA,1995,United States of America,False,1705.961,1705.961,1705.961,2504.044,2504.044,2504.044,2123.614,2123.614,2123.614,0.6812823576582521,0.6812823576582521,0.6812823576582521
3426,USA,1996,United States of America,False,1767.721,1767.721,1767.721,2567.891,2567.891,2567.891,2184.764,2184.764,2184.764,0.6883940946091559,0.6883940946091559,0.6883940946091559
3427,USA,1997,United States of America,False,1843.493,1843.493,1843.493,2653.265,2653.265,2653.265,2265.625,2265.625,2265.625,0.6948016877319076,0.6948016877319076,0.6948016877319076
3428,USA,1998,United States of America,False,1943.803,1943.803,1943.803,2835.096,2835.096,2835.096,2408.575,2408.575,2408.575,0.6856215803627108,0.6856215803627108,0.6856215803627108
3429,USA,1999,United States of America,False,2025.381,2025.381,2025.381,2958.058,2958.058,2958.058,2509.195,2509.195,2509.195,0.6846995562629266,0.6846995562629266,0.6846995562629266
3430,USA,2000,United States of America,False,2136.56,2136.56,2136.56,3084.971,3084.971,3084.971,2629.435,2629.435,2629.435,0.6925705298364231,0.6925705298364231,0.6925705298364231
3431,USA,2001,United States of America,False,2237.571,2237.571,2237.571,3206.419,3206.419,3206.419,2741.631,2741.631,2741.631,0.697841111844709,0.697841111844709,0.697841111844709
3432,USA,2002,United States of America,False,2304.232,2304.232,2304.232,3273.789,3273.789,3273.789,2806.444,2806.444,2806.444,0.7038425506347538,0.7038425506347538,0.7038425506347538
3433,USA,2003,United States of America,False,2367.151,2367.151,2367.151,3343.239,3343.239,3343.239,2869.141,2869.141,2869.141,0.7080412139245803,0.7080412139245803,0.7080412139245803
3434,USA,2004,United States of America,False,2432.472,2432.472,2432.472,3423.804,3423.804,3423.804,2946.492,2946.492,2946.492,0.7104588930908429,0.7104588930908429,0.7104588930908429
3435,USA,2005,United States of America,False,2522.853,2522.853,2522.853,3500.794,3500.794,3500.794,3029.409,3029.409,3029.409,0.7206516578810408,0.7206516578810408,0.7206516578810408
3436,USA,2006,United States of America,False,2612.911,2612.911,2612.911,3607.771,3607.771,3607.771,3130.431,3130.431,3130.431,0.7242452472731777,0.7242452472731777,0.7242452472731777
3437,USA,2007,United States of America,False,2690.616,2690.616,2690.616,3719.68,3719.68,3719.68,3223.712,3223.712,3223.712,0.7233460942876807,0.7233460942876807,0.7233460942876807
3438,USA,2008,United States of America,False,2801.012,2801.012,2801.012,3846.64,3846.64,3846.64,3339.885,3339.885,3339.885,0.7281710791755923,0.7281710791755923,0.7281710791755923
3439,USA,2009,United States of America,False,2826.424,2826.424,2826.424,3864.375,3864.375,3864.375,3354.7,3354.7,3354.7,0.7314052078279153,0.7314052078279153,0.7314052078279153
3440,USA,2010,United States of America,False,2877.925,2877.925,2877.925,3879.561,3879.561,3879.561,3389.019,3389.019,3389.019,0.7418171798303984,0.7418171798303984,0.7418171798303984
3441,USA,2011,United States of America,False,2930.882,2930.882,2930.882,3907.668,3907.668,3907.668,3433.603,3433.603,3433.603,0.7500335238305813,0.7500335238305813,0.7500335238305813
3442,USA,2012,United States of America,False,2972.726,2972.726,2972.726,4020.948,4020.948,4020.948,3512.329,3512.329,3512.329,0.7393097349182333,0.7393097349182333,0.7393097349182333
3443,USA,2013,United States of America,False,3057.458,3057.458,3057.458,4066.922,4066.922,4066.922,3578.783,3578.783,3578.783,0.7517867320789531,0.7517867320789531,0.7517867320789531
3444,USA,2014,United States of America,False,3102.754,3102.754,3102.754,4109.564,4109.564,4109.564,3623.504,3623.504,3623.504,0.7550080738491965,0.7550080738491965,0.7550080738491965
3445,USA,2015,United States of America,False,3186.491,3186.491,3186.491,4233.861,4233.861,4233.861,3728.372,3728.372,3728.372,0.7526205985505902,0.7526205985505902,0.7526205985505902
3446,USA,2016,United States of America,False,3284.471,3284.471,3284.471,4345.897,4345.897,4345.897,3834.601,3834.601,3834.601,0.7557636547759876,0.7557636547759876,0.7557636547759876
3447,USA,2017,United States of America,False,3399.849,3399.849,3399.849,4472.514,4472.514,4472.514,3955.181,3955.181,3955.181,0.7601650883597011,0.7601650883597011,0.7601650883597011
3448,USA,2018,United States of America,False,3520.995,3520.995,3520.995,4617.719,4617.719,4617.719,4088.47,4088.47,4088.47,0.7624965919320773,0.7624965919320773,0.7624965919320773
3449,USA,2019,United States of America,False,3653.084,3653.084,3653.084,4776.756,4776.756,4776.756,4233.085,4233.085,4233.085,0.7647625292143873,0.7647625292143873,0.7647625292143873
3450,USA,2020,United States of America,True,3924.999,3924.999,3924.999,5036.621,5036.621,5036.621,4502.189,4502.189,4502.189,0.779292108737187,0.779292108737187,0.779292108737187
3451,USA,2021,United States of America,False,4043.957,4043.957,4043.957,5119.595,5119.595,5119.595,4600.127,4600.127,4600.127,0.7898978337153622,0.7898978337153622,0.7898978337153622
3452,USA,2022,United States of America,False,4276.698,4276.698,4276.698,5373.68,5373.68,5373.68,4844.618,4844.618,4844.618,0.7958601926426583,0.7958601926426583,0.7958601926426583
3453,USA,2023,United States of America,False,4641.108,4641.108,4641.108,5981.712,5981.712,5981.712,5334.394,5334.394,5334.394,0.7758828910519262,0.7758828910519262,0.7758828910519262
3454,USA,2024,United States of America,False,5093.697,5093.697,5093.697,6819.002,6819.002,6819.002,5985.292,5985.292,5985.292,0.7469857025998818,0.7469857025998818,0.7469857025998818
3455,UZB,1994,Uzbekistan,False,,,,,,,274.0,,,,,
3456,UZB,1995,Uzbekistan,True,,,,,,,1067.0,,,,,
3457,UZB,1996,Uzbekistan,False,,,,,,,2182.0,,,,,
3458,UZB,1997,Uzbekistan,False,,,,,,,3681.0,,,,,
3459,UZB,1998,Uzbekistan,False,,,,,,,5424.0,,,,,
3460,UZB,1999,Uzbekistan,False,,,,,,,8823.0,,,,,
3461,UZB,2001,Uzbekistan,False,,,,,,,16642.0,,,,,
3462,UZB,2002,Uzbekistan,False,,,,,,,30206.0,,,,,
3463,UZB,2003,Uzbekistan,False,,,,,,,40084.0,,,,,
3464,UZB,2004,Uzbekistan,False,,,,,,,53201.0,,,,,
3465,UZB,2010,Uzbekistan,False,,,,,,,504796.769,882.386,,,,
3466,UZB,2011,Uzbekistan,False,,,,,,,628019.995,995.288,,,,
3467,UZB,2012,Uzbekistan,False,,,,,,,739670.88,1006.927,,,,
3468,UZB,2013,Uzbekistan,False,,,,,,,865950.919,1008.403,413.344,,,
3469,UZB,2014,Uzbekistan,False,,,,,,,1007928.853,1029.763,436.154,,,
3470,UZB,2015,Uzbekistan,False,,,,,,,1171669.259,1040.544,456.26,,,
3471,UZB,2016,Uzbekistan,False,,,,,,,1293764.273,1006.815,436.308,,,
3472,UZB,2017,Uzbekistan,False,,,,,,,1457777.986,958.134,285.063,,,
3473,UZB,2018,Uzbekistan,False,,,,,,,1822687.4,986.842,225.871,,,
3474,UZB,2019,Uzbekistan,False,1816538.474,826.284,205.565,2846747.265,1294.892,322.147,2324614.663,1057.391,263.061,0.6381102025929232,0.6381103597829008,0.638109310345898
3475,UZB,2020,Uzbekistan,False,2071272.956,798.189,206.01,3260607.831,1256.513,324.301,2673284.531,1030.181,265.886,0.6352413609228065,0.6352413385297248,0.6352431845723572
3476,UZB,2021,Uzbekistan,False,2530544.3,870.626,238.518,3931005.2,1352.45,370.519,3214812.9,1106.046,303.014,0.6437397488052164,0.6437398794779844,0.6437402670308405
3477,UZB,2022,Uzbekistan,False,3090347.185,1030.369,279.666,4681257.369,1560.803,423.638,3882157.089,1294.37,351.322,0.6601532326474401,0.6601531391213368,0.6601532440432634
3478,VEN,1997,Venezuela (Bolivarian Republic of),False,,,,,,,174424.0,,,,,
3479,VEN,2005,Venezuela (Bolivarian Republic of),True,472973.619,,,514031.715,,,497686.743,,,0.9201253642491689,,
3480,VEN,2006,Venezuela (Bolivarian Republic of),False,613236.796,,,671236.754,,,648131.893,,,0.9135923984281707,,
3481,VEN,2007,Venezuela (Bolivarian Republic of),False,797267.737,,,863184.829,,,837002.257,,,0.9236350202350463,,
3482,VEN,2008,Venezuela (Bolivarian Republic of),False,1053.102,,,1146.586,,,1108.846,,,0.9184675200987977,,
3483,VEN,2009,Venezuela (Bolivarian Republic of),False,1343.953,,,1450.399,,,1406.835,,,0.9266091606516552,,
3484,VEN,2010,Venezuela (Bolivarian Republic of),False,1703.466,,,1826.494,,,1775.419,,,0.9326425381085293,,
3485,VEN,2011,Venezuela (Bolivarian Republic of),False,2092.798,,,2259.061,,,2189.308,,,0.9264017217773224,,
3486,VEN,2012,Venezuela (Bolivarian Republic of),False,2681.73,,,2880.327,,,2796.853,,,0.9310505369702814,,
3487,VEN,2016,Venezuela (Bolivarian Republic of),False,20602.149,,,24019.358,,,22498.639,,,0.857731043435882,,
3488,VEN,2017,Venezuela (Bolivarian Republic of),False,253862.255,,,286779.555,,,271673.027,,,0.8852174102857507,,
3489,VEN,2020,Venezuela (Bolivarian Republic of),False,3045285.0,,,2856071.0,,,2942239.0,,,1.0662497535950612,,
3490,VNM,2007,Viet Nam,True,1330746.417,277.45,82.629,1503428.257,313.452,93.351,1433693.091,298.913,89.021,0.8851412834659791,0.8851434988451182,0.8851431693286629
3491,VNM,2009,Viet Nam,False,2049465.255,336.51,120.097,2412767.342,396.162,141.386,2267609.523,372.328,132.88,0.8494251473501583,0.8494252351310828,0.8494263929950632
3492,VNM,2010,Viet Nam,False,2275215.157,347.69,122.238,2662421.597,406.861,143.042,2506385.597,383.016,134.658,0.854566068560929,0.8545670388658535,0.8545601991023616
3493,VNM,2011,Viet Nam,False,2859999.769,379.896,139.446,3281775.783,435.92,160.011,3112675.586,413.459,151.766,0.8714793325659689,0.8714810056891172,0.8714775859159682
3494,VNM,2012,Viet Nam,False,3496515.909,465.248,167.876,3904950.343,519.594,187.486,3739062.14,497.521,179.521,0.8954059851920632,0.8954067983848927,0.8954055236124298
3495,VNM,2013,Viet Nam,False,3864594.731,492.823,184.614,4251682.179,542.185,203.105,4092625.834,521.902,195.507,0.9089566360552748,0.9089572747309498,0.9089584205214053
3496,VNM,2014,Viet Nam,False,4226618.71,538.712,199.859,4630885.978,590.239,218.975,4461659.196,568.67,210.973,0.9127019602899841,0.9127014649997712,0.9127023632834799
3497,VNM,2015,Viet Nam,False,4875390.561,643.794,224.698,5266903.76,695.494,242.742,5101539.736,673.657,235.12,0.925665397197233,0.9256643479311107,0.9256659333778251
3498,VNM,2016,Viet Nam,False,5198377.34,697.816,236.99,5645131.133,757.787,257.357,5456969.19,732.529,248.779,0.9208603338922648,0.9208603473007586,0.9208609052794366
3499,VNM,2017,Viet Nam,False,5025872.509,671.489,224.669,5607129.017,749.149,250.653,5360535.587,716.202,239.63,0.896336163081371,0.8963357089177186,0.8963347735714315
3500,VNM,2018,Viet Nam,False,5369908.521,708.237,237.585,6053932.904,798.453,267.849,5761241.246,759.85,254.899,0.8870115685378597,0.8870115085045707,0.8870109651333401
3501,VNM,2019,Viet Nam,False,6199087.026,818.25,268.938,6985144.509,922.005,303.04,6645391.302,877.16,288.3,0.8874672554036348,0.8874680722989572,0.8874670010559661
3502,VNM,2020,Viet Nam,False,6402883.754,839.518,275.887,7231166.152,948.119,311.576,6873959.591,901.283,296.184,0.8854565943321724,0.885456361490488,0.8854565178319254
3503,VNM,2021,Viet Nam,False,6244639.92,831.419,269.633,7130422.746,949.353,307.88,6746287.841,898.209,291.293,0.8757741500674832,0.8757743431579191,0.8757730284526438
3504,VNM,2022,Viet Nam,False,6957712.391,969.879,298.984,7855421.412,1095.016,337.56,7460916.469,1040.023,320.607,0.8857210868880118,0.8857213045288835,0.8857210569972745
3505,VNM,2023,Viet Nam,False,7292601.177,1025.062,306.575,8296433.136,1166.162,348.776,7853534.469,1103.908,330.156,0.8790043935092832,0.8790048037922689,0.8790025689841043
3506,VUT,2010,Vanuatu,False,34100.786,287.895,351.896,44400.963,374.854,458.187,40547.152,342.319,418.418,0.7680190630099621,0.7680190154033304,0.7680182982057544
3507,WLF,2019,Wallis and Futuna,False,241904.806,,,226642.27,,,234174.38,,,1.067341965821292,,
3508,WSM,2012,Samoa,True,1282.743,675.164,559.585,1360.752,716.223,593.616,1332.253,701.223,581.183,0.9426721401107623,0.9426728826077911,0.9426716934853508
3509,WSM,2017,Samoa,True,1358.212,733.643,531.719,1229.607,664.177,481.373,1278.16,690.402,500.38,1.1045903284545386,1.1045895898231948,1.1045883337868971
3510,WSM,2022,Samoa,True,1672.814,910.197,622.096,1631.673,887.812,606.796,1648.438,896.934,613.03,1.0252139981479134,1.0252136713628561,1.0252144048411655
3511,YEM,2010,Yemen,False,30494.0,460.335,138.868,36243.0,547.121,165.048,35890.0,541.792,163.441,0.8413762657616644,0.8413769531785473,0.8413794774853376
3512,YEM,2014,Yemen,True,47830.673,,,62063.999,,,61426.083,,,0.7706669529947627,,
3513,ZAF,1994,South Africa,False,,,,,,,2856.0,,,,,
3514,ZAF,1995,South Africa,False,,,,,,,3174.0,,,,,
3515,ZAF,1996,South Africa,False,,,,,,,3501.0,1093.817,814.309,,,
3516,ZAF,1997,South Africa,False,,,,,,,3878.0,1141.761,841.587,,,
3517,ZAF,1998,South Africa,False,,,,,,,4237.0,1185.269,766.422,,,
3518,ZAF,1999,South Africa,False,,,,,,,4574.0,1243.126,748.672,,,
3519,ZAF,2000,South Africa,True,36235.665,9664.727,5221.406,26149.607,6974.587,3768.048,29968.087,7993.047,4318.275,1.385705911373735,1.3857059923404784,1.3857058084185765
3520,ZAF,2001,South Africa,False,2289.104,593.936,265.891,2433.787,631.476,282.697,2384.23,618.618,276.94,0.9405523162051568,0.9405519766388588,0.9405511908509818
3521,ZAF,2002,South Africa,False,2426.245,584.05,230.178,2426.634,584.143,230.215,2426.503,584.112,230.202,0.9998396956442545,0.999840792408708,0.9998392806724149
3522,ZAF,2003,South Africa,False,2532.316,589.917,334.752,2568.272,598.294,339.505,2556.123,595.463,337.899,0.9859999252415631,0.9859985224655438,0.9860002061825305
3523,ZAF,2004,South Africa,False,2541.348,612.107,393.416,2704.145,651.318,418.618,2648.971,638.029,410.077,0.9397972372043659,0.9397974568490354,0.939797142024471
3524,ZAF,2005,South Africa,False,2816.281,687.166,442.858,2955.267,721.078,464.714,2907.479,709.418,457.199,0.9529700700478163,0.952970413741648,0.9529689228213482
3525,ZAF,2006,South Africa,False,2992.378,730.006,441.904,3397.68,828.882,501.758,3254.761,794.016,480.652,0.8807121329848604,0.880711609131336,0.8807114186520195
3526,ZAF,2007,South Africa,False,3610.391,853.191,512.449,3783.26,894.043,536.986,3720.19,879.138,528.034,0.9543068676221037,0.9543064483475627,0.9543060712942236
3527,ZAF,2008,South Africa,False,,,,,,,9235.0,2058.746,1117.873,,,
3528,ZAF,2011,South Africa,False,5230.0,1039.52,720.273,6671.0,1325.934,918.727,6032.0,1198.926,830.724,0.7839904062359466,0.7839907567043307,0.7839902386671993
3529,ZAF,2012,South Africa,False,5973.0,1162.862,727.53,7373.0,1435.423,898.055,6744.0,1312.965,821.44,0.81011799810118,0.8101179930933251,0.8101174204252524
3530,ZAF,2013,South Africa,False,7156.605,1304.782,741.229,9051.517,1650.26,937.49,8193.931,1493.906,848.667,0.7906525502852173,0.7906523820488892,0.7906527002954699
3531,ZAF,2015,South Africa,False,2700.0,445.276,211.616,3500.0,577.21,274.318,3100.0,511.243,242.967,0.7714285714285715,0.7714280764366521,0.7714258634139941
3532,ZAF,2016,South Africa,False,2900.0,453.084,197.15,3700.0,578.072,251.536,3300.0,515.578,224.343,0.7837837837837838,0.7837847188585505,0.7837844284714713
3533,ZAF,2017,South Africa,False,3000.0,450.541,225.161,4000.0,600.721,300.215,3500.0,525.631,262.688,0.75,0.7500004161665732,0.7499991672634613
3534,ZAF,2018,South Africa,False,3033.0,432.564,229.184,4000.0,570.477,302.253,3500.0,499.168,264.472,0.75825,0.7582496752717464,0.7582521926994935
3535,ZAF,2019,South Africa,False,3466.0,478.626,239.888,4000.0,552.367,276.847,3800.0,524.749,263.004,0.8665,0.8664999900428519,0.8665002691017061
3536,ZAF,2020,South Africa,False,6145.871,828.674,373.402,9550.564,1287.744,580.26,7980.252,1076.012,484.853,0.6435086974968179,0.6435083370607823,0.6435080825836694
3537,ZMB,2017,Zambia,True,4105.979,971.109,431.414,3855.419,911.849,405.087,3928.305,929.088,412.746,1.064989045289241,1.0649888303874875,1.064990977246863
3538,ZMB,2018,Zambia,True,2726.051,613.551,260.658,2876.858,647.493,275.078,2834.383,637.934,271.017,0.9475792687716946,0.9475793560702587,0.9475785050058531
3539,ZMB,2019,Zambia,False,2530.794,532.91,196.338,3132.012,659.508,242.98,2947.291,620.612,228.649,0.8080409653602859,0.8080417523365903,0.8080418141410816
3540,ZMB,2020,Zambia,False,2780.414,519.072,151.57,3094.528,577.713,168.693,2994.624,559.062,163.247,0.898493728284249,0.8984945812193945,0.8984960846033918
3541,ZMB,2021,Zambia,False,2924.821,472.539,146.106,3328.464,537.752,166.269,3205.514,517.888,160.128,0.8787299487090742,0.8787303440991386,0.8787326561174963
3542,ZMB,2022,Zambia,False,3245.492,510.22,191.615,3535.564,555.822,208.741,3445.361,541.641,203.415,0.9179559470568205,0.9179557484230564,0.9179557441997499
3543,ZMB,2023,Zambia,False,3203.494,472.878,158.494,3257.913,480.911,161.187,3239.976,478.263,160.299,0.9832963618119944,0.9832962855913048,0.9832926973018915
3544,ZWE,1970,Zimbabwe,False,,,,,,,75.83,,,,,
3545,ZWE,1971,Zimbabwe,False,,,,,,,81.67,,,,,
3546,ZWE,1972,Zimbabwe,False,,,,,,,86.67,,,,,
3547,ZWE,1973,Zimbabwe,False,,,,,,,92.5,,,,,
3548,ZWE,1974,Zimbabwe,False,,,,,,,94.17,,,,,
3549,ZWE,1975,Zimbabwe,False,,,,,,,115.83,,,,,
3550,ZWE,1976,Zimbabwe,False,,,,,,,129.17,,,,,
3551,ZWE,1977,Zimbabwe,False,,,,,,,149.17,,,,,
3552,ZWE,1978,Zimbabwe,False,,,,,,,156.67,,,,,
3553,ZWE,1979,Zimbabwe,False,,,,,,,175.0,,,,,
3554,ZWE,1980,Zimbabwe,True,,,,,,,209.17,,,,,
3555,ZWE,1981,Zimbabwe,False,,,,,,,243.8,,,,,
3556,ZWE,1982,Zimbabwe,False,,,,,,,287.7,,,,,
3557,ZWE,1983,Zimbabwe,False,,,,,,,312.8,,,,,
3558,ZWE,1984,Zimbabwe,False,,,,,,,344.2,,,,,
3559,ZWE,1985,Zimbabwe,False,,,,,,,338.1,,,,,
3560,ZWE,1986,Zimbabwe,False,,,,,,,425.4,,,,,
3561,ZWE,1987,Zimbabwe,False,,,,,,,471.5,,,,,
3562,ZWE,1988,Zimbabwe,False,,,,,,,453.9,,,,,
3563,ZWE,1989,Zimbabwe,False,,,,,,,588.0,,,,,
3564,ZWE,1991,Zimbabwe,False,,,,,,,768.97,,,,,
3565,ZWE,1992,Zimbabwe,False,,,,,,,886.8,,,,,
3566,ZWE,1993,Zimbabwe,False,,,,,,,1011.18,,,,,
3567,ZWE,1994,Zimbabwe,False,,,,,,,1184.73,,,,,
3568,ZWE,1995,Zimbabwe,False,,,,,,,1458.47,,,,,
3569,ZWE,1996,Zimbabwe,False,,,,,,,1943.76,,,,,
3570,ZWE,1997,Zimbabwe,False,,,,,,,2786.72,,,,,
3571,ZWE,1998,Zimbabwe,False,,,,,,,3686.59,,,,,
3572,ZWE,1999,Zimbabwe,False,,,,,,,5309.11,,,,,
3573,ZWE,2000,Zimbabwe,False,,,,,,,9743.22,,,,,
3574,ZWE,2001,Zimbabwe,False,,,,,,,12770.84,,,,,
3575,ZWE,2011,Zimbabwe,True,204.576,,,243.205,,,230.593,,,0.8411669167985855,,
3576,ZWE,2014,Zimbabwe,False,283.74,,,334.515,,,316.93,,,0.8482130846150397,,
3577,ZWE,2015,Zimbabwe,False,,,,,,,763.58,,,,,
3578,ZWE,2021,Zimbabwe,False,14481.879,191.96,163.54,13633.437,180.714,153.959,13935.047,184.712,157.365,1.0622324363254843,1.0622309284283453,1.0622308536688339
3579,ZWE,2022,Zimbabwe,False,27635.835,193.27,73.704,31907.583,223.145,85.097,30320.301,212.044,80.864,0.8661212289254251,0.8661184431647584,0.8661174894532122
3580,ZWE,2023,Zimbabwe,False,385130.787,1620.001,109.75,420431.18,1768.488,119.809,406978.727,1711.902,115.976,0.9160376425934919,0.916037315492104,0.9160413658406297
